$comment Generated by Amaranth $end
$date 2025-11-22 22:42:47.957505 $end
$timescale 1 fs $end
$scope module bench $end
$scope module top $end
$var wire 1 ! clk $end
$var wire 1 " rst $end
$var wire 18 # wiped_i $end
$var wire 2 $ sample_i $end
$var wire 16 % carrier_i $end
$var wire 2 & sample_q $end
$var wire 16 ' carrier_q $end
$var wire 18 ( wiped_q $end
$var wire 1 ) reset $end
$var wire 1 * dump $end
$var wire 1 + integrate $end
$var wire 32 , acc_e_i $end
$var wire 32 - acc_e_q $end
$var wire 32 . acc_p_i $end
$var wire 32 / acc_p_q $end
$var wire 32 0 acc_l_i $end
$var wire 32 1 acc_l_q $end
$var wire 32 2 corr_e_i $end
$var wire 32 3 corr_e_q $end
$var wire 32 4 corr_p_i $end
$var wire 32 5 corr_p_q $end
$var wire 32 6 corr_l_i $end
$var wire 32 7 corr_l_q $end
$var wire 1 8 dump_valid $end
$var wire 1 9 code_early $end
$var wire 1 : code_prompt $end
$var wire 1 ; code_late $end
$upscope $end
$upscope $end
$enddefinitions $end
#0
$dumpvars
0!
0"
b0 #
b0 $
b0 %
b0 &
b0 '
b0 (
1)
0*
0+
b0 ,
b0 -
b0 .
b0 /
b0 0
b0 1
b0 2
b0 3
b0 4
b0 5
b0 6
b0 7
08
09
0:
0;
$end
#500000000
1!
0)
1+
b1 $
b111111111111111 %
#1000000000
0!
#1500000000
1!
b111111111111111 #
b111111101011011 %
b110011000111 '
#2000000000
0!
#2500000000
1!
b111111101011011 #
b111111001100111001 (
b11111111111111111000000000000001 .
b11111111111111111000000000000001 ,
b11111111111111111000000000000001 0
b111110101110001 %
b1100101101101 '
#3000000000
0!
#3500000000
1!
b110011000111 -
b110011000111 1
b111110101110001 #
b111110011010010011 (
b110011000111 /
b11111111111111110000000010100110 .
b11111111111111110000000010100110 ,
b11111111111111110000000010100110 0
b111101001000111 %
b10010111010011 '
#4000000000
0!
#4500000000
1!
b10011000110100 -
b10011000110100 1
b111101001000111 #
b111101101000101101 (
b10011000110100 /
b11111111111111101000001100110101 .
b11111111111111101000001100110101 ,
b11111111111111101000001100110101 0
b111010111100100 %
b11000111011000 '
#5000000000
0!
#5500000000
1!
b100110000000111 -
b100110000000111 1
b111010111100100 #
b111100111000101000 (
b100110000000111 /
b11111111111111100000100011101110 .
b11111111111111100000100011101110 ,
b11111111111111100000100011101110 0
b111000001010011 %
b11110101011101 '
#6000000000
0!
#6500000000
1!
b111110111011111 -
b111110111011111 1
b111000001010011 #
b111100001010100011 (
b111110111011111 /
b11111111111111011001001100001010 .
b11111111111111011001001100001010 ,
b11111111111111011001001100001010 0
b110100110100011 %
b100100001000101 '
#7000000000
0!
#7500000000
1!
b1011101100111100 -
b1011101100111100 1
b110100110100011 #
b111011011110111011 (
b1011101100111100 /
b11111111111111010010001010110111 .
b11111111111111010010001010110111 ,
b11111111111111010010001010110111 0
b110000111100101 %
b101001001110101 '
#8000000000
0!
#8500000000
1!
b10000001110000001 -
b10000001110000001 1
b110000111100101 #
b111010110110001011 (
b10000001110000001 /
b11111111111111001011100100010100 .
b11111111111111001011100100010100 ,
b11111111111111001011100100010100 0
b101100100101100 %
b101101111010001 '
#9000000000
0!
#9500000000
1!
b10101010111110110 -
b10101010111110110 1
b101100100101100 #
b111010010000101111 (
b10101010111110110 /
b11111111111111000101011100101111 .
b11111111111111000101011100101111 ,
b11111111111111000101011100101111 0
b100111110010000 %
b110010001000011 '
#10000000000
0!
#10500000000
1!
b11011000111000111 -
b11011000111000111 1
b100111110010000 #
b111001101110111101 (
b11011000111000111 /
b11111111111110111111111000000011 .
b11111111111110111111111000000011 ,
b11111111111110111111111000000011 0
b100010100101000 %
b110101110110100 '
19
1:
1;
#11000000000
0!
#11500000000
1!
b10100110110000100 -
b10100110110000100 1
b100010100101000 #
b111001010001001100 (
b10100110110000100 /
b11111111111111000100110110010011 .
b11111111111111000100110110010011 ,
b11111111111111000100110110010011 0
b11101000001110 %
b111001000010010 '
#12000000000
0!
#12500000000
1!
b1110000111010000 -
b1110000111010000 1
b11101000001110 #
b111000110111101110 (
b1110000111010000 /
b11111111111111001001001010111011 .
b11111111111111001001001010111011 ,
b11111111111111001001001010111011 0
b10111001100001 %
b111011101001100 '
#13000000000
0!
#13500000000
1!
b110111110111110 -
b110111110111110 1
b10111001100001 #
b111000100010110100 (
b110111110111110 /
b11111111111111001100110011001001 .
b11111111111111001100110011001001 ,
b11111111111111001100110011001001 0
b10001000111101 %
b111101101010100 '
#14000000000
0!
#14500000000
1!
b11111111111111111111100001110010 -
b11111111111111111111100001110010 1
b10001000111101 #
b111000010010101100 (
b11111111111111111111100001110010 /
b11111111111111001111101100101010 .
b11111111111111001111101100101010 ,
b11111111111111001111101100101010 0
b1010111000001 %
b111111000100010 '
#15000000000
0!
#15500000000
1!
b11111111111111110111110100011110 -
b11111111111111110111110100011110 1
b1010111000001 #
b111000000111011110 (
b11111111111111110111110100011110 /
b11111111111111010001110101100111 .
b11111111111111010001110101100111 ,
b11111111111111010001110101100111 0
b100100001101 %
b111111110101100 '
#16000000000
0!
#16500000000
1!
b11111111111111101111111011111100 -
b11111111111111101111111011111100 1
b100100001101 #
b111000000001010100 (
b11111111111111101111111011111100 /
b11111111111111010011001100101000 .
b11111111111111010011001100101000 ,
b11111111111111010011001100101000 0
b1111110001000100 %
b111111111110001 '
#17000000000
0!
#17500000000
1!
b11111111111111100111111101010000 -
b11111111111111100111111101010000 1
b111111110001000100 #
b111000000000001111 (
b11111111111111100111111101010000 /
b11111111111111010011110000110101 .
b11111111111111010011110000110101 ,
b11111111111111010011110000110101 0
b1110111110000011 %
b111111011101101 '
#18000000000
0!
#18500000000
1!
b11111111111111011111111101011111 -
b11111111111111011111111101011111 1
b111110111110000011 #
b111000000100010011 (
b11111111111111011111111101011111 /
b11111111111111010011100001111001 .
b11111111111111010011100001111001 ,
b11111111111111010011100001111001 0
b1110001011101100 %
b111110010100110 '
#19000000000
0!
#19500000000
1!
b11111111111111011000000001110010 -
b11111111111111011000000001110010 1
b111110001011101100 #
b111000001101011010 (
b11111111111111011000000001110010 /
b11111111111111010010011111111100 .
b11111111111111010010011111111100 ,
b11111111111111010010011111111100 0
b1101011010011111 %
b111100100011111 '
#20000000000
0!
#20500000000
1!
b11111111111111010000001111001100 -
b11111111111111010000001111001100 1
b111101011010011111 #
b111000011011100001 (
b11111111111111010000001111001100 /
b11111111111111010000101011101000 .
b11111111111111010000101011101000 ,
b11111111111111010000101011101000 0
b1100101010111101 %
b111010001100010 '
09
0:
0;
#21000000000
0!
#21500000000
1!
b11111111111111010111110011101011 -
b11111111111111010111110011101011 1
b111100101010111101 #
b111000101110011110 (
b11111111111111010111110011101011 /
b11111111111111010011010001001001 .
b11111111111111010011010001001001 ,
b11111111111111010011010001001001 0
b1011111101100010 %
b110111001111100 '
#22000000000
0!
#22500000000
1!
b11111111111111011111000101001101 -
b11111111111111011111000101001101 1
b111011111101100010 #
b111001000110000100 (
b11111111111111011111000101001101 /
b11111111111111010110100110001100 .
b11111111111111010110100110001100 ,
b11111111111111010110100110001100 0
b1011010010101101 %
b110011101111100 '
#23000000000
0!
#23500000000
1!
b11111111111111100101111111001001 -
b11111111111111100101111111001001 1
b111011010010101101 #
b111001100010000100 (
b11111111111111100101111111001001 /
b11111111111111011010101000101010 .
b11111111111111011010101000101010 ,
b11111111111111011010101000101010 0
b1010101010111001 %
b101111101110010 '
#24000000000
0!
#24500000000
1!
b11111111111111101100011101000101 -
b11111111111111101100011101000101 1
b111010101010111001 #
b111010000010001110 (
b11111111111111101100011101000101 /
b11111111111111011111010101111101 .
b11111111111111011111010101111101 ,
b11111111111111011111010101111101 0
b1010000110011110 %
b101011001110100 '
#25000000000
0!
#25500000000
1!
b11111111111111110010011010110111 -
b11111111111111110010011010110111 1
b111010000110011110 #
b111010100110001100 (
b11111111111111110010011010110111 /
b11111111111111100100101011000100 .
b11111111111111100100101011000100 ,
b11111111111111100100101011000100 0
b1001100101110101 %
b100110010011010 '
#26000000000
0!
#26500000000
1!
b11111111111111110111110100101011 -
b11111111111111110111110100101011 1
b111001100101110101 #
b111011001101100110 (
b11111111111111110111110100101011 /
b11111111111111101010100100100110 .
b11111111111111101010100100100110 ,
b11111111111111101010100100100110 0
b1001001001010011 %
b100000111111011 '
#27000000000
0!
#27500000000
1!
b11111111111111111100100111000101 -
b11111111111111111100100111000101 1
b111001001001010011 #
b111011111000000101 (
b11111111111111111100100111000101 /
b11111111111111110000111110110001 .
b11111111111111110000111110110001 ,
b11111111111111110000111110110001 0
b1000110001001001 %
b11011010110011 '
#28000000000
0!
#28500000000
1!
b101111000000 -
b101111000000 1
b111000110001001001 #
b111100100101001101 (
b101111000000 /
b11111111111111110111110101011110 .
b11111111111111110111110101011110 ,
b11111111111111110111110101011110 0
b1000011101100111 %
b10101011100000 '
#29000000000
0!
#29500000000
1!
b100001001110011 -
b100001001110011 1
b111000011101100111 #
b111101010100100000 (
b100001001110011 /
b11111111111111111111000100010101 .
b11111111111111111111000100010101 ,
b11111111111111111111000100010101 0
b1000001110111001 %
b1111010011111 '
#30000000000
0!
#30500000000
1!
b110110101010011 -
b110110101010011 1
b111000001110111001 #
b111110000101100001 (
b110110101010011 /
b110100110101110 .
b110100110101110 ,
b110100110101110 0
b1000000101001001 %
b1001000010000 '
19
1:
1;
#31000000000
0!
#31500000000
1!
b100111010110100 -
b100111010110100 1
b111000000101001001 #
b111110110111110000 (
b100111010110100 /
b11111111111111111110110101100111 .
b11111111111111111110110101100111 ,
b11111111111111111110110101100111 0
b1000000000011110 %
b10101010010 '
#32000000000
0!
#32500000000
1!
b11110010100100 -
b11110010100100 1
b111000000000011110 #
b111111101010101110 (
b11110010100100 /
b11111111111111110110111010110000 .
b11111111111111110110111010110000 ,
b11111111111111110110111010110000 0
b1000000000111001 %
b1111100010001000 '
#33000000000
0!
#33500000000
1!
b11011101010010 -
b11011101010010 1
b111000000000111001 #
b11101111000 (
b11011101010010 /
b11111111111111101110111011001110 .
b11111111111111101110111011001110 ,
b11111111111111101110111011001110 0
b1000000110011100 %
b1110101111010000 '
#34000000000
0!
#34500000000
1!
b11111011001010 -
b11111011001010 1
b111000000110011100 #
b1010000110000 (
b11111011001010 /
b11111111111111100110111100000111 .
b11111111111111100110111100000111 ,
b11111111111111100110111100000111 0
b1000010001000001 %
b1101111101001011 '
#35000000000
0!
#35500000000
1!
b101001011111010 -
b101001011111010 1
b111000010001000001 #
b10000010110101 (
b101001011111010 /
b11111111111111011111000010100011 .
b11111111111111011111000010100011 ,
b11111111111111011111000010100011 0
b1000100000100100 %
b1101001100011010 '
#36000000000
0!
#36500000000
1!
b111001110101111 -
b111001110101111 1
b111000100000100100 #
b10110011100110 (
b111001110101111 /
b11111111111111010111010011100100 .
b11111111111111010111010011100100 ,
b11111111111111010111010011100100 0
b1000110100111000 %
b1100011101011100 '
#37000000000
0!
#37500000000
1!
b1010000010010101 -
b1010000010010101 1
b111000110100111000 #
b11100010100100 (
b1010000010010101 /
b11111111111111001111110100001000 .
b11111111111111001111110100001000 ,
b11111111111111001111110100001000 0
b1001001101110011 %
b1011110000101111 '
#38000000000
0!
#38500000000
1!
b1101100100111001 -
b1101100100111001 1
b111001001101110011 #
b100001111010001 (
b1101100100111001 /
b11111111111111001000101001000000 .
b11111111111111001000101001000000 ,
b11111111111111001000101001000000 0
b1001101011000011 %
b1011000110110000 '
#39000000000
0!
#39500000000
1!
b10001110100001010 -
b10001110100001010 1
b111001101011000011 #
b100111001010000 (
b10001110100001010 /
b11111111111111000001110110110011 .
b11111111111111000001110110110011 ,
b11111111111111000001110110110011 0
b1010001100010110 %
b1010011111111000 '
#40000000000
0!
#40500000000
1!
b10110101101011010 -
b10110101101011010 1
b111010001100010110 #
b101100000001000 (
b10110101101011010 /
b11111111111110111011100001110110 .
b11111111111110111011100001110110 ,
b11111111111110111011100001110110 0
b1010110001010111 %
b1001111100100010 '
09
0:
0;
#41000000000
0!
#41500000000
1!
b10001001101010010 -
b10001001101010010 1
b111010110001010111 #
b110000011011110 (
b10001001101010010 /
b11111111111111000001010101100000 .
b11111111111111000001010101100000 ,
b11111111111111000001010101100000 0
b1011011001101101 %
b1001011101000100 '
#42000000000
0!
#42500000000
1!
b1011001001110100 -
b1011001001110100 1
b111011011001101101 #
b110100010111100 (
b1011001001110100 /
b11111111111111000110100100001001 .
b11111111111111000110100100001001 ,
b11111111111111000110100100001001 0
b1100000101000000 %
b1001000001110010 '
#43000000000
0!
#43500000000
1!
b100100110111000 -
b100100110111000 1
b111100000101000000 #
b110111110001110 (
b100100110111000 /
b11111111111111001011001010011100 .
b11111111111111001011001010011100 ,
b11111111111111001011001010011100 0
b1100110010110100 %
b1000101010111100 '
#44000000000
0!
#44500000000
1!
b11111111111111111101101000101010 -
b11111111111111111101101000101010 1
b111100110010110100 #
b111010101000100 (
b11111111111111111101101000101010 /
b11111111111111001111000101011100 .
b11111111111111001111000101011100 ,
b11111111111111001111000101011100 0
b1101100010101010 %
b1000011000110011 '
#45000000000
0!
#45500000000
1!
b11111111111111110110010011100110 -
b11111111111111110110010011100110 1
b111101100010101010 #
b111100111001101 (
b11111111111111110110010011100110 /
b11111111111111010010010010101000 .
b11111111111111010010010010101000 ,
b11111111111111010010010010101000 0
b1110010100000101 %
b1000001011100010 '
#46000000000
0!
#46500000000
1!
b11111111111111101110101100011001 -
b11111111111111101110101100011001 1
b111110010100000101 #
b111110100011110 (
b11111111111111101110101100011001 /
b11111111111111010100101111111110 .
b11111111111111010100101111111110 ,
b11111111111111010100101111111110 0
b1111000110100110 %
b1000000011010000 '
#47000000000
0!
#47500000000
1!
b11111111111111100110110111111011 -
b11111111111111100110110111111011 1
b111111000110100110 #
b111111100110000 (
b11111111111111100110110111111011 /
b11111111111111010110011011111001 .
b11111111111111010110011011111001 ,
b11111111111111010110011011111001 0
b1111111001101011 %
b1000000000000100 '
#48000000000
0!
#48500000000
1!
b11111111111111011110111011001011 -
b11111111111111011110111011001011 1
b111111111001101011 #
b111111111111100 (
b11111111111111011110111011001011 /
b11111111111111010111010101010011 .
b11111111111111010111010101010011 ,
b11111111111111010111010101010011 0
b101100110011 %
b1000000001111111 '
#49000000000
0!
#49500000000
1!
b11111111111111010110111011001111 -
b11111111111111010110111011001111 1
b101100110011 #
b111111110000001 (
b11111111111111010110111011001111 /
b11111111111111010111011011101000 .
b11111111111111010111011011101000 ,
b11111111111111010111011011101000 0
b1011111011111 %
b1000001001000000 '
#50000000000
0!
#50500000000
1!
b11111111111111001110111101001110 -
b11111111111111001110111101001110 1
b1011111011111 #
b111110111000000 (
b11111111111111001110111101001110 /
b11111111111111010110101110110101 .
b11111111111111010110101110110101 ,
b11111111111111010110101110110101 0
b10010001001110 %
b1000010101000011 '
19
1:
1;
#51000000000
0!
#51500000000
1!
b11111111111111010110110100001110 -
b11111111111111010110110100001110 1
b10010001001110 #
b111101010111101 (
b11111111111111010110110100001110 /
b11111111111111011000001110010100 .
b11111111111111011000001110010100 ,
b11111111111111011000001110010100 0
b11000001100001 %
b1000100110000000 '
#52000000000
0!
#52500000000
1!
b11111111111111011110011111001011 -
b11111111111111011110011111001011 1
b11000001100001 #
b111011010000000 (
b11111111111111011110011111001011 /
b11111111111111011010011111100010 .
b11111111111111011010011111100010 ,
b11111111111111011010011111100010 0
b11101111110111 %
b1000111011101100 '
#53000000000
0!
#53500000000
1!
b11111111111111100101111001001011 -
b11111111111111100101111001001011 1
b11101111110111 #
b111000100010100 (
b11111111111111100101111001001011 /
b11111111111111011101100001000011 .
b11111111111111011101100001000011 ,
b11111111111111011101100001000011 0
b100011011110101 %
b1001010101111010 '
#54000000000
0!
#54500000000
1!
b11111111111111101100111101011111 -
b11111111111111101100111101011111 1
b100011011110101 #
b110101010000110 (
b11111111111111101100111101011111 /
b11111111111111100001010000111010 .
b11111111111111100001010000111010 ,
b11111111111111100001010000111010 0
b101000100111100 %
b1001110100010111 '
#55000000000
0!
#55500000000
1!
b11111111111111110011100111100101 -
b11111111111111110011100111100101 1
b101000100111100 #
b110001011101001 (
b11111111111111110011100111100101 /
b11111111111111100101101100101111 .
b11111111111111100101101100101111 ,
b11111111111111100101101100101111 0
b101101010110100 %
b1010010110110010 '
#56000000000
0!
#56500000000
1!
b11111111111111111001110011001110 -
b11111111111111111001110011001110 1
b101101010110100 #
b101101001001110 (
b11111111111111111001110011001110 /
b11111111111111101010110001101011 .
b11111111111111101010110001101011 ,
b11111111111111101010110001101011 0
b110001101000100 %
b1010111100110100 '
#57000000000
0!
#57500000000
1!
b11111111111111111111011100011100 -
b11111111111111111111011100011100 1
b110001101000100 #
b101000011001100 (
b11111111111111111111011100011100 /
b11111111111111110000011100011111 .
b11111111111111110000011100011111 ,
b11111111111111110000011100011111 0
b110101011010111 %
b1011100110000100 '
#58000000000
0!
#58500000000
1!
b100011111101000 -
b100011111101000 1
b110101011010111 #
b100011001111100 (
b100011111101000 /
b11111111111111110110101001100011 .
b11111111111111110110101001100011 ,
b11111111111111110110101001100011 0
b111000101010111 %
b1100010010001001 '
#59000000000
0!
#59500000000
1!
b1000111001100100 -
b1000111001100100 1
b111000101010111 #
b11101101110111 (
b1000111001100100 /
b11111111111111111101010100111010 .
b11111111111111111101010100111010 ,
b11111111111111111101010100111010 0
b111011010110110 %
b1101000000100110 '
#60000000000
0!
#60500000000
1!
b1100100111011011 -
b1100100111011011 1
b111011010110110 #
b10111111011010 (
b1100100111011011 /
b100011010010001 .
b100011010010001 ,
b100011010010001 0
b111101011100101 %
b1101110000111101 '
09
0:
0;
#61000000000
0!
#61500000000
1!
b1001101000000001 -
b1001101000000001 1
b111101011100101 #
b10001111000011 (
b1001101000000001 /
b11111111111111111100111111011011 .
b11111111111111111100111111011011 ,
b11111111111111111100111111011011 0
b111110111011010 %
b1110100010110000 '
#62000000000
0!
#62500000000
1!
b111011000111110 -
b111011000111110 1
b111110111011010 #
b1011101010000 (
b111011000111110 /
b11111111111111110101010011110110 .
b11111111111111110101010011110110 ,
b11111111111111110101010011110110 0
b111111110001101 %
b1111010101011110 '
#63000000000
0!
#63500000000
1!
b101111011101110 -
b101111011101110 1
b111111110001101 #
b101010100010 (
b101111011101110 /
b11111111111111101101011100011100 .
b11111111111111101101011100011100 ,
b11111111111111101101011100011100 0
b111111111111010 %
b1000100110 '
#64000000000
0!
#64500000000
1!
b101010001001100 -
b101010001001100 1
b111111111111010 #
b111111110111011010 (
b101010001001100 /
b11111111111111100101011110001111 .
b11111111111111100101011110001111 ,
b11111111111111100101011110001111 0
b111111100011111 %
b111011101010 '
#65000000000
0!
#65500000000
1!
b101011001110010 -
b101011001110010 1
b111111100011111 #
b111111000100010110 (
b101011001110010 /
b11111111111111011101011110010101 .
b11111111111111011101011110010101 ,
b11111111111111011101011110010101 0
b111110011111111 %
b1101110001000 '
#66000000000
0!
#66500000000
1!
b110010101011100 -
b110010101011100 1
b111110011111111 #
b111110010001111000 (
b110010101011100 /
b11111111111111010101100001110110 .
b11111111111111010101100001110110 ,
b11111111111111010101100001110110 0
b111100110100000 %
b10011111100000 '
#67000000000
0!
#67500000000
1!
b1000000011100100 -
b1000000011100100 1
b111100110100000 #
b111101100000100000 (
b1000000011100100 /
b11111111111111001101101101110111 .
b11111111111111001101101101110111 ,
b11111111111111001101101101110111 0
b111010100001001 %
b11001111010001 '
#68000000000
0!
#68500000000
1!
b1010100011000100 -
b1010100011000100 1
b111010100001001 #
b111100110000101111 (
b1010100011000100 /
b11111111111111000110000111010111 .
b11111111111111000110000111010111 ,
b11111111111111000110000111010111 0
b110111101000111 %
b11111100111110 '
#69000000000
0!
#69500000000
1!
b1101110010010101 -
b1101110010010101 1
b110111101000111 #
b111100000011000010 (
b1101110010010101 /
b11111111111110111110110011001110 .
b11111111111110111110110011001110 ,
b11111111111110111110110011001110 0
b110100001101000 %
b100101000001001 '
#70000000000
0!
#70500000000
1!
b10001101111010011 -
b10001101111010011 1
b110100001101000 #
b111011010111110111 (
b10001101111010011 /
b11111111111110110111110110000111 .
b11111111111110110111110110000111 ,
b11111111111110110111110110000111 0
b110000001111111 %
b101010000010111 '
19
1:
1;
#71000000000
0!
#71500000000
1!
b1101000111001010 -
b1101000111001010 1
b110000001111111 #
b111010101111101001 (
b1101000111001010 /
b11111111111110111110010111101111 .
b11111111111110111110010111101111 ,
b11111111111110111110010111101111 0
b101011110011110 %
b101110101001110 '
#72000000000
0!
#72500000000
1!
b111110110110011 -
b111110110110011 1
b101011110011110 #
b111010001010110010 (
b111110110110011 /
b11111111111111000100011001101110 .
b11111111111111000100011001101110 ,
b11111111111111000100011001101110 0
b100110111011101 %
b110010110010110 '
#73000000000
0!
#73500000000
1!
b10000001100101 -
b10000001100101 1
b100110111011101 #
b111001101001101010 (
b10000001100101 /
b11111111111111001001111000001100 .
b11111111111111001001111000001100 ,
b11111111111111001001111000001100 0
b100001101010101 %
b110110011011010 '
#74000000000
0!
#74500000000
1!
b11111111111111111011101011001111 -
b11111111111111111011101011001111 1
b100001101010101 #
b111001001100100110 (
b11111111111111111011101011001111 /
b11111111111111001110101111101001 .
b11111111111111001110101111101001 ,
b11111111111111001110101111101001 0
b11100000100001 %
b111001100000111 '
#75000000000
0!
#75500000000
1!
b11111111111111110100110111110101 -
b11111111111111110100110111110101 1
b11100000100001 #
b111000110011111001 (
b11111111111111110100110111110101 /
b11111111111111010010111100111110 .
b11111111111111010010111100111110 ,
b11111111111111010010111100111110 0
b10110001011110 %
b111100000001111 '
#76000000000
0!
#76500000000
1!
b11111111111111101101101011101110 -
b11111111111111101101101011101110 1
b10110001011110 #
b111000011111110001 (
b11111111111111101101101011101110 /
b11111111111111010110011101011111 .
b11111111111111010110011101011111 ,
b11111111111111010110011101011111 0
b10000000101001 %
b111101111100011 '
#77000000000
0!
#77500000000
1!
b11111111111111100110001011011111 -
b11111111111111100110001011011111 1
b10000000101001 #
b111000010000011101 (
b11111111111111100110001011011111 /
b11111111111111011001001110111101 .
b11111111111111011001001110111101 ,
b11111111111111011001001110111101 0
b1001110100001 %
b111111001111011 '
#78000000000
0!
#78500000000
1!
b11111111111111011110011011111100 -
b11111111111111011110011011111100 1
b1001110100001 #
b111000000110000101 (
b11111111111111011110011011111100 /
b11111111111111011011001111100110 .
b11111111111111011011001111100110 ,
b11111111111111011011001111100110 0
b11011100111 %
b111111111001111 '
#79000000000
0!
#79500000000
1!
b11111111111111010110100010000001 -
b11111111111111010110100010000001 1
b11011100111 #
b111000000000110001 (
b11111111111111010110100010000001 /
b11111111111111011100011110000111 .
b11111111111111011100011110000111 ,
b11111111111111011100011110000111 0
b1111101000011101 %
b111111111011100 '
#80000000000
0!
#80500000000
1!
b11111111111111001110100010110010 -
b11111111111111001110100010110010 1
b111111101000011101 #
b111000000000100100 (
b11111111111111001110100010110010 /
b11111111111111011100111001101110 .
b11111111111111011100111001101110 ,
b11111111111111011100111001101110 0
b1110110101100001 %
b111111010100010 '
09
0:
0;
#81000000000
0!
#81500000000
1!
b11111111111111010110100010001110 -
b11111111111111010110100010001110 1
b111110110101100001 #
b111000000101011110 (
b11111111111111010110100010001110 /
b11111111111111011101010001010001 .
b11111111111111011101010001010001 ,
b11111111111111011101010001010001 0
b1110000011010100 %
b111110000100100 '
#82000000000
0!
#82500000000
1!
b11111111111111011110011100110000 -
b11111111111111011110011100110000 1
b111110000011010100 #
b111000001111011100 (
b11111111111111011110011100110000 /
b11111111111111011110011011110000 .
b11111111111111011110011011110000 ,
b11111111111111011110011011110000 0
b1101010010010111 %
b111100001101000 '
#83000000000
0!
#83500000000
1!
b11111111111111100110001101010100 -
b11111111111111100110001101010100 1
b111101010010010111 #
b111000011110011000 (
b11111111111111100110001101010100 /
b11111111111111100000011000011100 .
b11111111111111100000011000011100 ,
b11111111111111100000011000011100 0
b1100100011001010 %
b111001101111001 '
#84000000000
0!
#84500000000
1!
b11111111111111101101101110111100 -
b11111111111111101101101110111100 1
b111100100011001010 #
b111000110010000111 (
b11111111111111101101101110111100 /
b11111111111111100011000110000101 .
b11111111111111100011000110000101 ,
b11111111111111100011000110000101 0
b1011110110001001 %
b110110101100010 '
#85000000000
0!
#85500000000
1!
b11111111111111110100111100110101 -
b11111111111111110100111100110101 1
b111011110110001001 #
b111001001010011110 (
b11111111111111110100111100110101 /
b11111111111111100110100010111011 .
b11111111111111100110100010111011 ,
b11111111111111100110100010111011 0
b1011001011110010 %
b110011000110100 '
#86000000000
0!
#86500000000
1!
b11111111111111111011110010010111 -
b11111111111111111011110010010111 1
b111011001011110010 #
b111001100111001100 (
b11111111111111111011110010010111 /
b11111111111111101010101100110010 .
b11111111111111101010101100110010 ,
b11111111111111101010101100110010 0
b1010100100100001 %
b101110111111111 '
#87000000000
0!
#87500000000
1!
b10001011001011 -
b10001011001011 1
b111010100100100001 #
b111010001000000001 (
b10001011001011 /
b11111111111111101111100001000000 .
b11111111111111101111100001000000 ,
b11111111111111101111100001000000 0
b1010000000101110 %
b101010011011011 '
#88000000000
0!
#88500000000
1!
b1000000011001010 -
b1000000011001010 1
b111010000000101110 #
b111010101100100101 (
b1000000011001010 /
b11111111111111110100111100011111 .
b11111111111111110100111100011111 ,
b11111111111111110100111100011111 0
b1001100000101111 %
b100101011011101 '
#89000000000
0!
#89500000000
1!
b1101010110100101 -
b1101010110100101 1
b111001100000101111 #
b111011010100100011 (
b1101010110100101 /
b11111111111111111010111011110001 .
b11111111111111111010111011110001 ,
b11111111111111111010111011110001 0
b1001000100111011 %
b100000000100000 '
#90000000000
0!
#90500000000
1!
b10010000010000010 -
b10010000010000010 1
b111001000100111011 #
b111011111111100000 (
b10010000010000010 /
b1011011000010 .
b1011011000010 ,
b1011011000010 0
b1000101101100001 %
b11010010111111 '
19
1:
1;
#91000000000
0!
#91500000000
1!
b1110000001100010 -
b1110000001100010 1
b111000101101100001 #
b111100101101000001 (
b1110000001100010 /
b11111111111111111010011111111101 .
b11111111111111111010011111111101 ,
b11111111111111111010011111111101 0
b1000011010110011 %
b10100011010111 '
#92000000000
0!
#92500000000
1!
b1010101110100011 -
b1010101110100011 1
b111000011010110011 #
b111101011100101001 (
b1010101110100011 /
b11111111111111110011001101011110 .
b11111111111111110011001101011110 ,
b11111111111111110011001101011110 0
b1000001100111010 %
b1110010000111 '
#93000000000
0!
#93500000000
1!
b1000001011001100 -
b1000001011001100 1
b111000001100111010 #
b111110001101111001 (
b1000001011001100 /
b11111111111111101011101000010001 .
b11111111111111101011101000010001 ,
b11111111111111101011101000010001 0
b1000000100000000 %
b111111101101 '
#94000000000
0!
#94500000000
1!
b110011001000101 -
b110011001000101 1
b111000000100000000 #
b111111000000010011 (
b110011001000101 /
b11111111111111100011110101001011 .
b11111111111111100011110101001011 ,
b11111111111111100011110101001011 0
b1000000000001100 %
b1100101011 '
#95000000000
0!
#95500000000
1!
b101011001011000 -
b101011001011000 1
b111000000000001100 #
b111111110011010101 (
b101011001011000 /
b11111111111111011011111001001011 .
b11111111111111011011111001001011 ,
b11111111111111011011111001001011 0
b1000000001011110 %
b1111011001100010 '
#96000000000
0!
#96500000000
1!
b101001100101101 -
b101001100101101 1
b111000000001011110 #
b100110011110 (
b101001100101101 /
b11111111111111010011111001010111 .
b11111111111111010011111001010111 ,
b11111111111111010011111001010111 0
b1000000111110111 %
b1110100110110000 '
#97000000000
0!
#97500000000
1!
b101110011001011 -
b101110011001011 1
b111000000111110111 #
b1011001010000 (
b101110011001011 /
b11111111111111001011111010110101 .
b11111111111111001011111010110101 ,
b11111111111111001011111010110101 0
b1000010011010011 %
b1101110100111000 '
#98000000000
0!
#98500000000
1!
b111001100011011 -
b111001100011011 1
b111000010011010011 #
b10001011001000 (
b111001100011011 /
b11111111111111000100000010101100 .
b11111111111111000100000010101100 ,
b11111111111111000100000010101100 0
b1000100011101001 %
b1101000100011000 '
#99000000000
0!
#99500000000
1!
b1001010111100011 -
b1001010111100011 1
b111000100011101001 #
b10111011101000 (
b1001010111100011 /
b11111111111110111100010101111111 .
b11111111111110111100010101111111 ,
b11111111111110111100010101111111 0
b1000111000110000 %
b1100010101110000 '
#100000000000
0!
#100500000000
1!
b1100010011001011 -
b1100010011001011 1
b111000111000110000 #
b11101010010000 (
b1100010011001011 /
b11111111111110110100111001101000 .
b11111111111110110100111001101000 ,
b11111111111110110100111001101000 0
b1001010010011011 %
b1011101001011111 '
09
0:
0;
#101000000000
0!
#101500000000
1!
b1000101000111011 -
b1000101000111011 1
b111001010010011011 #
b100010110100001 (
b1000101000111011 /
b11111111111110111100000000111000 .
b11111111111110111100000000111000 ,
b11111111111110111100000000111000 0
b1001110000011000 %
b1010111111111111 '
#102000000000
0!
#102500000000
1!
b100010010011010 -
b100010010011010 1
b111001110000011000 #
b101000000000001 (
b100010010011010 /
b11111111111111000010101110011101 .
b11111111111111000010101110011101 ,
b11111111111111000010101110011101 0
b1010010010010100 %
b1010011001101100 '
#103000000000
0!
#103500000000
1!
b11111111111111111111010010011001 -
b11111111111111111111010010011001 1
b111010010010010100 #
b101100110010100 (
b11111111111111111111010010011001 /
b11111111111111001000111110000101 .
b11111111111111001000111110000101 ,
b11111111111111001000111110000101 0
b1010110111111011 %
b1001110110111110 '
#104000000000
0!
#104500000000
1!
b11111111111111111001101100000101 -
b11111111111111111001101100000101 1
b111010110111111011 #
b110001001000010 (
b11111111111111111001101100000101 /
b11111111111111001110101011110001 .
b11111111111111001110101011110001 ,
b11111111111111001110101011110001 0
b1011100000110011 %
b1001011000001011 '
#105000000000
0!
#105500000000
1!
b11111111111111110011100011000011 -
b11111111111111110011100011000011 1
b111011100000110011 #
b110100111110101 (
b11111111111111110011100011000011 /
b11111111111111010011110011110110 .
b11111111111111010011110011110110 ,
b11111111111111010011110011110110 0
b1100001100100011 %
b1000111101101000 '
#106000000000
0!
#106500000000
1!
b11111111111111101100111011001110 -
b11111111111111101100111011001110 1
b111100001100100011 #
b111000010011000 (
b11111111111111101100111011001110 /
b11111111111111011000010011000011 .
b11111111111111011000010011000011 ,
b11111111111111011000010011000011 0
b1100111010101110 %
b1000100111100100 '
#107000000000
0!
#107500000000
1!
b11111111111111100101111000110110 -
b11111111111111100101111000110110 1
b111100111010101110 #
b111011000011100 (
b11111111111111100101111000110110 /
b11111111111111011100000110100000 .
b11111111111111011100000110100000 ,
b11111111111111011100000110100000 0
b1101101010111000 %
b1000010110001110 '
#108000000000
0!
#108500000000
1!
b11111111111111011110100000011010 -
b11111111111111011110100000011010 1
b111101101010111000 #
b111101001110010 (
b11111111111111011110100000011010 /
b11111111111111011111001011110010 .
b11111111111111011111001011110010 ,
b11111111111111011111001011110010 0
b1110011100100001 %
b1000001001110010 '
#109000000000
0!
#109500000000
1!
b11111111111111010110110110101000 -
b11111111111111010110110110101000 1
b111110011100100001 #
b111110110001110 (
b11111111111111010110110110101000 /
b11111111111111100001100000111010 .
b11111111111111100001100000111010 ,
b11111111111111100001100000111010 0
b1111001111001010 %
b1000000010010111 '
#110000000000
0!
#110500000000
1!
b11111111111111001111000000011010 -
b11111111111111001111000000011010 1
b111111001111001010 #
b111111101101001 (
b11111111111111001111000000011010 /
b11111111111111100011000100011001 .
b11111111111111100011000100011001 ,
b11111111111111100011000100011001 0
b10010001 %
b1000000000000010 '
19
1:
1;
#111000000000
0!
#111500000000
1!
b11111111111111010110111110000011 -
b11111111111111010110111110000011 1
b10010001 #
b111111111111110 (
b11111111111111010110111110000011 /
b11111111111111100010010011100011 .
b11111111111111100010010011100011 ,
b11111111111111100010010011100011 0
b110101010111 %
b1000000010110100 '
#112000000000
0!
#112500000000
1!
b11111111111111011110111110000001 -
b11111111111111011110111110000001 1
b110101010111 #
b111111101001100 (
b11111111111111011110111110000001 /
b11111111111111100010010101110100 .
b11111111111111100010010101110100 ,
b11111111111111100010010101110100 0
b1100111111011 %
b1000001010101100 '
#113000000000
0!
#113500000000
1!
b11111111111111100110111011001101 -
b11111111111111100110111011001101 1
b1100111111011 #
b111110101010100 (
b11111111111111100110111011001101 /
b11111111111111100011001011001011 .
b11111111111111100011001011001011 ,
b11111111111111100011001011001011 0
b10011001011101 %
b1000010111100100 '
#114000000000
0!
#114500000000
1!
b11111111111111101110110000100001 -
b11111111111111101110110000100001 1
b10011001011101 #
b111101000011100 (
b11111111111111101110110000100001 /
b11111111111111100100110011000110 .
b11111111111111100100110011000110 ,
b11111111111111100100110011000110 0
b11001001011101 %
b1000101001010101 '
#115000000000
0!
#115500000000
1!
b11111111111111110110011000111101 -
b11111111111111110110011000111101 1
b11001001011101 #
b111010110101011 (
b11111111111111110110011000111101 /
b11111111111111100111001100100011 .
b11111111111111100111001100100011 ,
b11111111111111100111001100100011 0
b11110111011100 %
b1000111111110011 '
#116000000000
0!
#116500000000
1!
b11111111111111111101101111101000 -
b11111111111111111101101111101000 1
b11110111011100 #
b111000000001101 (
b11111111111111111101101111101000 /
b11111111111111101010010110000000 .
b11111111111111101010010110000000 ,
b11111111111111101010010110000000 0
b100100010111101 %
b1001011010101111 '
#117000000000
0!
#117500000000
1!
b100101111110101 -
b100101111110101 1
b100100010111101 #
b110100101010001 (
b100101111110101 /
b11111111111111101110001101011100 .
b11111111111111101110001101011100 ,
b11111111111111101110001101011100 0
b101001011100011 %
b1001111001111001 '
#118000000000
0!
#118500000000
1!
b1011010101000110 -
b1011010101000110 1
b101001011100011 #
b110000110000111 (
b1011010101000110 /
b11111111111111110010110000011001 .
b11111111111111110010110000011001 ,
b11111111111111110010110000011001 0
b101110000110110 %
b1010011100111100 '
#119000000000
0!
#119500000000
1!
b10001011011001101 -
b10001011011001101 1
b101110000110110 #
b101100011000100 (
b10001011011001101 /
b11111111111111110111111011111100 .
b11111111111111110111111011111100 ,
b11111111111111110111111011111100 0
b110010010011101 %
b1011000011100010 '
#120000000000
0!
#120500000000
1!
b10110111110010001 -
b10110111110010001 1
b110010010011101 #
b100111100011110 (
b10110111110010001 /
b11111111111111111101101100110010 .
b11111111111111111101101100110010 ,
b11111111111111111101101100110010 0
b110110000000010 %
b1011101101010011 '
09
0:
0;
#121000000000
0!
#121500000000
1!
b10010000001110011 -
b10010000001110011 1
b110110000000010 #
b100010010101101 (
b10010000001110011 /
b11111111111111110111011010010101 .
b11111111111111110111011010010101 ,
b11111111111111110111011010010101 0
b111001001010011 %
b1100011001110011 '
#122000000000
0!
#122500000000
1!
b1101101111000110 -
b1101101111000110 1
b111001001010011 #
b11100110001101 (
b1101101111000110 /
b11111111111111110000101010010011 .
b11111111111111110000101010010011 ,
b11111111111111110000101010010011 0
b111011110000000 %
b1101001000100110 '
#123000000000
0!
#123500000000
1!
b1010001000111001 -
b1010001000111001 1
b111011110000000 #
b10110111011010 (
b1010001000111001 /
b11111111111111101001100001000000 .
b11111111111111101001100001000000 ,
b11111111111111101001100001000000 0
b111101101111011 %
b1101111001001111 '
#124000000000
0!
#124500000000
1!
b111010001011111 -
b111010001011111 1
b111101101111011 #
b10000110110001 (
b111010001011111 /
b11111111111111100010000011000000 .
b11111111111111100010000011000000 ,
b11111111111111100010000011000000 0
b111111000111010 %
b1110101011001110 '
#125000000000
0!
#125500000000
1!
b101001010101110 -
b101001010101110 1
b111111000111010 #
b1010100110010 (
b101001010101110 /
b11111111111111011010010101000101 .
b11111111111111011010010101000101 ,
b11111111111111011010010101000101 0
b111111110110110 %
b1111011110000011 '
#126000000000
0!
#126500000000
1!
b11110101111100 -
b11110101111100 1
b111111110110110 #
b100001111101 (
b11110101111100 /
b11111111111111010010011100001011 .
b11111111111111010010011100001011 ,
b11111111111111010010011100001011 0
b111111111101100 %
b10001001101 '
#127000000000
0!
#127500000000
1!
b11010011111111 -
b11010011111111 1
b111111111101100 #
b111111101110110011 (
b11010011111111 /
b11111111111111001010011101010101 .
b11111111111111001010011101010101 ,
b11111111111111001010011101010101 0
b111111011011010 %
b1000100001101 '
#128000000000
0!
#128500000000
1!
b11100101001100 -
b11100101001100 1
b111111011011010 #
b111110111011110011 (
b11100101001100 /
b11111111111111000010011101101001 .
b11111111111111000010011101101001 ,
b11111111111111000010011101101001 0
b111110010000100 %
b1110110100001 '
#129000000000
0!
#129500000000
1!
b100101001011001 -
b100101001011001 1
b111110010000100 #
b111110001001011111 (
b100101001011001 /
b11111111111110111010100010001111 .
b11111111111110111010100010001111 ,
b11111111111110111010100010001111 0
b111100011110000 %
b10100111101010 '
#130000000000
0!
#130500000000
1!
b110011111111010 -
b110011111111010 1
b111100011110000 #
b111101011000010110 (
b110011111111010 /
b11111111111110110010110000001011 .
b11111111111110110010110000001011 ,
b11111111111110110010110000001011 0
b111010000100110 %
b11010111000111 '
19
1:
1;
#131000000000
0!
#131500000000
1!
b11111000010000 -
b11111000010000 1
b111010000100110 #
b111100101000111001 (
b11111000010000 /
b11111111111110111010010011111011 .
b11111111111110111010010011111011 ,
b11111111111110111010010011111011 0
b110111000110011 %
b100000100011011 '
#132000000000
0!
#132500000000
1!
b100001001001 -
b100001001001 1
b110111000110011 #
b111011111011100101 (
b100001001001 /
b11111111111111000001100100100001 .
b11111111111111000001100100100001 ,
b11111111111111000001100100100001 0
b110011100100110 %
b100101111001000 '
#133000000000
0!
#133500000000
1!
b11111111111111111100011100101110 -
b11111111111111111100011100101110 1
b110011100100110 #
b111011010000111000 (
b11111111111111111100011100101110 /
b11111111111111001000011101010100 .
b11111111111111001000011101010100 ,
b11111111111111001000011101010100 0
b101111100010001 %
b101010110110011 '
#134000000000
0!
#134500000000
1!
b11111111111111110111101101100110 -
b11111111111111110111101101100110 1
b101111100010001 #
b111010101001001101 (
b11111111111111110111101101100110 /
b11111111111111001110111001111010 .
b11111111111111001110111001111010 ,
b11111111111111001110111001111010 0
b101011000001001 %
b101111011000011 '
#135000000000
0!
#135500000000
1!
b11111111111111110010010110110011 -
b11111111111111110010010110110011 1
b101011000001001 #
b111010000100111101 (
b11111111111111110010010110110011 /
b11111111111111010100110110001011 .
b11111111111111010100110110001011 ,
b11111111111111010100110110001011 0
b100110000100101 %
b110011011100001 '
#136000000000
0!
#136500000000
1!
b11111111111111101100011011110000 -
b11111111111111101100011011110000 1
b100110000100101 #
b111001100100011111 (
b11111111111111101100011011110000 /
b11111111111111011010001110010100 .
b11111111111111011010001110010100 ,
b11111111111111011010001110010100 0
b100000101111111 %
b110110111111000 '
#137000000000
0!
#137500000000
1!
b11111111111111100110000000001111 -
b11111111111111100110000000001111 1
b100000101111111 #
b111001001000001000 (
b11111111111111100110000000001111 /
b11111111111111011110111110111001 .
b11111111111111011110111110111001 ,
b11111111111111011110111110111001 0
b11011000110000 %
b111001111110101 '
#138000000000
0!
#138500000000
1!
b11111111111111011111001000010111 -
b11111111111111011111001000010111 1
b11011000110000 #
b111000110000001011 (
b11111111111111011111001000010111 /
b11111111111111100011000100111000 .
b11111111111111100011000100111000 ,
b11111111111111100011000100111000 0
b10101001010111 %
b111100011001010 '
#139000000000
0!
#139500000000
1!
b11111111111111010111111000100010 -
b11111111111111010111111000100010 1
b10101001010111 #
b111000011100110110 (
b11111111111111010111111000100010 /
b11111111111111100110011101101000 .
b11111111111111100110011101101000 ,
b11111111111111100110011101101000 0
b1111000010010 %
b111110001101001 '
#140000000000
0!
#140500000000
1!
b11111111111111010000010101011000 -
b11111111111111010000010101011000 1
b1111000010010 #
b111000001110010111 (
b11111111111111010000010101011000 /
b11111111111111101001000110111111 .
b11111111111111101001000110111111 ,
b11111111111111101001000110111111 0
b1000110000000 %
b111111011001011 '
09
0:
0;
#141000000000
0!
#141500000000
1!
b11111111111111011000000111000001 -
b11111111111111011000000111000001 1
b1000110000000 #
b111000000100110101 (
b11111111111111011000000111000001 /
b11111111111111100111001110101101 .
b11111111111111100111001110101101 ,
b11111111111111100111001110101101 0
b10011000001 %
b111111111101000 '
#142000000000
0!
#142500000000
1!
b11111111111111100000000010001100 -
b11111111111111100000000010001100 1
b10011000001 #
b111000000000011000 (
b11111111111111100000000010001100 /
b11111111111111100110001000101101 .
b11111111111111100110001000101101 ,
b11111111111111100110001000101101 0
b1111011111110111 %
b111111110111110 '
#143000000000
0!
#143500000000
1!
b11111111111111101000000001110100 -
b11111111111111101000000001110100 1
b111111011111110111 #
b111000000001000010 (
b11111111111111101000000001110100 /
b11111111111111100101110101101100 .
b11111111111111100101110101101100 ,
b11111111111111100101110101101100 0
b1110101101000000 %
b111111001001101 '
#144000000000
0!
#144500000000
1!
b11111111111111110000000000110010 -
b11111111111111110000000000110010 1
b111110101101000000 #
b111000000110110011 (
b11111111111111110000000000110010 /
b11111111111111100110010101110101 .
b11111111111111100110010101110101 ,
b11111111111111100110010101110101 0
b1101111010111111 %
b111101110011001 '
#145000000000
0!
#145500000000
1!
b11111111111111110111111001111111 -
b11111111111111110111111001111111 1
b111101111010111111 #
b111000010001100111 (
b11111111111111110111111001111111 /
b11111111111111100111101000110101 .
b11111111111111100111101000110101 ,
b11111111111111100111101000110101 0
b1101001010010011 %
b111011110101001 '
#146000000000
0!
#146500000000
1!
b11111111111111111111101000011000 -
b11111111111111111111101000011000 1
b111101001010010011 #
b111000100001010111 (
b11111111111111111111101000011000 /
b11111111111111101001101101110110 .
b11111111111111101001101101110110 ,
b11111111111111101001101101110110 0
b1100011011011011 %
b111001010000111 '
#147000000000
0!
#147500000000
1!
b111000111000001 -
b111000111000001 1
b111100011011011011 #
b111000110101111001 (
b111000111000001 /
b11111111111111101100100011100011 .
b11111111111111101100100011100011 ,
b11111111111111101100100011100011 0
b1011101110110101 %
b110110001000000 '
#148000000000
0!
#148500000000
1!
b1110010001001000 -
b1110010001001000 1
b111011101110110101 #
b111001001111000000 (
b1110010001001000 /
b11111111111111110000001000001000 .
b11111111111111110000001000001000 ,
b11111111111111110000001000001000 0
b1011000100111101 %
b110010011100100 '
#149000000000
0!
#149500000000
1!
b10101000010001000 -
b10101000010001000 1
b111011000100111101 #
b111001101100011100 (
b10101000010001000 /
b11111111111111110100011001010011 .
b11111111111111110100011001010011 ,
b11111111111111110100011001010011 0
b1010011110001111 %
b101110010000110 '
#150000000000
0!
#150500000000
1!
b11011010101101100 -
b11011010101101100 1
b111010011110001111 #
b111010001101111010 (
b11011010101101100 /
b11111111111111111001010100010110 .
b11111111111111111001010100010110 ,
b11111111111111111001010100010110 0
b1001111011000100 %
b101001100111011 '
19
1:
1;
#151000000000
0!
#151500000000
1!
b10101100011100110 -
b10101100011100110 1
b111001111011000100 #
b111010110011000101 (
b10101100011100110 /
b11111111111111110011110010100101 .
b11111111111111110011110010100101 ,
b11111111111111110011110010100101 0
b1001011011110001 %
b100100100011100 '
#152000000000
0!
#152500000000
1!
b10000010110101011 -
b10000010110101011 1
b111001011011110001 #
b111011011011100100 (
b10000010110101011 /
b11111111111111101101101101101001 .
b11111111111111101101101101101001 ,
b11111111111111101101101101101001 0
b1001000000101011 %
b11111001000001 '
#153000000000
0!
#153500000000
1!
b1011110010001111 -
b1011110010001111 1
b111001000000101011 #
b111100000110111111 (
b1011110010001111 /
b11111111111111100111001001011010 .
b11111111111111100111001001011010 ,
b11111111111111100111001001011010 0
b1000101010000011 %
b11001011000111 '
#154000000000
0!
#154500000000
1!
b111111001001110 -
b111111001001110 1
b111000101010000011 #
b111100110100111001 (
b111111001001110 /
b11111111111111100000001010000101 .
b11111111111111100000001010000101 ,
b11111111111111100000001010000101 0
b1000011000000111 %
b10011011001100 '
#155000000000
0!
#155500000000
1!
b100101110000111 -
b100101110000111 1
b111000011000000111 #
b111101100100110100 (
b100101110000111 /
b11111111111111011000110100001000 .
b11111111111111011000110100001000 ,
b11111111111111011000110100001000 0
b1000001011000100 %
b1101001101101 '
#156000000000
0!
#156500000000
1!
b10010010111011 -
b10010010111011 1
b111000001011000100 #
b111110010110010011 (
b10010010111011 /
b11111111111111010001001100001111 .
b11111111111111010001001100001111 ,
b11111111111111010001001100001111 0
b1000000011000000 %
b110111001010 '
#157000000000
0!
#157500000000
1!
b101001001110 -
b101001001110 1
b111000000011000000 #
b111111001000110110 (
b101001001110 /
b11111111111111001001010111010011 .
b11111111111111001001010111010011 ,
b11111111111111001001010111010011 0
b1000000000000011 %
b100000100 '
#158000000000
0!
#158500000000
1!
b11111111111111111111110010000100 -
b11111111111111111111110010000100 1
b111000000000000011 #
b111111111011111100 (
b11111111111111111111110010000100 /
b11111111111111000001011010010011 .
b11111111111111000001011010010011 ,
b11111111111111000001011010010011 0
b1000000010001100 %
b1111010000111101 '
#159000000000
0!
#159500000000
1!
b11111111111111111111101110000000 -
b11111111111111111111101110000000 1
b111000000010001100 #
b101111000011 (
b11111111111111111111101110000000 /
b11111111111110111001011010010110 .
b11111111111110111001011010010110 ,
b11111111111110111001011010010110 0
b1000001001011100 %
b1110011110010011 '
#160000000000
0!
#160500000000
1!
b11101000011 -
b11101000011 1
b111000001001011100 #
b1100001101101 (
b11101000011 /
b11111111111110110001011100100010 .
b11111111111110110001011100100010 ,
b11111111111110110001011100100010 0
b1000010101101101 %
b1101101100100111 '
09
0:
0;
#161000000000
0!
#161500000000
1!
b11111111111111111110111011010110 -
b11111111111111111110111011010110 1
b111000010101101101 #
b10010011011001 (
b11111111111111111110111011010110 /
b11111111111110111001010011000110 .
b11111111111110111001010011000110 ,
b11111111111110111001010011000110 0
b1000100110110111 %
b1100111100011001 '
#162000000000
0!
#162500000000
1!
b11111111111111111100100111111101 -
b11111111111111111100100111111101 1
b111000100110110111 #
b11000011100111 (
b11111111111111111100100111111101 /
b11111111111111000000111101011001 .
b11111111111111000000111101011001 ,
b11111111111111000000111101011001 0
b1000111100110001 %
b1100001110001001 '
#163000000000
0!
#163500000000
1!
b11111111111111111001100100010110 -
b11111111111111111001100100010110 1
b111000111100110001 #
b11110001110111 (
b11111111111111111001100100010110 /
b11111111111111001000010110100010 .
b11111111111111001000010110100010 ,
b11111111111111001000010110100010 0
b1001010111001010 %
b1011100010010011 '
#164000000000
0!
#164500000000
1!
b11111111111111110101110010011111 -
b11111111111111110101110010011111 1
b111001010111001010 #
b100011101101101 (
b11111111111111110101110010011111 /
b11111111111111001111011001110001 .
b11111111111111001111011001110001 ,
b11111111111111001111011001110001 0
b1001110101110100 %
b1010111001010100 '
#165000000000
0!
#165500000000
1!
b11111111111111110001010100110010 -
b11111111111111110001010100110010 1
b111001110101110100 #
b101000110101100 (
b11111111111111110001010100110010 /
b11111111111111010110000010100111 .
b11111111111111010110000010100111 ,
b11111111111111010110000010100111 0
b1010011000011001 %
b1010010011100101 '
#166000000000
0!
#166500000000
1!
b11111111111111101100001110000110 -
b11111111111111101100001110000110 1
b111010011000011001 #
b101101100011011 (
b11111111111111101100001110000110 /
b11111111111111011100001100110011 .
b11111111111111011100001100110011 ,
b11111111111111011100001100110011 0
b1010111110100100 %
b1001110001100000 '
#167000000000
0!
#167500000000
1!
b11111111111111100110100001101011 -
b11111111111111100110100001101011 1
b111010111110100100 #
b110001110100000 (
b11111111111111100110100001101011 /
b11111111111111100001110100011010 .
b11111111111111100001110100011010 ,
b11111111111111100001110100011010 0
b1011100111111101 %
b1001010011011010 '
#168000000000
0!
#168500000000
1!
b11111111111111100000010011001011 -
b11111111111111100000010011001011 1
b111011100111111101 #
b110101100100110 (
b11111111111111100000010011001011 /
b11111111111111100110110101110110 .
b11111111111111100110110101110110 ,
b11111111111111100110110101110110 0
b1100010100001001 %
b1000111001100110 '
#169000000000
0!
#169500000000
1!
b11111111111111011001100110100101 -
b11111111111111011001100110100101 1
b111100010100001001 #
b111000110011010 (
b11111111111111011001100110100101 /
b11111111111111101011001101111001 .
b11111111111111101011001101111001 ,
b11111111111111101011001101111001 0
b1101000010101100 %
b1000100100010100 '
#170000000000
0!
#170500000000
1!
b11111111111111010010100000001011 -
b11111111111111010010100000001011 1
b111101000010101100 #
b111011011101100 (
b11111111111111010010100000001011 /
b11111111111111101110111001110000 .
b11111111111111101110111001110000 ,
b11111111111111101110111001110000 0
b1101110011001000 %
b1000010011110010 '
19
1:
1;
#171000000000
0!
#171500000000
1!
b11111111111111011001111011110111 -
b11111111111111011001111011110111 1
b111101110011001000 #
b111101100001110 (
b11111111111111011001111011110111 /
b11111111111111101011111100011100 .
b11111111111111101011111100011100 ,
b11111111111111101011111100011100 0
b1110100100111110 %
b1000001000001100 '
#172000000000
0!
#172500000000
1!
b11111111111111100001101000000101 -
b11111111111111100001101000000101 1
b111110100100111110 #
b111110111110100 (
b11111111111111100001101000000101 /
b11111111111111101001101111100100 .
b11111111111111101001101111100100 ,
b11111111111111101001101111100100 0
b1111010111101110 %
b1000000001100111 '
#173000000000
0!
#173500000000
1!
b11111111111111101001011111111001 -
b11111111111111101001011111111001 1
b111111010111101110 #
b111111110011001 (
b11111111111111101001011111111001 /
b11111111111111101000010100100010 .
b11111111111111101000010100100010 ,
b11111111111111101000010100100010 0
b1010110111 %
b1000000000001001 '
#174000000000
0!
#174500000000
1!
b11111111111111110001011110010010 -
b11111111111111110001011110010010 1
b1010110111 #
b111111111110111 (
b11111111111111110001011110010010 /
b11111111111111100111101100010000 .
b11111111111111100111101100010000 ,
b11111111111111100111101100010000 0
b111101111010 %
b1000000011110010 '
#175000000000
0!
#175500000000
1!
b11111111111111111001011110001001 -
b11111111111111111001011110001001 1
b111101111010 #
b111111100001110 (
b11111111111111111001011110001001 /
b11111111111111100111110111000111 .
b11111111111111100111110111000111 ,
b11111111111111100111110111000111 0
b1110000010110 %
b1000001100100000 '
#176000000000
0!
#176500000000
1!
b1011010010111 -
b1011010010111 1
b1110000010110 #
b111110011100000 (
b1011010010111 /
b11111111111111101000110101000001 .
b11111111111111101000110101000001 ,
b11111111111111101000110101000001 0
b10100001101001 %
b1000011010001110 '
#177000000000
0!
#177500000000
1!
b1001001101110111 -
b1001001101110111 1
b10100001101001 #
b111100101110010 (
b1001001101110111 /
b11111111111111101010100101010111 .
b11111111111111101010100101010111 ,
b11111111111111101010100101010111 0
b11010001010110 %
b1000101100110010 '
#178000000000
0!
#178500000000
1!
b10000110011101001 -
b10000110011101001 1
b11010001010110 #
b111010011001110 (
b10000110011101001 /
b11111111111111101101000111000000 .
b11111111111111101101000111000000 ,
b11111111111111101101000111000000 0
b11111110111100 %
b1001000100000001 '
#179000000000
0!
#179500000000
1!
b11000000110110111 -
b11000000110110111 1
b11111110111100 #
b110111011111111 (
b11000000110110111 /
b11111111111111110000011000010110 .
b11111111111111110000011000010110 ,
b11111111111111110000011000010110 0
b100101001111111 %
b1001011111101100 '
#180000000000
0!
#180500000000
1!
b11111000010110110 -
b11111000010110110 1
b100101001111111 #
b110100000010100 (
b11111000010110110 /
b11111111111111110100010111010010 .
b11111111111111110100010111010010 ,
b11111111111111110100010111010010 0
b101010010000100 %
b1001111111100001 '
09
0:
0;
#181000000000
0!
#181500000000
1!
b11000100010100010 -
b11000100010100010 1
b101010010000100 #
b110000000011111 (
b11000100010100010 /
b11111111111111101111101101010011 .
b11111111111111101111101101010011 ,
b11111111111111101111101101010011 0
b101110110110001 %
b1010100011001100 '
#182000000000
0!
#182500000000
1!
b10010100010000011 -
b10010100010000011 1
b101110110110001 #
b101011100110100 (
b10010100010000011 /
b11111111111111101010011011001111 .
b11111111111111101010011011001111 ,
b11111111111111101010011011001111 0
b110010111101110 %
b1011001010010110 '
#183000000000
0!
#183500000000
1!
b1101000101001111 -
b1101000101001111 1
b110010111101110 #
b100110101101010 (
b1101000101001111 /
b11111111111111100100100100011110 .
b11111111111111100100100100011110 ,
b11111111111111100100100100011110 0
b110110100100110 %
b1011110100100110 '
#184000000000
0!
#184500000000
1!
b1000001111100101 -
b1000001111100101 1
b110110100100110 #
b100001011011010 (
b1000001111100101 /
b11111111111111011110001100110000 .
b11111111111111011110001100110000 ,
b11111111111111011110001100110000 0
b111001101000111 %
b1100100001100001 '
#185000000000
0!
#185500000000
1!
b100000100001011 -
b100000100001011 1
b111001101000111 #
b11011110011111 (
b100000100001011 /
b11111111111111010111011000001010 .
b11111111111111010111011000001010 ,
b11111111111111010111011000001010 0
b111100001000001 %
b1101010000101010 '
#186000000000
0!
#186500000000
1!
b100101101100 -
b100101101100 1
b111100001000001 #
b10101111010110 (
b100101101100 /
b11111111111111010000001011000011 .
b11111111111111010000001011000011 ,
b11111111111111010000001011000011 0
b111110000000111 %
b1110000001100100 '
#187000000000
0!
#187500000000
1!
b11111111111111111101110110010110 -
b11111111111111111101110110010110 1
b111110000000111 #
b1111110011100 (
b11111111111111111101110110010110 /
b11111111111111001000101010000010 .
b11111111111111001000101010000010 ,
b11111111111111001000101010000010 0
b111111010010001 %
b1110110011101110 '
#188000000000
0!
#188500000000
1!
b11111111111111111011110111111010 -
b11111111111111111011110111111010 1
b111111010010001 #
b1001100010010 (
b11111111111111111011110111111010 /
b11111111111111000000111001111011 .
b11111111111111000000111001111011 ,
b11111111111111000000111001111011 0
b111111111010110 %
b1111100110101001 '
#189000000000
0!
#189500000000
1!
b11111111111111111010101011101000 -
b11111111111111111010101011101000 1
b111111111010110 #
b11001010111 (
b11111111111111111010101011101000 /
b11111111111110111000111111101010 .
b11111111111110111000111111101010 ,
b11111111111110111000111111101010 0
b111111111010101 %
b11001110100 '
#190000000000
0!
#190500000000
1!
b11111111111111111010010010010001 -
b11111111111111111010010010010001 1
b111111111010101 #
b111111100110001100 (
b11111111111111111010010010010001 /
b11111111111110110001000000010100 .
b11111111111110110001000000010100 ,
b11111111111110110001000000010100 0
b111111010001100 %
b1001100101111 '
19
1:
1;
#191000000000
0!
#191500000000
1!
b11111111111111111001111000011101 -
b11111111111111111001111000011101 1
b111111010001100 #
b111110110011010001 (
b11111111111111111001111000011101 /
b11111111111110111000111111101001 .
b11111111111110111000111111101001 ,
b11111111111110111000111111101001 0
b111110000000000 %
b1111110111000 '
#192000000000
0!
#192500000000
1!
b11111111111111111000101011101110 -
b11111111111111111000101011101110 1
b111110000000000 #
b111110000001001000 (
b11111111111111111000101011101110 /
b11111111111111000000111001110101 .
b11111111111111000000111001110101 ,
b11111111111111000000111001110101 0
b111100000110111 %
b10101111110001 '
#193000000000
0!
#193500000000
1!
b11111111111111110110101100110110 -
b11111111111111110110101100110110 1
b111100000110111 #
b111101010000001111 (
b11111111111111110110101100110110 /
b11111111111111001000101001110101 .
b11111111111111001000101001110101 ,
b11111111111111001000101001110101 0
b111001100111010 %
b11011110111001 '
#194000000000
0!
#194500000000
1!
b11111111111111110011111101000101 -
b11111111111111110011111101000101 1
b111001100111010 #
b111100100001000111 (
b11111111111111110011111101000101 /
b11111111111111010000001010101100 .
b11111111111111010000001010101100 ,
b11111111111111010000001010101100 0
b110110100010111 %
b100001011110011 '
#195000000000
0!
#195500000000
1!
b11111111111111110000011110001100 -
b11111111111111110000011110001100 1
b110110100010111 #
b111011110100001101 (
b11111111111111110000011110001100 /
b11111111111111010111010111100110 .
b11111111111111010111010111100110 ,
b11111111111111010111010111100110 0
b110010111011100 %
b100110110000001 '
#196000000000
0!
#196500000000
1!
b11111111111111101100010010011001 -
b11111111111111101100010010011001 1
b110010111011100 #
b111011001001111111 (
b11111111111111101100010010011001 /
b11111111111111011110001011111101 .
b11111111111111011110001011111101 ,
b11111111111111011110001011111101 0
b101110110011101 %
b101011101001001 '
#197000000000
0!
#197500000000
1!
b11111111111111100111011100011000 -
b11111111111111100111011100011000 1
b101110110011101 #
b111010100010110111 (
b11111111111111100111011100011000 /
b11111111111111100100100011011001 .
b11111111111111100100100011011001 ,
b11111111111111100100100011011001 0
b101010001101110 %
b110000000110010 '
#198000000000
0!
#198500000000
1!
b11111111111111100001111111001111 -
b11111111111111100001111111001111 1
b101010001101110 #
b111001111111001110 (
b11111111111111100001111111001111 /
b11111111111111101010011001110110 .
b11111111111111101010011001110110 ,
b11111111111111101010011001110110 0
b100101001101000 %
b110100000100101 '
#199000000000
0!
#199500000000
1!
b11111111111111011011111110011101 -
b11111111111111011011111110011101 1
b100101001101000 #
b111001011111011011 (
b11111111111111011011111110011101 /
b11111111111111101111101011100100 .
b11111111111111101111101011100100 ,
b11111111111111101111101011100100 0
b11111110100011 %
b110111100001110 '
#200000000000
0!
#200500000000
1!
b11111111111111010101011101111000 -
b11111111111111010101011101111000 1
b11111110100011 #
b111001000011110010 (
b11111111111111010101011101111000 /
b11111111111111110100010101001100 .
b11111111111111110100010101001100 ,
b11111111111111110100010101001100 0
b11010000111011 %
b111010011011010 '
09
0:
0;
#201000000000
0!
#201500000000
1!
b11111111111111011100011010000110 -
b11111111111111011100011010000110 1
b11010000111011 #
b111000101100100110 (
b11111111111111011100011010000110 /
b11111111111111110000010110101001 .
b11111111111111110000010110101001 ,
b11111111111111110000010110101001 0
b10100001001110 %
b111100101111011 '
#202000000000
0!
#202500000000
1!
b11111111111111100011101101100000 -
b11111111111111100011101101100000 1
b10100001001110 #
b111000011010000101 (
b11111111111111100011101101100000 /
b11111111111111101101000101101110 .
b11111111111111101101000101101110 ,
b11111111111111101101000101101110 0
b1101111111001 %
b111110011100110 '
#203000000000
0!
#203500000000
1!
b11111111111111101011010011011011 -
b11111111111111101011010011011011 1
b1101111111001 #
b111000001100011010 (
b11111111111111101011010011011011 /
b11111111111111101010100100100000 .
b11111111111111101010100100100000 ,
b11111111111111101010100100100000 0
b111101011110 %
b111111100010001 '
#204000000000
0!
#204500000000
1!
b11111111111111110011000111000001 -
b11111111111111110011000111000001 1
b111101011110 #
b111000000011101111 (
b11111111111111110011000111000001 /
b11111111111111101000110100100111 .
b11111111111111101000110100100111 ,
b11111111111111101000110100100111 0
b1010011010 %
b111111111111000 '
#205000000000
0!
#205500000000
1!
b11111111111111111011000011010010 -
b11111111111111111011000011010010 1
b1010011010 #
b111000000000001000 (
b11111111111111111011000011010010 /
b11111111111111100111110111001001 .
b11111111111111100111110111001001 ,
b11111111111111100111110111001001 0
b1111010111010001 %
b111111110010111 '
#206000000000
0!
#206500000000
1!
b11000011001010 -
b11000011001010 1
b111111010111010001 #
b111000000001101001 (
b11000011001010 /
b11111111111111100111101100101111 .
b11111111111111100111101100101111 ,
b11111111111111100111101100101111 0
b1110100100100010 %
b111110111101111 '
#207000000000
0!
#207500000000
1!
b1011000001100001 -
b1011000001100001 1
b111110100100100010 #
b111000001000010001 (
b1011000001100001 /
b11111111111111101000010101011110 .
b11111111111111101000010101011110 ,
b11111111111111101000010101011110 0
b1101110010101100 %
b111101100000110 '
#208000000000
0!
#208500000000
1!
b10010111001010000 -
b10010111001010000 1
b111101110010101100 #
b111000010011111010 (
b10010111001010000 /
b11111111111111101001110000111100 .
b11111111111111101001110000111100 ,
b11111111111111101001110000111100 0
b1101000010010001 %
b111011011100001 '
#209000000000
0!
#209500000000
1!
b11010100101010110 -
b11010100101010110 1
b111101000010010001 #
b111000100100011111 (
b11010100101010110 /
b11111111111111101011111110010000 .
b11111111111111101011111110010000 ,
b11111111111111101011111110010000 0
b1100010011110000 %
b111000110001101 '
#210000000000
0!
#210500000000
1!
b100010000000110111 -
b100010000000110111 1
b111100010011110000 #
b111000111001110011 (
b100010000000110111 /
b11111111111111101110111011111111 .
b11111111111111101110111011111111 ,
b11111111111111101110111011111111 0
b1011100111100101 %
b110101100010110 '
19
1:
1;
#211000000000
0!
#211500000000
1!
b11010111010101010 -
b11010111010101010 1
b111011100111100101 #
b111001010011101010 (
b11010111010101010 /
b11111111111111101011001111101111 .
b11111111111111101011001111101111 ,
b11111111111111101011001111101111 0
b1010111110001110 %
b110001110001101 '
#212000000000
0!
#212500000000
1!
b10100001110010100 -
b10100001110010100 1
b111010111110001110 #
b111001110001110011 (
b10100001110010100 /
b11111111111111100110110111010100 .
b11111111111111100110110111010100 ,
b11111111111111100110110111010100 0
b1010011000000100 %
b101101100000110 '
#213000000000
0!
#213500000000
1!
b1110000000000111 -
b1110000000000111 1
b111010011000000100 #
b111010010011111010 (
b1110000000000111 /
b11111111111111100001110101100010 .
b11111111111111100001110101100010 ,
b11111111111111100001110101100010 0
b1001110101100001 %
b101000110010110 '
#214000000000
0!
#214500000000
1!
b1000010100000001 -
b1000010100000001 1
b111001110101100001 #
b111010111001101010 (
b1000010100000001 /
b11111111111111011100001101100110 .
b11111111111111011100001101100110 ,
b11111111111111011100001101100110 0
b1001010110111010 %
b100011101010101 '
#215000000000
0!
#215500000000
1!
b11001101101011 -
b11001101101011 1
b111001010110111010 #
b111011100010101011 (
b11001101101011 /
b11111111111111010110000011000111 .
b11111111111111010110000011000111 ,
b11111111111111010110000011000111 0
b1000111100100011 %
b11110001011110 '
#216000000000
0!
#216500000000
1!
b11111111111111111110110000010110 -
b11111111111111111110110000010110 1
b111000111100100011 #
b111100001110100010 (
b11111111111111111110110000010110 /
b11111111111111001111011010000001 .
b11111111111111001111011010000001 ,
b11111111111111001111011010000001 0
b1000100110101100 %
b11000011001100 '
#217000000000
0!
#217500000000
1!
b11111111111111111010111110111000 -
b11111111111111111010111110111000 1
b111000100110101100 #
b111100111100110100 (
b11111111111111111010111110111000 /
b11111111111111001000010110100100 .
b11111111111111001000010110100100 ,
b11111111111111001000010110100100 0
b1000010101100101 %
b10010010111101 '
#218000000000
0!
#218500000000
1!
b11111111111111110111111011101100 -
b11111111111111110111111011101100 1
b111000010101100101 #
b111101101101000011 (
b11111111111111110111111011101100 /
b11111111111111000000111101010000 .
b11111111111111000000111101010000 ,
b11111111111111000000111101010000 0
b1000001001010110 %
b1100001010001 '
#219000000000
0!
#219500000000
1!
b11111111111111110101101000101111 -
b11111111111111110101101000101111 1
b111000001001010110 #
b111110011110101111 (
b11111111111111110101101000101111 /
b11111111111110111001010010110101 .
b11111111111110111001010010110101 ,
b11111111111110111001010010110101 0
b1000000010001010 %
b101110100110 '
#220000000000
0!
#220500000000
1!
b11111111111111110100000111011110 -
b11111111111111110100000111011110 1
b111000000010001010 #
b111111010001011010 (
b11111111111111110100000111011110 /
b11111111111110110001011100001011 .
b11111111111110110001011100001011 ,
b11111111111110110001011100001011 0
b1000000000000011 %
b1111111011011110 '
09
0:
0;
#221000000000
0!
#221500000000
1!
b11111111111111110100110110000100 -
b11111111111111110100110110000100 1
b111000000000000011 #
b100100010 (
b11111111111111110100110110000100 /
b11111111111110111001011010000001 .
b11111111111110111001011010000001 ,
b11111111111110111001011010000001 0
b1000000011000011 %
b1111001000011001 '
#222000000000
0!
#222500000000
1!
b11111111111111110100110001100010 -
b11111111111111110100110001100010 1
b111000000011000011 #
b110111100111 (
b11111111111111110100110001100010 /
b11111111111111000001011001111110 .
b11111111111111000001011001111110 ,
b11111111111111000001011001111110 0
b1000001011001010 %
b1110010101110111 '
#223000000000
0!
#223500000000
1!
b11111111111111110011111001111011 -
b11111111111111110011111001111011 1
b111000001011001010 #
b1101010001001 (
b11111111111111110011111001111011 /
b11111111111111001001010110111011 .
b11111111111111001001010110111011 ,
b11111111111111001001010110111011 0
b1000011000010000 %
b1101100100011000 '
#224000000000
0!
#224500000000
1!
b11111111111111110010001111110010 -
b11111111111111110010001111110010 1
b111000011000010000 #
b10011011101000 (
b11111111111111110010001111110010 /
b11111111111111010001001011110001 .
b11111111111111010001001011110001 ,
b11111111111111010001001011110001 0
b1000101010001110 %
b1100110100011110 '
#225000000000
0!
#225500000000
1!
b11111111111111101111110100001010 -
b11111111111111101111110100001010 1
b111000101010001110 #
b11001011100010 (
b11111111111111101111110100001010 /
b11111111111111011000110011100001 .
b11111111111111011000110011100001 ,
b11111111111111011000110011100001 0
b1001000000111001 %
b1100000110100101 '
#226000000000
0!
#226500000000
1!
b11111111111111101100101000101000 -
b11111111111111101100101000101000 1
b111001000000111001 #
b11111001011011 (
b11111111111111101100101000101000 /
b11111111111111100000001001010011 .
b11111111111111100000001001010011 ,
b11111111111111100000001001010011 0
b1001011100000010 %
b1011011011001100 '
#227000000000
0!
#227500000000
1!
b11111111111111101000101111001101 -
b11111111111111101000101111001101 1
b111001011100000010 #
b100100100110100 (
b11111111111111101000101111001101 /
b11111111111111100111001000011010 .
b11111111111111100111001000011010 ,
b11111111111111100111001000011010 0
b1001111011010111 %
b1010110010101110 '
#228000000000
0!
#228500000000
1!
b11111111111111100100001010011001 -
b11111111111111100100001010011001 1
b111001111011010111 #
b101001101010010 (
b11111111111111100100001010011001 /
b11111111111111101101101100011000 .
b11111111111111101101101100011000 ,
b11111111111111101101101100011000 0
b1010011110100100 %
b1010001101100110 '
#229000000000
0!
#229500000000
1!
b11111111111111011110111101000111 -
b11111111111111011110111101000111 1
b111010011110100100 #
b101110010011010 (
b11111111111111011110111101000111 /
b11111111111111110011110001000001 .
b11111111111111110011110001000001 ,
b11111111111111110011110001000001 0
b1011000101010100 %
b1001101100001010 '
#230000000000
0!
#230500000000
1!
b11111111111111011001001010101101 -
b11111111111111011001001010101101 1
b111011000101010100 #
b110010011110110 (
b11111111111111011001001010101101 /
b11111111111111111001010010011101 .
b11111111111111111001010010011101 ,
b11111111111111111001010010011101 0
b1011101111001101 %
b1001001110110000 '
19
1:
1;
#231000000000
0!
#231500000000
1!
b11111111111111011111011110100011 -
b11111111111111011111011110100011 1
b111011101111001101 #
b110110001010000 (
b11111111111111011111011110100011 /
b11111111111111110100010111110001 .
b11111111111111110100010111110001 ,
b11111111111111110100010111110001 0
b1100011011110101 %
b1000110101101100 '
#232000000000
0!
#232500000000
1!
b11111111111111100110001111110011 -
b11111111111111100110001111110011 1
b111100011011110101 #
b111001010010100 (
b11111111111111100110001111110011 /
b11111111111111110000000110111110 .
b11111111111111110000000110111110 ,
b11111111111111110000000110111110 0
b1101001010101110 %
b1000100001001100 '
#233000000000
0!
#233500000000
1!
b11111111111111101101011010000111 -
b11111111111111101101011010000111 1
b111101001010101110 #
b111011110110100 (
b11111111111111101101011010000111 /
b11111111111111101100100010110011 .
b11111111111111101100100010110011 ,
b11111111111111101100100010110011 0
b1101111011011011 %
b1000010001011111 '
#234000000000
0!
#234500000000
1!
b11111111111111110100111000111011 -
b11111111111111110100111000111011 1
b111101111011011011 #
b111101110100001 (
b11111111111111110100111000111011 /
b11111111111111101001101101100001 .
b11111111111111101001101101100001 ,
b11111111111111101001101101100001 0
b1110101101011101 %
b1000000110101110 '
#235000000000
0!
#235500000000
1!
b11111111111111111100100111011100 -
b11111111111111111100100111011100 1
b111110101101011101 #
b111111001010010 (
b11111111111111111100100111011100 /
b11111111111111100111101000111100 .
b11111111111111100111101000111100 ,
b11111111111111100111101000111100 0
b1111100000010100 %
b1000000001000000 '
#236000000000
0!
#236500000000
1!
b100100000101110 -
b100100000101110 1
b111111100000010100 #
b111111111000000 (
b100100000101110 /
b11111111111111100110010110011001 .
b11111111111111100110010110011001 ,
b11111111111111100110010110011001 0
b10011011110 %
b1000000000011001 '
#237000000000
0!
#237500000000
1!
b1100011111101110 -
b1100011111101110 1
b10011011110 #
b111111111100111 (
b1100011111101110 /
b11111111111111100101110110101101 .
b11111111111111100101110110101101 ,
b11111111111111100101110110101101 0
b1000110011101 %
b1000000100111001 '
#238000000000
0!
#238500000000
1!
b10100011111010101 -
b10100011111010101 1
b1000110011101 #
b111111011000111 (
b10100011111010101 /
b11111111111111100110001010001011 .
b11111111111111100110001010001011 ,
b11111111111111100110001010001011 0
b1111000101110 %
b1000001110011110 '
#239000000000
0!
#239500000000
1!
b11100011010011100 -
b11100011010011100 1
b1111000101110 #
b111110001100010 (
b11100011010011100 /
b11111111111111100111010000101000 .
b11111111111111100111010000101000 ,
b11111111111111100111010000101000 0
b10101001110011 %
b1000011101000000 '
#240000000000
0!
#240500000000
1!
b100100001011111110 -
b100100001011111110 1
b10101001110011 #
b111100011000000 (
b100100001011111110 /
b11111111111111101001001001010110 .
b11111111111111101001001001010110 ,
b11111111111111101001001001010110 0
b11011001001011 %
b1000110000010111 '
09
0:
0;
#241000000000
0!
#241500000000
1!
b11100101000111110 -
b11100101000111110 1
b11011001001011 #
b111001111101001 (
b11100101000111110 /
b11111111111111100110011111100011 .
b11111111111111100110011111100011 ,
b11111111111111100110011111100011 0
b100000110011000 %
b1001001000010111 '
#242000000000
0!
#242500000000
1!
b10101011001010101 -
b10101011001010101 1
b100000110011000 #
b110110111101001 (
b10101011001010101 /
b11111111111111100011000110011000 .
b11111111111111100011000110011000 ,
b11111111111111100011000110011000 0
b100110000111101 %
b1001100100110000 '
#243000000000
0!
#243500000000
1!
b1110100001101100 -
b1110100001101100 1
b100110000111101 #
b110011011010000 (
b1110100001101100 /
b11111111111111011111000000000000 .
b11111111111111011111000000000000 ,
b11111111111111011111000000000000 0
b101011000011111 %
b1010000101010000 '
#244000000000
0!
#244500000000
1!
b1000000110011100 -
b1000000110011100 1
b101011000011111 #
b101111010110000 (
b1000000110011100 /
b11111111111111011010001111000011 .
b11111111111111011010001111000011 ,
b11111111111111011010001111000011 0
b101111100100101 %
b1010101001100010 '
#245000000000
0!
#245500000000
1!
b10001011101100 -
b10001011101100 1
b101111100100101 #
b101010110011110 (
b10001011101100 /
b11111111111111010100110110100100 .
b11111111111111010100110110100100 ,
b11111111111111010100110110100100 0
b110011100110111 %
b1011010001001111 '
#246000000000
0!
#246500000000
1!
b11111111111111111100110101001110 -
b11111111111111111100110101001110 1
b110011100110111 #
b100101110110001 (
b11111111111111111100110101001110 /
b11111111111111001110111001111111 .
b11111111111111001110111001111111 ,
b11111111111111001110111001111111 0
b110111001000010 %
b1011111011111110 '
#247000000000
0!
#247500000000
1!
b11111111111111111000000110011101 -
b11111111111111111000000110011101 1
b110111001000010 #
b100000100000010 (
b11111111111111111000000110011101 /
b11111111111111001000011101001000 .
b11111111111111001000011101001000 ,
b11111111111111001000011101001000 0
b111010000110010 %
b1100101001010011 '
#248000000000
0!
#248500000000
1!
b11111111111111110100000010011011 -
b11111111111111110100000010011011 1
b111010000110010 #
b11010110101101 (
b11111111111111110100000010011011 /
b11111111111111000001100100000110 .
b11111111111111000001100100000110 ,
b11111111111111000001100100000110 0
b111100011111001 %
b1101011000110010 '
#249000000000
0!
#249500000000
1!
b11111111111111110000101011101110 -
b11111111111111110000101011101110 1
b111100011111001 #
b10100111001110 (
b11111111111111110000101011101110 /
b11111111111110111010010011010100 .
b11111111111110111010010011010100 ,
b11111111111110111010010011010100 0
b111110010001011 %
b1110001001111011 '
#250000000000
0!
#250500000000
1!
b11111111111111101110000100100000 -
b11111111111111101110000100100000 1
b111110010001011 #
b1110110000101 (
b11111111111111101110000100100000 /
b11111111111110110010101111011011 .
b11111111111110110010101111011011 ,
b11111111111110110010101111011011 0
b111111011011110 %
b1110111100010000 '
19
1:
1;
#251000000000
0!
#251500000000
1!
b11111111111111101111111010100101 -
b11111111111111101111111010100101 1
b111111011011110 #
b1000011110000 (
b11111111111111101111111010100101 /
b11111111111110111010100001100110 .
b11111111111110111010100001100110 ,
b11111111111110111010100001100110 0
b111111111101101 %
b1111101111010000 '
#252000000000
0!
#252500000000
1!
b11111111111111110000111110010101 -
b11111111111111110000111110010101 1
b111111111101101 #
b10000110000 (
b11111111111111110000111110010101 /
b11111111111111000010011101000100 .
b11111111111111000010011101000100 ,
b11111111111111000010011101000100 0
b111111110110100 %
b100010011010 '
#253000000000
0!
#253500000000
1!
b11111111111111110001001111000101 -
b11111111111111110001001111000101 1
b111111110110100 #
b111111011101100110 (
b11111111111111110001001111000101 /
b11111111111111001010011100110001 .
b11111111111111001010011100110001 ,
b11111111111111001010011100110001 0
b111111000110101 %
b1010101001111 '
#254000000000
0!
#254500000000
1!
b11111111111111110000101100101011 -
b11111111111111110000101100101011 1
b111111000110101 #
b111110101010110001 (
b11111111111111110000101100101011 /
b11111111111111010010011011100101 .
b11111111111111010010011011100101 ,
b11111111111111010010011011100101 0
b111101101110011 %
b10000111001101 '
#255000000000
0!
#255500000000
1!
b11111111111111101111010111011100 -
b11111111111111101111010111011100 1
b111101101110011 #
b111101111000110011 (
b11111111111111101111010111011100 /
b11111111111111011010010100011010 .
b11111111111111011010010100011010 ,
b11111111111111011010010100011010 0
b111011101110101 %
b10110111110101 '
#256000000000
0!
#256500000000
1!
b11111111111111101101010000001111 -
b11111111111111101101010000001111 1
b111011101110101 #
b111101001000001011 (
b11111111111111101101010000001111 /
b11111111111111100010000010001101 .
b11111111111111100010000010001101 ,
b11111111111111100010000010001101 0
b111001001000110 %
b11100110100111 '
#257000000000
0!
#257500000000
1!
b11111111111111101010011000011010 -
b11111111111111101010011000011010 1
b111001001000110 #
b111100011001011001 (
b11111111111111101010011000011010 /
b11111111111111101001100000000010 .
b11111111111111101001100000000010 ,
b11111111111111101001100000000010 0
b110101111110010 %
b100010011000110 '
#258000000000
0!
#258500000000
1!
b11111111111111100110110001110011 -
b11111111111111100110110001110011 1
b110101111110010 #
b111011101100111010 (
b11111111111111100110110001110011 /
b11111111111111110000101001001000 .
b11111111111111110000101001001000 ,
b11111111111111110000101001001000 0
b110010010001011 %
b100111100110101 '
#259000000000
0!
#259500000000
1!
b11111111111111100010011110101101 -
b11111111111111100010011110101101 1
b110010010001011 #
b111011000011001011 (
b11111111111111100010011110101101 /
b11111111111111110111011000111010 .
b11111111111111110111011000111010 ,
b11111111111111110111011000111010 0
b101110000100010 %
b101100011011001 '
#260000000000
0!
#260500000000
1!
b11111111111111011101100001111000 -
b11111111111111011101100001111000 1
b101110000100010 #
b111010011100100111 (
b11111111111111011101100001111000 /
b11111111111111111101101011000101 .
b11111111111111111101101011000101 ,
b11111111111111111101101011000101 0
b101001011001101 %
b110000110011010 '
09
0:
0;
#261000000000
0!
#261500000000
1!
b11111111111111100011000101010001 -
b11111111111111100011000101010001 1
b101001011001101 #
b111001111001100110 (
b11111111111111100011000101010001 /
b11111111111111110111111010100011 .
b11111111111111110111111010100011 ,
b11111111111111110111111010100011 0
b100100010100101 %
b110100101100010 '
#262000000000
0!
#262500000000
1!
b11111111111111101001001011101011 -
b11111111111111101001001011101011 1
b100100010100101 #
b111001011010011110 (
b11111111111111101001001011101011 /
b11111111111111110010101111010110 .
b11111111111111110010101111010110 ,
b11111111111111110010101111010110 0
b11110111000010 %
b111000000011011 '
#263000000000
0!
#263500000000
1!
b11111111111111101111110001001101 -
b11111111111111101111110001001101 1
b11110111000010 #
b111000111111100101 (
b11111111111111101111110001001101 /
b11111111111111101110001100110001 .
b11111111111111101110001100110001 ,
b11111111111111101110001100110001 0
b11001001000010 %
b111010110110111 '
#264000000000
0!
#264500000000
1!
b11111111111111110110110001101000 -
b11111111111111110110110001101000 1
b11001001000010 #
b111000101001001001 (
b11111111111111110110110001101000 /
b11111111111111101010010101101111 .
b11111111111111101010010101101111 ,
b11111111111111101010010101101111 0
b10011001000001 %
b111101000100101 '
#265000000000
0!
#265500000000
1!
b11111111111111111110001000011111 -
b11111111111111111110001000011111 1
b10011001000001 #
b111000010111011011 (
b11111111111111111110001000011111 /
b11111111111111100111001100101101 .
b11111111111111100111001100101101 ,
b11111111111111100111001100101101 0
b1100111011111 %
b111110101011010 '
#266000000000
0!
#266500000000
1!
b101110001000100 -
b101110001000100 1
b1100111011111 #
b111000001010100110 (
b101110001000100 /
b11111111111111100100110011101100 .
b11111111111111100100110011101100 ,
b11111111111111100100110011101100 0
b110100111010 %
b111111101001111 '
#267000000000
0!
#267500000000
1!
b1101100110011110 -
b1101100110011110 1
b110100111010 #
b111000000010110001 (
b1101100110011110 /
b11111111111111100011001100001101 .
b11111111111111100011001100001101 ,
b11111111111111100011001100001101 0
b1110011 %
b111111111111110 '
#268000000000
0!
#268500000000
1!
b10101100011101101 -
b10101100011101101 1
b1110011 #
b111000000000000010 (
b10101100011101101 /
b11111111111111100010010111010011 .
b11111111111111100010010111010011 ,
b11111111111111100010010111010011 0
b1111001110101101 %
b111111101100110 '
#269000000000
0!
#269500000000
1!
b11101100011101011 -
b11101100011101011 1
b111111001110101101 #
b111000000010011010 (
b11101100011101011 /
b11111111111111100010010101100000 .
b11111111111111100010010101100000 ,
b11111111111111100010010101100000 0
b1110011100000100 %
b111110110001000 '
#270000000000
0!
#270500000000
1!
b100101100001010001 -
b100101100001010001 1
b111110011100000100 #
b111000001001111000 (
b100101100001010001 /
b11111111111111100011000110110011 .
b11111111111111100011000110110011 ,
b11111111111111100011000110110011 0
b1101101010011100 %
b111101001101001 '
19
1:
1;
#271000000000
0!
#271500000000
1!
b11101101011001001 -
b11101101011001001 1
b111101101010011100 #
b111000010110010111 (
b11101101011001001 /
b11111111111111100001100010110111 .
b11111111111111100001100010110111 ,
b11111111111111100001100010110111 0
b1100111010010011 %
b111011000010001 '
#272000000000
0!
#272500000000
1!
b10110000001100000 -
b10110000001100000 1
b111100111010010011 #
b111000100111101111 (
b10110000001100000 /
b11111111111111011111001101010011 .
b11111111111111011111001101010011 ,
b11111111111111011111001101010011 0
b1100001100001001 %
b111000010001011 '
#273000000000
0!
#273500000000
1!
b1110101001001111 -
b1110101001001111 1
b111100001100001001 #
b111000111101110101 (
b1110101001001111 /
b11111111111111011100000111100110 .
b11111111111111011100000111100110 ,
b11111111111111011100000111100110 0
b1011100000011011 %
b110100111100101 '
#274000000000
0!
#274500000000
1!
b111100111000100 -
b111100111000100 1
b111011100000011011 #
b111001011000011011 (
b111100111000100 /
b11111111111111011000010011101111 .
b11111111111111011000010011101111 ,
b11111111111111011000010011101111 0
b1010110111100100 %
b110001000110000 '
#275000000000
0!
#275500000000
1!
b111111011111 -
b111111011111 1
b111010110111100100 #
b111001110111010000 (
b111111011111 /
b11111111111111010011110100001010 .
b11111111111111010011110100001010 ,
b11111111111111010011110100001010 0
b1010010010000000 %
b101100101111111 '
#276000000000
0!
#276500000000
1!
b11111111111111111010110110101111 -
b11111111111111111010110110101111 1
b111010010010000000 #
b111010011010000001 (
b11111111111111111010110110101111 /
b11111111111111001110101011101110 .
b11111111111111001110101011101110 ,
b11111111111111001110101011101110 0
b1001110000000101 %
b100111111101010 '
#277000000000
0!
#277500000000
1!
b11111111111111110101010000110000 -
b11111111111111110101010000110000 1
b111001110000000101 #
b111011000000010110 (
b11111111111111110101010000110000 /
b11111111111111001000111101101110 .
b11111111111111001000111101101110 ,
b11111111111111001000111101101110 0
b1001010010001011 %
b100010110001001 '
#278000000000
0!
#278500000000
1!
b11111111111111110000010001000110 -
b11111111111111110000010001000110 1
b111001010010001011 #
b111011101001110111 (
b11111111111111110000010001000110 /
b11111111111111000010101101110011 .
b11111111111111000010101101110011 ,
b11111111111111000010101101110011 0
b1000111000100011 %
b11101001110110 '
#279000000000
0!
#279500000000
1!
b11111111111111101011111010111101 -
b11111111111111101011111010111101 1
b111000111000100011 #
b111100010110001010 (
b11111111111111101011111010111101 /
b11111111111110111011111111111110 .
b11111111111110111011111111111110 ,
b11111111111110111011111111111110 0
b1000100011011111 %
b10111011001101 '
#280000000000
0!
#280500000000
1!
b11111111111111101000010001000111 -
b11111111111111101000010001000111 1
b111000100011011111 #
b111101000100110011 (
b11111111111111101000010001000111 /
b11111111111110110100111000100001 .
b11111111111110110100111000100001 ,
b11111111111110110100111000100001 0
b1000010011001011 %
b10001010101100 '
09
0:
0;
#281000000000
0!
#281500000000
1!
b11111111111111101011001100010100 -
b11111111111111101011001100010100 1
b111000010011001011 #
b111101110101010100 (
b11111111111111101011001100010100 /
b11111111111110111100010101000010 .
b11111111111110111100010101000010 ,
b11111111111110111100010101000010 0
b1000000111110010 %
b1011000110011 '
#282000000000
0!
#282500000000
1!
b11111111111111101101010111000000 -
b11111111111111101101010111000000 1
b111000000111110010 #
b111110100111001101 (
b11111111111111101101010111000000 /
b11111111111111000100000001110111 .
b11111111111111000100000001110111 ,
b11111111111111000100000001110111 0
b1000000001011100 %
b100110000001 '
#283000000000
0!
#283500000000
1!
b11111111111111101110101111110011 -
b11111111111111101110101111110011 1
b111000000001011100 #
b111111011001111111 (
b11111111111111101110101111110011 /
b11111111111111001011111010000101 .
b11111111111111001011111010000101 ,
b11111111111111001011111010000101 0
b1000000000001100 %
b1111110010111000 '
#284000000000
0!
#284500000000
1!
b11111111111111101111010101110100 -
b11111111111111101111010101110100 1
b111000000000001100 #
b1101001000 (
b11111111111111101111010101110100 /
b11111111111111010011111000101001 .
b11111111111111010011111000101001 ,
b11111111111111010011111000101001 0
b1000000100000100 %
b1110111111110110 '
#285000000000
0!
#285500000000
1!
b11111111111111101111001000101100 -
b11111111111111101111001000101100 1
b111000000100000100 #
b1000000001010 (
b11111111111111101111001000101100 /
b11111111111111011011111000011101 .
b11111111111111011011111000011101 ,
b11111111111111011011111000011101 0
b1000001101000000 %
b1110001101011101 '
#286000000000
0!
#286500000000
1!
b11111111111111101110001000100010 -
b11111111111111101110001000100010 1
b111000001101000000 #
b1110010100011 (
b11111111111111101110001000100010 /
b11111111111111100011110100011001 .
b11111111111111100011110100011001 ,
b11111111111111100011110100011001 0
b1000011010111100 %
b1101011100001101 '
#287000000000
0!
#287500000000
1!
b11111111111111101100010101111111 -
b11111111111111101100010101111111 1
b111000011010111100 #
b10100011110011 (
b11111111111111101100010101111111 /
b11111111111111101011100111011001 .
b11111111111111101011100111011001 ,
b11111111111111101011100111011001 0
b1000101101101110 %
b1100101100100110 '
#288000000000
0!
#288500000000
1!
b11111111111111101001110010001100 -
b11111111111111101001110010001100 1
b111000101101101110 #
b11010011011010 (
b11111111111111101001110010001100 /
b11111111111111110011001100011101 .
b11111111111111110011001100011101 ,
b11111111111111110011001100011101 0
b1001000101001001 %
b1011111111000110 '
#289000000000
0!
#289500000000
1!
b11111111111111100110011110110010 -
b11111111111111100110011110110010 1
b111001000101001001 #
b100000000111010 (
b11111111111111100110011110110010 /
b11111111111111111010011110101111 .
b11111111111111111010011110101111 ,
b11111111111111111010011110101111 0
b1001100001000000 %
b1011010100001011 '
#290000000000
0!
#290500000000
1!
b11111111111111100010011101111000 -
b11111111111111100010011101111000 1
b111001100001000000 #
b100101011110101 (
b11111111111111100010011101111000 /
b1011001100110 .
b1011001100110 ,
b1011001100110 0
b1010000001000001 %
b1010101100001111 '
19
1:
1;
#291000000000
0!
#291500000000
1!
b11111111111111100111001001101101 -
b11111111111111100111001001101101 1
b111010000001000001 #
b101010011110001 (
b11111111111111100111001001101101 /
b11111111111111111010111010100110 .
b11111111111111111010111010100110 ,
b11111111111111111010111010100110 0
b1010100100110110 %
b1010000111101101 '
#292000000000
0!
#292500000000
1!
b11111111111111101100011101011110 -
b11111111111111101100011101011110 1
b111010100100110110 #
b101111000010011 (
b11111111111111101100011101011110 /
b11111111111111110100111011100111 .
b11111111111111110100111011100111 ,
b11111111111111110100111011100111 0
b1011001100001010 %
b1001100110111011 '
#293000000000
0!
#293500000000
1!
b11111111111111110010010101110001 -
b11111111111111110010010101110001 1
b111011001100001010 #
b110011001000101 (
b11111111111111110010010101110001 /
b11111111111111101111100000011101 .
b11111111111111101111100000011101 ,
b11111111111111101111100000011101 0
b1011110110100010 %
b1001001010001111 '
#294000000000
0!
#294500000000
1!
b11111111111111111000101110110110 -
b11111111111111111000101110110110 1
b111011110110100010 #
b110110101110001 (
b11111111111111111000101110110110 /
b11111111111111101010101100100111 .
b11111111111111101010101100100111 ,
b11111111111111101010101100100111 0
b1100100011100100 %
b1000110001111010 '
#295000000000
0!
#295500000000
1!
b11111111111111111111100100100111 -
b11111111111111111111100100100111 1
b111100100011100100 #
b111001110000110 (
b11111111111111111111100100100111 /
b11111111111111100110100011001001 .
b11111111111111100110100011001001 ,
b11111111111111100110100011001001 0
b1101010010110011 %
b1000011110001110 '
#296000000000
0!
#296500000000
1!
b110110010101101 -
b110110010101101 1
b111101010010110011 #
b111100001110010 (
b110110010101101 /
b11111111111111100011000110101101 .
b11111111111111100011000110101101 ,
b11111111111111100011000110101101 0
b1110000011110001 %
b1000001111010101 '
#297000000000
0!
#297500000000
1!
b1110010100011111 -
b1110010100011111 1
b111110000011110001 #
b111110000101011 (
b1110010100011111 /
b11111111111111100000011001100000 .
b11111111111111100000011001100000 ,
b11111111111111100000011001100000 0
b1110110101111110 %
b1000000101011010 '
#298000000000
0!
#298500000000
1!
b10110000101001010 -
b10110000101001010 1
b111110110101111110 #
b111111010100110 (
b10110000101001010 /
b11111111111111011110011101010001 .
b11111111111111011110011101010001 ,
b11111111111111011110011101010001 0
b1111101000111010 %
b1000000000100011 '
#299000000000
0!
#299500000000
1!
b11101111111110000 -
b11101111111110000 1
b111111101000111010 #
b111111111011101 (
b11101111111110000 /
b11111111111111011101010011001111 .
b11111111111111011101010011001111 ,
b11111111111111011101010011001111 0
b11100000101 %
b1000000000110011 '
#300000000000
0!
#300500000000
1!
b100101111111001101 -
b100101111111001101 1
b11100000101 #
b111111111001101 (
b100101111111001101 /
b11111111111111011100111100001001 .
b11111111111111011100111100001001 ,
b11111111111111011100111100001001 0
b1001110111110 %
b1000000110001010 '
09
0:
0;
#301000000000
0!
#301500000000
1!
b11110000000000000 -
b11110000000000000 1
b1001110111110 #
b111111001110110 (
b11110000000000000 /
b11111111111111011100100000000100 .
b11111111111111011100100000000100 ,
b11111111111111011100100000000100 0
b10000001000101 %
b1000010000100100 '
#302000000000
0!
#302500000000
1!
b10110000110001010 -
b10110000110001010 1
b10000001000101 #
b111101111011100 (
b10110000110001010 /
b11111111111111011011010001000110 .
b11111111111111011011010001000110 ,
b11111111111111011011010001000110 0
b10110001111001 %
b1000011111111011 '
#303000000000
0!
#303500000000
1!
b1110010110101110 -
b1110010110101110 1
b10110001111001 #
b111100000000101 (
b1110010110101110 /
b11111111111111011001010000000001 .
b11111111111111011001010000000001 ,
b11111111111111011001010000000001 0
b11100000111100 %
b1000110100000101 '
#304000000000
0!
#304500000000
1!
b110110110101001 -
b110110110101001 1
b11100000111100 #
b111001011111011 (
b110110110101001 /
b11111111111111010110011110001000 .
b11111111111111010110011110001000 ,
b11111111111111010110011110001000 0
b100001101101110 %
b1001001100110110 '
#305000000000
0!
#305500000000
1!
b11111111111111111111101010101110 -
b11111111111111111111101010101110 1
b100001101101110 #
b110110011001010 (
b11111111111111111111101010101110 /
b11111111111111010010111101001100 .
b11111111111111010010111101001100 ,
b11111111111111010010111101001100 0
b100110111110100 %
b1001101001111100 '
#306000000000
0!
#306500000000
1!
b11111111111111111000110111100100 -
b11111111111111111000110111100100 1
b100110111110100 #
b110010110000100 (
b11111111111111111000110111100100 /
b11111111111111001110101111011110 .
b11111111111111001110101111011110 ,
b11111111111111001110101111011110 0
b101011110110011 %
b1010001011000110 '
#307000000000
0!
#307500000000
1!
b11111111111111110010100001100000 -
b11111111111111110010100001100000 1
b101011110110011 #
b101110100111010 (
b11111111111111110010100001100000 /
b11111111111111001001110111101010 .
b11111111111111001001110111101010 ,
b11111111111111001001110111101010 0
b110000010010010 %
b1010101111111111 '
#308000000000
0!
#308500000000
1!
b11111111111111101100101100100110 -
b11111111111111101100101100100110 1
b110000010010010 #
b101010000000001 (
b11111111111111101100101100100110 /
b11111111111111000100011000110111 .
b11111111111111000100011000110111 ,
b11111111111111000100011000110111 0
b110100001111001 %
b1011011000001111 '
#309000000000
0!
#309500000000
1!
b11111111111111100111011100100101 -
b11111111111111100111011100100101 1
b110100001111001 #
b100100111110001 (
b11111111111111100111011100100101 /
b11111111111110111110010110100101 .
b11111111111110111110010110100101 ,
b11111111111110111110010110100101 0
b110111101010101 %
b1100000011011011 '
#310000000000
0!
#310500000000
1!
b11111111111111100010110100110100 -
b11111111111111100010110100110100 1
b110111101010101 #
b11111100100101 (
b11111111111111100010110100110100 /
b11111111111110110111110100101100 .
b11111111111110110111110100101100 ,
b11111111111110110111110100101100 0
b111010100010101 %
b1100110001001001 '
19
1:
1;
#311000000000
0!
#311500000000
1!
b11111111111111100110110001011001 -
b11111111111111100110110001011001 1
b111010100010101 #
b11001110110111 (
b11111111111111100110110001011001 /
b11111111111110111110110010000001 .
b11111111111110111110110010000001 ,
b11111111111110111110110010000001 0
b111100110101001 %
b1101100000111100 '
#312000000000
0!
#312500000000
1!
b11111111111111101010000000010000 -
b11111111111111101010000000010000 1
b111100110101001 #
b10011111000100 (
b11111111111111101010000000010000 /
b11111111111111000110000110010110 .
b11111111111111000110000110010110 ,
b11111111111111000110000110010110 0
b111110100000110 %
b1110010010010100 '
#313000000000
0!
#313500000000
1!
b11111111111111101100011111010100 -
b11111111111111101100011111010100 1
b111110100000110 #
b1101101101100 (
b11111111111111101100011111010100 /
b11111111111111001101101100111111 .
b11111111111111001101101100111111 ,
b11111111111111001101101100111111 0
b111111100100011 %
b1111000100110010 '
#314000000000
0!
#314500000000
1!
b11111111111111101110001101000000 -
b11111111111111101110001101000000 1
b111111100100011 #
b111011001110 (
b11111111111111101110001101000000 /
b11111111111111010101100001000101 .
b11111111111111010101100001000101 ,
b11111111111111010101100001000101 0
b111111111111010 %
b1111110111110111 '
#315000000000
0!
#315500000000
1!
b11111111111111101111001000001110 -
b11111111111111101111001000001110 1
b111111111111010 #
b1000001001 (
b11111111111111101111001000001110 /
b11111111111111011101011101101000 .
b11111111111111011101011101101000 ,
b11111111111111011101011101101000 0
b111111110001011 %
b101010111111 '
#316000000000
0!
#316500000000
1!
b11111111111111101111010000010111 -
b11111111111111101111010000010111 1
b111111110001011 #
b111111010101000001 (
b11111111111111101111010000010111 /
b11111111111111100101011101100010 .
b11111111111111100101011101100010 ,
b11111111111111100101011101100010 0
b111110111010101 %
b1011101101101 '
#317000000000
0!
#317500000000
1!
b11111111111111101110100101011000 -
b11111111111111101110100101011000 1
b111110111010101 #
b111110100010010011 (
b11111111111111101110100101011000 /
b11111111111111101101011011101101 .
b11111111111111101101011011101101 ,
b11111111111111101101011011101101 0
b111101011011101 %
b10001111011111 '
#318000000000
0!
#318500000000
1!
b11111111111111101101000111101011 -
b11111111111111101101000111101011 1
b111101011011101 #
b111101110000100001 (
b11111111111111101101000111101011 /
b11111111111111110101010011000010 .
b11111111111111110101010011000010 ,
b11111111111111110101010011000010 0
b111011010101011 %
b10111111110101 '
#319000000000
0!
#319500000000
1!
b11111111111111101010111000001100 -
b11111111111111101010111000001100 1
b111011010101011 #
b111101000000001011 (
b11111111111111101010111000001100 /
b11111111111111111100111110011111 .
b11111111111111111100111110011111 ,
b11111111111111111100111110011111 0
b111000101001010 %
b11101110010001 '
#320000000000
0!
#320500000000
1!
b11111111111111100111111000010111 -
b11111111111111100111111000010111 1
b111000101001010 #
b111100010001101111 (
b11111111111111100111111000010111 /
b100011001001010 .
b100011001001010 ,
b100011001001010 0
b110101011000110 %
b100011010010100 '
09
0:
0;
#321000000000
0!
#321500000000
1!
b11111111111111101011100110101000 -
b11111111111111101011100110101000 1
b110101011000110 #
b111011100101101100 (
b11111111111111101011100110101000 /
b11111111111111111101010100000000 .
b11111111111111111101010100000000 ,
b11111111111111111101010100000000 0
b110001100110010 %
b101000011100011 '
#322000000000
0!
#322500000000
1!
b11111111111111110000000000111100 -
b11111111111111110000000000111100 1
b110001100110010 #
b111010111100011101 (
b11111111111111110000000000111100 /
b11111111111111110110101000111010 .
b11111111111111110110101000111010 ,
b11111111111111110110101000111010 0
b101101010100000 %
b101101001100011 '
#323000000000
0!
#323500000000
1!
b11111111111111110101000100011111 -
b11111111111111110101000100011111 1
b101101010100000 #
b111010010110011101 (
b11111111111111110101000100011111 /
b11111111111111110000011100001000 .
b11111111111111110000011100001000 ,
b11111111111111110000011100001000 0
b101000100100110 %
b110001011111011 '
#324000000000
0!
#324500000000
1!
b11111111111111111010101110000010 -
b11111111111111111010101110000010 1
b101000100100110 #
b111001110100000101 (
b11111111111111111010101110000010 /
b11111111111111101010110001101000 .
b11111111111111101010110001101000 ,
b11111111111111101010110001101000 0
b100011011011100 %
b110101010010111 '
#325000000000
0!
#325500000000
1!
b111001111101 -
b111001111101 1
b100011011011100 #
b111001010101101001 (
b111001111101 /
b11111111111111100101101101000010 .
b11111111111111100101101101000010 ,
b11111111111111100101101101000010 0
b11101111011110 %
b111000100100001 '
#326000000000
0!
#326500000000
1!
b111100100010100 -
b111100100010100 1
b11101111011110 #
b111000111011011111 (
b111100100010100 /
b11111111111111100001010001100110 .
b11111111111111100001010001100110 ,
b11111111111111100001010001100110 0
b11000001000110 %
b111011010001011 '
#327000000000
0!
#327500000000
1!
b1110101000110101 -
b1110101000110101 1
b11000001000110 #
b111000100101110101 (
b1110101000110101 /
b11111111111111011101100010001000 .
b11111111111111011101100010001000 ,
b11111111111111011101100010001000 0
b10010000110010 %
b111101011000101 '
#328000000000
0!
#328500000000
1!
b10110000011000000 -
b10110000011000000 1
b10010000110010 #
b111000010100111011 (
b10110000011000000 /
b11111111111111011010100001000010 .
b11111111111111011010100001000010 ,
b11111111111111011010100001000010 0
b1011111000010 %
b111110111000101 '
#329000000000
0!
#329500000000
1!
b11101101110000101 -
b11101101110000101 1
b1011111000010 #
b111000001000111011 (
b11101101110000101 /
b11111111111111011000010000010000 .
b11111111111111011000010000010000 ,
b11111111111111011000010000010000 0
b101100010110 %
b111111110000011 '
#330000000000
0!
#330500000000
1!
b100101100101001010 -
b100101100101001010 1
b101100010110 #
b111000000001111101 (
b100101100101001010 /
b11111111111111010110110001001110 .
b11111111111111010110110001001110 ,
b11111111111111010110110001001110 0
b1111111001001101 %
b111111111111100 '
19
1:
1;
#331000000000
0!
#331500000000
1!
b11101100111000111 -
b11101100111000111 1
b111111111001001101 #
b111000000000000100 (
b11101100111000111 /
b11111111111111010111011101100100 .
b11111111111111010111011101100100 ,
b11111111111111010111011101100100 0
b1111000110001001 %
b111111100101100 '
#332000000000
0!
#332500000000
1!
b10101100111001011 -
b10101100111001011 1
b111111000110001001 #
b111000000011010100 (
b10101100111001011 /
b11111111111111010111010110110001 .
b11111111111111010111010110110001 ,
b11111111111111010111010110110001 0
b1110010011101001 %
b111110100011000 '
#333000000000
0!
#333500000000
1!
b1101101010011111 -
b1101101010011111 1
b111110010011101001 #
b111000001011101000 (
b1101101010011111 /
b11111111111111010110011100111010 .
b11111111111111010110011100111010 ,
b11111111111111010110011100111010 0
b1101100010001110 %
b111100111000100 '
#334000000000
0!
#334500000000
1!
b101110110000111 -
b101110110000111 1
b111101100010001110 #
b111000011000111100 (
b101110110000111 /
b11111111111111010100110000100011 .
b11111111111111010100110000100011 ,
b11111111111111010100110000100011 0
b1100110010011001 %
b111010100111000 '
#335000000000
0!
#335500000000
1!
b11111111111111111110001111000011 -
b11111111111111111110001111000011 1
b111100110010011001 #
b111000101011001000 (
b11111111111111111110001111000011 /
b11111111111111010010010010110001 .
b11111111111111010010010010110001 ,
b11111111111111010010010010110001 0
b1100000100100111 %
b110111110000000 '
#336000000000
0!
#336500000000
1!
b11111111111111110110111010001011 -
b11111111111111110110111010001011 1
b111100000100100111 #
b111001000010000000 (
b11111111111111110110111010001011 /
b11111111111111001111000101001010 .
b11111111111111001111000101001010 ,
b11111111111111001111000101001010 0
b1011011001010101 %
b110100010101011 '
#337000000000
0!
#337500000000
1!
b11111111111111101111111100001011 -
b11111111111111101111111100001011 1
b111011011001010101 #
b111001011101010101 (
b11111111111111101111111100001011 /
b11111111111111001011001001110001 .
b11111111111111001011001001110001 ,
b11111111111111001011001001110001 0
b1010110001000001 %
b110000011001011 '
#338000000000
0!
#338500000000
1!
b11111111111111101001011001100000 -
b11111111111111101001011001100000 1
b111010110001000001 #
b111001111100110101 (
b11111111111111101001011001100000 /
b11111111111111000110100011000110 .
b11111111111111000110100011000110 ,
b11111111111111000110100011000110 0
b1010001100000010 %
b101011111110010 '
#339000000000
0!
#339500000000
1!
b11111111111111100011010110010101 -
b11111111111111100011010110010101 1
b111010001100000010 #
b111010100000001110 (
b11111111111111100011010110010101 /
b11111111111111000001010100000111 .
b11111111111111000001010100000111 ,
b11111111111111000001010100000111 0
b1001101010110001 %
b100111000111001 '
#340000000000
0!
#340500000000
1!
b11111111111111011101110110100011 -
b11111111111111011101110110100011 1
b111001101010110001 #
b111011000111000111 (
b11111111111111011101110110100011 /
b11111111111110111011100000001001 .
b11111111111110111011100000001001 ,
b11111111111110111011100000001001 0
b1001001101100011 %
b100001110111000 '
09
0:
0;
#341000000000
0!
#341500000000
1!
b11111111111111100010101111011100 -
b11111111111111100010101111011100 1
b111001001101100011 #
b111011110001001000 (
b11111111111111100010101111011100 /
b11111111111111000001110101011000 .
b11111111111111000001110101011000 ,
b11111111111111000001110101011000 0
b1000110100101100 %
b11100010001001 '
#342000000000
0!
#342500000000
1!
b11111111111111100110111110010100 -
b11111111111111100110111110010100 1
b111000110100101100 #
b111100011101110111 (
b11111111111111100110111110010100 /
b11111111111111001000100111110101 .
b11111111111111001000100111110101 ,
b11111111111111001000100111110101 0
b1000100000011001 %
b10110011001010 '
#343000000000
0!
#343500000000
1!
b11111111111111101010100000011101 -
b11111111111111101010100000011101 1
b111000100000011001 #
b111101001100110110 (
b11111111111111101010100000011101 /
b11111111111111001111110011001001 .
b11111111111111001111110011001001 ,
b11111111111111001111110011001001 0
b1000010000111010 %
b10000010011001 '
#344000000000
0!
#344500000000
1!
b11111111111111101101010011100111 -
b11111111111111101101010011100111 1
b111000010000111010 #
b111101111101100111 (
b11111111111111101101010011100111 /
b11111111111111010111010010110000 .
b11111111111111010111010010110000 ,
b11111111111111010111010010110000 0
b1000000110010111 %
b1010000010100 '
#345000000000
0!
#345500000000
1!
b11111111111111101111010110000000 -
b11111111111111101111010110000000 1
b111000000110010111 #
b111110101111101100 (
b11111111111111101111010110000000 /
b11111111111111011111000001110110 .
b11111111111111011111000001110110 ,
b11111111111111011111000001110110 0
b1000000000111000 %
b11101011011 '
#346000000000
0!
#346500000000
1!
b11111111111111110000100110010100 -
b11111111111111110000100110010100 1
b111000000000111000 #
b111111100010100101 (
b11111111111111110000100110010100 /
b11111111111111100110111011011111 .
b11111111111111100110111011011111 ,
b11111111111111100110111011011111 0
b1000000000011111 %
b1111101010010001 '
#347000000000
0!
#347500000000
1!
b11111111111111110001000011101111 -
b11111111111111110001000011101111 1
b111000000000011111 #
b10101101111 (
b11111111111111110001000011101111 /
b11111111111111101110111010100111 .
b11111111111111101110111010100111 ,
b11111111111111101110111010100111 0
b1000000101001110 %
b1110110111010100 '
#348000000000
0!
#348500000000
1!
b11111111111111110000101110000000 -
b11111111111111110000101110000000 1
b111000000101001110 #
b1001000101100 (
b11111111111111110000101110000000 /
b11111111111111110110111010001000 .
b11111111111111110110111010001000 ,
b11111111111111110110111010001000 0
b1000001111000000 %
b1110000101000101 '
#349000000000
0!
#349500000000
1!
b11111111111111101111100101010100 -
b11111111111111101111100101010100 1
b111000001111000000 #
b1111010111011 (
b11111111111111101111100101010100 /
b11111111111111111110110100111010 .
b11111111111111111110110100111010 ,
b11111111111111111110110100111010 0
b1000011101110000 %
b1101010100000101 '
#350000000000
0!
#350500000000
1!
b11111111111111101101101010011001 -
b11111111111111101101101010011001 1
b111000011101110000 #
b10101011111011 (
b11111111111111101101101010011001 /
b110100101111010 .
b110100101111010 ,
b110100101111010 0
b1000110001010101 %
b1100100100110010 '
19
1:
1;
#351000000000
0!
#351500000000
1!
b11111111111111110000010110010100 -
b11111111111111110000010110010100 1
b111000110001010101 #
b11011011001110 (
b11111111111111110000010110010100 /
b11111111111111111111000011101010 .
b11111111111111111111000011101010 ,
b11111111111111111111000011101010 0
b1001001001100010 %
b1011110111101100 '
#352000000000
0!
#352500000000
1!
b11111111111111110011110001100010 -
b11111111111111110011110001100010 1
b111001001001100010 #
b100001000010100 (
b11111111111111110011110001100010 /
b11111111111111110111110100111111 .
b11111111111111110111110100111111 ,
b11111111111111110111110100111111 0
b1001100110000111 %
b1011001101001111 '
#353000000000
0!
#353500000000
1!
b11111111111111110111111001110110 -
b11111111111111110111111001110110 1
b111001100110000111 #
b100110010110001 (
b11111111111111110111111001110110 /
b11111111111111110000111110100001 .
b11111111111111110000111110100001 ,
b11111111111111110000111110100001 0
b1010000110110010 %
b1010100101110110 '
#354000000000
0!
#354500000000
1!
b11111111111111111100101100100111 -
b11111111111111111100101100100111 1
b111010000110110010 #
b101011010001010 (
b11111111111111111100101100100111 /
b11111111111111101010100100101000 .
b11111111111111101010100100101000 ,
b11111111111111101010100100101000 0
b1010101011001110 %
b1010000001111011 '
#355000000000
0!
#355500000000
1!
b10000110110001 -
b10000110110001 1
b111010101011001110 #
b101111110000101 (
b10000110110001 /
b11111111111111100100101011011010 .
b11111111111111100100101011011010 ,
b11111111111111100100101011011010 0
b1011010011000101 %
b1001100001110011 '
#356000000000
0!
#356500000000
1!
b1000000100110110 -
b1000000100110110 1
b111011010011000101 #
b110011110001101 (
b1000000100110110 /
b11111111111111011111010110101000 .
b11111111111111011111010110101000 ,
b11111111111111011111010110101000 0
b1011111101111011 %
b1001000101110101 '
#357000000000
0!
#357500000000
1!
b1110100011000011 -
b1110100011000011 1
b111011111101111011 #
b110111010001011 (
b1110100011000011 /
b11111111111111011010101001101101 .
b11111111111111011010101001101101 ,
b11111111111111011010101001101101 0
b1100101011010111 %
b1000101110010001 '
#358000000000
0!
#358500000000
1!
b10101011101001110 -
b10101011101001110 1
b111100101011010111 #
b111010001101111 (
b10101011101001110 /
b11111111111111010110100111101000 .
b11111111111111010110100111101000 ,
b11111111111111010110100111101000 0
b1101011010111011 %
b1000011011011000 '
#359000000000
0!
#359500000000
1!
b11100101110111101 -
b11100101110111101 1
b111101011010111011 #
b111100100101000 (
b11100101110111101 /
b11111111111111010011010010111111 .
b11111111111111010011010010111111 ,
b11111111111111010011010010111111 0
b1110001100001000 %
b1000001101010100 '
#360000000000
0!
#360500000000
1!
b100100010011100101 -
b100100010011100101 1
b111110001100001000 #
b111110010101100 (
b100100010011100101 /
b11111111111111010000101101111010 .
b11111111111111010000101101111010 ,
b11111111111111010000101101111010 0
b1110111110100000 %
b1000000100001111 '
09
0:
0;
#361000000000
0!
#361500000000
1!
b11100100000111001 -
b11100100000111001 1
b111110111110100000 #
b111111011110001 (
b11100100000111001 /
b11111111111111010010100001110010 .
b11111111111111010010100001110010 ,
b11111111111111010010100001110010 0
b1111110001100001 %
b1000000000001111 '
#362000000000
0!
#362500000000
1!
b10100100101001000 -
b10100100101001000 1
b111111110001100001 #
b111111111110001 (
b10100100101001000 /
b11111111111111010011100011010010 .
b11111111111111010011100011010010 ,
b11111111111111010011100011010010 0
b100100101010 %
b1000000001010110 '
#363000000000
0!
#363500000000
1!
b1100100101010111 -
b1100100101010111 1
b100100101010 #
b111111110101010 (
b1100100101010111 /
b11111111111111010011110001110001 .
b11111111111111010011110001110001 ,
b11111111111111010011110001110001 0
b1010111011101 %
b1000000111100011 '
#364000000000
0!
#364500000000
1!
b100100110101101 -
b100100110101101 1
b1010111011101 #
b111111000011101 (
b100100110101101 /
b11111111111111010011001101000111 .
b11111111111111010011001101000111 ,
b11111111111111010011001101000111 0
b10001001011001 %
b1000010010110011 '
#365000000000
0!
#365500000000
1!
b11111111111111111100101110010000 -
b11111111111111111100101110010000 1
b10001001011001 #
b111101101001101 (
b11111111111111111100101110010000 /
b11111111111111010001110101101010 .
b11111111111111010001110101101010 ,
b11111111111111010001110101101010 0
b10111001111100 %
b1000100010111111 '
#366000000000
0!
#366500000000
1!
b11111111111111110101000001000011 -
b11111111111111110101000001000011 1
b10111001111100 #
b111011101000001 (
b11111111111111110101000001000011 /
b11111111111111001111101100010001 .
b11111111111111001111101100010001 ,
b11111111111111001111101100010001 0
b11101000101000 %
b1000110111111100 '
#367000000000
0!
#367500000000
1!
b11111111111111101101100100000010 -
b11111111111111101101100100000010 1
b11101000101000 #
b111001000000100 (
b11111111111111101101100100000010 /
b11111111111111001100110010010101 .
b11111111111111001100110010010101 ,
b11111111111111001100110010010101 0
b100010101000000 %
b1001010001011100 '
#368000000000
0!
#368500000000
1!
b11111111111111100110011011111110 -
b11111111111111100110011011111110 1
b100010101000000 #
b110101110100100 (
b11111111111111100110011011111110 /
b11111111111111001001001001101101 .
b11111111111111001001001001101101 ,
b11111111111111001001001001101101 0
b100111110100111 %
b1001101111001111 '
#369000000000
0!
#369500000000
1!
b11111111111111011111101101011010 -
b11111111111111011111101101011010 1
b100111110100111 #
b110010000110001 (
b11111111111111011111101101011010 /
b11111111111111000100110100101101 .
b11111111111111000100110100101101 ,
b11111111111111000100110100101101 0
b101100101000001 %
b1010010001000011 '
#370000000000
0!
#370500000000
1!
b11111111111111011001011100101001 -
b11111111111111011001011100101001 1
b101100101000001 #
b101101110111101 (
b11111111111111011001011100101001 /
b11111111111110111111110110000110 .
b11111111111110111111110110000110 ,
b11111111111110111111110110000110 0
b110000111111000 %
b1010110110100010 '
19
1:
1;
#371000000000
0!
#371500000000
1!
b11111111111111011111001011100110 -
b11111111111111011111001011100110 1
b110000111111000 #
b101001001011110 (
b11111111111111011111001011100110 /
b11111111111111000101011011000111 .
b11111111111111000101011011000111 ,
b11111111111111000101011011000111 0
b110100110110100 %
b1011011111010011 '
#372000000000
0!
#372500000000
1!
b11111111111111100100010101000100 -
b11111111111111100100010101000100 1
b110100110110100 #
b100100000101101 (
b11111111111111100100010101000100 /
b11111111111111001011100010111111 .
b11111111111111001011100010111111 ,
b11111111111111001011100010111111 0
b111000001100001 %
b1100001010111101 '
#373000000000
0!
#373500000000
1!
b11111111111111101000110101110001 -
b11111111111111101000110101110001 1
b111000001100001 #
b11110101000011 (
b11111111111111101000110101110001 /
b11111111111111010010001001110011 .
b11111111111111010010001001110011 ,
b11111111111111010010001001110011 0
b111010111101111 %
b1100111001000011 '
#374000000000
0!
#374500000000
1!
b11111111111111101100101010110100 -
b11111111111111101100101010110100 1
b111010111101111 #
b11000110111101 (
b11111111111111101100101010110100 /
b11111111111111011001001011010100 .
b11111111111111011001001011010100 ,
b11111111111111011001001011010100 0
b111101001010000 %
b1101101001001001 '
#375000000000
0!
#375500000000
1!
b11111111111111101111110001110001 -
b11111111111111101111110001110001 1
b111101001010000 #
b10010110110111 (
b11111111111111101111110001110001 /
b11111111111111100000100011000011 .
b11111111111111100000100011000011 ,
b11111111111111100000100011000011 0
b111110101110111 %
b1110011010101111 '
#376000000000
0!
#376500000000
1!
b11111111111111110010001000101000 -
b11111111111111110010001000101000 1
b111110101110111 #
b1100101010001 (
b11111111111111110010001000101000 /
b11111111111111101000001100010011 .
b11111111111111101000001100010011 ,
b11111111111111101000001100010011 0
b111111101011110 %
b1111001101010110 '
#377000000000
0!
#377500000000
1!
b11111111111111110011101101111001 -
b11111111111111110011101101111001 1
b111111101011110 #
b110010101010 (
b11111111111111110011101101111001 /
b11111111111111110000000010001010 .
b11111111111111110000000010001010 ,
b11111111111111110000000010001010 0
b111111111111110 %
b11101 '
#378000000000
0!
#378500000000
1!
b11111111111111110100100000100011 -
b11111111111111110100100000100011 1
b111111111111110 #
b111111111111100011 (
b11111111111111110100100000100011 /
b11111111111111110111111111101000 .
b11111111111111110111111111101000 ,
b11111111111111110111111111101000 0
b111111101011000 %
b110011100100 '
#379000000000
0!
#379500000000
1!
b11111111111111110100100000000110 -
b11111111111111110100100000000110 1
b111111101011000 #
b111111001100011100 (
b11111111111111110100100000000110 /
b11111111111111111111111111100110 .
b11111111111111111111111111100110 ,
b11111111111111111111111111100110 0
b111110101101100 %
b1100110001010 '
#380000000000
0!
#380500000000
1!
b11111111111111110011101100100010 -
b11111111111111110011101100100010 1
b111110101101100 #
b111110011001110110 (
b11111111111111110011101100100010 /
b111111100111110 .
b111111100111110 ,
b111111100111110 0
b111101000111110 %
b10010111101111 '
09
0:
0;
#381000000000
0!
#381500000000
1!
b11111111111111110101010010101100 -
b11111111111111110101010010101100 1
b111101000111110 #
b111101101000010001 (
b11111111111111110101010010101100 /
b111010010 .
b111010010 ,
b111010010 0
b111010111011001 %
b11000111110010 '
#382000000000
0!
#382500000000
1!
b11111111111111110111101010011011 -
b11111111111111110111101010011011 1
b111010111011001 #
b111100111000001110 (
b11111111111111110111101010011011 /
b11111111111111111000011110010100 .
b11111111111111111000011110010100 ,
b11111111111111111000011110010100 0
b111000001000101 %
b11110101110110 '
#383000000000
0!
#383500000000
1!
b11111111111111111010110010001101 -
b11111111111111111010110010001101 1
b111000001000101 #
b111100001010001010 (
b11111111111111111010110010001101 /
b11111111111111110001000110111011 .
b11111111111111110001000110111011 ,
b11111111111111110001000110111011 0
b110100110010011 %
b100100001011101 '
#384000000000
0!
#384500000000
1!
b11111111111111111110101000000011 -
b11111111111111111110101000000011 1
b110100110010011 #
b111011011110100011 (
b11111111111111111110101000000011 /
b11111111111111101010000101110110 .
b11111111111111101010000101110110 ,
b11111111111111101010000101110110 0
b110000111010010 %
b101001010001011 '
#385000000000
0!
#385500000000
1!
b11001001100000 -
b11001001100000 1
b110000111010010 #
b111010110101110101 (
b11001001100000 /
b11111111111111100011011111100011 .
b11111111111111100011011111100011 ,
b11111111111111100011011111100011 0
b101100100011000 %
b101101111100101 '
#386000000000
0!
#386500000000
1!
b1000010011101011 -
b1000010011101011 1
b101100100011000 #
b111010010000011011 (
b1000010011101011 /
b11111111111111011101011000010001 .
b11111111111111011101011000010001 ,
b11111111111111011101011000010001 0
b100111101111001 %
b110010001010101 '
#387000000000
0!
#387500000000
1!
b1110000011010000 -
b1110000011010000 1
b100111101111001 #
b111001101110101011 (
b1110000011010000 /
b11111111111111010111110011111001 .
b11111111111111010111110011111001 ,
b11111111111111010111110011111001 0
b100010100001111 %
b110101111000100 '
#388000000000
0!
#388500000000
1!
b10100010100100101 -
b10100010100100101 1
b100010100001111 #
b111001010000111100 (
b10100010100100101 /
b11111111111111010010110110000000 .
b11111111111111010010110110000000 ,
b11111111111111010010110110000000 0
b11100111110101 %
b111001000011111 '
#389000000000
0!
#389500000000
1!
b11011000011101001 -
b11011000011101001 1
b11100111110101 #
b111000110111100001 (
b11011000011101001 /
b11111111111111001110100001110001 .
b11111111111111001110100001110001 ,
b11111111111111001110100001110001 0
b10111001000110 %
b111011101010110 '
#390000000000
0!
#390500000000
1!
b100010001100001000 -
b100010001100001000 1
b10111001000110 #
b111000100010101010 (
b100010001100001000 /
b11111111111111001010111001111100 .
b11111111111111001010111001111100 ,
b11111111111111001010111001111100 0
b10001000100001 %
b111101101011100 '
19
1:
1;
#391000000000
0!
#391500000000
1!
b11010101110110010 -
b11010101110110010 1
b10001000100001 #
b111000010010100100 (
b11010101110110010 /
b11111111111111001101110011000010 .
b11111111111111001101110011000010 ,
b11111111111111001101110011000010 0
b1010110100100 %
b111111000100111 '
#392000000000
0!
#392500000000
1!
b10011000001010110 -
b10011000001010110 1
b1010110100100 #
b111000000111011001 (
b10011000001010110 /
b11111111111111001111111011100011 .
b11111111111111001111111011100011 ,
b11111111111111001111111011100011 0
b100011110000 %
b111111110101110 '
#393000000000
0!
#393500000000
1!
b1011001000101111 -
b1011001000101111 1
b100011110000 #
b111000000001010010 (
b1011001000101111 /
b11111111111111010001010010000111 .
b11111111111111010001010010000111 ,
b11111111111111010001010010000111 0
b1111110000100111 %
b111111111110000 '
#394000000000
0!
#394500000000
1!
b11001010000001 -
b11001010000001 1
b111111110000100111 #
b111000000000010000 (
b11001010000001 /
b11111111111111010001110101110111 .
b11111111111111010001110101110111 ,
b11111111111111010001110101110111 0
b1110111101100110 %
b111111011101010 '
#395000000000
0!
#395500000000
1!
b11111111111111111011001010010001 -
b11111111111111111011001010010001 1
b111110111101100110 #
b111000000100010110 (
b11111111111111111011001010010001 /
b11111111111111010001100110011110 .
b11111111111111010001100110011110 ,
b11111111111111010001100110011110 0
b1110001011001111 %
b111110010011111 '
#396000000000
0!
#396500000000
1!
b11111111111111110011001110100111 -
b11111111111111110011001110100111 1
b111110001011001111 #
b111000001101100001 (
b11111111111111110011001110100111 /
b11111111111111010000100100000100 .
b11111111111111010000100100000100 ,
b11111111111111010000100100000100 0
b1101011010000100 %
b111100100010101 '
#397000000000
0!
#397500000000
1!
b11111111111111101011011100001000 -
b11111111111111101011011100001000 1
b111101011010000100 #
b111000011011101011 (
b11111111111111101011011100001000 /
b11111111111111001110101111010011 .
b11111111111111001110101111010011 ,
b11111111111111001110101111010011 0
b1100101010100010 %
b111010001010110 '
#398000000000
0!
#398500000000
1!
b11111111111111100011110111110011 -
b11111111111111100011110111110011 1
b111100101010100010 #
b111000101110101010 (
b11111111111111100011110111110011 /
b11111111111111001100001001010111 .
b11111111111111001100001001010111 ,
b11111111111111001100001001010111 0
b1011111101001001 %
b110111001101110 '
#399000000000
0!
#399500000000
1!
b11111111111111011100100110011101 -
b11111111111111011100100110011101 1
b111011111101001001 #
b111001000110010010 (
b11111111111111011100100110011101 /
b11111111111111001000110011111001 .
b11111111111111001000110011111001 ,
b11111111111111001000110011111001 0
b1011010010010110 %
b110011101101010 '
#400000000000
0!
#400500000000
1!
b11111111111111010101101100101111 -
b11111111111111010101101100101111 1
b111011010010010110 #
b111001100010010110 (
b11111111111111010101101100101111 /
b11111111111111000100110001000010 .
b11111111111111000100110001000010 ,
b11111111111111000100110001000010 0
b1010101010100011 %
b101111101011111 '
09
0:
0;
#401000000000
0!
#401500000000
1!
b11111111111111011100001010011001 -
b11111111111111011100001010011001 1
b111010101010100011 #
b111010000010100001 (
b11111111111111011100001010011001 /
b11111111111111001001011110101100 .
b11111111111111001001011110101100 ,
b11111111111111001001011110101100 0
b1010000110001011 %
b101011001011111 '
#402000000000
0!
#402500000000
1!
b11111111111111100010000111111000 -
b11111111111111100010000111111000 1
b111010000110001011 #
b111010100110100001 (
b11111111111111100010000111111000 /
b11111111111111001110110100001001 .
b11111111111111001110110100001001 ,
b11111111111111001110110100001001 0
b1001100101100100 %
b100110010000010 '
#403000000000
0!
#403500000000
1!
b11111111111111100111100001010111 -
b11111111111111100111100001010111 1
b111001100101100100 #
b111011001101111110 (
b11111111111111100111100001010111 /
b11111111111111010100101101111110 .
b11111111111111010100101101111110 ,
b11111111111111010100101101111110 0
b1001001001000100 %
b100000111100010 '
#404000000000
0!
#404500000000
1!
b11111111111111101100010011011001 -
b11111111111111101100010011011001 1
b111001001001000100 #
b111011111000011110 (
b11111111111111101100010011011001 /
b11111111111111011011001000011010 .
b11111111111111011011001000011010 ,
b11111111111111011011001000011010 0
b1000110000111100 %
b11011010011001 '
#405000000000
0!
#405500000000
1!
b11111111111111110000011010111011 -
b11111111111111110000011010111011 1
b111000110000111100 #
b111100100101100111 (
b11111111111111110000011010111011 /
b11111111111111100001111111010110 .
b11111111111111100001111111010110 ,
b11111111111111100001111111010110 0
b1000011101011101 %
b10101011000101 '
#406000000000
0!
#406500000000
1!
b11111111111111110011110101010100 -
b11111111111111110011110101010100 1
b111000011101011101 #
b111101010100111011 (
b11111111111111110011110101010100 /
b11111111111111101001001110011010 .
b11111111111111101001001110011010 ,
b11111111111111101001001110011010 0
b1000001110110010 %
b1111010000011 '
#407000000000
0!
#407500000000
1!
b11111111111111110110100000011001 -
b11111111111111110110100000011001 1
b111000001110110010 #
b111110000101111101 (
b11111111111111110110100000011001 /
b11111111111111110000110000111101 .
b11111111111111110000110000111101 ,
b11111111111111110000110000111101 0
b1000000101000101 %
b1000111110011 '
#408000000000
0!
#408500000000
1!
b11111111111111111000011010011100 -
b11111111111111111000011010011100 1
b111000000101000101 #
b111110111000001101 (
b11111111111111111000011010011100 /
b11111111111111111000100010001011 .
b11111111111111111000100010001011 ,
b11111111111111111000100010001011 0
b1000000000011101 %
b10100110101 '
#409000000000
0!
#409500000000
1!
b11111111111111111001100010001111 -
b11111111111111111001100010001111 1
b111000000000011101 #
b111111101011001011 (
b11111111111111111001100010001111 /
b11101000110 .
b11101000110 ,
b11101000110 0
b1000000000111011 %
b1111100001101011 '
#410000000000
0!
#410500000000
1!
b11111111111111111001110111000100 -
b11111111111111111001110111000100 1
b111000000000111011 #
b11110010101 (
b11111111111111111001110111000100 /
b1000011100101001 .
b1000011100101001 ,
b1000011100101001 0
b1000000110100000 %
b1110101110110011 '
19
1:
1;
#411000000000
0!
#411500000000
1!
b11111111111111111010010101011001 -
b11111111111111111010010101011001 1
b111000000110100000 #
b1010001001101 (
b11111111111111111010010101011001 /
b11101100100 .
b11101100100 ,
b11101100100 0
b1000010001001001 %
b1101111100101111 '
#412000000000
0!
#412500000000
1!
b11111111111111111011100110100110 -
b11111111111111111011100110100110 1
b111000010001001001 #
b10000011010001 (
b11111111111111111011100110100110 /
b11111111111111111000100100000100 .
b11111111111111111000100100000100 ,
b11111111111111111000100100000100 0
b1000100000101110 %
b1101001011111111 '
#413000000000
0!
#413500000000
1!
b11111111111111111101101001110111 -
b11111111111111111101101001110111 1
b111000100000101110 #
b10110100000001 (
b11111111111111111101101001110111 /
b11111111111111110000110101001101 .
b11111111111111110000110101001101 ,
b11111111111111110000110101001101 0
b1000110101000101 %
b1100011101000010 '
#414000000000
0!
#414500000000
1!
b11101111000 -
b11101111000 1
b111000110101000101 #
b11100010111110 (
b11101111000 /
b11111111111111101001010101111011 .
b11111111111111101001010101111011 ,
b11111111111111101001010101111011 0
b1001001110000010 %
b1011110000010111 '
#415000000000
0!
#415500000000
1!
b100000000110110 -
b100000000110110 1
b111001001110000010 #
b100001111101001 (
b100000000110110 /
b11111111111111100010001011000000 .
b11111111111111100010001011000000 ,
b11111111111111100010001011000000 0
b1001101011010101 %
b1011000110011001 '
#416000000000
0!
#416500000000
1!
b1000010000011111 -
b1000010000011111 1
b111001101011010101 #
b100111001100111 (
b1000010000011111 /
b11111111111111011011011001000010 .
b11111111111111011011011001000010 ,
b11111111111111011011011001000010 0
b1010001100101010 %
b1010011111100011 '
#417000000000
0!
#417500000000
1!
b1101001010000110 -
b1101001010000110 1
b111010001100101010 #
b101100000011101 (
b1101001010000110 /
b11111111111111010101000100010111 .
b11111111111111010101000100010111 ,
b11111111111111010101000100010111 0
b1010110001101101 %
b1001111100001111 '
#418000000000
0!
#418500000000
1!
b10010101010100011 -
b10010101010100011 1
b111010110001101101 #
b110000011110001 (
b10010101010100011 /
b11111111111111001111010001000001 .
b11111111111111001111010001000001 ,
b11111111111111001111010001000001 0
b1011011010000101 %
b1001011100110011 '
#419000000000
0!
#419500000000
1!
b11000101110010100 -
b11000101110010100 1
b111011011010000101 #
b110100011001101 (
b11000101110010100 /
b11111111111111001010000010101110 .
b11111111111111001010000010101110 ,
b11111111111111001010000010101110 0
b1100000101011001 %
b1001000001100011 '
#420000000000
0!
#420500000000
1!
b11111010001100001 -
b11111010001100001 1
b111100000101011001 #
b110111110011101 (
b11111010001100001 /
b11111111111111000101011100110011 .
b11111111111111000101011100110011 ,
b11111111111111000101011100110011 0
b1100110011001110 %
b1000101010110001 '
09
0:
0;
#421000000000
0!
#421500000000
1!
b11000010011000100 -
b11000010011000100 1
b111100110011001110 #
b111010101001111 (
b11000010011000100 /
b11111111111111001001010111011010 .
b11111111111111001001010111011010 ,
b11111111111111001001010111011010 0
b1101100011000110 %
b1000011000101010 '
#422000000000
0!
#422500000000
1!
b10000111101110101 -
b10000111101110101 1
b111101100011000110 #
b111100111010110 (
b10000111101110101 /
b11111111111111001100100100001100 .
b11111111111111001100100100001100 ,
b11111111111111001100100100001100 0
b1110010100100010 %
b1000001011011100 '
#423000000000
0!
#423500000000
1!
b1001010110011111 -
b1001010110011111 1
b111110010100100010 #
b111110100100100 (
b1001010110011111 /
b11111111111111001111000001000110 .
b11111111111111001111000001000110 ,
b11111111111111001111000001000110 0
b1111000111000011 %
b1000000011001101 '
#424000000000
0!
#424500000000
1!
b1100001111011 -
b1100001111011 1
b111111000111000011 #
b111111100110011 (
b1100001111011 /
b11111111111111010000101100100100 .
b11111111111111010000101100100100 ,
b11111111111111010000101100100100 0
b1111111010001000 %
b1000000000000100 '
#425000000000
0!
#425500000000
1!
b11111111111111111001100101001000 -
b11111111111111111001100101001000 1
b111111111010001000 #
b111111111111100 (
b11111111111111111001100101001000 /
b11111111111111010001100101100001 .
b11111111111111010001100101100001 ,
b11111111111111010001100101100001 0
b101101010000 %
b1000000010000010 '
#426000000000
0!
#426500000000
1!
b11111111111111110001100101001100 -
b11111111111111110001100101001100 1
b101101010000 #
b111111101111110 (
b11111111111111110001100101001100 /
b11111111111111010001101011011001 .
b11111111111111010001101011011001 ,
b11111111111111010001101011011001 0
b1011111111100 %
b1000001001000110 '
#427000000000
0!
#427500000000
1!
b11111111111111101001100111001110 -
b11111111111111101001100111001110 1
b1011111111100 #
b111110110111010 (
b11111111111111101001100111001110 /
b11111111111111010000111110001001 .
b11111111111111010000111110001001 ,
b11111111111111010000111110001001 0
b10010001101010 %
b1000010101001100 '
#428000000000
0!
#428500000000
1!
b11111111111111100001110000010100 -
b11111111111111100001110000010100 1
b10010001101010 #
b111101010110100 (
b11111111111111100001110000010100 /
b11111111111111001111011110001101 .
b11111111111111001111011110001101 ,
b11111111111111001111011110001101 0
b11000001111100 %
b1000100110001011 '
#429000000000
0!
#429500000000
1!
b11111111111111011010000101100000 -
b11111111111111011010000101100000 1
b11000001111100 #
b111011001110101 (
b11111111111111011010000101100000 /
b11111111111111001101001100100011 .
b11111111111111001101001100100011 ,
b11111111111111001101001100100011 0
b11110000010001 %
b1000111011111010 '
#430000000000
0!
#430500000000
1!
b11111111111111010010101011101011 -
b11111111111111010010101011101011 1
b11110000010001 #
b111000100000110 (
b11111111111111010010101011101011 /
b11111111111111001010001010100111 .
b11111111111111001010001010100111 ,
b11111111111111001010001010100111 0
b100011100001101 %
b1001010110001010 '
19
1:
1;
#431000000000
0!
#431500000000
1!
b11111111111111011001101111110001 -
b11111111111111011001101111110001 1
b100011100001101 #
b110101001110110 (
b11111111111111011001101111110001 /
b11111111111111001101111010111000 .
b11111111111111001101111010111000 ,
b11111111111111001101111010111000 0
b101000101010011 %
b1001110100101010 '
#432000000000
0!
#432500000000
1!
b11111111111111100000011001100111 -
b11111111111111100000011001100111 1
b101000101010011 #
b110001011010110 (
b11111111111111100000011001100111 /
b11111111111111010010010111000101 .
b11111111111111010010010111000101 ,
b11111111111111010010010111000101 0
b101101011001001 %
b1010010111000111 '
#433000000000
0!
#433500000000
1!
b11111111111111100110100100111101 -
b11111111111111100110100100111101 1
b101101011001001 #
b101101000111001 (
b11111111111111100110100100111101 /
b11111111111111010111011100011000 .
b11111111111111010111011100011000 ,
b11111111111111010111011100011000 0
b110001101010111 %
b1010111101001010 '
#434000000000
0!
#434500000000
1!
b11111111111111101100001101110110 -
b11111111111111101100001101110110 1
b110001101010111 #
b101000010110110 (
b11111111111111101100001101110110 /
b11111111111111011101000111100001 .
b11111111111111011101000111100001 ,
b11111111111111011101000111100001 0
b110101011100111 %
b1011100110011100 '
#435000000000
0!
#435500000000
1!
b11111111111111110001010000101100 -
b11111111111111110001010000101100 1
b110101011100111 #
b100011001100100 (
b11111111111111110001010000101100 /
b11111111111111100011010100111000 .
b11111111111111100011010100111000 ,
b11111111111111100011010100111000 0
b111000101100101 %
b1100010010100011 '
#436000000000
0!
#436500000000
1!
b11111111111111110101101010010000 -
b11111111111111110101101010010000 1
b111000101100101 #
b11101101011101 (
b11111111111111110101101010010000 /
b11111111111111101010000000011111 .
b11111111111111101010000000011111 ,
b11111111111111101010000000011111 0
b111011011000001 %
b1101000001000001 '
#437000000000
0!
#437500000000
1!
b11111111111111111001010111101101 -
b11111111111111111001010111101101 1
b111011011000001 #
b10111110111111 (
b11111111111111111001010111101101 /
b11111111111111110001000110000100 .
b11111111111111110001000110000100 ,
b11111111111111110001000110000100 0
b111101011101110 %
b1101110001011001 '
#438000000000
0!
#438500000000
1!
b11111111111111111100010110101100 -
b11111111111111111100010110101100 1
b111101011101110 #
b10001110100111 (
b11111111111111111100010110101100 /
b11111111111111111000100001000101 .
b11111111111111111000100001000101 ,
b11111111111111111000100001000101 0
b111110111100000 %
b1110100011001100 '
#439000000000
0!
#439500000000
1!
b11111111111111111110100101010011 -
b11111111111111111110100101010011 1
b111110111100000 #
b1011100110100 (
b11111111111111111110100101010011 /
b1100110011 .
b1100110011 ,
b1100110011 0
b111111110010000 %
b1111010101111011 '
#440000000000
0!
#440500000000
1!
b10000111 -
b10000111 1
b111111110010000 #
b101010000101 (
b10000111 /
b1000000100010011 .
b1000000100010011 ,
b1000000100010011 0
b111111111111001 %
b1001000100 '
09
0:
0;
#441000000000
0!
#441500000000
1!
b11111111111111111111011000000010 -
b11111111111111111111011000000010 1
b111111111111001 #
b111111110110111100 (
b11111111111111111111011000000010 /
b110000011 .
b110000011 ,
b110000011 0
b111111100011100 %
b111100000111 '
#442000000000
0!
#442500000000
1!
b11111111111111111111100001000110 -
b11111111111111111111100001000110 1
b111111100011100 #
b111111000011111001 (
b11111111111111111111100001000110 /
b11111111111111111000000110001010 .
b11111111111111111000000110001010 ,
b11111111111111111000000110001010 0
b111110011111001 %
b1101110100101 '
#443000000000
0!
#443500000000
1!
b11101001101 -
b11101001101 1
b111110011111001 #
b111110010001011011 (
b11101001101 /
b11111111111111110000001001101110 .
b11111111111111110000001001101110 ,
b11111111111111110000001001101110 0
b111100110010111 %
b10011111111011 '
#444000000000
0!
#444500000000
1!
b10001011110010 -
b10001011110010 1
b111100110010111 #
b111101100000000101 (
b10001011110010 /
b11111111111111101000010101110101 .
b11111111111111101000010101110101 ,
b11111111111111101000010101110101 0
b111010011111101 %
b11001111101100 '
#445000000000
0!
#445500000000
1!
b100101011101101 -
b100101011101101 1
b111010011111101 #
b111100110000010100 (
b100101011101101 /
b11111111111111100000101111011110 .
b11111111111111100000101111011110 ,
b11111111111111100000101111011110 0
b110111100111001 %
b11111101010111 '
#446000000000
0!
#446500000000
1!
b111111011011001 -
b111111011011001 1
b110111100111001 #
b111100000010101001 (
b111111011011001 /
b11111111111111011001011011100001 .
b11111111111111011001011011100001 ,
b11111111111111011001011011100001 0
b110100001011000 %
b100101000100001 '
#447000000000
0!
#447500000000
1!
b1011111000110000 -
b1011111000110000 1
b110100001011000 #
b111011010111011111 (
b1011111000110000 /
b11111111111111010010011110101000 .
b11111111111111010010011110101000 ,
b11111111111111010010011110101000 0
b110000001101011 %
b101010000101101 '
#448000000000
0!
#448500000000
1!
b10000100001010001 -
b10000100001010001 1
b110000001101011 #
b111010101111010011 (
b10000100001010001 /
b11111111111111001011111101010000 .
b11111111111111001011111101010000 ,
b11111111111111001011111101010000 0
b101011110001001 %
b101110101100010 '
#449000000000
0!
#449500000000
1!
b10101110001111110 -
b10101110001111110 1
b101011110001001 #
b111010001010011110 (
b10101110001111110 /
b11111111111111000101111011100101 .
b11111111111111000101111011100101 ,
b11111111111111000101111011100101 0
b100110111000110 %
b110010110100111 '
#450000000000
0!
#450500000000
1!
b11011100111100000 -
b11011100111100000 1
b100110111000110 #
b111001101001011001 (
b11011100111100000 /
b11111111111111000000011101011100 .
b11111111111111000000011101011100 ,
b11111111111111000000011101011100 0
b100001100111101 %
b110110011101001 '
19
1:
1;
#451000000000
0!
#451500000000
1!
b10101010000111001 -
b10101010000111001 1
b100001100111101 #
b111001001100010111 (
b10101010000111001 /
b11111111111111000101010100100010 .
b11111111111111000101010100100010 ,
b11111111111111000101010100100010 0
b11100000000111 %
b111001100010100 '
#452000000000
0!
#452500000000
1!
b1110011101010000 -
b1110011101010000 1
b11100000000111 #
b111000110011101100 (
b1110011101010000 /
b11111111111111001001100001011111 .
b11111111111111001001100001011111 ,
b11111111111111001001100001011111 0
b10110001000010 %
b111100000011001 '
#453000000000
0!
#453500000000
1!
b111010000111100 -
b111010000111100 1
b10110001000010 #
b111000011111100111 (
b111010000111100 /
b11111111111111001101000001100110 .
b11111111111111001101000001100110 ,
b11111111111111001101000001100110 0
b10000000001100 %
b111101111101011 '
#454000000000
0!
#454500000000
1!
b11111111111111111111110000100011 -
b11111111111111111111110000100011 1
b10000000001100 #
b111000010000010101 (
b11111111111111111111110000100011 /
b11111111111111001111110010101000 .
b11111111111111001111110010101000 ,
b11111111111111001111110010101000 0
b1001110000100 %
b111111001111111 '
#455000000000
0!
#455500000000
1!
b11111111111111111000000000111000 -
b11111111111111111000000000111000 1
b1001110000100 #
b111000000110000001 (
b11111111111111111000000000111000 /
b11111111111111010001110010110100 .
b11111111111111010001110010110100 ,
b11111111111111010001110010110100 0
b11011001010 %
b111111111010000 '
#456000000000
0!
#456500000000
1!
b11111111111111110000000110111001 -
b11111111111111110000000110111001 1
b11011001010 #
b111000000000110000 (
b11111111111111110000000110111001 /
b11111111111111010011000000111000 .
b11111111111111010011000000111000 ,
b11111111111111010011000000111000 0
b1111101000000000 %
b111111111011010 '
#457000000000
0!
#457500000000
1!
b11111111111111101000000111101001 -
b11111111111111101000000111101001 1
b111111101000000000 #
b111000000000100110 (
b11111111111111101000000111101001 /
b11111111111111010011011100000010 .
b11111111111111010011011100000010 ,
b11111111111111010011011100000010 0
b1110110101000100 %
b111111010011110 '
#458000000000
0!
#458500000000
1!
b11111111111111100000001000001111 -
b11111111111111100000001000001111 1
b111110110101000100 #
b111000000101100010 (
b11111111111111100000001000001111 /
b11111111111111010011000100000010 .
b11111111111111010011000100000010 ,
b11111111111111010011000100000010 0
b1110000010111000 %
b111110000011101 '
#459000000000
0!
#459500000000
1!
b11111111111111011000001101110001 -
b11111111111111011000001101110001 1
b111110000010111000 #
b111000001111100011 (
b11111111111111011000001101110001 /
b11111111111111010001111001000110 .
b11111111111111010001111001000110 ,
b11111111111111010001111001000110 0
b1101010001111100 %
b111100001011111 '
#460000000000
0!
#460500000000
1!
b11111111111111010000011101010100 -
b11111111111111010000011101010100 1
b111101010001111100 #
b111000011110100001 (
b11111111111111010000011101010100 /
b11111111111111001111111011111110 .
b11111111111111001111111011111110 ,
b11111111111111001111111011111110 0
b1100100010101111 %
b111001101101100 '
09
0:
0;
#461000000000
0!
#461500000000
1!
b11111111111111010111111110110011 -
b11111111111111010111111110110011 1
b111100100010101111 #
b111000110010010100 (
b11111111111111010111111110110011 /
b11111111111111010010101010000010 .
b11111111111111010010101010000010 ,
b11111111111111010010101010000010 0
b1011110101110000 %
b110110101010011 '
#462000000000
0!
#462500000000
1!
b11111111111111011111001100011111 -
b11111111111111011111001100011111 1
b111011110101110000 #
b111001001010101101 (
b11111111111111011111001100011111 /
b11111111111111010110000111010011 .
b11111111111111010110000111010011 ,
b11111111111111010110000111010011 0
b1011001011011011 %
b110011000100010 '
#463000000000
0!
#463500000000
1!
b11111111111111100110000001110010 -
b11111111111111100110000001110010 1
b111011001011011011 #
b111001100111011110 (
b11111111111111100110000001110010 /
b11111111111111011010010001100011 .
b11111111111111011010010001100011 ,
b11111111111111011010010001100011 0
b1010100100001100 %
b101110111101100 '
#464000000000
0!
#464500000000
1!
b11111111111111101100011010010100 -
b11111111111111101100011010010100 1
b111010100100001100 #
b111010001000010100 (
b11111111111111101100011010010100 /
b11111111111111011111000110001000 .
b11111111111111011111000110001000 ,
b11111111111111011111000110001000 0
b1010000000011010 %
b101010011000101 '
#465000000000
0!
#465500000000
1!
b11111111111111110010010010000000 -
b11111111111111110010010010000000 1
b111010000000011010 #
b111010101100111011 (
b11111111111111110010010010000000 /
b11111111111111100100100001111100 .
b11111111111111100100100001111100 ,
b11111111111111100100100001111100 0
b1001100000011110 %
b100101011000110 '
#466000000000
0!
#466500000000
1!
b11111111111111110111100101000101 -
b11111111111111110111100101000101 1
b111001100000011110 #
b111011010100111010 (
b11111111111111110111100101000101 /
b11111111111111101010100001100010 .
b11111111111111101010100001100010 ,
b11111111111111101010100001100010 0
b1001000100101100 %
b100000000000111 '
#467000000000
0!
#467500000000
1!
b11111111111111111100010000001011 -
b11111111111111111100010000001011 1
b111001000100101100 #
b111011111111111001 (
b11111111111111111100010000001011 /
b11111111111111110001000001000100 .
b11111111111111110001000001000100 ,
b11111111111111110001000001000100 0
b1000101101010110 %
b11010010100101 '
#468000000000
0!
#468500000000
1!
b10000010010 -
b10000010010 1
b111000101101010110 #
b111100101101011011 (
b10000010010 /
b11111111111111110111111100011000 .
b11111111111111110111111100011000 ,
b11111111111111110111111100011000 0
b1000011010101001 %
b10100010111100 '
#469000000000
0!
#469500000000
1!
b11100010110111 -
b11100010110111 1
b111000011010101001 #
b111101011101000100 (
b11100010110111 /
b11111111111111111111001111000010 .
b11111111111111111111001111000010 ,
b11111111111111111111001111000010 0
b1000001100110011 %
b1110001101011 '
#470000000000
0!
#470500000000
1!
b110000101110011 -
b110000101110011 1
b111000001100110011 #
b111110001110010101 (
b110000101110011 /
b110110100011001 .
b110110100011001 ,
b110110100011001 0
b1000000011111101 %
b111111010001 '
19
1:
1;
#471000000000
0!
#471500000000
1!
b100010100001000 -
b100010100001000 1
b111000000011111101 #
b111111000000101111 (
b100010100001000 /
b11111111111111111111000001001100 .
b11111111111111111111000001001100 ,
b11111111111111111111000001001100 0
b1000000000001011 %
b1100001110 '
#472000000000
0!
#472500000000
1!
b11010100110111 -
b11010100110111 1
b111000000000001011 #
b111111110011110010 (
b11010100110111 /
b11111111111111110111000101001001 .
b11111111111111110111000101001001 ,
b11111111111111110111000101001001 0
b1000000001100000 %
b1111011001000101 '
#473000000000
0!
#473500000000
1!
b11001000101001 -
b11001000101001 1
b111000000001100000 #
b100110111011 (
b11001000101001 /
b11111111111111101111000101010100 .
b11111111111111101111000101010100 ,
b11111111111111101111000101010100 0
b1000000111111100 %
b1110100110010100 '
#474000000000
0!
#474500000000
1!
b11101111100100 -
b11101111100100 1
b111000000111111100 #
b1011001101100 (
b11101111100100 /
b11111111111111100111000110110100 .
b11111111111111100111000110110100 ,
b11111111111111100111000110110100 0
b1000010011011011 %
b1101110100011100 '
#475000000000
0!
#475500000000
1!
b101001001010000 -
b101001001010000 1
b111000010011011011 #
b10001011100100 (
b101001001010000 /
b11111111111111011111001110110000 .
b11111111111111011111001110110000 ,
b11111111111111011111001110110000 0
b1000100011110100 %
b1101000011111101 '
#476000000000
0!
#476500000000
1!
b111010100110100 -
b111010100110100 1
b111000100011110100 #
b10111100000011 (
b111010100110100 /
b11111111111111010111100010001011 .
b11111111111111010111100010001011 ,
b11111111111111010111100010001011 0
b1000111000111110 %
b1100010101010111 '
#477000000000
0!
#477500000000
1!
b1010010000110111 -
b1010010000110111 1
b111000111000111110 #
b11101010101001 (
b1010010000110111 /
b11111111111111010000000101111111 .
b11111111111111010000000101111111 ,
b11111111111111010000000101111111 0
b1001010010101010 %
b1011101001000110 '
#478000000000
0!
#478500000000
1!
b1101111011100000 -
b1101111011100000 1
b111001010010101010 #
b100010110111010 (
b1101111011100000 /
b11111111111111001000111110111101 .
b11111111111111001000111110111101 ,
b11111111111111001000111110111101 0
b1001110000101010 %
b1010111111101000 '
#479000000000
0!
#479500000000
1!
b10010010010011010 -
b10010010010011010 1
b111001110000101010 #
b101000000011000 (
b10010010010011010 /
b11111111111111000010010001100111 .
b11111111111111000010010001100111 ,
b11111111111111000010010001100111 0
b1010010010101001 %
b1010011001010111 '
#480000000000
0!
#480500000000
1!
b10111010010110010 -
b10111010010110010 1
b111010010010101001 #
b101100110101001 (
b10111010010110010 /
b11111111111110111100000010010001 .
b11111111111110111100000010010001 ,
b11111111111110111100000010010001 0
b1010111000010001 %
b1001110110101011 '
09
0:
0;
#481000000000
0!
#481500000000
1!
b10001101100001001 -
b10001101100001001 1
b111010111000010001 #
b110001001010101 (
b10001101100001001 /
b11111111111111000001101111101000 .
b11111111111111000001101111101000 ,
b11111111111111000001101111101000 0
b1011100001001011 %
b1001010111111011 '
#482000000000
0!
#482500000000
1!
b1011100010110100 -
b1011100010110100 1
b111011100001001011 #
b110101000000101 (
b1011100010110100 /
b11111111111111000110110111010111 .
b11111111111111000110110111010111 ,
b11111111111111000110110111010111 0
b1100001100111100 %
b1000111101011010 '
#483000000000
0!
#483500000000
1!
b100111010101111 -
b100111010101111 1
b111100001100111100 #
b111000010100110 (
b100111010101111 /
b11111111111111001011010110001100 .
b11111111111111001011010110001100 ,
b11111111111111001011010110001100 0
b1100111011001001 %
b1000100111011001 '
#484000000000
0!
#484500000000
1!
b11111111111111111101111000001001 -
b11111111111111111101111000001001 1
b111100111011001001 #
b111011000100111 (
b11111111111111111101111000001001 /
b11111111111111001111001001010000 .
b11111111111111001111001001010000 ,
b11111111111111001111001001010000 0
b1101101011010100 %
b1000010110000110 '
#485000000000
0!
#485500000000
1!
b11111111111111110110011111100010 -
b11111111111111110110011111100010 1
b111101101011010100 #
b111101001111010 (
b11111111111111110110011111100010 /
b11111111111111010010001110000111 .
b11111111111111010010001110000111 ,
b11111111111111010010001110000111 0
b1110011100111101 %
b1000001001101101 '
#486000000000
0!
#486500000000
1!
b11111111111111101110110101101000 -
b11111111111111101110110101101000 1
b111110011100111101 #
b111110110010011 (
b11111111111111101110110101101000 /
b11111111111111010100100010110011 .
b11111111111111010100100010110011 ,
b11111111111111010100100010110011 0
b1111001111100111 %
b1000000010010100 '
#487000000000
0!
#487500000000
1!
b11111111111111100110111111010101 -
b11111111111111100110111111010101 1
b111111001111100111 #
b111111101101100 (
b11111111111111100110111111010101 /
b11111111111111010110000101110110 .
b11111111111111010110000101110110 ,
b11111111111111010110000101110110 0
b10101110 %
b1000000000000010 '
#488000000000
0!
#488500000000
1!
b11111111111111011111000001101001 -
b11111111111111011111000001101001 1
b10101110 #
b111111111111110 (
b11111111111111011111000001101001 /
b11111111111111010110110110001111 .
b11111111111111010110110110001111 ,
b11111111111111010110110110001111 0
b110101110100 %
b1000000010110111 '
#489000000000
0!
#489500000000
1!
b11111111111111010111000001101011 -
b11111111111111010111000001101011 1
b110101110100 #
b111111101001001 (
b11111111111111010111000001101011 /
b11111111111111010110110011100001 .
b11111111111111010110110011100001 ,
b11111111111111010110110011100001 0
b1101000011000 %
b1000001010110010 '
#490000000000
0!
#490500000000
1!
b11111111111111001111000100100010 -
b11111111111111001111000100100010 1
b1101000011000 #
b111110101001110 (
b11111111111111001111000100100010 /
b11111111111111010101111101101101 .
b11111111111111010101111101101101 ,
b11111111111111010101111101101101 0
b10011001111001 %
b1000010111101101 '
19
1:
1;
#491000000000
0!
#491500000000
1!
b11111111111111010110111001110000 -
b11111111111111010110111001110000 1
b10011001111001 #
b111101000010011 (
b11111111111111010110111001110000 /
b11111111111111010111100110000101 .
b11111111111111010111100110000101 ,
b11111111111111010111100110000101 0
b11001001111000 %
b1000101001100000 '
#492000000000
0!
#492500000000
1!
b11111111111111011110100010000011 -
b11111111111111011110100010000011 1
b11001001111000 #
b111010110100000 (
b11111111111111011110100010000011 /
b11111111111111011001111111111110 .
b11111111111111011001111111111110 ,
b11111111111111011001111111111110 0
b11110111110101 %
b1001000000000001 '
#493000000000
0!
#493500000000
1!
b11111111111111100101111000100011 -
b11111111111111100101111000100011 1
b11110111110101 #
b110111111111111 (
b11111111111111100101111000100011 /
b11111111111111011101001001110110 .
b11111111111111011101001001110110 ,
b11111111111111011101001001110110 0
b100100011010101 %
b1001011010111111 '
#494000000000
0!
#494500000000
1!
b11111111111111101100111000100010 -
b11111111111111101100111000100010 1
b100100011010101 #
b110100101000001 (
b11111111111111101100111000100010 /
b11111111111111100001000001101011 .
b11111111111111100001000001101011 ,
b11111111111111100001000001101011 0
b101001011111001 %
b1001111010001011 '
#495000000000
0!
#495500000000
1!
b11111111111111110011011101100011 -
b11111111111111110011011101100011 1
b101001011111001 #
b110000101110101 (
b11111111111111110011011101100011 /
b11111111111111100101100101000000 .
b11111111111111100101100101000000 ,
b11111111111111100101100101000000 0
b101110001001010 %
b1010011101010001 '
#496000000000
0!
#496500000000
1!
b11111111111111111001100011011000 -
b11111111111111111001100011011000 1
b101110001001010 #
b101100010101111 (
b11111111111111111001100011011000 /
b11111111111111101010110000111001 .
b11111111111111101010110000111001 ,
b11111111111111101010110000111001 0
b110010010101111 %
b1011000011111001 '
#497000000000
0!
#497500000000
1!
b11111111111111111111000110000111 -
b11111111111111111111000110000111 1
b110010010101111 #
b100111100000111 (
b11111111111111111111000110000111 /
b11111111111111110000100010000011 .
b11111111111111110000100010000011 ,
b11111111111111110000100010000011 0
b110110000010010 %
b1011101101101011 '
#498000000000
0!
#498500000000
1!
b100000010001110 -
b100000010001110 1
b110110000010010 #
b100010010010101 (
b100000010001110 /
b11111111111111110110110100110010 .
b11111111111111110110110100110010 ,
b11111111111111110110110100110010 0
b111001001100000 %
b1100011010001101 '
#499000000000
0!
#499500000000
1!
b1000010100100011 -
b1000010100100011 1
b111001001100000 #
b11100101110011 (
b1000010100100011 /
b11111111111111111101100101000100 .
b11111111111111111101100101000100 ,
b11111111111111111101100101000100 0
b111011110001010 %
b1101001001000010 '
#500000000000
0!
#500500000000
1!
b1011111010010110 -
b1011111010010110 1
b111011110001010 #
b10110110111110 (
b1011111010010110 /
b100101110100100 .
b100101110100100 ,
b100101110100100 0
b111101110000011 %
b1101111001101011 '
09
0:
0;
#501000000000
0!
#501500000000
1!
b1001000011011000 -
b1001000011011000 1
b111101110000011 #
b10000110010101 (
b1001000011011000 /
b11111111111111111101010000011010 .
b11111111111111111101010000011010 ,
b11111111111111111101010000011010 0
b111111000111111 %
b1110101011101011 '
#502000000000
0!
#502500000000
1!
b110111101000011 -
b110111101000011 1
b111111000111111 #
b1010100010101 (
b110111101000011 /
b11111111111111110101100010010111 .
b11111111111111110101100010010111 ,
b11111111111111110101100010010111 0
b111111110111000 %
b1111011110100000 '
#503000000000
0!
#503500000000
1!
b101101000101110 -
b101101000101110 1
b111111110111000 #
b100001100000 (
b101101000101110 /
b11111111111111101101101001011000 .
b11111111111111101101101001011000 ,
b11111111111111101101101001011000 0
b111111111101011 %
b10001101010 '
#504000000000
0!
#504500000000
1!
b101000111001110 -
b101000111001110 1
b111111111101011 #
b111111101110010110 (
b101000111001110 /
b11111111111111100101101010100000 .
b11111111111111100101101010100000 ,
b11111111111111100101101010100000 0
b111111011010110 %
b1000100101010 '
#505000000000
0!
#505500000000
1!
b101011000111000 -
b101011000111000 1
b111111011010110 #
b111110111011010110 (
b101011000111000 /
b11111111111111011101101010110101 .
b11111111111111011101101010110101 ,
b11111111111111011101101010110101 0
b111110001111110 %
b1110110111110 '
#506000000000
0!
#506500000000
1!
b110011101100010 -
b110011101100010 1
b111110001111110 #
b111110001001000010 (
b110011101100010 /
b11111111111111010101101111011111 .
b11111111111111010101101111011111 ,
b11111111111111010101101111011111 0
b111100011100110 %
b10101000000101 '
#507000000000
0!
#507500000000
1!
b1000010100100000 -
b1000010100100000 1
b111100011100110 #
b111101010111111011 (
b1000010100100000 /
b11111111111111001101111101100001 .
b11111111111111001101111101100001 ,
b11111111111111001101111101100001 0
b111010000011010 %
b11010111100010 '
#508000000000
0!
#508500000000
1!
b1010111100100101 -
b1010111100100101 1
b111010000011010 #
b111100101000011110 (
b1010111100100101 /
b11111111111111000110011001111011 .
b11111111111111000110011001111011 ,
b11111111111111000110011001111011 0
b110111000100100 %
b100000100110100 '
#509000000000
0!
#509500000000
1!
b1110010100000111 -
b1110010100000111 1
b110111000100100 #
b111011111011001100 (
b1110010100000111 /
b11111111111110111111001001100001 .
b11111111111110111111001001100001 ,
b11111111111110111111001001100001 0
b110011100010101 %
b100101111011111 '
#510000000000
0!
#510500000000
1!
b10010011000111011 -
b10010011000111011 1
b110011100010101 #
b111011010000100001 (
b10010011000111011 /
b11111111111110111000010000111101 .
b11111111111110111000010000111101 ,
b11111111111110111000010000111101 0
b101111011111110 %
b101010111001001 '
19
1:
1;
#511000000000
0!
#511500000000
1!
b1101101001011100 -
b1101101001011100 1
b101111011111110 #
b111010101000110111 (
b1101101001011100 /
b11111111111110111110101101010010 .
b11111111111110111110101101010010 ,
b11111111111110111110101101010010 0
b101010111110100 %
b101111011010111 '
#512000000000
0!
#512500000000
1!
b1000010010010011 -
b1000010010010011 1
b101010111110100 #
b111010000100101001 (
b1000010010010011 /
b11111111111111000100101001010000 .
b11111111111111000100101001010000 ,
b11111111111111000100101001010000 0
b100110000001110 %
b110011011110010 '
#513000000000
0!
#513500000000
1!
b10010110111100 -
b10010110111100 1
b100110000001110 #
b111001100100001110 (
b10010110111100 /
b11111111111111001010000001000100 .
b11111111111111001010000001000100 ,
b11111111111111001010000001000100 0
b100000101100101 %
b110111000000111 '
#514000000000
0!
#514500000000
1!
b11111111111111111011111011001010 -
b11111111111111111011111011001010 1
b100000101100101 #
b111001000111111001 (
b11111111111111111011111011001010 /
b11111111111111001110110001010010 .
b11111111111111001110110001010010 ,
b11111111111111001110110001010010 0
b11011000010110 %
b111010000000001 '
#515000000000
0!
#515500000000
1!
b11111111111111110101000011000011 -
b11111111111111110101000011000011 1
b11011000010110 #
b111000101111111111 (
b11111111111111110101000011000011 /
b11111111111111010010110110110111 .
b11111111111111010010110110110111 ,
b11111111111111010010110110110111 0
b10101000111100 %
b111100011010011 '
#516000000000
0!
#516500000000
1!
b11111111111111101101110011000010 -
b11111111111111101101110011000010 1
b10101000111100 #
b111000011100101101 (
b11111111111111101101110011000010 /
b11111111111111010110001111001101 .
b11111111111111010110001111001101 ,
b11111111111111010110001111001101 0
b1110111110110 %
b111110001110000 '
#517000000000
0!
#517500000000
1!
b11111111111111100110001111101111 -
b11111111111111100110001111101111 1
b1110111110110 #
b111000001110010000 (
b11111111111111100110001111101111 /
b11111111111111011000111000001001 .
b11111111111111011000111000001001 ,
b11111111111111011000111000001001 0
b1000101100011 %
b111111011001111 '
#518000000000
0!
#518500000000
1!
b11111111111111011110011101111111 -
b11111111111111011110011101111111 1
b1000101100011 #
b111000000100110001 (
b11111111111111011110011101111111 /
b11111111111111011010101111111111 .
b11111111111111011010101111111111 ,
b11111111111111011010101111111111 0
b10010100100 %
b111111111101001 '
#519000000000
0!
#519500000000
1!
b11111111111111010110100010110000 -
b11111111111111010110100010110000 1
b10010100100 #
b111000000000010111 (
b11111111111111010110100010110000 /
b11111111111111011011110101100010 .
b11111111111111011011110101100010 ,
b11111111111111011011110101100010 0
b1111011111011010 %
b111111110111100 '
#520000000000
0!
#520500000000
1!
b11111111111111001110100011000111 -
b11111111111111001110100011000111 1
b111111011111011010 #
b111000000001000100 (
b11111111111111001110100011000111 /
b11111111111111011100001000000110 .
b11111111111111011100001000000110 ,
b11111111111111011100001000000110 0
b1110101100100100 %
b111111001001000 '
09
0:
0;
#521000000000
0!
#521500000000
1!
b11111111111111010110100010000011 -
b11111111111111010110100010000011 1
b111110101100100100 #
b111000000110111000 (
b11111111111111010110100010000011 /
b11111111111111011100101000101100 .
b11111111111111011100101000101100 ,
b11111111111111011100101000101100 0
b1101111010100011 %
b111101110010010 '
#522000000000
0!
#522500000000
1!
b11111111111111011110011011001011 -
b11111111111111011110011011001011 1
b111101111010100011 #
b111000010001101110 (
b11111111111111011110011011001011 /
b11111111111111011101111100001000 .
b11111111111111011101111100001000 ,
b11111111111111011101111100001000 0
b1101001001110111 %
b111011110011111 '
#523000000000
0!
#523500000000
1!
b11111111111111100110001001011101 -
b11111111111111100110001001011101 1
b111101001001110111 #
b111000100001100001 (
b11111111111111100110001001011101 /
b11111111111111100000000001100101 .
b11111111111111100000000001100101 ,
b11111111111111100000000001100101 0
b1100011011000000 %
b111001001111010 '
#524000000000
0!
#524500000000
1!
b11111111111111101101100111111100 -
b11111111111111101101100111111100 1
b111100011011000000 #
b111000110110000110 (
b11111111111111101101100111111100 /
b11111111111111100010110111101110 .
b11111111111111100010110111101110 ,
b11111111111111100010110111101110 0
b1011101110011100 %
b110110000110001 '
#525000000000
0!
#525500000000
1!
b11111111111111110100110001110110 -
b11111111111111110100110001110110 1
b111011101110011100 #
b111001001111001111 (
b11111111111111110100110001110110 /
b11111111111111100110011100101110 .
b11111111111111100110011100101110 ,
b11111111111111100110011100101110 0
b1011000100100110 %
b110010011010010 '
#526000000000
0!
#526500000000
1!
b11111111111111111011100010100111 -
b11111111111111111011100010100111 1
b111011000100100110 #
b111001101100101110 (
b11111111111111111011100010100111 /
b11111111111111101010101110010010 .
b11111111111111101010101110010010 ,
b11111111111111101010101110010010 0
b1010011101111010 %
b101110001110010 '
#527000000000
0!
#527500000000
1!
b1110101111001 -
b1110101111001 1
b111010011101111010 #
b111010001110001110 (
b1110101111001 /
b11111111111111101111101001101100 .
b11111111111111101111101001101100 ,
b11111111111111101111101001101100 0
b1001111010110001 %
b101001100100101 '
#528000000000
0!
#528500000000
1!
b111100111101011 -
b111100111101011 1
b111001111010110001 #
b111010110011011011 (
b111100111101011 /
b11111111111111110101001011110010 .
b11111111111111110101001011110010 ,
b11111111111111110101001011110010 0
b1001011011100000 %
b100100100000100 '
#529000000000
0!
#529500000000
1!
b1100110100010000 -
b1100110100010000 1
b111001011011100000 #
b111011011011111100 (
b1100110100010000 /
b11111111111111111011010001000001 .
b11111111111111111011010001000001 ,
b11111111111111111011010001000001 0
b1001000000011101 %
b11111000101000 '
#530000000000
0!
#530500000000
1!
b10001011000010100 -
b10001011000010100 1
b111001000000011101 #
b111100000111011000 (
b10001011000010100 /
b1110101100001 .
b1110101100001 ,
b1110101100001 0
b1000101001110111 %
b11001010101101 '
19
1:
1;
#531000000000
0!
#531500000000
1!
b1101011111101100 -
b1101011111101100 1
b111000101001110111 #
b111100110101010011 (
b1101011111101100 /
b11111111111111111010110101111110 .
b11111111111111111010110101111110 ,
b11111111111111111010110101111110 0
b1000010111111110 %
b10011010110000 '
#532000000000
0!
#532500000000
1!
b1010010100111111 -
b1010010100111111 1
b111000010111111110 #
b111101100101010000 (
b1010010100111111 /
b11111111111111110011011111110101 .
b11111111111111110011011111110101 ,
b11111111111111110011011111110101 0
b1000001010111110 %
b1101001010000 '
#533000000000
0!
#533500000000
1!
b111111010001111 -
b111111010001111 1
b111000001010111110 #
b111110010110110000 (
b111111010001111 /
b11111111111111101011110111110011 .
b11111111111111101011110111110011 ,
b11111111111111101011110111110011 0
b1000000010111101 %
b110110101101 '
#534000000000
0!
#534500000000
1!
b110010000111111 -
b110010000111111 1
b111000000010111101 #
b111111001001010011 (
b110010000111111 /
b11111111111111100100000010110001 .
b11111111111111100100000010110001 ,
b11111111111111100100000010110001 0
b1000000000000010 %
b11100111 '
#535000000000
0!
#535500000000
1!
b101011010010010 -
b101011010010010 1
b111000000000000010 #
b111111111100011001 (
b101011010010010 /
b11111111111111011100000101101110 .
b11111111111111011100000101101110 ,
b11111111111111011100000101101110 0
b1000000010001111 %
b1111010000100000 '
#536000000000
0!
#536500000000
1!
b101010110101011 -
b101010110101011 1
b111000000010001111 #
b101111100000 (
b101010110101011 /
b11111111111111010100000101110000 .
b11111111111111010100000101110000 ,
b11111111111111010100000101110000 0
b1000001001100001 %
b1110011101110110 '
#537000000000
0!
#537500000000
1!
b110000110001011 -
b110000110001011 1
b111000001001100001 #
b1100010001010 (
b110000110001011 /
b11111111111111001100000111111111 .
b11111111111111001100000111111111 ,
b11111111111111001100000111111111 0
b1000010101110101 %
b1101101100001011 '
#538000000000
0!
#538500000000
1!
b111101000010101 -
b111101000010101 1
b111000010101110101 #
b10010011110101 (
b111101000010101 /
b11111111111111000100010001100000 .
b11111111111111000100010001100000 ,
b11111111111111000100010001100000 0
b1000100111000011 %
b1100111011111110 '
#539000000000
0!
#539500000000
1!
b1001111100001010 -
b1001111100001010 1
b111000100111000011 #
b11000100000010 (
b1001111100001010 /
b11111111111110111100100111010101 .
b11111111111110111100100111010101 ,
b11111111111110111100100111010101 0
b1000111100111110 %
b1100001101101111 '
#540000000000
0!
#540500000000
1!
b1101000000001100 -
b1101000000001100 1
b111000111100111110 #
b11110010010001 (
b1101000000001100 /
b11111111111110110101001110011000 .
b11111111111110110101001110011000 ,
b11111111111110110101001110011000 0
b1001010111011011 %
b1011100001111011 '
09
0:
0;
#541000000000
0!
#541500000000
1!
b1001001101111011 -
b1001001101111011 1
b111001010111011011 #
b100011110000101 (
b1001001101111011 /
b11111111111110111100010001011010 .
b11111111111110111100010001011010 ,
b11111111111110111100010001011010 0
b1001110110000110 %
b1010111000111101 '
#542000000000
0!
#542500000000
1!
b100101111110110 -
b100101111110110 1
b111001110110000110 #
b101000111000011 (
b100101111110110 /
b11111111111111000010111001111111 .
b11111111111111000010111001111111 ,
b11111111111111000010111001111111 0
b1010011000101110 %
b1010010011010001 '
#543000000000
0!
#543500000000
1!
b11111111111111111111101000110011 -
b11111111111111111111101000110011 1
b111010011000101110 #
b101101100101111 (
b11111111111111111111101000110011 /
b11111111111111001001000011111001 .
b11111111111111001001000011111001 ,
b11111111111111001001000011111001 0
b1010111110111011 %
b1001110001001110 '
#544000000000
0!
#544500000000
1!
b11111111111111111001111100000100 -
b11111111111111111001111100000100 1
b111010111110111011 #
b110001110110010 (
b11111111111111111001111100000100 /
b11111111111111001110101011001011 .
b11111111111111001110101011001011 ,
b11111111111111001110101011001011 0
b1011101000010110 %
b1001010011001010 '
#545000000000
0!
#545500000000
1!
b11111111111111110011101101010010 -
b11111111111111110011101101010010 1
b111011101000010110 #
b110101100110110 (
b11111111111111110011101101010010 /
b11111111111111010011101100010000 .
b11111111111111010011101100010000 ,
b11111111111111010011101100010000 0
b1100010100100011 %
b1000111001011000 '
#546000000000
0!
#546500000000
1!
b11111111111111101101000000011100 -
b11111111111111101101000000011100 1
b111100010100100011 #
b111000110101000 (
b11111111111111101101000000011100 /
b11111111111111011000000011111010 .
b11111111111111011000000011111010 ,
b11111111111111011000000011111010 0
b1101000011000111 %
b1000100100001001 '
#547000000000
0!
#547500000000
1!
b11111111111111100101111001110100 -
b11111111111111100101111001110100 1
b111101000011000111 #
b111011011110111 (
b11111111111111100101111001110100 /
b11111111111111011011101111010111 .
b11111111111111011011101111010111 ,
b11111111111111011011101111010111 0
b1101110011100100 %
b1000010011101010 '
#548000000000
0!
#548500000000
1!
b11111111111111011110011101111101 -
b11111111111111011110011101111101 1
b111101110011100100 #
b111101100010110 (
b11111111111111011110011101111101 /
b11111111111111011110101100010000 .
b11111111111111011110101100010000 ,
b11111111111111011110101100010000 0
b1110100101011011 %
b1000001000000110 '
#549000000000
0!
#549500000000
1!
b11111111111111010110110001100111 -
b11111111111111010110110001100111 1
b111110100101011011 #
b111110111111010 (
b11111111111111010110110001100111 /
b11111111111111100000111000101100 .
b11111111111111100000111000101100 ,
b11111111111111100000111000101100 0
b1111011000001011 %
b1000000001100101 '
#550000000000
0!
#550500000000
1!
b11111111111111001110111001101101 -
b11111111111111001110111001101101 1
b111111011000001011 #
b111111110011011 (
b11111111111111001110111001101101 /
b11111111111111100010010011010001 .
b11111111111111100010010011010001 ,
b11111111111111100010010011010001 0
b1011010101 %
b1000000000001010 '
19
1:
1;
#551000000000
0!
#551500000000
1!
b11111111111111010110111000001000 -
b11111111111111010110111000001000 1
b1011010101 #
b111111111110110 (
b11111111111111010110111000001000 /
b11111111111111100001101011011100 .
b11111111111111100001101011011100 ,
b11111111111111100001101011011100 0
b111110010111 %
b1000000011110110 '
#552000000000
0!
#552500000000
1!
b11111111111111011110110111111110 -
b11111111111111011110110111111110 1
b111110010111 #
b111111100001010 (
b11111111111111011110110111111110 /
b11111111111111100001110110110001 .
b11111111111111100001110110110001 ,
b11111111111111100001110110110001 0
b1110000110010 %
b1000001100100111 '
#553000000000
0!
#553500000000
1!
b11111111111111100110110100001000 -
b11111111111111100110110100001000 1
b1110000110010 #
b111110011011001 (
b11111111111111100110110100001000 /
b11111111111111100010110101001000 .
b11111111111111100010110101001000 ,
b11111111111111100010110101001000 0
b10100010000101 %
b1000011010010111 '
#554000000000
0!
#554500000000
1!
b11111111111111101110100111100001 -
b11111111111111101110100111100001 1
b10100010000101 #
b111100101101001 (
b11111111111111101110100111100001 /
b11111111111111100100100101111010 .
b11111111111111100100100101111010 ,
b11111111111111100100100101111010 0
b11010001110000 %
b1000101100111110 '
#555000000000
0!
#555500000000
1!
b11111111111111110110001101001010 -
b11111111111111110110001101001010 1
b11010001110000 #
b111010011000010 (
b11111111111111110110001101001010 /
b11111111111111100111000111111111 .
b11111111111111100111000111111111 ,
b11111111111111100111000111111111 0
b11111111010101 %
b1001000100001111 '
#556000000000
0!
#556500000000
1!
b11111111111111111101100000001100 -
b11111111111111111101100000001100 1
b11111111010101 #
b110111011110001 (
b11111111111111111101100000001100 /
b11111111111111101010011001101111 .
b11111111111111101010011001101111 ,
b11111111111111101010011001101111 0
b100101010010111 %
b1001011111111101 '
#557000000000
0!
#557500000000
1!
b100011011111101 -
b100011011111101 1
b100101010010111 #
b110100000000011 (
b100011011111101 /
b11111111111111101110011001000100 .
b11111111111111101110011001000100 ,
b11111111111111101110011001000100 0
b101010010011010 %
b1001111111110100 '
#558000000000
0!
#558500000000
1!
b1010111100000000 -
b1010111100000000 1
b101010010011010 #
b110000000001100 (
b1010111100000000 /
b11111111111111110011000011011011 .
b11111111111111110011000011011011 ,
b11111111111111110011000011011011 0
b101110111000100 %
b1010100011100001 '
#559000000000
0!
#559500000000
1!
b10000111100001100 -
b10000111100001100 1
b101110111000100 #
b101011100011111 (
b10000111100001100 /
b11111111111111111000010101110101 .
b11111111111111111000010101110101 ,
b11111111111111111000010101110101 0
b110010111111111 %
b1011001010101101 '
#560000000000
0!
#560500000000
1!
b10110011000101011 -
b10110011000101011 1
b110010111111111 #
b100110101010011 (
b10110011000101011 /
b11111111111111111110001100111001 .
b11111111111111111110001100111001 ,
b11111111111111111110001100111001 0
b110110100110101 %
b1011110100111111 '
09
0:
0;
#561000000000
0!
#561500000000
1!
b10001100011011000 -
b10001100011011000 1
b110110100110101 #
b100001011000001 (
b10001100011011000 /
b11111111111111110111110100111010 .
b11111111111111110111110100111010 ,
b11111111111111110111110100111010 0
b111001101010011 %
b1100100001111011 '
#562000000000
0!
#562500000000
1!
b1101011000010111 -
b1101011000010111 1
b111001101010011 #
b11011110000101 (
b1101011000010111 /
b11111111111111110001000000000101 .
b11111111111111110001000000000101 ,
b11111111111111110001000000000101 0
b111100001001011 %
b1101010001000110 '
#563000000000
0!
#563500000000
1!
b1001111010010010 -
b1001111010010010 1
b111100001001011 #
b10101110111010 (
b1001111010010010 /
b11111111111111101001110010110010 .
b11111111111111101001110010110010 ,
b11111111111111101001110010110010 0
b111110000001111 %
b1110000010000000 '
#564000000000
0!
#564500000000
1!
b111001011011000 -
b111001011011000 1
b111110000001111 #
b1111110000000 (
b111001011011000 /
b11111111111111100010010001100111 .
b11111111111111100010010001100111 ,
b11111111111111100010010001100111 0
b111111010010101 %
b1110110100001011 '
#565000000000
0!
#565500000000
1!
b101001101011000 -
b101001101011000 1
b111111010010101 #
b1001011110101 (
b101001101011000 /
b11111111111111011010100001011000 .
b11111111111111011010100001011000 ,
b11111111111111011010100001011000 0
b111111111011000 %
b1111100111000110 '
#566000000000
0!
#566500000000
1!
b100000001100011 -
b100000001100011 1
b111111111011000 #
b11000111010 (
b100000001100011 /
b11111111111111010010100111000011 .
b11111111111111010010100111000011 ,
b11111111111111010010100111000011 0
b111111111010011 %
b11010010001 '
#567000000000
0!
#567500000000
1!
b11101000101001 -
b11101000101001 1
b111111111010011 #
b111111100101101111 (
b11101000101001 /
b11111111111111001010100111101011 .
b11111111111111001010100111101011 ,
b11111111111111001010100111101011 0
b111111010001000 %
b1001101001011 '
#568000000000
0!
#568500000000
1!
b100000010111010 -
b100000010111010 1
b111111010001000 #
b111110110010110101 (
b100000010111010 /
b11111111111111000010101000011000 .
b11111111111111000010101000011000 ,
b11111111111111000010101000011000 0
b111101111111001 %
b1111111010100 '
#569000000000
0!
#569500000000
1!
b101010000000101 -
b101010000000101 1
b111101111111001 #
b111110000000101100 (
b101010000000101 /
b11111111111110111010101110010000 .
b11111111111110111010101110010000 ,
b11111111111110111010101110010000 0
b111100000101101 %
b10110000001100 '
#570000000000
0!
#570500000000
1!
b111001111011001 -
b111001111011001 1
b111100000101101 #
b111101001111110100 (
b111001111011001 /
b11111111111110110010111110010111 .
b11111111111110110010111110010111 ,
b11111111111110110010111110010111 0
b111001100101101 %
b11011111010011 '
19
1:
1;
#571000000000
0!
#571500000000
1!
b100011111001101 -
b100011111001101 1
b111001100101101 #
b111100100000101101 (
b100011111001101 /
b11111111111110111010011111000100 .
b11111111111110111010011111000100 ,
b11111111111110111010011111000100 0
b110110100000111 %
b100001100001100 '
#572000000000
0!
#572500000000
1!
b111111111010 -
b111111111010 1
b110110100000111 #
b111011110011110100 (
b111111111010 /
b11111111111111000001101011110001 .
b11111111111111000001101011110001 ,
b11111111111111000001101011110001 0
b110010111001010 %
b100110110011000 '
#573000000000
0!
#573500000000
1!
b11111111111111111100110011101110 -
b11111111111111111100110011101110 1
b110010111001010 #
b111011001001101000 (
b11111111111111111100110011101110 /
b11111111111111001000011111111000 .
b11111111111111001000011111111000 ,
b11111111111111001000011111111000 0
b101110110001001 %
b101011101011111 '
#574000000000
0!
#574500000000
1!
b11111111111111110111111101010110 -
b11111111111111110111111101010110 1
b101110110001001 #
b111010100010100001 (
b11111111111111110111111101010110 /
b11111111111111001110110111000010 .
b11111111111111001110110111000010 ,
b11111111111111001110110111000010 0
b101010001011000 %
b110000001000101 '
#575000000000
0!
#575500000000
1!
b11111111111111110010011111110111 -
b11111111111111110010011111110111 1
b101010001011000 #
b111001111110111011 (
b11111111111111110010011111110111 /
b11111111111111010100101101001011 .
b11111111111111010100101101001011 ,
b11111111111111010100101101001011 0
b100101001010000 %
b110100000110110 '
#576000000000
0!
#576500000000
1!
b11111111111111101100011110110010 -
b11111111111111101100011110110010 1
b100101001010000 #
b111001011111001010 (
b11111111111111101100011110110010 /
b11111111111111011001111110100011 .
b11111111111111011001111110100011 ,
b11111111111111011001111110100011 0
b11111110001010 %
b110111100011100 '
#577000000000
0!
#577500000000
1!
b11111111111111100101111101111100 -
b11111111111111100101111101111100 1
b11111110001010 #
b111001000011100100 (
b11111111111111100101111101111100 /
b11111111111111011110100111110011 .
b11111111111111011110100111110011 ,
b11111111111111011110100111110011 0
b11010000100001 %
b111010011100110 '
#578000000000
0!
#578500000000
1!
b11111111111111011111000001100000 -
b11111111111111011111000001100000 1
b11010000100001 #
b111000101100011010 (
b11111111111111011111000001100000 /
b11111111111111100010100101111101 .
b11111111111111100010100101111101 ,
b11111111111111100010100101111101 0
b10100000110010 %
b111100110000101 '
#579000000000
0!
#579500000000
1!
b11111111111111010111101101111010 -
b11111111111111010111101101111010 1
b10100000110010 #
b111000011001111011 (
b11111111111111010111101101111010 /
b11111111111111100101110110011110 .
b11111111111111100101110110011110 ,
b11111111111111100101110110011110 0
b1101111011101 %
b111110011101101 '
#580000000000
0!
#580500000000
1!
b11111111111111010000000111110101 -
b11111111111111010000000111110101 1
b1101111011101 #
b111000001100010011 (
b11111111111111010000000111110101 /
b11111111111111101000010111010000 .
b11111111111111101000010111010000 ,
b11111111111111101000010111010000 0
b111101000001 %
b111111100010101 '
09
0:
0;
#581000000000
0!
#581500000000
1!
b11111111111111010111111011100010 -
b11111111111111010111111011100010 1
b111101000001 #
b111000000011101011 (
b11111111111111010111111011100010 /
b11111111111111100110100111110011 .
b11111111111111100110100111110011 ,
b11111111111111100110100111110011 0
b1001111101 %
b111111111111000 '
#582000000000
0!
#582500000000
1!
b11111111111111011111110111110111 -
b11111111111111011111110111110111 1
b1001111101 #
b111000000000001000 (
b11111111111111011111110111110111 /
b11111111111111100101101010110010 .
b11111111111111100101101010110010 ,
b11111111111111100101101010110010 0
b1111010110110100 %
b111111110010100 '
#583000000000
0!
#583500000000
1!
b11111111111111100111110111101111 -
b11111111111111100111110111101111 1
b111111010110110100 #
b111000000001101100 (
b11111111111111100111110111101111 /
b11111111111111100101100000110101 .
b11111111111111100101100000110101 ,
b11111111111111100101100000110101 0
b1110100100000101 %
b111110111101010 '
#584000000000
0!
#584500000000
1!
b11111111111111101111110110000011 -
b11111111111111101111110110000011 1
b111110100100000101 #
b111000001000010110 (
b11111111111111101111110110000011 /
b11111111111111100110001010000001 .
b11111111111111100110001010000001 ,
b11111111111111100110001010000001 0
b1101110010010000 %
b111101011111110 '
#585000000000
0!
#585500000000
1!
b11111111111111110111101101101101 -
b11111111111111110111101101101101 1
b111101110010010000 #
b111000010100000010 (
b11111111111111110111101101101101 /
b11111111111111100111100101111100 .
b11111111111111100111100101111100 ,
b11111111111111100111100101111100 0
b1101000001110110 %
b111011011010111 '
#586000000000
0!
#586500000000
1!
b11111111111111111111011001101011 -
b11111111111111111111011001101011 1
b111101000001110110 #
b111000100100101001 (
b11111111111111111111011001101011 /
b11111111111111101001110011101100 .
b11111111111111101001110011101100 ,
b11111111111111101001110011101100 0
b1100010011010110 %
b111000110000000 '
#587000000000
0!
#587500000000
1!
b110110101000010 -
b110110101000010 1
b111100010011010110 #
b111000111010000000 (
b110110101000010 /
b11111111111111101100110001110110 .
b11111111111111101100110001110110 ,
b11111111111111101100110001110110 0
b1011100111001101 %
b110101100000110 '
#588000000000
0!
#588500000000
1!
b1101111011000010 -
b1101111011000010 1
b111011100111001101 #
b111001010011111010 (
b1101111011000010 /
b11111111111111110000011110100000 .
b11111111111111110000011110100000 ,
b11111111111111110000011110100000 0
b1010111101110111 %
b110001101111011 '
#589000000000
0!
#589500000000
1!
b10100100111001000 -
b10100100111001000 1
b111010111101110111 #
b111001110010000101 (
b10100100111001000 /
b11111111111111110100110111010011 .
b11111111111111110100110111010011 ,
b11111111111111110100110111010011 0
b1010010111110000 %
b101101011110010 '
#590000000000
0!
#590500000000
1!
b11010110101000011 -
b11010110101000011 1
b111010010111110000 #
b111010010100001110 (
b11010110101000011 /
b11111111111111111001111001011100 .
b11111111111111111001111001011100 ,
b11111111111111111001111001011100 0
b1001110101001111 %
b101000101111111 '
19
1:
1;
#591000000000
0!
#591500000000
1!
b10101001001010001 -
b10101001001010001 1
b111001110101001111 #
b111010111010000001 (
b10101001001010001 /
b11111111111111110100010001001100 .
b11111111111111110100010001001100 ,
b11111111111111110100010001001100 0
b1001010110101010 %
b100011100111101 '
#592000000000
0!
#592500000000
1!
b10000000011010010 -
b10000000011010010 1
b111001010110101010 #
b111011100011000011 (
b10000000011010010 /
b11111111111111101110000110011011 .
b11111111111111101110000110011011 ,
b11111111111111101110000110011011 0
b1000111100010101 %
b11110001000100 '
#593000000000
0!
#593500000000
1!
b1011100110010101 -
b1011100110010101 1
b111000111100010101 #
b111100001110111100 (
b1011100110010101 /
b11111111111111100111011101000101 .
b11111111111111100111011101000101 ,
b11111111111111100111011101000101 0
b1000100110100001 %
b11000010110001 '
#594000000000
0!
#594500000000
1!
b111110101010001 -
b111110101010001 1
b111000100110100001 #
b111100111101001111 (
b111110101010001 /
b11111111111111100000011001011010 .
b11111111111111100000011001011010 ,
b11111111111111100000011001011010 0
b1000010101011100 %
b10010010100001 '
#595000000000
0!
#595500000000
1!
b100110010100000 -
b100110010100000 1
b111000010101011100 #
b111101101101011111 (
b100110010100000 /
b11111111111111011000111111111011 .
b11111111111111011000111111111011 ,
b11111111111111011000111111111011 0
b1000001001010001 %
b1100000110100 '
#596000000000
0!
#596500000000
1!
b10011111111111 -
b10011111111111 1
b111000001001010001 #
b111110011111001100 (
b10011111111111 /
b11111111111111010001010101010111 .
b11111111111111010001010101010111 ,
b11111111111111010001010101010111 0
b1000000010000111 %
b101110001001 '
#597000000000
0!
#597500000000
1!
b111111001011 -
b111111001011 1
b111000000010000111 #
b111111010001110111 (
b111111001011 /
b11111111111111001001011110101000 .
b11111111111111001001011110101000 ,
b11111111111111001001011110101000 0
b1000000000000011 %
b1111111011000001 '
#598000000000
0!
#598500000000
1!
b10001000010 -
b10001000010 1
b111000000000000011 #
b100111111 (
b10001000010 /
b11111111111111000001100000101111 .
b11111111111111000001100000101111 ,
b11111111111111000001100000101111 0
b1000000011000111 %
b1111000111111100 '
#599000000000
0!
#599500000000
1!
b10110000001 -
b10110000001 1
b111000000011000111 #
b111000000100 (
b10110000001 /
b11111111111110111001100000110010 .
b11111111111110111001100000110010 ,
b11111111111110111001100000110010 0
b1000001011010000 %
b1110010101011010 '
#600000000000
0!
#600500000000
1!
b1001110000101 -
b1001110000101 1
b111000001011010000 #
b1101010100110 (
b1001110000101 /
b11111111111110110001100011111001 .
b11111111111110110001100011111001 ,
b11111111111110110001100011111001 0
b1000011000011001 %
b1101100011111101 '
09
0:
0;
#601000000000
0!
#601500000000
1!
b11111111111111111111100011011111 -
b11111111111111111111100011011111 1
b111000011000011001 #
b10011100000011 (
b11111111111111111111100011011111 /
b11111111111110111001011000101001 .
b11111111111110111001011000101001 ,
b11111111111110111001011000101001 0
b1000101010011010 %
b1100110100000011 '
#602000000000
0!
#602500000000
1!
b11111111111111111101000111011100 -
b11111111111111111101000111011100 1
b111000101010011010 #
b11001011111101 (
b11111111111111111101000111011100 /
b11111111111111000001000000010000 .
b11111111111111000001000000010000 ,
b11111111111111000001000000010000 0
b1001000001000111 %
b1100000110001100 '
#603000000000
0!
#603500000000
1!
b11111111111111111001111011011111 -
b11111111111111111001111011011111 1
b111001000001000111 #
b11111001110100 (
b11111111111111111001111011011111 /
b11111111111111001000010101110110 .
b11111111111111001000010101110110 ,
b11111111111111001000010101110110 0
b1001011100010010 %
b1011011010110100 '
#604000000000
0!
#604500000000
1!
b11111111111111110110000001101011 -
b11111111111111110110000001101011 1
b111001011100010010 #
b100100101001100 (
b11111111111111110110000001101011 /
b11111111111111001111010100101111 .
b11111111111111001111010100101111 ,
b11111111111111001111010100101111 0
b1001111011101010 %
b1010110010011000 '
#605000000000
0!
#605500000000
1!
b11111111111111110001011100011111 -
b11111111111111110001011100011111 1
b111001111011101010 #
b101001101101000 (
b11111111111111110001011100011111 /
b11111111111111010101111000011101 .
b11111111111111010101111000011101 ,
b11111111111111010101111000011101 0
b1010011110111010 %
b1010001101010010 '
#606000000000
0!
#606500000000
1!
b11111111111111101100001110110111 -
b11111111111111101100001110110111 1
b111010011110111010 #
b101110010101110 (
b11111111111111101100001110110111 /
b11111111111111011011111100110011 .
b11111111111111011011111100110011 ,
b11111111111111011011111100110011 0
b1011000101101011 %
b1001101011111000 '
#607000000000
0!
#607500000000
1!
b11111111111111100110011100001001 -
b11111111111111100110011100001001 1
b111011000101101011 #
b110010100001000 (
b11111111111111100110011100001001 /
b11111111111111100001011101111001 .
b11111111111111100001011101111001 ,
b11111111111111100001011101111001 0
b1011101111100110 %
b1001001110100001 '
#608000000000
0!
#608500000000
1!
b11111111111111100000001000000001 -
b11111111111111100000001000000001 1
b111011101111100110 #
b110110001011111 (
b11111111111111100000001000000001 /
b11111111111111100110011000001110 .
b11111111111111100110011000001110 ,
b11111111111111100110011000001110 0
b1100011100001111 %
b1000110101011111 '
#609000000000
0!
#609500000000
1!
b11111111111111011001010110100010 -
b11111111111111011001010110100010 1
b111100011100001111 #
b111001010100001 (
b11111111111111011001010110100010 /
b11111111111111101010101000101000 .
b11111111111111101010101000101000 ,
b11111111111111101010101000101000 0
b1101001011001001 %
b1000100001000010 '
#610000000000
0!
#610500000000
1!
b11111111111111010010001100000001 -
b11111111111111010010001100000001 1
b111101001011001001 #
b111011110111110 (
b11111111111111010010001100000001 /
b11111111111111101110001100011001 .
b11111111111111101110001100011001 ,
b11111111111111101110001100011001 0
b1101111011110111 %
b1000010001011000 '
19
1:
1;
#611000000000
0!
#611500000000
1!
b11111111111111011001101010111111 -
b11111111111111011001101010111111 1
b111101111011110111 #
b111101110101000 (
b11111111111111011001101010111111 /
b11111111111111101011010111100010 .
b11111111111111101011010111100010 ,
b11111111111111101011010111100010 0
b1110101101111010 %
b1000000110101010 '
#612000000000
0!
#612500000000
1!
b11111111111111100001011001100111 -
b11111111111111100001011001100111 1
b111110101101111010 #
b111111001010110 (
b11111111111111100001011001100111 /
b11111111111111101001010011011001 .
b11111111111111101001010011011001 ,
b11111111111111101001010011011001 0
b1111100000110001 %
b1000000000111111 '
#613000000000
0!
#613500000000
1!
b11111111111111101001010010111101 -
b11111111111111101001010010111101 1
b111111100000110001 #
b111111111000001 (
b11111111111111101001010010111101 /
b11111111111111101000000001010011 .
b11111111111111101000000001010011 ,
b11111111111111101000000001010011 0
b10011111011 %
b1000000000011010 '
#614000000000
0!
#614500000000
1!
b11111111111111110001010001111110 -
b11111111111111110001010001111110 1
b10011111011 #
b111111111100110 (
b11111111111111110001010001111110 /
b11111111111111100111100010000100 .
b11111111111111100111100010000100 ,
b11111111111111100111100010000100 0
b1000110111010 %
b1000000100111101 '
#615000000000
0!
#615500000000
1!
b11111111111111111001010001100100 -
b11111111111111111001010001100100 1
b1000110111010 #
b111111011000011 (
b11111111111111111001010001100100 /
b11111111111111100111110101111111 .
b11111111111111100111110101111111 ,
b11111111111111100111110101111111 0
b1111001001011 %
b1000001110100100 '
#616000000000
0!
#616500000000
1!
b1001100100111 -
b1001100100111 1
b1111001001011 #
b111110001011100 (
b1001100100111 /
b11111111111111101000111100111001 .
b11111111111111101000111100111001 ,
b11111111111111101000111100111001 0
b10101010001110 %
b1000011101001010 '
#617000000000
0!
#617500000000
1!
b1000111110000011 -
b1000111110000011 1
b10101010001110 #
b111100010110110 (
b1000111110000011 /
b11111111111111101010110110000100 .
b11111111111111101010110110000100 ,
b11111111111111101010110110000100 0
b11011001100101 %
b1000110000100100 '
#618000000000
0!
#618500000000
1!
b10000100000111001 -
b10000100000111001 1
b11011001100101 #
b111001111011100 (
b10000100000111001 /
b11111111111111101101100000010010 .
b11111111111111101101100000010010 ,
b11111111111111101101100000010010 0
b100000110110000 %
b1001001000100110 '
#619000000000
0!
#619500000000
1!
b10111110000010101 -
b10111110000010101 1
b100000110110000 #
b110110111011010 (
b10111110000010101 /
b11111111111111110000111001110111 .
b11111111111111110000111001110111 ,
b11111111111111110000111001110111 0
b100110001010100 %
b1001100101000010 '
#620000000000
0!
#620500000000
1!
b11110100111101111 -
b11110100111101111 1
b100110001010100 #
b110011010111110 (
b11110100111101111 /
b11111111111111110101000000100111 .
b11111111111111110101000000100111 ,
b11111111111111110101000000100111 0
b101011000110100 %
b1010000101100100 '
09
0:
0;
#621000000000
0!
#621500000000
1!
b11000001100110001 -
b11000001100110001 1
b101011000110100 #
b101111010011100 (
b11000001100110001 /
b11111111111111110000001111010011 .
b11111111111111110000001111010011 ,
b11111111111111110000001111010011 0
b101111100111000 %
b1010101001111000 '
#622000000000
0!
#622500000000
1!
b10010010010010101 -
b10010010010010101 1
b101111100111000 #
b101010110001000 (
b10010010010010101 /
b11111111111111101010110110011111 .
b11111111111111101010110110011111 ,
b11111111111111101010110110011111 0
b110011101001000 %
b1011010001100111 '
#623000000000
0!
#623500000000
1!
b1100111100001101 -
b1100111100001101 1
b110011101001000 #
b100101110011001 (
b1100111100001101 /
b11111111111111100100111001100111 .
b11111111111111100100111001100111 ,
b11111111111111100100111001100111 0
b110111001010000 %
b1011111100010111 '
#624000000000
0!
#624500000000
1!
b1000001101110100 -
b1000001101110100 1
b110111001010000 #
b100000011101001 (
b1000001101110100 /
b11111111111111011110011100011111 .
b11111111111111011110011100011111 ,
b11111111111111011110011100011111 0
b111010000111110 %
b1100101001101110 '
#625000000000
0!
#625500000000
1!
b100001010001011 -
b100001010001011 1
b111010000111110 #
b11010110010010 (
b100001010001011 /
b11111111111111010111100011001111 .
b11111111111111010111100011001111 ,
b11111111111111010111100011001111 0
b111100100000011 %
b1101011001001101 '
#626000000000
0!
#626500000000
1!
b110011111001 -
b110011111001 1
b111100100000011 #
b10100110110011 (
b110011111001 /
b11111111111111010000010010010001 .
b11111111111111010000010010010001 ,
b11111111111111010000010010010001 0
b111110010010010 %
b1110001010010111 '
#627000000000
0!
#627500000000
1!
b11111111111111111110001101000110 -
b11111111111111111110001101000110 1
b111110010010010 #
b1110101101001 (
b11111111111111111110001101000110 /
b11111111111111001000101110001110 .
b11111111111111001000101110001110 ,
b11111111111111001000101110001110 0
b111111011100010 %
b1110111100101101 '
#628000000000
0!
#628500000000
1!
b11111111111111111100010111011101 -
b11111111111111111100010111011101 1
b111111011100010 #
b1000011010011 (
b11111111111111111100010111011101 /
b11111111111111000000111011111100 .
b11111111111111000000111011111100 ,
b11111111111111000000111011111100 0
b111111111101110 %
b1111101111101101 '
#629000000000
0!
#629500000000
1!
b11111111111111111011010100001010 -
b11111111111111111011010100001010 1
b111111111101110 #
b10000010011 (
b11111111111111111011010100001010 /
b11111111111110111001000000011010 .
b11111111111110111001000000011010 ,
b11111111111110111001000000011010 0
b111111110110010 %
b100010110111 '
#630000000000
0!
#630500000000
1!
b11111111111111111011000011110111 -
b11111111111111111011000011110111 1
b111111110110010 #
b111111011101001001 (
b11111111111111111011000011110111 /
b11111111111110110001000000101100 .
b11111111111110110001000000101100 ,
b11111111111110110001000000101100 0
b111111000110000 %
b1010101101011 '
19
1:
1;
#631000000000
0!
#631500000000
1!
b11111111111111111010100001000000 -
b11111111111111111010100001000000 1
b111111000110000 #
b111110101010010101 (
b11111111111111111010100001000000 /
b11111111111110111000111111011110 .
b11111111111110111000111111011110 ,
b11111111111110111000111111011110 0
b111101101101100 %
b10000111101001 '
#632000000000
0!
#632500000000
1!
b11111111111111111001001011010101 -
b11111111111111111001001011010101 1
b111101101101100 #
b111101111000010111 (
b11111111111111111001001011010101 /
b11111111111111000000111000001110 .
b11111111111111000000111000001110 ,
b11111111111111000000111000001110 0
b111011101101011 %
b10111000010000 '
#633000000000
0!
#633500000000
1!
b11111111111111110111000011101100 -
b11111111111111110111000011101100 1
b111011101101011 #
b111101000111110000 (
b11111111111111110111000011101100 /
b11111111111111001000100101111010 .
b11111111111111001000100101111010 ,
b11111111111111001000100101111010 0
b111001000111001 %
b11100111000001 '
#634000000000
0!
#634500000000
1!
b11111111111111110100001011011100 -
b11111111111111110100001011011100 1
b111001000111001 #
b111100011000111111 (
b11111111111111110100001011011100 /
b11111111111111010000000011100101 .
b11111111111111010000000011100101 ,
b11111111111111010000000011100101 0
b110101111100011 %
b100010011011110 '
#635000000000
0!
#635500000000
1!
b11111111111111110000100100011011 -
b11111111111111110000100100011011 1
b110101111100011 #
b111011101100100010 (
b11111111111111110000100100011011 /
b11111111111111010111001100011110 .
b11111111111111010111001100011110 ,
b11111111111111010111001100011110 0
b110010001111001 %
b100111101001100 '
#636000000000
0!
#636500000000
1!
b11111111111111101100010000111101 -
b11111111111111101100010000111101 1
b110010001111001 #
b111011000010110100 (
b11111111111111101100010000111101 /
b11111111111111011101111100000001 .
b11111111111111011101111100000001 ,
b11111111111111011101111100000001 0
b101110000001110 %
b101100011101110 '
#637000000000
0!
#637500000000
1!
b11111111111111100111010011110001 -
b11111111111111100111010011110001 1
b101110000001110 #
b111010011100010010 (
b11111111111111100111010011110001 /
b11111111111111100100001101111010 .
b11111111111111100100001101111010 ,
b11111111111111100100001101111010 0
b101001010110111 %
b110000110101101 '
#638000000000
0!
#638500000000
1!
b11111111111111100001110000000011 -
b11111111111111100001110000000011 1
b101001010110111 #
b111001111001010011 (
b11111111111111100001110000000011 /
b11111111111111101001111110001000 .
b11111111111111101001111110001000 ,
b11111111111111101001111110001000 0
b100100010001101 %
b110100101110010 '
#639000000000
0!
#639500000000
1!
b11111111111111011011101001010110 -
b11111111111111011011101001010110 1
b100100010001101 #
b111001011010001110 (
b11111111111111011011101001010110 /
b11111111111111101111001000111111 .
b11111111111111101111001000111111 ,
b11111111111111101111001000111111 0
b11110110101001 %
b111000000101010 '
#640000000000
0!
#640500000000
1!
b11111111111111010101000011100100 -
b11111111111111010101000011100100 1
b11110110101001 #
b111000111111010110 (
b11111111111111010101000011100100 /
b11111111111111110011101011001100 .
b11111111111111110011101011001100 ,
b11111111111111110011101011001100 0
b11001000100111 %
b111010111000010 '
09
0:
0;
#641000000000
0!
#641500000000
1!
b11111111111111011100000100001110 -
b11111111111111011100000100001110 1
b11001000100111 #
b111000101000111110 (
b11111111111111011100000100001110 /
b11111111111111101111110100100011 .
b11111111111111101111110100100011 ,
b11111111111111101111110100100011 0
b10011000100110 %
b111101000101101 '
#642000000000
0!
#642500000000
1!
b11111111111111100011011011010000 -
b11111111111111100011011011010000 1
b10011000100110 #
b111000010111010011 (
b11111111111111100011011011010000 /
b11111111111111101100101011111100 .
b11111111111111101100101011111100 ,
b11111111111111101100101011111100 0
b1100111000010 %
b111110101100000 '
#643000000000
0!
#643500000000
1!
b11111111111111101011000011111101 -
b11111111111111101011000011111101 1
b1100111000010 #
b111000001010100000 (
b11111111111111101011000011111101 /
b11111111111111101010010011010110 .
b11111111111111101010010011010110 ,
b11111111111111101010010011010110 0
b110100011101 %
b111111101010010 '
#644000000000
0!
#644500000000
1!
b11111111111111110010111001011101 -
b11111111111111110010111001011101 1
b110100011101 #
b111000000010101110 (
b11111111111111110010111001011101 /
b11111111111111101000101100010100 .
b11111111111111101000101100010100 ,
b11111111111111101000101100010100 0
b1010110 %
b111111111111110 '
#645000000000
0!
#645500000000
1!
b11111111111111111010110110101111 -
b11111111111111111010110110101111 1
b1010110 #
b111000000000000010 (
b11111111111111111010110110101111 /
b11111111111111100111110111110111 .
b11111111111111100111110111110111 ,
b11111111111111100111110111110111 0
b1111001110010000 %
b111111101100011 '
#646000000000
0!
#646500000000
1!
b10110110101101 -
b10110110101101 1
b111111001110010000 #
b111000000010011101 (
b10110110101101 /
b11111111111111100111110110100001 .
b11111111111111100111110110100001 ,
b11111111111111100111110110100001 0
b1110011011101000 %
b111110110000010 '
#647000000000
0!
#647500000000
1!
b1010110100010000 -
b1010110100010000 1
b111110011011101000 #
b111000001001111110 (
b1010110100010000 /
b11111111111111101000101000010001 .
b11111111111111101000101000010001 ,
b11111111111111101000101000010001 0
b1101101010000000 %
b111101001100001 '
#648000000000
0!
#648500000000
1!
b10010101010010010 -
b10010101010010010 1
b111101101010000000 #
b111000010110011111 (
b10010101010010010 /
b11111111111111101010001100101001 .
b11111111111111101010001100101001 ,
b11111111111111101010001100101001 0
b1100111001111000 %
b111011000000110 '
#649000000000
0!
#649500000000
1!
b11010010011110011 -
b11010010011110011 1
b111100111001111000 #
b111000100111111010 (
b11010010011110011 /
b11111111111111101100100010101001 .
b11111111111111101100100010101001 ,
b11111111111111101100100010101001 0
b1100001011101111 %
b111000001111101 '
#650000000000
0!
#650500000000
1!
b100001101011111001 -
b100001101011111001 1
b111100001011101111 #
b111000111110000011 (
b100001101011111001 /
b11111111111111101111101000110001 .
b11111111111111101111101000110001 ,
b11111111111111101111101000110001 0
b1011100000000011 %
b110100111010100 '
19
1:
1;
#651000000000
0!
#651500000000
1!
b11010101001111100 -
b11010101001111100 1
b111011100000000011 #
b111001011000101100 (
b11010101001111100 /
b11111111111111101011110100100000 .
b11111111111111101011110100100000 ,
b11111111111111101011110100100000 0
b1010110111001110 %
b110001000011101 '
#652000000000
0!
#652500000000
1!
b10100000010101000 -
b10100000010101000 1
b111010110111001110 #
b111001110111100011 (
b10100000010101000 /
b11111111111111100111010100100011 .
b11111111111111100111010100100011 ,
b11111111111111100111010100100011 0
b1010010001101011 %
b101100101101011 '
#653000000000
0!
#653500000000
1!
b1101111010001011 -
b1101111010001011 1
b111010010001101011 #
b111010011010010101 (
b1101111010001011 /
b11111111111111100010001011110001 .
b11111111111111100010001011110001 ,
b11111111111111100010001011110001 0
b1001101111110011 %
b100111111010100 '
#654000000000
0!
#654500000000
1!
b1000010100100000 -
b1000010100100000 1
b111001101111110011 #
b111011000000101100 (
b1000010100100000 /
b11111111111111011100011101011100 .
b11111111111111011100011101011100 ,
b11111111111111011100011101011100 0
b1001010001111011 %
b100010101110001 '
#655000000000
0!
#655500000000
1!
b11010101001100 -
b11010101001100 1
b111001010001111011 #
b111011101010001111 (
b11010101001100 /
b11111111111111010110001101001111 .
b11111111111111010110001101001111 ,
b11111111111111010110001101001111 0
b1000111000010110 %
b11101001011100 '
#656000000000
0!
#656500000000
1!
b11111111111111111110111111011011 -
b11111111111111111110111111011011 1
b111000111000010110 #
b111100010110100100 (
b11111111111111111110111111011011 /
b11111111111111001111011111001010 .
b11111111111111001111011111001010 ,
b11111111111111001111011111001010 0
b1000100011010100 %
b10111010110010 '
#657000000000
0!
#657500000000
1!
b11111111111111111011010101111111 -
b11111111111111111011010101111111 1
b111000100011010100 #
b111101000101001110 (
b11111111111111111011010101111111 /
b11111111111111001000010111100000 .
b11111111111111001000010111100000 ,
b11111111111111001000010111100000 0
b1000010011000011 %
b10001010010000 '
#658000000000
0!
#658500000000
1!
b11111111111111111000011011001101 -
b11111111111111111000011011001101 1
b111000010011000011 #
b111101110101110000 (
b11111111111111111000011011001101 /
b11111111111111000000111010110100 .
b11111111111111000000111010110100 ,
b11111111111111000000111010110100 0
b1000000111101101 %
b1011000010110 '
#659000000000
0!
#659500000000
1!
b11111111111111110110010000111101 -
b11111111111111110110010000111101 1
b111000000111101101 #
b111110100111101010 (
b11111111111111110110010000111101 /
b11111111111110111001001101110111 .
b11111111111110111001001101110111 ,
b11111111111110111001001101110111 0
b1000000001011010 %
b100101100100 '
#660000000000
0!
#660500000000
1!
b11111111111111110100111000100111 -
b11111111111111110100111000100111 1
b111000000001011010 #
b111111011010011100 (
b11111111111111110100111000100111 /
b11111111111110110001010101100100 .
b11111111111110110001010101100100 ,
b11111111111110110001010101100100 0
b1000000000001101 %
b1111110010011010 '
09
0:
0;
#661000000000
0!
#661500000000
1!
b11111111111111110101011110001011 -
b11111111111111110101011110001011 1
b111000000000001101 #
b1101100110 (
b11111111111111110101011110001011 /
b11111111111110111001010100001010 .
b11111111111110111001010100001010 ,
b11111111111110111001010100001010 0
b1000000100001000 %
b1110111111011001 '
#662000000000
0!
#662500000000
1!
b11111111111111110101010000100101 -
b11111111111111110101010000100101 1
b111000000100001000 #
b1000000100111 (
b11111111111111110101010000100101 /
b11111111111111000001010011111101 .
b11111111111111000001010011111101 ,
b11111111111111000001010011111101 0
b1000001101000111 %
b1110001101000000 '
#663000000000
0!
#663500000000
1!
b11111111111111110100001111111110 -
b11111111111111110100001111111110 1
b111000001101000111 #
b1110011000000 (
b11111111111111110100001111111110 /
b11111111111111001001001111110101 .
b11111111111111001001001111110101 ,
b11111111111111001001001111110101 0
b1000011011000101 %
b1101011011110001 '
#664000000000
0!
#664500000000
1!
b11111111111111110010011100111110 -
b11111111111111110010011100111110 1
b111000011011000101 #
b10100100001111 (
b11111111111111110010011100111110 /
b11111111111111010001000010101110 .
b11111111111111010001000010101110 ,
b11111111111111010001000010101110 0
b1000101101111010 %
b1100101100001100 '
#665000000000
0!
#665500000000
1!
b11111111111111101111111000101111 -
b11111111111111101111111000101111 1
b111000101101111010 #
b11010011110100 (
b11111111111111101111111000101111 /
b11111111111111011000100111101001 .
b11111111111111011000100111101001 ,
b11111111111111011000100111101001 0
b1001000101011000 %
b1011111110101101 '
#666000000000
0!
#666500000000
1!
b11111111111111101100100100111011 -
b11111111111111101100100100111011 1
b111001000101011000 #
b100000001010011 (
b11111111111111101100100100111011 /
b11111111111111011111111001101111 .
b11111111111111011111111001101111 ,
b11111111111111011111111001101111 0
b1001100001010010 %
b1011010011110011 '
#667000000000
0!
#667500000000
1!
b11111111111111101000100011101000 -
b11111111111111101000100011101000 1
b111001100001010010 #
b100101100001101 (
b11111111111111101000100011101000 /
b11111111111111100110110100010111 .
b11111111111111100110110100010111 ,
b11111111111111100110110100010111 0
b1010000001010100 %
b1010101011111001 '
#668000000000
0!
#668500000000
1!
b11111111111111100011110111011011 -
b11111111111111100011110111011011 1
b111010000001010100 #
b101010100000111 (
b11111111111111100011110111011011 /
b11111111111111101101010011000101 .
b11111111111111101101010011000101 ,
b11111111111111101101010011000101 0
b1010100101001100 %
b1010000111011001 '
#669000000000
0!
#669500000000
1!
b11111111111111011110100011010100 -
b11111111111111011110100011010100 1
b111010100101001100 #
b101111000100111 (
b11111111111111011110100011010100 /
b11111111111111110011010001110001 .
b11111111111111110011010001110001 ,
b11111111111111110011010001110001 0
b1011001100100001 %
b1001100110101001 '
#670000000000
0!
#670500000000
1!
b11111111111111011000101010101101 -
b11111111111111011000101010101101 1
b111011001100100001 #
b110011001010111 (
b11111111111111011000101010101101 /
b11111111111111111000101100100101 .
b11111111111111111000101100100101 ,
b11111111111111111000101100100101 0
b1011110110111011 %
b1001001010000000 '
19
1:
1;
#671000000000
0!
#671500000000
1!
b11111111111111011111000100000100 -
b11111111111111011111000100000100 1
b111011110110111011 #
b110110110000000 (
b11111111111111011111000100000100 /
b11111111111111110011111001000110 .
b11111111111111110011111001000110 ,
b11111111111111110011111001000110 0
b1100100011111110 %
b1000110001101110 '
#672000000000
0!
#672500000000
1!
b11111111111111100101111010000100 -
b11111111111111100101111010000100 1
b111100100011111110 #
b111001110010010 (
b11111111111111100101111010000100 /
b11111111111111101111110000000001 .
b11111111111111101111110000000001 ,
b11111111111111101111110000000001 0
b1101010011001110 %
b1000011110000100 '
#673000000000
0!
#673500000000
1!
b11111111111111101101001000010110 -
b11111111111111101101001000010110 1
b111101010011001110 #
b111100001111100 (
b11111111111111101101001000010110 /
b11111111111111101100010011111111 .
b11111111111111101100010011111111 ,
b11111111111111101100010011111111 0
b1110000100001101 %
b1000001111001110 '
#674000000000
0!
#674500000000
1!
b11111111111111110100101010010010 -
b11111111111111110100101010010010 1
b111110000100001101 #
b111110000110010 (
b11111111111111110100101010010010 /
b11111111111111101001100111001101 .
b11111111111111101001100111001101 ,
b11111111111111101001100111001101 0
b1110110110011010 %
b1000000101010110 '
#675000000000
0!
#675500000000
1!
b11111111111111111100011011000100 -
b11111111111111111100011011000100 1
b111110110110011010 #
b111111010101010 (
b11111111111111111100011011000100 /
b11111111111111100111101011011010 .
b11111111111111100111101011011010 ,
b11111111111111100111101011011010 0
b1111101001010111 %
b1000000000100010 '
#676000000000
0!
#676500000000
1!
b100010101101110 -
b100010101101110 1
b111111101001010111 #
b111111111011110 (
b100010101101110 /
b11111111111111100110100001110100 .
b11111111111111100110100001110100 ,
b11111111111111100110100001110100 0
b11100100010 %
b1000000000110100 '
#677000000000
0!
#677500000000
1!
b1100010101001100 -
b1100010101001100 1
b11100100010 #
b111111111001100 (
b1100010101001100 /
b11111111111111100110001011001011 .
b11111111111111100110001011001011 ,
b11111111111111100110001011001011 0
b1001111011011 %
b1000000110001110 '
#678000000000
0!
#678500000000
1!
b10100010100011000 -
b10100010100011000 1
b1001111011011 #
b111111001110010 (
b10100010100011000 /
b11111111111111100110100111101101 .
b11111111111111100110100111101101 ,
b11111111111111100110100111101101 0
b10000001100001 %
b1000010000101011 '
#679000000000
0!
#679500000000
1!
b11100001110001010 -
b11100001110001010 1
b10000001100001 #
b111101111010101 (
b11100001110001010 /
b11111111111111100111110111001000 .
b11111111111111100111110111001000 ,
b11111111111111100111110111001000 0
b10110010010100 %
b1000100000000101 '
#680000000000
0!
#680500000000
1!
b100011111101011111 -
b100011111101011111 1
b10110010010100 #
b111011111111011 (
b100011111101011111 /
b11111111111111101001111000101001 .
b11111111111111101001111000101001 ,
b11111111111111101001111000101001 0
b11100001010110 %
b1000110100010010 '
09
0:
0;
#681000000000
0!
#681500000000
1!
b11100011101100100 -
b11100011101100100 1
b11100001010110 #
b111001011101110 (
b11100011101100100 /
b11111111111111100111000110010101 .
b11111111111111100111000110010101 ,
b11111111111111100111000110010101 0
b100001110000111 %
b1001001101000101 '
#682000000000
0!
#682500000000
1!
b10101010001110110 -
b10101010001110110 1
b100001110000111 #
b110110010111011 (
b10101010001110110 /
b11111111111111100011100100111111 .
b11111111111111100011100100111111 ,
b11111111111111100011100100111111 0
b100111000001100 %
b1001101010001110 '
#683000000000
0!
#683500000000
1!
b1110011110111011 -
b1110011110111011 1
b100111000001100 #
b110010101110010 (
b1110011110111011 /
b11111111111111011111010110111000 .
b11111111111111011111010110111000 ,
b11111111111111011111010110111000 0
b101011111001000 %
b1010001011011010 '
#684000000000
0!
#684500000000
1!
b1000001001001001 -
b1000001001001001 1
b101011111001000 #
b101110100100110 (
b1000001001001001 /
b11111111111111011010011110101100 .
b11111111111111011010011110101100 ,
b11111111111111011010011110101100 0
b110000010100101 %
b1010110000010101 '
#685000000000
0!
#685500000000
1!
b10010100100011 -
b10010100100011 1
b110000010100101 #
b101001111101011 (
b10010100100011 /
b11111111111111010100111111100100 .
b11111111111111010100111111100100 ,
b11111111111111010100111111100100 0
b110100010001010 %
b1011011000100110 '
#686000000000
0!
#686500000000
1!
b11111111111111111101000100111000 -
b11111111111111111101000100111000 1
b110100010001010 #
b100100111011010 (
b11111111111111111101000100111000 /
b11111111111111001110111100111111 .
b11111111111111001110111100111111 ,
b11111111111111001110111100111111 0
b110111101100100 %
b1100000011110101 '
#687000000000
0!
#687500000000
1!
b11111111111111111000011101011110 -
b11111111111111111000011101011110 1
b110111101100100 #
b11111100001011 (
b11111111111111111000011101011110 /
b11111111111111001000011010110101 .
b11111111111111001000011010110101 ,
b11111111111111001000011010110101 0
b111010100100001 %
b1100110001100100 '
#688000000000
0!
#688500000000
1!
b11111111111111110100100001010011 -
b11111111111111110100100001010011 1
b111010100100001 #
b11001110011100 (
b11111111111111110100100001010011 /
b11111111111111000001011101010001 .
b11111111111111000001011101010001 ,
b11111111111111000001011101010001 0
b111100110110010 %
b1101100001011000 '
#689000000000
0!
#689500000000
1!
b11111111111111110001010010110111 -
b11111111111111110001010010110111 1
b111100110110010 #
b10011110101000 (
b11111111111111110001010010110111 /
b11111111111110111010001000110000 .
b11111111111110111010001000110000 ,
b11111111111110111010001000110000 0
b111110100001100 %
b1110010010110001 '
#690000000000
0!
#690500000000
1!
b11111111111111101110110100001111 -
b11111111111111101110110100001111 1
b111110100001100 #
b1101101001111 (
b11111111111111101110110100001111 /
b11111111111110110010100001111110 .
b11111111111110110010100001111110 ,
b11111111111110110010100001111110 0
b111111100100110 %
b1111000101001111 '
19
1:
1;
#691000000000
0!
#691500000000
1!
b11111111111111110000100001011110 -
b11111111111111110000100001011110 1
b111111100100110 #
b111010110001 (
b11111111111111110000100001011110 /
b11111111111110111010010110001010 .
b11111111111110111010010110001010 ,
b11111111111110111010010110001010 0
b111111111111011 %
b1111111000010100 '
#692000000000
0!
#692500000000
1!
b11111111111111110001011100001111 -
b11111111111111110001011100001111 1
b111111111111011 #
b111101100 (
b11111111111111110001011100001111 /
b11111111111111000010010010110000 .
b11111111111111000010010010110000 ,
b11111111111111000010010010110000 0
b111111110001000 %
b101011011100 '
#693000000000
0!
#693500000000
1!
b11111111111111110001100011111011 -
b11111111111111110001100011111011 1
b111111110001000 #
b111111010100100100 (
b11111111111111110001100011111011 /
b11111111111111001010010010101011 .
b11111111111111001010010010101011 ,
b11111111111111001010010010101011 0
b111110111010000 %
b1011110001010 '
#694000000000
0!
#694500000000
1!
b11111111111111110000111000011111 -
b11111111111111110000111000011111 1
b111110111010000 #
b111110100001110110 (
b11111111111111110000111000011111 /
b11111111111111010010010000110011 .
b11111111111111010010010000110011 ,
b11111111111111010010010000110011 0
b111101011010101 %
b10001111111011 '
#695000000000
0!
#695500000000
1!
b11111111111111101111011010010101 -
b11111111111111101111011010010101 1
b111101011010101 #
b111101110000000101 (
b11111111111111101111011010010101 /
b11111111111111011010001000000011 .
b11111111111111011010001000000011 ,
b11111111111111011010001000000011 0
b111011010100000 %
b11000000010000 '
#696000000000
0!
#696500000000
1!
b11111111111111101101001010011010 -
b11111111111111101101001010011010 1
b111011010100000 #
b111100111111110000 (
b11111111111111101101001010011010 /
b11111111111111100001110011011000 .
b11111111111111100001110011011000 ,
b11111111111111100001110011011000 0
b111000100111100 %
b11101110101011 '
#697000000000
0!
#697500000000
1!
b11111111111111101010001010001010 -
b11111111111111101010001010001010 1
b111000100111100 #
b111100010001010101 (
b11111111111111101010001010001010 /
b11111111111111101001001101111000 .
b11111111111111101001001101111000 ,
b11111111111111101001001101111000 0
b110101010110110 %
b100011010101100 '
#698000000000
0!
#698500000000
1!
b11111111111111100110011011011111 -
b11111111111111100110011011011111 1
b110101010110110 #
b111011100101010100 (
b11111111111111100110011011011111 /
b11111111111111110000010010110100 .
b11111111111111110000010010110100 ,
b11111111111111110000010010110100 0
b110001100100000 %
b101000011111001 '
#699000000000
0!
#699500000000
1!
b11111111111111100010000000110011 -
b11111111111111100010000000110011 1
b110001100100000 #
b111010111100000111 (
b11111111111111100010000000110011 /
b11111111111111110110111101101010 .
b11111111111111110110111101101010 ,
b11111111111111110110111101101010 0
b101101010001011 %
b101101001110111 '
#700000000000
0!
#700500000000
1!
b11111111111111011100111100111010 -
b11111111111111011100111100111010 1
b101101010001011 #
b111010010110001001 (
b11111111111111011100111100111010 /
b11111111111111111101001010001010 .
b11111111111111111101001010001010 ,
b11111111111111111101001010001010 0
b101000100001111 %
b110001100001110 '
09
0:
0;
#701000000000
0!
#701500000000
1!
b11111111111111100010100110110001 -
b11111111111111100010100110110001 1
b101000100001111 #
b111001110011110010 (
b11111111111111100010100110110001 /
b11111111111111110111011111111111 .
b11111111111111110111011111111111 ,
b11111111111111110111011111111111 0
b100011011000100 %
b110101010100111 '
#702000000000
0!
#702500000000
1!
b11111111111111101000110010111111 -
b11111111111111101000110010111111 1
b100011011000100 #
b111001010101011001 (
b11111111111111101000110010111111 /
b11111111111111110010011011110000 .
b11111111111111110010011011110000 ,
b11111111111111110010011011110000 0
b11101111000100 %
b111000100101111 '
#703000000000
0!
#703500000000
1!
b11111111111111101111011101100110 -
b11111111111111101111011101100110 1
b11101111000100 #
b111000111011010001 (
b11111111111111101111011101100110 /
b11111111111111101110000000101100 .
b11111111111111101110000000101100 ,
b11111111111111101110000000101100 0
b11000000101011 %
b111011010010110 '
#704000000000
0!
#704500000000
1!
b11111111111111110110100010010101 -
b11111111111111110110100010010101 1
b11000000101011 #
b111000100101101010 (
b11111111111111110110100010010101 /
b11111111111111101010010001101000 .
b11111111111111101010010001101000 ,
b11111111111111101010010001101000 0
b10010000010110 %
b111101011001101 '
#705000000000
0!
#705500000000
1!
b11111111111111111101111100101011 -
b11111111111111111101111100101011 1
b10010000010110 #
b111000010100110011 (
b11111111111111111101111100101011 /
b11111111111111100111010000111101 .
b11111111111111100111010000111101 ,
b11111111111111100111010000111101 0
b1011110100110 %
b111110111001010 '
#706000000000
0!
#706500000000
1!
b101100111111000 -
b101100111111000 1
b1011110100110 #
b111000001000110110 (
b101100111111000 /
b11111111111111100101000000100111 .
b11111111111111100101000000100111 ,
b11111111111111100101000000100111 0
b101011111001 %
b111111110000110 '
#707000000000
0!
#707500000000
1!
b1101011111000010 -
b1101011111000010 1
b101011111001 #
b111000000001111010 (
b1101011111000010 /
b11111111111111100011100010000001 .
b11111111111111100011100010000001 ,
b11111111111111100011100010000001 0
b1111111000110000 %
b111111111111011 '
#708000000000
0!
#708500000000
1!
b10101011101001000 -
b10101011101001000 1
b111111111000110000 #
b111000000000000101 (
b10101011101001000 /
b11111111111111100010110110001000 .
b11111111111111100010110110001000 ,
b11111111111111100010110110001000 0
b1111000101101100 %
b111111100101001 '
#709000000000
0!
#709500000000
1!
b11101011101000011 -
b11101011101000011 1
b111111000101101100 #
b111000000011010111 (
b11101011101000011 /
b11111111111111100010111101011000 .
b11111111111111100010111101011000 ,
b11111111111111100010111101011000 0
b1110010011001100 %
b111110100010010 '
#710000000000
0!
#710500000000
1!
b100101011001101100 -
b100101011001101100 1
b111110010011001100 #
b111000001011101110 (
b100101011001101100 /
b11111111111111100011110111101100 .
b11111111111111100011110111101100 ,
b11111111111111100011110111101100 0
b1101100001110011 %
b111100110111011 '
19
1:
1;
#711000000000
0!
#711500000000
1!
b11101100101011010 -
b11101100101011010 1
b111101100001110011 #
b111000011001000101 (
b11101100101011010 /
b11111111111111100010001010111000 .
b11111111111111100010001010111000 ,
b11111111111111100010001010111000 0
b1100110001111110 %
b111010100101100 '
#712000000000
0!
#712500000000
1!
b10101111110011111 -
b10101111110011111 1
b111100110001111110 #
b111000101011010100 (
b10101111110011111 /
b11111111111111011111101100101011 .
b11111111111111011111101100101011 ,
b11111111111111011111101100101011 0
b1100000100001101 %
b110111101110010 '
#713000000000
0!
#713500000000
1!
b1110101001110011 -
b1110101001110011 1
b111100000100001101 #
b111001000010001110 (
b1110101001110011 /
b11111111111111011100011110101001 .
b11111111111111011100011110101001 ,
b11111111111111011100011110101001 0
b1011011000111110 %
b110100010011010 '
#714000000000
0!
#714500000000
1!
b111101100000001 -
b111101100000001 1
b111011011000111110 #
b111001011101100110 (
b111101100000001 /
b11111111111111011000100010110110 .
b11111111111111011000100010110110 ,
b11111111111111011000100010110110 0
b1010110000101011 %
b110000010111000 '
#715000000000
0!
#715500000000
1!
b1001001100111 -
b1001001100111 1
b111010110000101011 #
b111001111101001000 (
b1001001100111 /
b11111111111111010011111011110100 .
b11111111111111010011111011110100 ,
b11111111111111010011111011110100 0
b1010001011101110 %
b101011111011101 '
#716000000000
0!
#716500000000
1!
b11111111111111111011000110101111 -
b11111111111111111011000110101111 1
b111010001011101110 #
b111010100000100011 (
b11111111111111111011000110101111 /
b11111111111111001110101100011111 .
b11111111111111001110101100011111 ,
b11111111111111001110101100011111 0
b1001101010011111 %
b100111000100010 '
#717000000000
0!
#717500000000
1!
b11111111111111110101100111010010 -
b11111111111111110101100111010010 1
b111001101010011111 #
b111011000111011110 (
b11111111111111110101100111010010 /
b11111111111111001000111000001101 .
b11111111111111001000111000001101 ,
b11111111111111001000111000001101 0
b1001001101010100 %
b100001110011111 '
#718000000000
0!
#718500000000
1!
b11111111111111110000101110110000 -
b11111111111111110000101110110000 1
b111001001101010100 #
b111011110001100001 (
b11111111111111110000101110110000 /
b11111111111111000010100010101100 .
b11111111111111000010100010101100 ,
b11111111111111000010100010101100 0
b1000110100011111 %
b11100001101111 '
#719000000000
0!
#719500000000
1!
b11111111111111101100100000010001 -
b11111111111111101100100000010001 1
b111000110100011111 #
b111100011110010001 (
b11111111111111101100100000010001 /
b11111111111110111011110000000000 .
b11111111111110111011110000000000 ,
b11111111111110111011110000000000 0
b1000100000001111 %
b10110010101111 '
#720000000000
0!
#720500000000
1!
b11111111111111101000111110100010 -
b11111111111111101000111110100010 1
b111000100000001111 #
b111101001101010001 (
b11111111111111101000111110100010 /
b11111111111110110100100100011111 .
b11111111111110110100100100011111 ,
b11111111111110110100100100011111 0
b1000010000110011 %
b10000001111101 '
09
0:
0;
#721000000000
0!
#721500000000
1!
b11111111111111101011110001010001 -
b11111111111111101011110001010001 1
b111000010000110011 #
b111101111110000011 (
b11111111111111101011110001010001 /
b11111111111110111100000100010000 .
b11111111111110111100000100010000 ,
b11111111111110111100000100010000 0
b1000000110010011 %
b1001111110111 '
#722000000000
0!
#722500000000
1!
b11111111111111101101110011001110 -
b11111111111111101101110011001110 1
b111000000110010011 #
b111110110000001001 (
b11111111111111101101110011001110 /
b11111111111111000011110011011101 .
b11111111111111000011110011011101 ,
b11111111111111000011110011011101 0
b1000000000110110 %
b11100111110 '
#723000000000
0!
#723500000000
1!
b11111111111111101111000011000101 -
b11111111111111101111000011000101 1
b111000000000110110 #
b111111100011000010 (
b11111111111111101111000011000101 /
b11111111111111001011101101001010 .
b11111111111111001011101101001010 ,
b11111111111111001011101101001010 0
b1000000000100000 %
b1111101001110100 '
#724000000000
0!
#724500000000
1!
b11111111111111101111100000000011 -
b11111111111111101111100000000011 1
b111000000000100000 #
b10110001100 (
b11111111111111101111100000000011 /
b11111111111111010011101100010100 .
b11111111111111010011101100010100 ,
b11111111111111010011101100010100 0
b1000000101010010 %
b1110110110110111 '
#725000000000
0!
#725500000000
1!
b11111111111111101111001001110111 -
b11111111111111101111001001110111 1
b111000000101010010 #
b1001001001001 (
b11111111111111101111001001110111 /
b11111111111111011011101011110100 .
b11111111111111011011101011110100 ,
b11111111111111011011101011110100 0
b1000001111000111 %
b1110000100101001 '
#726000000000
0!
#726500000000
1!
b11111111111111101110000000101110 -
b11111111111111101110000000101110 1
b111000001111000111 #
b1111011010111 (
b11111111111111101110000000101110 /
b11111111111111100011100110100010 .
b11111111111111100011100110100010 ,
b11111111111111100011100110100010 0
b1000011101111010 %
b1101010011101001 '
#727000000000
0!
#727500000000
1!
b11111111111111101100000101010111 -
b11111111111111101100000101010111 1
b111000011101111010 #
b10101100010111 (
b11111111111111101100000101010111 /
b11111111111111101011010111011011 .
b11111111111111101011010111011011 ,
b11111111111111101011010111011011 0
b1000110001100010 %
b1100100100011000 '
#728000000000
0!
#728500000000
1!
b11111111111111101001011001000000 -
b11111111111111101001011001000000 1
b111000110001100010 #
b11011011101000 (
b11111111111111101001011001000000 /
b11111111111111110010111001100001 .
b11111111111111110010111001100001 ,
b11111111111111110010111001100001 0
b1001001001110001 %
b1011110111010011 '
#729000000000
0!
#729500000000
1!
b11111111111111100101111101011000 -
b11111111111111100101111101011000 1
b111001001001110001 #
b100001000101101 (
b11111111111111100101111101011000 /
b11111111111111111010000111111111 .
b11111111111111111010000111111111 ,
b11111111111111111010000111111111 0
b1001100110011000 %
b1011001100111000 '
#730000000000
0!
#730500000000
1!
b11111111111111100001110100101011 -
b11111111111111100001110100101011 1
b111001100110011000 #
b100110011001000 (
b11111111111111100001110100101011 /
b111110001110 .
b111110001110 ,
b111110001110 0
b1010000111000110 %
b1010100101100001 '
19
1:
1;
#731000000000
0!
#731500000000
1!
b11111111111111100110100111110011 -
b11111111111111100110100111110011 1
b111010000111000110 #
b101011010011111 (
b11111111111111100110100111110011 /
b11111111111111111010100100100110 .
b11111111111111111010100100100110 ,
b11111111111111111010100100100110 0
b1010101011100100 %
b1010000001100111 '
#732000000000
0!
#732500000000
1!
b11111111111111101100000010010010 -
b11111111111111101100000010010010 1
b111010101011100100 #
b101111110011001 (
b11111111111111101100000010010010 /
b11111111111111110100101011101100 .
b11111111111111110100101011101100 ,
b11111111111111110100101011101100 0
b1011010011011100 %
b1001100001100010 '
#733000000000
0!
#733500000000
1!
b11111111111111110010000000101011 -
b11111111111111110010000000101011 1
b111011010011011100 #
b110011110011110 (
b11111111111111110010000000101011 /
b11111111111111101111010111010000 .
b11111111111111101111010111010000 ,
b11111111111111101111010111010000 0
b1011111110010100 %
b1001000101100110 '
#734000000000
0!
#734500000000
1!
b11111111111111111000011111001001 -
b11111111111111111000011111001001 1
b111011111110010100 #
b110111010011010 (
b11111111111111111000011111001001 /
b11111111111111101010101010101100 .
b11111111111111101010101010101100 ,
b11111111111111101010101010101100 0
b1100101011110010 %
b1000101110000101 '
#735000000000
0!
#735500000000
1!
b11111111111111111111011001100011 -
b11111111111111111111011001100011 1
b111100101011110010 #
b111010001111011 (
b11111111111111111111011001100011 /
b11111111111111100110101001000000 .
b11111111111111100110101001000000 ,
b11111111111111100110101001000000 0
b1101011011010110 %
b1000011011001110 '
#736000000000
0!
#736500000000
1!
b110101011011110 -
b110101011011110 1
b111101011011010110 #
b111100100110010 (
b110101011011110 /
b11111111111111100011010100110010 .
b11111111111111100011010100110010 ,
b11111111111111100011010100110010 0
b1110001100100100 %
b1000001101001101 '
#737000000000
0!
#737500000000
1!
b1110010000010000 -
b1110010000010000 1
b111110001100100100 #
b111110010110011 (
b1110010000010000 /
b11111111111111100000110000001000 .
b11111111111111100000110000001000 ,
b11111111111111100000110000001000 0
b1110111110111100 %
b1000000100001011 '
#738000000000
0!
#738500000000
1!
b10110000011000011 -
b10110000011000011 1
b111110111110111100 #
b111111011110101 (
b10110000011000011 /
b11111111111111011110111100101100 .
b11111111111111011110111100101100 ,
b11111111111111011110111100101100 0
b1111110001111110 %
b1000000000001110 '
#739000000000
0!
#739500000000
1!
b11101111110111000 -
b11101111110111000 1
b111111110001111110 #
b111111111110010 (
b11101111110111000 /
b11111111111111011101111011101000 .
b11111111111111011101111011101000 ,
b11111111111111011101111011101000 0
b100101000111 %
b1000000001011000 '
#740000000000
0!
#740500000000
1!
b100101111110101010 -
b100101111110101010 1
b100101000111 #
b111111110101000 (
b100101111110101010 /
b11111111111111011101101101100110 .
b11111111111111011101101101100110 ,
b11111111111111011101101101100110 0
b1010111111010 %
b1000000111101000 '
09
0:
0;
#741000000000
0!
#741500000000
1!
b11110000000000010 -
b11110000000000010 1
b1010111111010 #
b111111000011000 (
b11110000000000010 /
b11111111111111011101001000011111 .
b11111111111111011101001000011111 ,
b11111111111111011101001000011111 0
b10001001110101 %
b1000010010111011 '
#742000000000
0!
#742500000000
1!
b10110000111101010 -
b10110000111101010 1
b10001001110101 #
b111101101000101 (
b10110000111101010 /
b11111111111111011011110000100101 .
b11111111111111011011110000100101 ,
b11111111111111011011110000100101 0
b10111010010111 %
b1000100011001010 '
#743000000000
0!
#743500000000
1!
b1110011010100101 -
b1110011010100101 1
b10111010010111 #
b111011100110110 (
b1110011010100101 /
b11111111111111011001100110110000 .
b11111111111111011001100110110000 ,
b11111111111111011001100110110000 0
b11101001000010 %
b1000111000001001 '
#744000000000
0!
#744500000000
1!
b110111101101111 -
b110111101101111 1
b11101001000010 #
b111000111110111 (
b110111101101111 /
b11111111111111010110101100011001 .
b11111111111111010110101100011001 ,
b11111111111111010110101100011001 0
b100010101011001 %
b1001010001101100 '
#745000000000
0!
#745500000000
1!
b11111111111111111111110101111000 -
b11111111111111111111110101111000 1
b100010101011001 #
b110101110010100 (
b11111111111111111111110101111000 /
b11111111111111010011000011010111 .
b11111111111111010011000011010111 ,
b11111111111111010011000011010111 0
b100111110111101 %
b1001101111100001 '
#746000000000
0!
#746500000000
1!
b11111111111111111001000111100100 -
b11111111111111111001000111100100 1
b100111110111101 #
b110010000011111 (
b11111111111111111001000111100100 /
b11111111111111001110101101111110 .
b11111111111111001110101101111110 ,
b11111111111111001110101101111110 0
b101100101010110 %
b1010010001010111 '
#747000000000
0!
#747500000000
1!
b11111111111111110010110111000101 -
b11111111111111110010110111000101 1
b101100101010110 #
b101101110101001 (
b11111111111111110010110111000101 /
b11111111111111001001101111000001 .
b11111111111111001001101111000001 ,
b11111111111111001001101111000001 0
b110001000001011 %
b1010110110111000 '
#748000000000
0!
#748500000000
1!
b11111111111111101101001000011100 -
b11111111111111101101001000011100 1
b110001000001011 #
b101001001001000 (
b11111111111111101101001000011100 /
b11111111111111000100001001101011 .
b11111111111111000100001001101011 ,
b11111111111111000100001001101011 0
b110100111000100 %
b1011011111101011 '
#749000000000
0!
#749500000000
1!
b11111111111111100111111111010100 -
b11111111111111100111111111010100 1
b110100111000100 #
b100100000010101 (
b11111111111111100111111111010100 /
b11111111111110111110000001100000 .
b11111111111110111110000001100000 ,
b11111111111110111110000001100000 0
b111000001101111 %
b1100001011010110 '
#750000000000
0!
#750500000000
1!
b11111111111111100011011110111111 -
b11111111111111100011011110111111 1
b111000001101111 #
b11110100101010 (
b11111111111111100011011110111111 /
b11111111111110110111011010011100 .
b11111111111110110111011010011100 ,
b11111111111110110111011010011100 0
b111010111111011 %
b1100111001011110 '
19
1:
1;
#751000000000
0!
#751500000000
1!
b11111111111111100111010011101001 -
b11111111111111100111010011101001 1
b111010111111011 #
b11000110100010 (
b11111111111111100111010011101001 /
b11111111111110111110011100001011 .
b11111111111110111110011100001011 ,
b11111111111110111110011100001011 0
b111101001011000 %
b1101101001100101 '
#752000000000
0!
#752500000000
1!
b11111111111111101010011010001011 -
b11111111111111101010011010001011 1
b111101001011000 #
b10010110011011 (
b11111111111111101010011010001011 /
b11111111111111000101110100000110 .
b11111111111111000101110100000110 ,
b11111111111111000101110100000110 0
b111110101111101 %
b1110011011001100 '
#753000000000
0!
#753500000000
1!
b11111111111111101100110000100110 -
b11111111111111101100110000100110 1
b111110101111101 #
b1100100110100 (
b11111111111111101100110000100110 /
b11111111111111001101011101011110 .
b11111111111111001101011101011110 ,
b11111111111111001101011101011110 0
b111111101100001 %
b1111001101110011 '
#754000000000
0!
#754500000000
1!
b11111111111111101110010101011010 -
b11111111111111101110010101011010 1
b111111101100001 #
b110010001101 (
b11111111111111101110010101011010 /
b11111111111111010101010011011011 .
b11111111111111010101010011011011 ,
b11111111111111010101010011011011 0
b111111111111110 %
b111010 '
#755000000000
0!
#755500000000
1!
b11111111111111101111000111100111 -
b11111111111111101111000111100111 1
b111111111111110 #
b111111111111000110 (
b11111111111111101111000111100111 /
b11111111111111011101010000111100 .
b11111111111111011101010000111100 ,
b11111111111111011101010000111100 0
b111111101010101 %
b110100000001 '
#756000000000
0!
#756500000000
1!
b11111111111111101111000110101101 -
b11111111111111101111000110101101 1
b111111101010101 #
b111111001011111111 (
b11111111111111101111000110101101 /
b11111111111111100101010000111010 .
b11111111111111100101010000111010 ,
b11111111111111100101010000111010 0
b111110101100110 %
b1100110100110 '
#757000000000
0!
#757500000000
1!
b11111111111111101110010010101100 -
b11111111111111101110010010101100 1
b111110101100110 #
b111110011001011010 (
b11111111111111101110010010101100 /
b11111111111111101101001110001111 .
b11111111111111101101001110001111 ,
b11111111111111101101001110001111 0
b111101000110110 %
b10011000001010 '
#758000000000
0!
#758500000000
1!
b11111111111111101100101100000110 -
b11111111111111101100101100000110 1
b111101000110110 #
b111101100111110110 (
b11111111111111101100101100000110 /
b11111111111111110101000011110101 .
b11111111111111110101000011110101 ,
b11111111111111110101000011110101 0
b111010111001101 %
b11001000001101 '
#759000000000
0!
#759500000000
1!
b11111111111111101010010011111100 -
b11111111111111101010010011111100 1
b111010111001101 #
b111100110111110011 (
b11111111111111101010010011111100 /
b11111111111111111100101100101011 .
b11111111111111111100101100101011 ,
b11111111111111111100101100101011 0
b111000000110111 %
b11110110010000 '
#760000000000
0!
#760500000000
1!
b11111111111111100111001011101111 -
b11111111111111100111001011101111 1
b111000000110111 #
b111100001001110000 (
b11111111111111100111001011101111 /
b100000011111000 .
b100000011111000 ,
b100000011111000 0
b110100110000010 %
b100100001110101 '
09
0:
0;
#761000000000
0!
#761500000000
1!
b11111111111111101011000001111111 -
b11111111111111101011000001111111 1
b110100110000010 #
b111011011110001011 (
b11111111111111101011000001111111 /
b11111111111111111101000011000001 .
b11111111111111111101000011000001 ,
b11111111111111111101000011000001 0
b110000111000000 %
b101001010100001 '
#762000000000
0!
#762500000000
1!
b11111111111111101111100011110100 -
b11111111111111101111100011110100 1
b110000111000000 #
b111010110101011111 (
b11111111111111101111100011110100 /
b11111111111111110110011100111111 .
b11111111111111110110011100111111 ,
b11111111111111110110011100111111 0
b101100100000011 %
b101101111111010 '
#763000000000
0!
#763500000000
1!
b11111111111111110100101110010101 -
b11111111111111110100101110010101 1
b101100100000011 #
b111010010000000110 (
b11111111111111110100101110010101 /
b11111111111111110000010101111111 .
b11111111111111110000010101111111 ,
b11111111111111110000010101111111 0
b100111101100010 %
b110010001100111 '
#764000000000
0!
#764500000000
1!
b11111111111111111010011110001111 -
b11111111111111111010011110001111 1
b100111101100010 #
b111001101110011001 (
b11111111111111111010011110001111 /
b11111111111111101010110001111100 .
b11111111111111101010110001111100 ,
b11111111111111101010110001111100 0
b100010011110111 %
b110101111010011 '
#765000000000
0!
#765500000000
1!
b101111110110 -
b101111110110 1
b100010011110111 #
b111001010000101101 (
b101111110110 /
b11111111111111100101110100011010 .
b11111111111111100101110100011010 ,
b11111111111111100101110100011010 0
b11100111011011 %
b111001000101100 '
#766000000000
0!
#766500000000
1!
b111011111001001 -
b111011111001001 1
b11100111011011 #
b111000110111010100 (
b111011111001001 /
b11111111111111100001100000100011 .
b11111111111111100001100000100011 ,
b11111111111111100001100000100011 0
b10111000101011 %
b111011101100001 '
#767000000000
0!
#767500000000
1!
b1110100111110101 -
b1110100111110101 1
b10111000101011 #
b111000100010011111 (
b1110100111110101 /
b11111111111111011101111001001000 .
b11111111111111011101111001001000 ,
b11111111111111011101111001001000 0
b10001000000101 %
b111101101100100 '
#768000000000
0!
#768500000000
1!
b10110000101010110 -
b10110000101010110 1
b10001000000101 #
b111000010010011100 (
b10110000101010110 /
b11111111111111011011000000011101 .
b11111111111111011011000000011101 ,
b11111111111111011011000000011101 0
b1010110000111 %
b111111000101100 '
#769000000000
0!
#769500000000
1!
b11101110010111010 -
b11101110010111010 1
b1010110000111 #
b111000000111010100 (
b11101110010111010 /
b11111111111111011000111000011000 .
b11111111111111011000111000011000 ,
b11111111111111011000111000011000 0
b100011010011 %
b111111110110000 '
#770000000000
0!
#770500000000
1!
b100101101011100110 -
b100101101011100110 1
b100011010011 #
b111000000001010000 (
b100101101011100110 /
b11111111111111010111100010010001 .
b11111111111111010111100010010001 ,
b11111111111111010111100010010001 0
b1111110000001010 %
b111111111101111 '
19
1:
1;
#771000000000
0!
#771500000000
1!
b11101101100110110 -
b11101101100110110 1
b111111110000001010 #
b111000000000010001 (
b11101101100110110 /
b11111111111111011000000101100100 .
b11111111111111011000000101100100 ,
b11111111111111011000000101100100 0
b1110111101001001 %
b111111011100110 '
#772000000000
0!
#772500000000
1!
b10101101101000111 -
b10101101101000111 1
b111110111101001001 #
b111000000100011010 (
b10101101101000111 /
b11111111111111010111110101101110 .
b11111111111111010111110101101110 ,
b11111111111111010111110101101110 0
b1110001010110011 %
b111110010011000 '
#773000000000
0!
#773500000000
1!
b1101110001100001 -
b1101110001100001 1
b111110001010110011 #
b111000001101101000 (
b1101110001100001 /
b11111111111111010110110010110111 .
b11111111111111010110110010110111 ,
b11111111111111010110110010110111 0
b1101011001101000 %
b111100100001100 '
#774000000000
0!
#774500000000
1!
b101111111001001 -
b101111111001001 1
b111101011001101000 #
b111000011011110100 (
b101111111001001 /
b11111111111111010100111101101010 .
b11111111111111010100111101101010 ,
b11111111111111010100111101101010 0
b1100101010001000 %
b111010001001010 '
#775000000000
0!
#775500000000
1!
b11111111111111111110011010111101 -
b11111111111111111110011010111101 1
b111100101010001000 #
b111000101110110110 (
b11111111111111111110011010111101 /
b11111111111111010010010111010010 .
b11111111111111010010010111010010 ,
b11111111111111010010010111010010 0
b1011111100110000 %
b110111001011111 '
#776000000000
0!
#776500000000
1!
b11111111111111110111001001110011 -
b11111111111111110111001001110011 1
b111011111100110000 #
b111001000110100001 (
b11111111111111110111001001110011 /
b11111111111111001111000001011010 .
b11111111111111001111000001011010 ,
b11111111111111001111000001011010 0
b1011010001111110 %
b110011101011001 '
#777000000000
0!
#777500000000
1!
b11111111111111110000010000010100 -
b11111111111111110000010000010100 1
b111011010001111110 #
b111001100010100111 (
b11111111111111110000010000010100 /
b11111111111111001010111110001010 .
b11111111111111001010111110001010 ,
b11111111111111001010111110001010 0
b1010101010001101 %
b101111101001011 '
#778000000000
0!
#778500000000
1!
b11111111111111101001110010111011 -
b11111111111111101001110010111011 1
b111010101010001101 #
b111010000010110101 (
b11111111111111101001110010111011 /
b11111111111111000110010000001000 .
b11111111111111000110010000001000 ,
b11111111111111000110010000001000 0
b1010000101110111 %
b101011001001001 '
#779000000000
0!
#779500000000
1!
b11111111111111100011110101110000 -
b11111111111111100011110101110000 1
b111010000101110111 #
b111010100110110111 (
b11111111111111100011110101110000 /
b11111111111111000000111010010101 .
b11111111111111000000111010010101 ,
b11111111111111000000111010010101 0
b1001100101010011 %
b100110001101011 '
#780000000000
0!
#780500000000
1!
b11111111111111011110011100100111 -
b11111111111111011110011100100111 1
b111001100101010011 #
b111011001110010101 (
b11111111111111011110011100100111 /
b11111111111110111011000000001100 .
b11111111111110111011000000001100 ,
b11111111111110111011000000001100 0
b1001001000110101 %
b100000111001001 '
09
0:
0;
#781000000000
0!
#781500000000
1!
b11111111111111100011001110010010 -
b11111111111111100011001110010010 1
b111001001000110101 #
b111011111000110111 (
b11111111111111100011001110010010 /
b11111111111111000001011010111001 .
b11111111111111000001011010111001 ,
b11111111111111000001011010111001 0
b1000110000110000 %
b11011001111111 '
#782000000000
0!
#782500000000
1!
b11111111111111100111010101011011 -
b11111111111111100111010101011011 1
b111000110000110000 #
b111100100110000001 (
b11111111111111100111010101011011 /
b11111111111111001000010010000100 .
b11111111111111001000010010000100 ,
b11111111111111001000010010000100 0
b1000011101010011 %
b10101010101001 '
#783000000000
0!
#783500000000
1!
b11111111111111101010101111011010 -
b11111111111111101010101111011010 1
b111000011101010011 #
b111101010101010111 (
b11111111111111101010101111011010 /
b11111111111111001111100001010100 .
b11111111111111001111100001010100 ,
b11111111111111001111100001010100 0
b1000001110101011 %
b1111001100110 '
#784000000000
0!
#784500000000
1!
b11111111111111101101011010000011 -
b11111111111111101101011010000011 1
b111000001110101011 #
b111110000110011010 (
b11111111111111101101011010000011 /
b11111111111111010111000100000001 .
b11111111111111010111000100000001 ,
b11111111111111010111000100000001 0
b1000000101000001 %
b1000111010110 '
#785000000000
0!
#785500000000
1!
b11111111111111101111010011101001 -
b11111111111111101111010011101001 1
b111000000101000001 #
b111110111000101010 (
b11111111111111101111010011101001 /
b11111111111111011110110101010110 .
b11111111111111011110110101010110 ,
b11111111111111011110110101010110 0
b1000000000011011 %
b10100011000 '
#786000000000
0!
#786500000000
1!
b11111111111111110000011010111111 -
b11111111111111110000011010111111 1
b111000000000011011 #
b111111101011101000 (
b11111111111111110000011010111111 /
b11111111111111100110110000010101 .
b11111111111111100110110000010101 ,
b11111111111111100110110000010101 0
b1000000000111101 %
b1111100001001110 '
#787000000000
0!
#787500000000
1!
b11111111111111110000101111010111 -
b11111111111111110000101111010111 1
b111000000000111101 #
b11110110010 (
b11111111111111110000101111010111 /
b11111111111111101110101111111010 .
b11111111111111101110101111111010 ,
b11111111111111101110101111111010 0
b1000000110100101 %
b1110101110010110 '
#788000000000
0!
#788500000000
1!
b11111111111111110000010000100101 -
b11111111111111110000010000100101 1
b111000000110100101 #
b1010001101010 (
b11111111111111110000010000100101 /
b11111111111111110110101110111101 .
b11111111111111110110101110111101 ,
b11111111111111110110101110111101 0
b1000010001010000 %
b1101111100010011 '
#789000000000
0!
#789500000000
1!
b11111111111111101110111110111011 -
b11111111111111101110111110111011 1
b111000010001010000 #
b10000011101101 (
b11111111111111101110111110111011 /
b11111111111111111110101000011000 .
b11111111111111111110101000011000 ,
b11111111111111111110101000011000 0
b1000100000111000 %
b1101001011100100 '
#790000000000
0!
#790500000000
1!
b11111111111111101100111011001110 -
b11111111111111101100111011001110 1
b111000100000111000 #
b10110100011100 (
b11111111111111101100111011001110 /
b110010111001000 .
b110010111001000 ,
b110010111001000 0
b1000110101010010 %
b1100011100101000 '
19
1:
1;
#791000000000
0!
#791500000000
1!
b11111111111111101111101111101010 -
b11111111111111101111101111101010 1
b111000110101010010 #
b11100011011000 (
b11111111111111101111101111101010 /
b11111111111111111110111000000000 .
b11111111111111111110111000000000 ,
b11111111111111111110111000000000 0
b1001001110010010 %
b1011101111111110 '
#792000000000
0!
#792500000000
1!
b11111111111111110011010011000010 -
b11111111111111110011010011000010 1
b111001001110010010 #
b100010000000010 (
b11111111111111110011010011000010 /
b11111111111111110111101101010010 .
b11111111111111110111101101010010 ,
b11111111111111110111101101010010 0
b1001101011100111 %
b1011000110000010 '
#793000000000
0!
#793500000000
1!
b11111111111111110111100011000100 -
b11111111111111110111100011000100 1
b111001101011100111 #
b100111001111110 (
b11111111111111110111100011000100 /
b11111111111111110000111011100100 .
b11111111111111110000111011100100 ,
b11111111111111110000111011100100 0
b1010001100111110 %
b1010011111001110 '
#794000000000
0!
#794500000000
1!
b11111111111111111100011101000010 -
b11111111111111111100011101000010 1
b111010001100111110 #
b101100000110010 (
b11111111111111111100011101000010 /
b11111111111111101010100111001011 .
b11111111111111101010100111001011 ,
b11111111111111101010100111001011 0
b1010110010000011 %
b1001111011111100 '
#795000000000
0!
#795500000000
1!
b1111101110100 -
b1111101110100 1
b111010110010000011 #
b110000100000100 (
b1111101110100 /
b11111111111111100100110100001001 .
b11111111111111100100110100001001 ,
b11111111111111100100110100001001 0
b1011011010011101 %
b1001011100100011 '
#796000000000
0!
#796500000000
1!
b1000000001111000 -
b1000000001111000 1
b111011011010011101 #
b110100011011101 (
b1000000001111000 /
b11111111111111011111100110001100 .
b11111111111111011111100110001100 ,
b11111111111111011111100110001100 0
b1100000101110011 %
b1001000001010101 '
#797000000000
0!
#797500000000
1!
b1110100101010101 -
b1110100101010101 1
b111100000101110011 #
b110111110101011 (
b1110100101010101 /
b11111111111111011011000000101001 .
b11111111111111011011000000101001 ,
b11111111111111011011000000101001 0
b1100110011101001 %
b1000101010100101 '
#798000000000
0!
#798500000000
1!
b10101100100000000 -
b10101100100000000 1
b111100110011101001 #
b111010101011011 (
b10101100100000000 /
b11111111111111010111000110011100 .
b11111111111111010111000110011100 ,
b11111111111111010111000110011100 0
b1101100011100010 %
b1000011000100010 '
#799000000000
0!
#799500000000
1!
b11100111001011011 -
b11100111001011011 1
b111101100011100010 #
b111100111011110 (
b11100111001011011 /
b11111111111111010011111010000101 .
b11111111111111010011111010000101 ,
b11111111111111010011111010000101 0
b1110010100111110 %
b1000001011010110 '
#800000000000
0!
#800500000000
1!
b100100100000111001 -
b100100100000111001 1
b111110010100111110 #
b111110100101010 (
b100100100000111001 /
b11111111111111010001011101100111 .
b11111111111111010001011101100111 ,
b11111111111111010001011101100111 0
b1111000111011111 %
b1000000011001010 '
09
0:
0;
#801000000000
0!
#801500000000
1!
b11100101100001111 -
b11100101100001111 1
b111111000111011111 #
b111111100110110 (
b11100101100001111 /
b11111111111111010011001000101001 .
b11111111111111010011001000101001 ,
b11111111111111010011001000101001 0
b1111111010100101 %
b1000000000000011 '
#802000000000
0!
#802500000000
1!
b10100101111011001 -
b10100101111011001 1
b111111111010100101 #
b111111111111101 (
b10100101111011001 /
b11111111111111010100000001001010 .
b11111111111111010100000001001010 ,
b11111111111111010100000001001010 0
b101101101101 %
b1000000010000100 '
#803000000000
0!
#803500000000
1!
b1100101111011100 -
b1100101111011100 1
b101101101101 #
b111111101111100 (
b1100101111011100 /
b11111111111111010100000110100101 .
b11111111111111010100000110100101 ,
b11111111111111010100000110100101 0
b1100000011000 %
b1000001001001011 '
#804000000000
0!
#804500000000
1!
b100110001100000 -
b100110001100000 1
b1100000011000 #
b111110110110101 (
b100110001100000 /
b11111111111111010011011000111000 .
b11111111111111010011011000111000 ,
b11111111111111010011011000111000 0
b10010010000110 %
b1000010101010100 '
#805000000000
0!
#805500000000
1!
b11111111111111111100111010101011 -
b11111111111111111100111010101011 1
b10010010000110 #
b111101010101100 (
b11111111111111111100111010101011 /
b11111111111111010001111000100000 .
b11111111111111010001111000100000 ,
b11111111111111010001111000100000 0
b11000010010111 %
b1000100110010110 '
#806000000000
0!
#806500000000
1!
b11111111111111110101001111111111 -
b11111111111111110101001111111111 1
b11000010010111 #
b111011001101010 (
b11111111111111110101001111111111 /
b11111111111111001111100110011010 .
b11111111111111001111100110011010 ,
b11111111111111001111100110011010 0
b11110000101011 %
b1000111100001000 '
#807000000000
0!
#807500000000
1!
b11111111111111101101110110010101 -
b11111111111111101101110110010101 1
b11110000101011 #
b111000011111000 (
b11111111111111101101110110010101 /
b11111111111111001100100100000011 .
b11111111111111001100100100000011 ,
b11111111111111001100100100000011 0
b100011100100101 %
b1001010110011010 '
#808000000000
0!
#808500000000
1!
b11111111111111100110110010011101 -
b11111111111111100110110010011101 1
b100011100100101 #
b110101001100110 (
b11111111111111100110110010011101 /
b11111111111111001000110011011000 .
b11111111111111001000110011011000 ,
b11111111111111001000110011011000 0
b101000101101001 %
b1001110100111100 '
#809000000000
0!
#809500000000
1!
b11111111111111100000001000110111 -
b11111111111111100000001000110111 1
b101000101101001 #
b110001011000100 (
b11111111111111100000001000110111 /
b11111111111111000100010110110011 .
b11111111111111000100010110110011 ,
b11111111111111000100010110110011 0
b101101011011110 %
b1010010111011011 '
#810000000000
0!
#810500000000
1!
b11111111111111011001111101110011 -
b11111111111111011001111101110011 1
b101101011011110 #
b101101000100101 (
b11111111111111011001111101110011 /
b11111111111110111111010001001010 .
b11111111111110111111010001001010 ,
b11111111111110111111010001001010 0
b110001101101001 %
b1010111101100001 '
19
1:
1;
#811000000000
0!
#811500000000
1!
b11111111111111011111100110011000 -
b11111111111111011111100110011000 1
b110001101101001 #
b101000010011111 (
b11111111111111011111100110011000 /
b11111111111111000100111100101000 .
b11111111111111000100111100101000 ,
b11111111111111000100111100101000 0
b110101011110111 %
b1011100110110101 '
#812000000000
0!
#812500000000
1!
b11111111111111100100101000110111 -
b11111111111111100100101000110111 1
b110101011110111 #
b100011001001011 (
b11111111111111100100101000110111 /
b11111111111111001011001010010001 .
b11111111111111001011001010010001 ,
b11111111111111001011001010010001 0
b111000101110010 %
b1100010010111100 '
#813000000000
0!
#813500000000
1!
b11111111111111101001000010000010 -
b11111111111111101001000010000010 1
b111000101110010 #
b11101101000100 (
b11111111111111101001000010000010 /
b11111111111111010001110110001000 .
b11111111111111010001110110001000 ,
b11111111111111010001110110001000 0
b111011011001100 %
b1101000001011100 '
#814000000000
0!
#814500000000
1!
b11111111111111101100101111000110 -
b11111111111111101100101111000110 1
b111011011001100 #
b10111110100100 (
b11111111111111101100101111000110 /
b11111111111111011000111011111010 .
b11111111111111011000111011111010 ,
b11111111111111011000111011111010 0
b111101011110110 %
b1101110001110101 '
#815000000000
0!
#815500000000
1!
b11111111111111101111101101101010 -
b11111111111111101111101101101010 1
b111101011110110 #
b10001110001011 (
b11111111111111101111101101101010 /
b11111111111111100000010111000110 .
b11111111111111100000010111000110 ,
b11111111111111100000010111000110 0
b111110111100101 %
b1110100011101001 '
#816000000000
0!
#816500000000
1!
b11111111111111110001111011110101 -
b11111111111111110001111011110101 1
b111110111100101 #
b1011100010111 (
b11111111111111110001111011110101 /
b11111111111111101000000010111100 .
b11111111111111101000000010111100 ,
b11111111111111101000000010111100 0
b111111110010010 %
b1111010110011000 '
#817000000000
0!
#817500000000
1!
b11111111111111110011011000001100 -
b11111111111111110011011000001100 1
b111111110010010 #
b101001101000 (
b11111111111111110011011000001100 /
b11111111111111101111111010100001 .
b11111111111111101111111010100001 ,
b11111111111111101111111010100001 0
b111111111111001 %
b1001100001 '
#818000000000
0!
#818500000000
1!
b11111111111111110100000001110100 -
b11111111111111110100000001110100 1
b111111111111001 #
b111111110110011111 (
b11111111111111110100000001110100 /
b11111111111111110111111000110011 .
b11111111111111110111111000110011 ,
b11111111111111110111111000110011 0
b111111100011000 %
b111100100100 '
#819000000000
0!
#819500000000
1!
b11111111111111110011111000010011 -
b11111111111111110011111000010011 1
b111111100011000 #
b111111000011011100 (
b11111111111111110011111000010011 /
b11111111111111111111111000101100 .
b11111111111111111111111000101100 ,
b11111111111111111111111000101100 0
b111110011110011 %
b1101111000001 '
#820000000000
0!
#820500000000
1!
b11111111111111110010111011101111 -
b11111111111111110010111011101111 1
b111110011110011 #
b111110010000111111 (
b11111111111111110010111011101111 /
b111110101000100 .
b111110101000100 ,
b111110101000100 0
b111100110001110 %
b10100000010111 '
09
0:
0;
#821000000000
0!
#821500000000
1!
b11111111111111110100101010110000 -
b11111111111111110100101010110000 1
b111100110001110 #
b111101011111101001 (
b11111111111111110100101010110000 /
b1010001 .
b1010001 ,
b1010001 0
b111010011110001 %
b11010000000110 '
#822000000000
0!
#822500000000
1!
b11111111111111110111001011000111 -
b11111111111111110111001011000111 1
b111010011110001 #
b111100101111111010 (
b11111111111111110111001011000111 /
b11111111111111111000011011000011 .
b11111111111111111000011011000011 ,
b11111111111111111000011011000011 0
b110111100101010 %
b11111101110001 '
#823000000000
0!
#823500000000
1!
b11111111111111111010011011001101 -
b11111111111111111010011011001101 1
b110111100101010 #
b111100000010001111 (
b11111111111111111010011011001101 /
b11111111111111110001000111010010 .
b11111111111111110001000111010010 ,
b11111111111111110001000111010010 0
b110100001000111 %
b100101000111001 '
#824000000000
0!
#824500000000
1!
b11111111111111111110011000111110 -
b11111111111111111110011000111110 1
b110100001000111 #
b111011010111000111 (
b11111111111111111110011000111110 /
b11111111111111101010001010101000 .
b11111111111111101010001010101000 ,
b11111111111111101010001010101000 0
b110000001011000 %
b101010001000011 '
#825000000000
0!
#825500000000
1!
b11000001110111 -
b11000001110111 1
b110000001011000 #
b111010101110111101 (
b11000001110111 /
b11111111111111100011101001100001 .
b11111111111111100011101001100001 ,
b11111111111111100011101001100001 0
b101011101110100 %
b101110101110101 '
#826000000000
0!
#826500000000
1!
b1000010010111010 -
b1000010010111010 1
b101011101110100 #
b111010001010001011 (
b1000010010111010 /
b11111111111111011101101000001001 .
b11111111111111011101101000001001 ,
b11111111111111011101101000001001 0
b100110110101111 %
b110010110111001 '
#827000000000
0!
#827500000000
1!
b1110001000101111 -
b1110001000101111 1
b100110110101111 #
b111001101001000111 (
b1110001000101111 /
b11111111111111011000001010010101 .
b11111111111111011000001010010101 ,
b11111111111111011000001010010101 0
b100001100100100 %
b110110011111000 '
#828000000000
0!
#828500000000
1!
b10100011111101000 -
b10100011111101000 1
b100001100100100 #
b111001001100001000 (
b10100011111101000 /
b11111111111111010011010011100110 .
b11111111111111010011010011100110 ,
b11111111111111010011010011100110 0
b11011111101101 %
b111001100100001 '
#829000000000
0!
#829500000000
1!
b11011010011100000 -
b11011010011100000 1
b11011111101101 #
b111000110011011111 (
b11011010011100000 /
b11111111111111001111000111000010 .
b11111111111111001111000111000010 ,
b11111111111111001111000111000010 0
b10110000100111 %
b111100000100011 '
#830000000000
0!
#830500000000
1!
b100010100000000001 -
b100010100000000001 1
b10110000100111 #
b111000011111011101 (
b100010100000000001 /
b11111111111111001011100111010101 .
b11111111111111001011100111010101 ,
b11111111111111001011100111010101 0
b1111111110000 %
b111101111110010 '
19
1:
1;
#831000000000
0!
#831500000000
1!
b11010111111011110 -
b11010111111011110 1
b1111111110000 #
b111000010000001110 (
b11010111111011110 /
b11111111111111001110010111111100 .
b11111111111111001110010111111100 ,
b11111111111111001110010111111100 0
b1001101101000 %
b111111010000100 '
#832000000000
0!
#832500000000
1!
b10011001111101100 -
b10011001111101100 1
b1001101101000 #
b111000000101111100 (
b10011001111101100 /
b11111111111111010000010111101100 .
b11111111111111010000010111101100 ,
b11111111111111010000010111101100 0
b11010101101 %
b111111111010010 '
#833000000000
0!
#833500000000
1!
b1011010101101000 -
b1011010101101000 1
b11010101101 #
b111000000000101110 (
b1011010101101000 /
b11111111111111010001100101010100 .
b11111111111111010001100101010100 ,
b11111111111111010001100101010100 0
b1111100111100011 %
b111111111011001 '
#834000000000
0!
#834500000000
1!
b11010110010110 -
b11010110010110 1
b111111100111100011 #
b111000000000100111 (
b11010110010110 /
b11111111111111010010000000000001 .
b11111111111111010010000000000001 ,
b11111111111111010010000000000001 0
b1110110100100111 %
b111111010011001 '
#835000000000
0!
#835500000000
1!
b11111111111111111011010110111101 -
b11111111111111111011010110111101 1
b111110110100100111 #
b111000000101100111 (
b11111111111111111011010110111101 /
b11111111111111010001100111100100 .
b11111111111111010001100111100100 ,
b11111111111111010001100111100100 0
b1110000010011100 %
b111110000010110 '
#836000000000
0!
#836500000000
1!
b11111111111111110011011100100100 -
b11111111111111110011011100100100 1
b111110000010011100 #
b111000001111101010 (
b11111111111111110011011100100100 /
b11111111111111010000011100001011 .
b11111111111111010000011100001011 ,
b11111111111111010000011100001011 0
b1101010001100001 %
b111100001010101 '
#837000000000
0!
#837500000000
1!
b11111111111111101011101100001110 -
b11111111111111101011101100001110 1
b111101010001100001 #
b111000011110101011 (
b11111111111111101011101100001110 /
b11111111111111001110011110100111 .
b11111111111111001110011110100111 ,
b11111111111111001110011110100111 0
b1100100010010101 %
b111001101100000 '
#838000000000
0!
#838500000000
1!
b11111111111111100100001010111001 -
b11111111111111100100001010111001 1
b111100100010010101 #
b111000110010100000 (
b11111111111111100100001010111001 /
b11111111111111001011110000001000 .
b11111111111111001011110000001000 ,
b11111111111111001011110000001000 0
b1011110101010111 %
b110110101000100 '
#839000000000
0!
#839500000000
1!
b11111111111111011100111101011001 -
b11111111111111011100111101011001 1
b111011110101010111 #
b111001001010111100 (
b11111111111111011100111101011001 /
b11111111111111001000010010011101 .
b11111111111111001000010010011101 ,
b11111111111111001000010010011101 0
b1011001011000100 %
b110011000010000 '
#840000000000
0!
#840500000000
1!
b11111111111111010110001000010101 -
b11111111111111010110001000010101 1
b111011001011000100 #
b111001100111110000 (
b11111111111111010110001000010101 /
b11111111111111000100000111110100 .
b11111111111111000100000111110100 ,
b11111111111111000100000111110100 0
b1010100011110110 %
b101110111011000 '
09
0:
0;
#841000000000
0!
#841500000000
1!
b11111111111111011100100000100101 -
b11111111111111011100100000100101 1
b111010100011110110 #
b111010001000101000 (
b11111111111111011100100000100101 /
b11111111111111001000111100110000 .
b11111111111111001000111100110000 ,
b11111111111111001000111100110000 0
b1010000000000111 %
b101010010101111 '
#842000000000
0!
#842500000000
1!
b11111111111111100010010111111101 -
b11111111111111100010010111111101 1
b111010000000000111 #
b111010101101010001 (
b11111111111111100010010111111101 /
b11111111111111001110011000111010 .
b11111111111111001110011000111010 ,
b11111111111111001110011000111010 0
b1001100000001101 %
b100101010101110 '
#843000000000
0!
#843500000000
1!
b11111111111111100111101010101100 -
b11111111111111100111101010101100 1
b111001100000001101 #
b111011010101010010 (
b11111111111111100111101010101100 /
b11111111111111010100011000110011 .
b11111111111111010100011000110011 ,
b11111111111111010100011000110011 0
b1001000100011110 %
b11111111101110 '
#844000000000
0!
#844500000000
1!
b11111111111111101100010101011010 -
b11111111111111101100010101011010 1
b111001000100011110 #
b111100000000010010 (
b11111111111111101100010101011010 /
b11111111111111011010111000100110 .
b11111111111111011010111000100110 ,
b11111111111111011010111000100110 0
b1000101101001010 %
b11010010001010 '
#845000000000
0!
#845500000000
1!
b11111111111111110000010101001000 -
b11111111111111110000010101001000 1
b111000101101001010 #
b111100101101110110 (
b11111111111111110000010101001000 /
b11111111111111100001110100001000 .
b11111111111111100001110100001000 ,
b11111111111111100001110100001000 0
b1000011010100000 %
b10100010100000 '
#846000000000
0!
#846500000000
1!
b11111111111111110011100111010010 -
b11111111111111110011100111010010 1
b111000011010100000 #
b111101011101100000 (
b11111111111111110011100111010010 /
b11111111111111101001000110111110 .
b11111111111111101001000110111110 ,
b11111111111111101001000110111110 0
b1000001100101101 %
b1110001001110 '
#847000000000
0!
#847500000000
1!
b11111111111111110110001001110010 -
b11111111111111110110001001110010 1
b111000001100101101 #
b111110001110110010 (
b11111111111111110110001001110010 /
b11111111111111110000101100011110 .
b11111111111111110000101100011110 ,
b11111111111111110000101100011110 0
b1000000011111001 %
b111110110100 '
#848000000000
0!
#848500000000
1!
b11111111111111110111111011000000 -
b11111111111111110111111011000000 1
b111000000011111001 #
b111111000001001100 (
b11111111111111110111111011000000 /
b11111111111111111000011111110001 .
b11111111111111111000011111110001 ,
b11111111111111111000011111110001 0
b1000000000001010 %
b1011110001 '
#849000000000
0!
#849500000000
1!
b11111111111111111000111001110100 -
b11111111111111111000111001110100 1
b111000000000001010 #
b111111110100001111 (
b11111111111111111000111001110100 /
b11011111000 .
b11011111000 ,
b11011111000 0
b1000000001100011 %
b1111011000101000 '
#850000000000
0!
#850500000000
1!
b11111111111111111001000101100101 -
b11111111111111111001000101100101 1
b111000000001100011 #
b100111011000 (
b11111111111111111001000101100101 /
b1000011011101110 .
b1000011011101110 ,
b1000011011101110 0
b1000001000000001 %
b1110100101110111 '
19
1:
1;
#851000000000
0!
#851500000000
1!
b11111111111111111001101100111101 -
b11111111111111111001101100111101 1
b111000001000000001 #
b1011010001001 (
b11111111111111111001101100111101 /
b11101010001 .
b11101010001 ,
b11101010001 0
b1000010011100011 %
b1101110100000000 '
#852000000000
0!
#852500000000
1!
b11111111111111111011000111000110 -
b11111111111111111011000111000110 1
b111000010011100011 #
b10001100000000 (
b11111111111111111011000111000110 /
b11111111111111111000100101010010 .
b11111111111111111000100101010010 ,
b11111111111111111000100101010010 0
b1000100011111111 %
b1101000011100010 '
#853000000000
0!
#853500000000
1!
b11111111111111111101010011000110 -
b11111111111111111101010011000110 1
b111000100011111111 #
b10111100011110 (
b11111111111111111101010011000110 /
b11111111111111110000111000110101 .
b11111111111111110000111000110101 ,
b11111111111111110000111000110101 0
b1000111001001011 %
b1100010100111101 '
#854000000000
0!
#854500000000
1!
b1111100100 -
b1111100100 1
b111000111001001011 #
b11101011000011 (
b1111100100 /
b11111111111111101001011100110100 .
b11111111111111101001011100110100 ,
b11111111111111101001011100110100 0
b1001010010111010 %
b1011101000101110 '
#855000000000
0!
#855500000000
1!
b11111010100111 -
b11111010100111 1
b111001010010111010 #
b100010111010010 (
b11111010100111 /
b11111111111111100010010101111111 .
b11111111111111100010010101111111 ,
b11111111111111100010010101111111 0
b1001110000111100 %
b1010111111010001 '
#856000000000
0!
#856500000000
1!
b1000010001111001 -
b1000010001111001 1
b111001110000111100 #
b101000000101111 (
b1000010001111001 /
b11111111111111011011101000111001 .
b11111111111111011011101000111001 ,
b11111111111111011011101000111001 0
b1010010010111101 %
b1010011001000010 '
#857000000000
0!
#857500000000
1!
b1101010010101000 -
b1101010010101000 1
b111010010010111101 #
b101100110111110 (
b1101010010101000 /
b11111111111111010101011001110101 .
b11111111111111010101011001110101 ,
b11111111111111010101011001110101 0
b1010111000100111 %
b1001110110011000 '
#858000000000
0!
#858500000000
1!
b10010111001100110 -
b10010111001100110 1
b111010111000100111 #
b110001001101000 (
b10010111001100110 /
b11111111111111001111101100110010 .
b11111111111111001111101100110010 ,
b11111111111111001111101100110010 0
b1011100001100011 %
b1001010111101011 '
#859000000000
0!
#859500000000
1!
b11001000011001110 -
b11001000011001110 1
b111011100001100011 #
b110101000010101 (
b11001000011001110 /
b11111111111111001010100101011001 .
b11111111111111001010100101011001 ,
b11111111111111001010100101011001 0
b1100001101010110 %
b1000111101001100 '
#860000000000
0!
#860500000000
1!
b11111101011100011 -
b11111101011100011 1
b111100001101010110 #
b111000010110100 (
b11111101011100011 /
b11111111111111000110000110111100 .
b11111111111111000110000110111100 ,
b11111111111111000110000110111100 0
b1100111011100100 %
b1000100111001110 '
09
0:
0;
#861000000000
0!
#861500000000
1!
b11000101000101111 -
b11000101000101111 1
b111100111011100100 #
b111011000110010 (
b11000101000101111 /
b11111111111111001001111001100110 .
b11111111111111001001111001100110 ,
b11111111111111001001111001100110 0
b1101101011110000 %
b1000010101111110 '
#862000000000
0!
#862500000000
1!
b10001001111111101 -
b10001001111111101 1
b111101101011110000 #
b111101010000010 (
b10001001111111101 /
b11111111111111001100111110000010 .
b11111111111111001100111110000010 ,
b11111111111111001100111110000010 0
b1110011101011010 %
b1000001001100111 '
#863000000000
0!
#863500000000
1!
b1001100101111011 -
b1001100101111011 1
b111110011101011010 #
b111110110011001 (
b1001100101111011 /
b11111111111111001111010010010010 .
b11111111111111001111010010010010 ,
b11111111111111001111010010010010 0
b1111010000000100 %
b1000000010010010 '
#864000000000
0!
#864500000000
1!
b1101111100010 -
b1101111100010 1
b111111010000000100 #
b111111101101110 (
b1101111100010 /
b11111111111111010000110100111000 .
b11111111111111010000110100111000 ,
b11111111111111010000110100111000 0
b11001011 %
b1000000000000010 '
#865000000000
0!
#865500000000
1!
b11111111111111111001110001110100 -
b11111111111111111001110001110100 1
b11001011 #
b111111111111110 (
b11111111111111111001110001110100 /
b11111111111111010001100100110100 .
b11111111111111010001100100110100 ,
b11111111111111010001100100110100 0
b110110010001 %
b1000000010111010 '
#866000000000
0!
#866500000000
1!
b11111111111111110001110001110110 -
b11111111111111110001110001110110 1
b110110010001 #
b111111101000110 (
b11111111111111110001110001110110 /
b11111111111111010001100001101001 .
b11111111111111010001100001101001 ,
b11111111111111010001100001101001 0
b1101000110100 %
b1000001010111000 '
#867000000000
0!
#867500000000
1!
b11111111111111101001110100110000 -
b11111111111111101001110100110000 1
b1101000110100 #
b111110101001000 (
b11111111111111101001110100110000 /
b11111111111111010000101011011000 .
b11111111111111010000101011011000 ,
b11111111111111010000101011011000 0
b10011010010101 %
b1000010111110110 '
#868000000000
0!
#868500000000
1!
b11111111111111100001111111101000 -
b11111111111111100001111111101000 1
b10011010010101 #
b111101000001010 (
b11111111111111100001111111101000 /
b11111111111111001111000010100100 .
b11111111111111001111000010100100 ,
b11111111111111001111000010100100 0
b11001010010011 %
b1000101001101100 '
#869000000000
0!
#869500000000
1!
b11111111111111011010010111011110 -
b11111111111111011010010111011110 1
b11001010010011 #
b111010110010100 (
b11111111111111011010010111011110 /
b11111111111111001100101000001111 .
b11111111111111001100101000001111 ,
b11111111111111001100101000001111 0
b11111000001111 %
b1001000000001111 '
#870000000000
0!
#870500000000
1!
b11111111111111010011000001001010 -
b11111111111111010011000001001010 1
b11111000001111 #
b110111111110001 (
b11111111111111010011000001001010 /
b11111111111111001001011101111100 .
b11111111111111001001011101111100 ,
b11111111111111001001011101111100 0
b100100011101101 %
b1001011011010000 '
19
1:
1;
#871000000000
0!
#871500000000
1!
b11111111111111011010000000111011 -
b11111111111111011010000000111011 1
b100100011101101 #
b110100100110000 (
b11111111111111011010000000111011 /
b11111111111111001101010110001011 .
b11111111111111001101010110001011 ,
b11111111111111001101010110001011 0
b101001100010000 %
b1001111010011110 '
#872000000000
0!
#872500000000
1!
b11111111111111100000100101101011 -
b11111111111111100000100101101011 1
b101001100010000 #
b110000101100010 (
b11111111111111100000100101101011 /
b11111111111111010001111001111000 .
b11111111111111010001111001111000 ,
b11111111111111010001111001111000 0
b101110001011110 %
b1010011101100110 '
#873000000000
0!
#873500000000
1!
b11111111111111100110101011001101 -
b11111111111111100110101011001101 1
b101110001011110 #
b101100010011010 (
b11111111111111100110101011001101 /
b11111111111111010111000110001000 .
b11111111111111010111000110001000 ,
b11111111111111010111000110001000 0
b110010011000001 %
b1011000100010000 '
#874000000000
0!
#874500000000
1!
b11111111111111101100001101100111 -
b11111111111111101100001101100111 1
b110010011000001 #
b100111011110000 (
b11111111111111101100001101100111 /
b11111111111111011100110111100110 .
b11111111111111011100110111100110 ,
b11111111111111011100110111100110 0
b110110000100001 %
b1011101110000100 '
#875000000000
0!
#875500000000
1!
b11111111111111110001001001010111 -
b11111111111111110001001001010111 1
b110110000100001 #
b100010001111100 (
b11111111111111110001001001010111 /
b11111111111111100011001010100111 .
b11111111111111100011001010100111 ,
b11111111111111100011001010100111 0
b111001001101101 %
b1100011010100111 '
#876000000000
0!
#876500000000
1!
b11111111111111110101011011010011 -
b11111111111111110101011011010011 1
b111001001101101 #
b11100101011001 (
b11111111111111110101011011010011 /
b11111111111111101001111011001000 .
b11111111111111101001111011001000 ,
b11111111111111101001111011001000 0
b111011110010101 %
b1101001001011101 '
#877000000000
0!
#877500000000
1!
b11111111111111111001000000101100 -
b11111111111111111001000000101100 1
b111011110010101 #
b10110110100011 (
b11111111111111111001000000101100 /
b11111111111111110001000100110101 .
b11111111111111110001000100110101 ,
b11111111111111110001000100110101 0
b111101110001010 %
b1101111010000111 '
#878000000000
0!
#878500000000
1!
b11111111111111111011110111001111 -
b11111111111111111011110111001111 1
b111101110001010 #
b10000101111001 (
b11111111111111111011110111001111 /
b11111111111111111000100011001010 .
b11111111111111111000100011001010 ,
b11111111111111111000100011001010 0
b111111001000100 %
b1110101100001000 '
#879000000000
0!
#879500000000
1!
b11111111111111111101111101001000 -
b11111111111111111101111101001000 1
b111111001000100 #
b1010011111000 (
b11111111111111111101111101001000 /
b10001010100 .
b10001010100 ,
b10001010100 0
b111111110111010 %
b1111011110111101 '
#880000000000
0!
#880500000000
1!
b11111111111111111111010001000000 -
b11111111111111111111010001000000 1
b111111110111010 #
b100001000011 (
b11111111111111111111010001000000 /
b1000001010011000 .
b1000001010011000 ,
b1000001010011000 0
b111111111101010 %
b10010000111 '
09
0:
0;
#881000000000
0!
#881500000000
1!
b11111111111111111110101111111101 -
b11111111111111111110101111111101 1
b111111111101010 #
b111111101101111001 (
b11111111111111111110101111111101 /
b1011011110 .
b1011011110 ,
b1011011110 0
b111111011010011 %
b1000101000111 '
#882000000000
0!
#882500000000
1!
b11111111111111111111000010000100 -
b11111111111111111111000010000100 1
b111111011010011 #
b111110111010111001 (
b11111111111111111111000010000100 /
b11111111111111111000001011110100 .
b11111111111111111000001011110100 ,
b11111111111111111000001011110100 0
b111110001110111 %
b1110111011010 '
#883000000000
0!
#883500000000
1!
b111001011 -
b111001011 1
b111110001110111 #
b111110001000100110 (
b111001011 /
b11111111111111110000010000100001 .
b11111111111111110000010000100001 ,
b11111111111111110000010000100001 0
b111100011011101 %
b10101000100001 '
#884000000000
0!
#884500000000
1!
b1111110100101 -
b1111110100101 1
b111100011011101 #
b111101010111011111 (
b1111110100101 /
b11111111111111101000011110101010 .
b11111111111111101000011110101010 ,
b11111111111111101000011110101010 0
b111010000001101 %
b11010111111100 '
#885000000000
0!
#885500000000
1!
b100100111000110 -
b100100111000110 1
b111010000001101 #
b111100101000000100 (
b100100111000110 /
b11111111111111100000111011001101 .
b11111111111111100000111011001101 ,
b11111111111111100000111011001101 0
b110111000010101 %
b100000101001101 '
#886000000000
0!
#886500000000
1!
b111111111000010 -
b111111111000010 1
b110111000010101 #
b111011111010110011 (
b111111111000010 /
b11111111111111011001101011000000 .
b11111111111111011001101011000000 ,
b11111111111111011001101011000000 0
b110011100000011 %
b100101111110111 '
#887000000000
0!
#887500000000
1!
b1100000100001111 -
b1100000100001111 1
b110011100000011 #
b111011010000001001 (
b1100000100001111 /
b11111111111111010010110010101011 .
b11111111111111010010110010101011 ,
b11111111111111010010110010101011 0
b101111011101010 %
b101010111011110 '
#888000000000
0!
#888500000000
1!
b10000110100000110 -
b10000110100000110 1
b101111011101010 #
b111010101000100010 (
b10000110100000110 /
b11111111111111001100010110101000 .
b11111111111111001100010110101000 ,
b11111111111111001100010110101000 0
b101010111011110 %
b101111011101010 '
#889000000000
0!
#889500000000
1!
b10110001011100100 -
b10110001011100100 1
b101010111011110 #
b111010000100010110 (
b10110001011100100 /
b11111111111111000110011010111110 .
b11111111111111000110011010111110 ,
b11111111111111000110011010111110 0
b100101111110110 %
b110011100000100 '
#890000000000
0!
#890500000000
1!
b11100000111001110 -
b11100000111001110 1
b100101111110110 #
b111001100011111100 (
b11100000111001110 /
b11111111111111000001000011100000 .
b11111111111111000001000011100000 ,
b11111111111111000001000011100000 0
b100000101001100 %
b110111000010101 '
19
1:
1;
#891000000000
0!
#891500000000
1!
b10101101011001010 -
b10101101011001010 1
b100000101001100 #
b111001000111101011 (
b10101101011001010 /
b11111111111111000101110011010110 .
b11111111111111000101110011010110 ,
b11111111111111000101110011010110 0
b11010111111011 %
b111010000001110 '
#892000000000
0!
#892500000000
1!
b1110110010110101 -
b1110110010110101 1
b11010111111011 #
b111000101111110010 (
b1110110010110101 /
b11111111111111001001111000100010 .
b11111111111111001001111000100010 ,
b11111111111111001001111000100010 0
b10101000100000 %
b111100011011101 '
#893000000000
0!
#893500000000
1!
b111100010100111 -
b111100010100111 1
b10101000100000 #
b111000011100100011 (
b111100010100111 /
b11111111111111001101010000011101 .
b11111111111111001101010000011101 ,
b11111111111111001101010000011101 0
b1110111011010 %
b111110001110111 '
#894000000000
0!
#894500000000
1!
b11111111111111111111111111001010 -
b11111111111111111111111111001010 1
b1110111011010 #
b111000001110001001 (
b11111111111111111111111111001010 /
b11111111111111001111111000111101 .
b11111111111111001111111000111101 ,
b11111111111111001111111000111101 0
b1000101000110 %
b111111011010011 '
#895000000000
0!
#895500000000
1!
b11111111111111111000001101010011 -
b11111111111111111000001101010011 1
b1000101000110 #
b111000000100101101 (
b11111111111111111000001101010011 /
b11111111111111010001110000010111 .
b11111111111111010001110000010111 ,
b11111111111111010001110000010111 0
b10010000111 %
b111111111101010 '
#896000000000
0!
#896500000000
1!
b11111111111111110000010010000000 -
b11111111111111110000010010000000 1
b10010000111 #
b111000000000010110 (
b11111111111111110000010010000000 /
b11111111111111010010110101011101 .
b11111111111111010010110101011101 ,
b11111111111111010010110101011101 0
b1111011110111101 %
b111111110111010 '
#897000000000
0!
#897500000000
1!
b11111111111111101000010010010110 -
b11111111111111101000010010010110 1
b111111011110111101 #
b111000000001000110 (
b11111111111111101000010010010110 /
b11111111111111010011000111100100 .
b11111111111111010011000111100100 ,
b11111111111111010011000111100100 0
b1110101100000111 %
b111111001000100 '
#898000000000
0!
#898500000000
1!
b11111111111111100000010011011100 -
b11111111111111100000010011011100 1
b111110101100000111 #
b111000000110111100 (
b11111111111111100000010011011100 /
b11111111111111010010100110100001 .
b11111111111111010010100110100001 ,
b11111111111111010010100110100001 0
b1101111010000111 %
b111101110001010 '
#899000000000
0!
#899500000000
1!
b11111111111111011000011010011000 -
b11111111111111011000011010011000 1
b111101111010000111 #
b111000010001110110 (
b11111111111111011000011010011000 /
b11111111111111010001010010101000 .
b11111111111111010001010010101000 ,
b11111111111111010001010010101000 0
b1101001001011100 %
b111011110010100 '
#900000000000
0!
#900500000000
1!
b11111111111111010000101100001110 -
b11111111111111010000101100001110 1
b111101001001011100 #
b111000100001101100 (
b11111111111111010000101100001110 /
b11111111111111001111001100101111 .
b11111111111111001111001100101111 ,
b11111111111111001111001100101111 0
b1100011010100110 %
b111001001101101 '
09
0:
0;
#901000000000
0!
#901500000000
1!
b11111111111111011000001010100010 -
b11111111111111011000001010100010 1
b111100011010100110 #
b111000110110010011 (
b11111111111111011000001010100010 /
b11111111111111010010000011010011 .
b11111111111111010010000011010011 ,
b11111111111111010010000011010011 0
b1011101110000011 %
b110110000100001 '
#902000000000
0!
#902500000000
1!
b11111111111111011111010100001111 -
b11111111111111011111010100001111 1
b111011101110000011 #
b111001001111011111 (
b11111111111111011111010100001111 /
b11111111111111010101101000101101 .
b11111111111111010101101000101101 ,
b11111111111111010101101000101101 0
b1011000100001111 %
b110010011000000 '
#903000000000
0!
#903500000000
1!
b11111111111111100110000100110000 -
b11111111111111100110000100110000 1
b111011000100001111 #
b111001101101000000 (
b11111111111111100110000100110000 /
b11111111111111011001111010101010 .
b11111111111111011001111010101010 ,
b11111111111111011001111010101010 0
b1010011101100101 %
b101110001011110 '
#904000000000
0!
#904500000000
1!
b11111111111111101100010111110000 -
b11111111111111101100010111110000 1
b111010011101100101 #
b111010001110100010 (
b11111111111111101100010111110000 /
b11111111111111011110110110011011 .
b11111111111111011110110110011011 ,
b11111111111111011110110110011011 0
b1001111010011110 %
b101001100001111 '
#905000000000
0!
#905500000000
1!
b11111111111111110010001001001110 -
b11111111111111110010001001001110 1
b111001111010011110 #
b111010110011110001 (
b11111111111111110010001001001110 /
b11111111111111100100011000110110 .
b11111111111111100100011000110110 ,
b11111111111111100100011000110110 0
b1001011011010000 %
b100100011101100 '
#906000000000
0!
#906500000000
1!
b11111111111111110111010101011101 -
b11111111111111110111010101011101 1
b111001011011010000 #
b111011011100010100 (
b11111111111111110111010101011101 /
b11111111111111101010011110011000 .
b11111111111111101010011110011000 ,
b11111111111111101010011110011000 0
b1001000000001110 %
b11111000001110 '
#907000000000
0!
#907500000000
1!
b11111111111111111011111001001001 -
b11111111111111111011111001001001 1
b111001000000001110 #
b111100000111110010 (
b11111111111111111011111001001001 /
b11111111111111110001000011001000 .
b11111111111111110001000011001000 ,
b11111111111111110001000011001000 0
b1000101001101100 %
b11001010010010 '
#908000000000
0!
#908500000000
1!
b11111111111111111111110001010111 -
b11111111111111111111110001010111 1
b111000101001101100 #
b111100110101101110 (
b11111111111111111111110001010111 /
b11111111111111111000000010111010 .
b11111111111111111000000010111010 ,
b11111111111111111000000010111010 0
b1000010111110101 %
b10011010010100 '
#909000000000
0!
#909500000000
1!
b10111011101001 -
b10111011101001 1
b111000010111110101 #
b111101100101101100 (
b10111011101001 /
b11111111111111111111011001001110 .
b11111111111111111111011001001110 ,
b11111111111111111111011001001110 0
b1000001010111000 %
b1101000110100 '
#910000000000
0!
#910500000000
1!
b101010101111101 -
b101010101111101 1
b111000001010111000 #
b111110010111001100 (
b101010101111101 /
b111000001011001 .
b111000001011001 ,
b111000001011001 0
b1000000010111010 %
b110110010000 '
19
1:
1;
#911000000000
0!
#911500000000
1!
b11101101001001 -
b11101101001001 1
b111000000010111010 #
b111111001001110000 (
b11101101001001 /
b11111111111111111111001100010001 .
b11111111111111111111001100010001 ,
b11111111111111111111001100010001 0
b1000000000000010 %
b11001010 '
#912000000000
0!
#912500000000
1!
b10110110111001 -
b10110110111001 1
b111000000000000010 #
b111111111100110110 (
b10110110111001 /
b11111111111111110111001111001011 .
b11111111111111110111001111001011 ,
b11111111111111110111001111001011 0
b1000000010010010 %
b1111010000000011 '
#913000000000
0!
#913500000000
1!
b10110011101111 -
b10110011101111 1
b111000000010010010 #
b101111111101 (
b10110011101111 /
b11111111111111101111001111001101 .
b11111111111111101111001111001101 ,
b11111111111111101111001111001101 0
b1000001001100111 %
b1110011101011010 '
#914000000000
0!
#914500000000
1!
b11100011101100 -
b11100011101100 1
b111000001001100111 #
b1100010100110 (
b11100011101100 /
b11111111111111100111010001011111 .
b11111111111111100111010001011111 ,
b11111111111111100111010001011111 0
b1000010101111110 %
b1101101011101111 '
#915000000000
0!
#915500000000
1!
b101000110010010 -
b101000110010010 1
b111000010101111110 #
b10010100010001 (
b101000110010010 /
b11111111111111011111011011000110 .
b11111111111111011111011011000110 ,
b11111111111111011111011011000110 0
b1000100111001110 %
b1100111011100011 '
#916000000000
0!
#916500000000
1!
b111011010100011 -
b111011010100011 1
b111000100111001110 #
b11000100011101 (
b111011010100011 /
b11111111111111010111110001000100 .
b11111111111111010111110001000100 ,
b11111111111111010111110001000100 0
b1000111101001100 %
b1100001101010101 '
#917000000000
0!
#917500000000
1!
b1010011111000000 -
b1010011111000000 1
b111000111101001100 #
b11110010101011 (
b1010011111000000 /
b11111111111111010000011000010010 .
b11111111111111010000011000010010 ,
b11111111111111010000011000010010 0
b1001010111101011 %
b1011100001100011 '
#918000000000
0!
#918500000000
1!
b1110010001101011 -
b1110010001101011 1
b111001010111101011 #
b100011110011101 (
b1110010001101011 /
b11111111111111001001010101011110 .
b11111111111111001001010101011110 ,
b11111111111111001001010101011110 0
b1001110110011001 %
b1010111000100111 '
#919000000000
0!
#919500000000
1!
b10010110000001000 -
b10010110000001000 1
b111001110110011001 #
b101000111011001 (
b10010110000001000 /
b11111111111111000010101101001001 .
b11111111111111000010101101001001 ,
b11111111111111000010101101001001 0
b1010011001000011 %
b1010010010111101 '
#920000000000
0!
#920500000000
1!
b10111110111100001 -
b10111110111100001 1
b111010011001000011 #
b101101101000011 (
b10111110111100001 /
b11111111111110111100100011100010 .
b11111111111110111100100011100010 ,
b11111111111110111100100011100010 0
b1010111111010010 %
b1001110000111100 '
09
0:
0;
#921000000000
0!
#921500000000
1!
b10010001010011110 -
b10010001010011110 1
b111010111111010010 #
b110001111000100 (
b10010001010011110 /
b11111111111111000010001010011111 .
b11111111111111000010001010011111 ,
b11111111111111000010001010011111 0
b1011101000101110 %
b1001010010111010 '
#922000000000
0!
#922500000000
1!
b1011111011011010 -
b1011111011011010 1
b111011101000101110 #
b110101101000110 (
b1011111011011010 /
b11111111111111000111001011001101 .
b11111111111111000111001011001101 ,
b11111111111111000111001011001101 0
b1100010100111101 %
b1000111001001011 '
#923000000000
0!
#923500000000
1!
b101001110010100 -
b101001110010100 1
b111100010100111101 #
b111000110110101 (
b101001110010100 /
b11111111111111001011100010011111 .
b11111111111111001011100010011111 ,
b11111111111111001011100010011111 0
b1101000011100010 %
b1000100011111110 '
#924000000000
0!
#924500000000
1!
b11111111111111111110000111011111 -
b11111111111111111110000111011111 1
b111101000011100010 #
b111011100000010 (
b11111111111111111110000111011111 /
b11111111111111001111001101100010 .
b11111111111111001111001101100010 ,
b11111111111111001111001101100010 0
b1101110100000000 %
b1000010011100010 '
#925000000000
0!
#925500000000
1!
b11111111111111110110101011011101 -
b11111111111111110110101011011101 1
b111101110100000000 #
b111101100011110 (
b11111111111111110110101011011101 /
b11111111111111010010001010000000 .
b11111111111111010010001010000000 ,
b11111111111111010010001010000000 0
b1110100101111000 %
b1000001000000001 '
#926000000000
0!
#926500000000
1!
b11111111111111101110111110111111 -
b11111111111111101110111110111111 1
b111110100101111000 #
b111110111111111 (
b11111111111111101110111110111111 /
b11111111111111010100010110000000 .
b11111111111111010100010110000000 ,
b11111111111111010100010110000000 0
b1111011000101000 %
b1000000001100011 '
#927000000000
0!
#927500000000
1!
b11111111111111100111000111000000 -
b11111111111111100111000111000000 1
b111111011000101000 #
b111111110011101 (
b11111111111111100111000111000000 /
b11111111111111010101110000001000 .
b11111111111111010101110000001000 ,
b11111111111111010101110000001000 0
b1011110010 %
b1000000000001010 '
#928000000000
0!
#928500000000
1!
b11111111111111011111001000100011 -
b11111111111111011111001000100011 1
b1011110010 #
b111111111110110 (
b11111111111111011111001000100011 /
b11111111111111010110010111100000 .
b11111111111111010110010111100000 ,
b11111111111111010110010111100000 0
b111110110100 %
b1000000011111001 '
#929000000000
0!
#929500000000
1!
b11111111111111010111001000101101 -
b11111111111111010111001000101101 1
b111110110100 #
b111111100000111 (
b11111111111111010111001000101101 /
b11111111111111010110001011101110 .
b11111111111111010110001011101110 ,
b11111111111111010110001011101110 0
b1110001001111 %
b1000001100101101 '
#930000000000
0!
#930500000000
1!
b11111111111111001111001100100110 -
b11111111111111001111001100100110 1
b1110001001111 #
b111110011010011 (
b11111111111111001111001100100110 /
b11111111111111010101001100111010 .
b11111111111111010101001100111010 ,
b11111111111111010101001100111010 0
b10100010100001 %
b1000011010100000 '
19
1:
1;
#931000000000
0!
#931500000000
1!
b11111111111111010110111111111001 -
b11111111111111010110111111111001 1
b10100010100001 #
b111100101100000 (
b11111111111111010110111111111001 /
b11111111111111010110111110001001 .
b11111111111111010110111110001001 ,
b11111111111111010110111110001001 0
b11010010001011 %
b1000101101001010 '
#932000000000
0!
#932500000000
1!
b11111111111111011110100101011001 -
b11111111111111011110100101011001 1
b11010010001011 #
b111010010110110 (
b11111111111111011110100101011001 /
b11111111111111011001100000101010 .
b11111111111111011001100000101010 ,
b11111111111111011001100000101010 0
b11111111101110 %
b1001000100011110 '
#933000000000
0!
#933500000000
1!
b11111111111111100101111000001111 -
b11111111111111100101111000001111 1
b11111111101110 #
b110111011100010 (
b11111111111111100101111000001111 /
b11111111111111011100110010110101 .
b11111111111111011100110010110101 ,
b11111111111111011100110010110101 0
b100101010101111 %
b1001100000001110 '
#934000000000
0!
#934500000000
1!
b11111111111111101100110011110001 -
b11111111111111101100110011110001 1
b100101010101111 #
b110011111110010 (
b11111111111111101100110011110001 /
b11111111111111100000110010100011 .
b11111111111111100000110010100011 ,
b11111111111111100000110010100011 0
b101010010110000 %
b1010000000000111 '
#935000000000
0!
#935500000000
1!
b11111111111111110011010011100011 -
b11111111111111110011010011100011 1
b101010010110000 #
b101111111111001 (
b11111111111111110011010011100011 /
b11111111111111100101011101010010 .
b11111111111111100101011101010010 ,
b11111111111111100101011101010010 0
b101110111011000 %
b1010100011110111 '
#936000000000
0!
#936500000000
1!
b11111111111111111001010011011100 -
b11111111111111111001010011011100 1
b101110111011000 #
b101011100001001 (
b11111111111111111001010011011100 /
b11111111111111101010110000000010 .
b11111111111111101010110000000010 ,
b11111111111111101010110000000010 0
b110011000010001 %
b1011001011000100 '
#937000000000
0!
#937500000000
1!
b11111111111111111110101111100101 -
b11111111111111111110101111100101 1
b110011000010001 #
b100110100111100 (
b11111111111111111110101111100101 /
b11111111111111110000100111011010 .
b11111111111111110000100111011010 ,
b11111111111111110000100111011010 0
b110110101000100 %
b1011110101011000 '
#938000000000
0!
#938500000000
1!
b11100100100001 -
b11100100100001 1
b110110101000100 #
b100001010101000 (
b11100100100001 /
b11111111111111110110111111101011 .
b11111111111111110110111111101011 ,
b11111111111111110110111111101011 0
b111001101100000 %
b1100100010010110 '
#939000000000
0!
#939500000000
1!
b111101111001001 -
b111101111001001 1
b111001101100000 #
b11011101101010 (
b111101111001001 /
b11111111111111111101110100101111 .
b11111111111111111101110100101111 ,
b11111111111111111101110100101111 0
b111100001010101 %
b1101010001100001 '
#940000000000
0!
#940500000000
1!
b1011001100110011 -
b1011001100110011 1
b111100001010101 #
b10101110011111 (
b1011001100110011 /
b101000010001111 .
b101000010001111 ,
b101000010001111 0
b111110000010110 %
b1110000010011100 '
09
0:
0;
#941000000000
0!
#941500000000
1!
b1000011110010100 -
b1000011110010100 1
b111110000010110 #
b1111101100100 (
b1000011110010100 /
b11111111111111111101100000111010 .
b11111111111111111101100000111010 ,
b11111111111111111101100000111010 0
b111111010011001 %
b1110110100101000 '
#942000000000
0!
#942500000000
1!
b110100000110000 -
b110100000110000 1
b111111010011001 #
b1001011011000 (
b110100000110000 /
b11111111111111110101110000100100 .
b11111111111111110101110000100100 ,
b11111111111111110101110000100100 0
b111111111011001 %
b1111100111100100 '
#943000000000
0!
#943500000000
1!
b101010101011000 -
b101010101011000 1
b111111111011001 #
b11000011100 (
b101010101011000 /
b11111111111111101101110110001011 .
b11111111111111101101110110001011 ,
b11111111111111101101110110001011 0
b111111111010010 %
b11010101110 '
#944000000000
0!
#944500000000
1!
b100111100111100 -
b100111100111100 1
b111111111010010 #
b111111100101010010 (
b100111100111100 /
b11111111111111100101110110110010 .
b11111111111111100101110110110010 ,
b11111111111111100101110110110010 0
b111111010000100 %
b1001101101000 '
#945000000000
0!
#945500000000
1!
b101010111101010 -
b101010111101010 1
b111111010000100 #
b111110110010011000 (
b101010111101010 /
b11111111111111011101110111100000 .
b11111111111111011101110111100000 ,
b11111111111111011101110111100000 0
b111101111110010 %
b1111111110001 '
#946000000000
0!
#946500000000
1!
b110100101010010 -
b110100101010010 1
b111101111110010 #
b111110000000001111 (
b110100101010010 /
b11111111111111010101111101011100 .
b11111111111111010101111101011100 ,
b11111111111111010101111101011100 0
b111100000100011 %
b10110000101000 '
#947000000000
0!
#947500000000
1!
b1000100101000011 -
b1000100101000011 1
b111100000100011 #
b111101001111011000 (
b1000100101000011 /
b11111111111111001110001101101010 .
b11111111111111001110001101101010 ,
b11111111111111001110001101101010 0
b111001100100001 %
b11011111101101 '
#948000000000
0!
#948500000000
1!
b1011010101101011 -
b1011010101101011 1
b111001100100001 #
b111100100000010011 (
b1011010101101011 /
b11111111111111000110101101000111 .
b11111111111111000110101101000111 ,
b11111111111111000110101101000111 0
b110110011111000 %
b100001100100100 '
#949000000000
0!
#949500000000
1!
b1110110101011000 -
b1110110101011000 1
b110110011111000 #
b111011110011011100 (
b1110110101011000 /
b11111111111110111111100000100110 .
b11111111111110111111100000100110 ,
b11111111111110111111100000100110 0
b110010110111001 %
b100110110110000 '
#950000000000
0!
#950500000000
1!
b10011000001111100 -
b10011000001111100 1
b110010110111001 #
b111011001001010000 (
b10011000001111100 /
b11111111111110111000101100101110 .
b11111111111110111000101100101110 ,
b11111111111110111000101100101110 0
b101110101110101 %
b101011101110100 '
19
1:
1;
#951000000000
0!
#951500000000
1!
b1110001011001100 -
b1110001011001100 1
b101110101110101 #
b111010100010001100 (
b1110001011001100 /
b11111111111110111111000011100111 .
b11111111111110111111000011100111 ,
b11111111111110111111000011100111 0
b101010001000010 %
b110000001011001 '
#952000000000
0!
#952500000000
1!
b1000101101011000 -
b1000101101011000 1
b101010001000010 #
b111001111110100111 (
b1000101101011000 /
b11111111111111000100111001011100 .
b11111111111111000100111001011100 ,
b11111111111111000100111001011100 0
b100101000111000 %
b110100001000111 '
#953000000000
0!
#953500000000
1!
b10101011111111 -
b10101011111111 1
b100101000111000 #
b111001011110111001 (
b10101011111111 /
b11111111111111001010001010011110 .
b11111111111111001010001010011110 ,
b11111111111111001010001010011110 0
b11111101110000 %
b110111100101010 '
#954000000000
0!
#954500000000
1!
b11111111111111111100001010111000 -
b11111111111111111100001010111000 1
b11111101110000 #
b111001000011010110 (
b11111111111111111100001010111000 /
b11111111111111001110110011010110 .
b11111111111111001110110011010110 ,
b11111111111111001110110011010110 0
b11010000000110 %
b111010011110010 '
#955000000000
0!
#955500000000
1!
b11111111111111110101001110001110 -
b11111111111111110101001110001110 1
b11010000000110 #
b111000101100001110 (
b11111111111111110101001110001110 /
b11111111111111010010110001000110 .
b11111111111111010010110001000110 ,
b11111111111111010010110001000110 0
b10100000010111 %
b111100110001110 '
#956000000000
0!
#956500000000
1!
b11111111111111101101111010011100 -
b11111111111111101101111010011100 1
b10100000010111 #
b111000011001110010 (
b11111111111111101101111010011100 /
b11111111111111010110000001001100 .
b11111111111111010110000001001100 ,
b11111111111111010110000001001100 0
b1101111000001 %
b111110011110011 '
#957000000000
0!
#957500000000
1!
b11111111111111100110010100001110 -
b11111111111111100110010100001110 1
b1101111000001 #
b111000001100001101 (
b11111111111111100110010100001110 /
b11111111111111011000100001100011 .
b11111111111111011000100001100011 ,
b11111111111111011000100001100011 0
b111100100100 %
b111111100011000 '
#958000000000
0!
#958500000000
1!
b11111111111111011110100000011011 -
b11111111111111011110100000011011 1
b111100100100 #
b111000000011101000 (
b11111111111111011110100000011011 /
b11111111111111011010010000100100 .
b11111111111111011010010000100100 ,
b11111111111111011010010000100100 0
b1001100000 %
b111111111111001 '
#959000000000
0!
#959500000000
1!
b11111111111111010110100100000011 -
b11111111111111010110100100000011 1
b1001100000 #
b111000000000000111 (
b11111111111111010110100100000011 /
b11111111111111011011001101001000 .
b11111111111111011011001101001000 ,
b11111111111111011011001101001000 0
b1111010110010111 %
b111111110010010 '
#960000000000
0!
#960500000000
1!
b11111111111111001110100100001010 -
b11111111111111001110100100001010 1
b111111010110010111 #
b111000000001101110 (
b11111111111111001110100100001010 /
b11111111111111011011010110101000 .
b11111111111111011011010110101000 ,
b11111111111111011011010110101000 0
b1110100011101000 %
b111110111100101 '
09
0:
0;
#961000000000
0!
#961500000000
1!
b11111111111111010110100010011100 -
b11111111111111010110100010011100 1
b111110100011101000 #
b111000001000011011 (
b11111111111111010110100010011100 /
b11111111111111011100000000010001 .
b11111111111111011100000000010001 ,
b11111111111111011100000000010001 0
b1101110001110100 %
b111101011110101 '
#962000000000
0!
#962500000000
1!
b11111111111111011110011010000001 -
b11111111111111011110011010000001 1
b111101110001110100 #
b111000010100001011 (
b11111111111111011110011010000001 /
b11111111111111011101011100101001 .
b11111111111111011101011100101001 ,
b11111111111111011101011100101001 0
b1101000001011011 %
b111011011001100 '
#963000000000
0!
#963500000000
1!
b11111111111111100110000101110110 -
b11111111111111100110000101110110 1
b111101000001011011 #
b111000100100110100 (
b11111111111111100110000101110110 /
b11111111111111011111101010110101 .
b11111111111111011111101010110101 ,
b11111111111111011111101010110101 0
b1100010010111100 %
b111000101110010 '
#964000000000
0!
#964500000000
1!
b11111111111111101101100001000010 -
b11111111111111101101100001000010 1
b111100010010111100 #
b111000111010001110 (
b11111111111111101101100001000010 /
b11111111111111100010101001011010 .
b11111111111111100010101001011010 ,
b11111111111111100010101001011010 0
b1011100110110100 %
b110101011110110 '
#965000000000
0!
#965500000000
1!
b11111111111111110100100110110100 -
b11111111111111110100100110110100 1
b111011100110110100 #
b111001010100001010 (
b11111111111111110100100110110100 /
b11111111111111100110010110011110 .
b11111111111111100110010110011110 ,
b11111111111111100110010110011110 0
b1010111101100001 %
b110001101101001 '
#966000000000
0!
#966500000000
1!
b11111111111111111011010010101010 -
b11111111111111111011010010101010 1
b111010111101100001 #
b111001110010010111 (
b11111111111111111011010010101010 /
b11111111111111101010101111101010 .
b11111111111111101010101111101010 ,
b11111111111111101010101111101010 0
b1010010111011011 %
b101101011011101 '
#967000000000
0!
#967500000000
1!
b1100000010011 -
b1100000010011 1
b111010010111011011 #
b111010010100100011 (
b1100000010011 /
b11111111111111101111110010001001 .
b11111111111111101111110010001001 ,
b11111111111111101111110010001001 0
b1001110100111100 %
b101000101101001 '
#968000000000
0!
#968500000000
1!
b111001011110000 -
b111001011110000 1
b111001110100111100 #
b111010111010010111 (
b111001011110000 /
b11111111111111110101011010101110 .
b11111111111111110101011010101110 ,
b11111111111111110101011010101110 0
b1001010110011010 %
b100011100100101 '
#969000000000
0!
#969500000000
1!
b1100010001011001 -
b1100010001011001 1
b111001010110011010 #
b111011100011011011 (
b1100010001011001 /
b11111111111111111011100101110010 .
b11111111111111111011100101110010 ,
b11111111111111111011100101110010 0
b1000111100000111 %
b11110000101010 '
#970000000000
0!
#970500000000
1!
b10000101101111110 -
b10000101101111110 1
b111000111100000111 #
b111100001111010110 (
b10000101101111110 /
b10001111011000 .
b10001111011000 ,
b10001111011000 0
b1000100110010110 %
b11000010010110 '
19
1:
1;
#971000000000
0!
#971500000000
1!
b1100111101010100 -
b1100111101010100 1
b111000100110010110 #
b111100111101101010 (
b1100111101010100 /
b11111111111111111011001011011111 .
b11111111111111111011001011011111 ,
b11111111111111111011001011011111 0
b1000010101010100 %
b10010010000110 '
#972000000000
0!
#972500000000
1!
b1001111010111110 -
b1001111010111110 1
b111000010101010100 #
b111101101101111010 (
b1001111010111110 /
b11111111111111110011110001110101 .
b11111111111111110011110001110101 ,
b11111111111111110011110001110101 0
b1000001001001011 %
b1100000011000 '
#973000000000
0!
#973500000000
1!
b111101000111000 -
b111101000111000 1
b111000001001001011 #
b111110011111101000 (
b111101000111000 /
b11111111111111101100000111001001 .
b11111111111111101100000111001001 ,
b11111111111111101100000111001001 0
b1000000010000100 %
b101101101100 '
#974000000000
0!
#974500000000
1!
b110001000100000 -
b110001000100000 1
b111000000010000100 #
b111111010010010100 (
b110001000100000 /
b11111111111111100100010000010100 .
b11111111111111100100010000010100 ,
b11111111111111100100010000010100 0
b1000000000000011 %
b1111111010100100 '
#975000000000
0!
#975500000000
1!
b101011010110100 -
b101011010110100 1
b111000000000000011 #
b101011100 (
b101011010110100 /
b11111111111111011100010010011000 .
b11111111111111011100010010011000 ,
b11111111111111011100010010011000 0
b1000000011001010 %
b1111000111011111 '
#976000000000
0!
#976500000000
1!
b101100000010000 -
b101100000010000 1
b111000000011001010 #
b111000100001 (
b101100000010000 /
b11111111111111010100010010011011 .
b11111111111111010100010010011011 ,
b11111111111111010100010010011011 0
b1000001011010110 %
b1110010100111110 '
#977000000000
0!
#977500000000
1!
b110011000110001 -
b110011000110001 1
b111000001011010110 #
b1101011000010 (
b110011000110001 /
b11111111111111001100010101100101 .
b11111111111111001100010101100101 ,
b11111111111111001100010101100101 0
b1000011000100010 %
b1101100011100001 '
#978000000000
0!
#978500000000
1!
b1000000011110011 -
b1000000011110011 1
b111000011000100010 #
b10011100011111 (
b1000000011110011 /
b11111111111111000100100000111011 .
b11111111111111000100100000111011 ,
b11111111111111000100100000111011 0
b1000101010100101 %
b1100110011101000 '
#979000000000
0!
#979500000000
1!
b1010100000010010 -
b1010100000010010 1
b111000101010100101 #
b11001100011000 (
b1010100000010010 /
b11111111111110111100111001011101 .
b11111111111110111100111001011101 ,
b11111111111110111100111001011101 0
b1001000001010101 %
b1100000101110010 '
#980000000000
0!
#980500000000
1!
b1101101100101010 -
b1101101100101010 1
b111001000001010101 #
b11111010001110 (
b1101101100101010 /
b11111111111110110101100100000010 .
b11111111111110110101100100000010 ,
b11111111111110110101100100000010 0
b1001011100100011 %
b1011011010011100 '
09
0:
0;
#981000000000
0!
#981500000000
1!
b1001110010011100 -
b1001110010011100 1
b111001011100100011 #
b100100101100100 (
b1001110010011100 /
b11111111111110111100100010101101 .
b11111111111110111100100010101101 ,
b11111111111110111100100010101101 0
b1001111011111101 %
b1010110010000010 '
#982000000000
0!
#982500000000
1!
b101001100111000 -
b101001100111000 1
b111001111011111101 #
b101001101111110 (
b101001100111000 /
b11111111111111000011000110001010 .
b11111111111111000011000110001010 ,
b11111111111111000011000110001010 0
b1010011111001111 %
b1010001100111110 '
#983000000000
0!
#983500000000
1!
b11111111111111111111111110111010 -
b11111111111111111111111110111010 1
b111010011111001111 #
b101110011000010 (
b11111111111111111111111110111010 /
b11111111111111001001001010001101 .
b11111111111111001001001010001101 ,
b11111111111111001001001010001101 0
b1011000110000010 %
b1001101011100110 '
#984000000000
0!
#984500000000
1!
b11111111111111111010001011111000 -
b11111111111111111010001011111000 1
b111011000110000010 #
b110010100011010 (
b11111111111111111010001011111000 /
b11111111111111001110101010111110 .
b11111111111111001110101010111110 ,
b11111111111111001110101010111110 0
b1011101111111110 %
b1001001110010001 '
#985000000000
0!
#985500000000
1!
b11111111111111110011110111011110 -
b11111111111111110011110111011110 1
b111011101111111110 #
b110110001101111 (
b11111111111111110011110111011110 /
b11111111111111010011100100111100 .
b11111111111111010011100100111100 ,
b11111111111111010011100100111100 0
b1100011100101001 %
b1000110101010010 '
#986000000000
0!
#986500000000
1!
b11111111111111101101000101101111 -
b11111111111111101101000101101111 1
b111100011100101001 #
b111001010101110 (
b11111111111111101101000101101111 /
b11111111111111010111110100111110 .
b11111111111111010111110100111110 ,
b11111111111111010111110100111110 0
b1101001011100100 %
b1000100000111000 '
#987000000000
0!
#987500000000
1!
b11111111111111100101111011000001 -
b11111111111111100101111011000001 1
b111101001011100100 #
b111011111001000 (
b11111111111111100101111011000001 /
b11111111111111011011011000010101 .
b11111111111111011011011000010101 ,
b11111111111111011011011000010101 0
b1101111100010011 %
b1000010001010000 '
#988000000000
0!
#988500000000
1!
b11111111111111011110011011111001 -
b11111111111111011110011011111001 1
b111101111100010011 #
b111101110110000 (
b11111111111111011110011011111001 /
b11111111111111011110001100110001 .
b11111111111111011110001100110001 ,
b11111111111111011110001100110001 0
b1110101110010111 %
b1000000110100101 '
#989000000000
0!
#989500000000
1!
b11111111111111010110101101001001 -
b11111111111111010110101101001001 1
b111110101110010111 #
b111111001011011 (
b11111111111111010110101101001001 /
b11111111111111100000010000011110 .
b11111111111111100000010000011110 ,
b11111111111111100000010000011110 0
b1111100001001110 %
b1000000000111101 '
#990000000000
0!
#990500000000
1!
b11111111111111001110110011101110 -
b11111111111111001110110011101110 1
b111111100001001110 #
b111111111000011 (
b11111111111111001110110011101110 /
b11111111111111100001100010000111 .
b11111111111111100001100010000111 ,
b11111111111111100001100010000111 0
b10100011000 %
b1000000000011011 '
19
1:
1;
#991000000000
0!
#991500000000
1!
b11111111111111010110110010110001 -
b11111111111111010110110010110001 1
b10100011000 #
b111111111100101 (
b11111111111111010110110010110001 /
b11111111111111100001000011010101 .
b11111111111111100001000011010101 ,
b11111111111111100001000011010101 0
b1000111010110 %
b1000000101000001 '
#992000000000
0!
#992500000000
1!
b11111111111111011110110010010110 -
b11111111111111011110110010010110 1
b1000111010110 #
b111111010111111 (
b11111111111111011110110010010110 /
b11111111111111100001010111101101 .
b11111111111111100001010111101101 ,
b11111111111111100001010111101101 0
b1111001100111 %
b1000001110101011 '
#993000000000
0!
#993500000000
1!
b11111111111111100110101101010101 -
b11111111111111100110101101010101 1
b1111001100111 #
b111110001010101 (
b11111111111111100110101101010101 /
b11111111111111100010011111000011 .
b11111111111111100010011111000011 ,
b11111111111111100010011111000011 0
b10101010101010 %
b1000011101010011 '
#994000000000
0!
#994500000000
1!
b11111111111111101110011110101010 -
b11111111111111101110011110101010 1
b10101010101010 #
b111100010101101 (
b11111111111111101110011110101010 /
b11111111111111100100011000101010 .
b11111111111111100100011000101010 ,
b11111111111111100100011000101010 0
b11011001111111 %
b1000110000110000 '
#995000000000
0!
#995500000000
1!
b11111111111111110110000001010111 -
b11111111111111110110000001010111 1
b11011001111111 #
b111001111010000 (
b11111111111111110110000001010111 /
b11111111111111100111000011010100 .
b11111111111111100111000011010100 ,
b11111111111111100111000011010100 0
b100000111001001 %
b1001001000110101 '
#996000000000
0!
#996500000000
1!
b11111111111111111101010000100111 -
b11111111111111111101010000100111 1
b100000111001001 #
b110110111001011 (
b11111111111111111101010000100111 /
b11111111111111101010011101010011 .
b11111111111111101010011101010011 ,
b11111111111111101010011101010011 0
b100110001101011 %
b1001100101010011 '
#997000000000
0!
#997500000000
1!
b100000111110010 -
b100000111110010 1
b100110001101011 #
b110011010101101 (
b100000111110010 /
b11111111111111101110100100011100 .
b11111111111111101110100100011100 ,
b11111111111111101110100100011100 0
b101011001001010 %
b1010000101110111 '
#998000000000
0!
#998500000000
1!
b1010100010011111 -
b1010100010011111 1
b101011001001010 #
b101111010001001 (
b1010100010011111 /
b11111111111111110011010110000111 .
b11111111111111110011010110000111 ,
b11111111111111110011010110000111 0
b101111101001100 %
b1010101010001110 '
#999000000000
0!
#999500000000
1!
b10000011100101000 -
b10000011100101000 1
b101111101001100 #
b101010101110010 (
b10000011100101000 /
b11111111111111111000101111010001 .
b11111111111111111000101111010001 ,
b11111111111111111000101111010001 0
b110011101011001 %
b1011010001111110 '
#1000000000000
0!
#1000500000000
1!
b10101110010011010 -
b10101110010011010 1
b110011101011001 #
b100101110000010 (
b10101110010011010 /
b11111111111111111110101100011101 .
b11111111111111111110101100011101 ,
b11111111111111111110101100011101 0
0+
1*
#1001000000000
0!
#1001500000000
1!
b0 -
b10101110010011010 7
b11111111111111111110101100011101 4
b0 1
b0 ,
18
b10101110010011010 5
b11111111111111111110101100011101 2
b0 /
b0 .
b11111111111111111110101100011101 6
b10101110010011010 3
b0 0
0*
#1002000000000
0!
#1002500000000
1!
08
#1003000000000
