$comment Generated by Amaranth $end
$date 2025-11-22 22:46:46.714685 $end
$timescale 1 fs $end
$scope module bench $end
$scope module top $end
$var wire 1 ! clk $end
$var wire 1 " rst $end
$var wire 5 # prn_index $end
$var wire 8 $ prn $end
$var wire 10 % g2_init_val $end
$var wire 1 & code_prompt $end
$var wire 10 ' g1 $end
$var wire 10 ( g2 $end
$var wire 1 ) reset $end
$var wire 1 * chip_strobe $end
$upscope $end
$upscope $end
$enddefinitions $end
#0
$dumpvars
0!
0"
b0 #
b1 $
b1111101100 %
0&
b0 '
b0 (
1)
0*
$end
#500000000
1!
b1111101100 (
b1111111111 '
0)
#1000000000
0!
#1500000000
1!
1*
#2000000000
0!
#2500000000
1!
b1111011001 (
b1111111110 '
#3000000000
0!
#3500000000
1!
b1110110011 (
b1111111100 '
#4000000000
0!
#4500000000
1!
b1101100111 (
b1111111000 '
#5000000000
0!
#5500000000
1!
b1011001111 (
b1111110001 '
#6000000000
0!
#6500000000
1!
b110011110 (
b1111100011 '
1&
#7000000000
0!
#7500000000
1!
b1100111100 (
b1111000111 '
0&
#8000000000
0!
#8500000000
1!
b1001111000 (
b1110001110 '
#9000000000
0!
#9500000000
1!
b11110000 (
b1100011100 '
1&
#10000000000
0!
#10500000000
1!
b111100000 (
b1000111000 '
#11000000000
0!
#11500000000
1!
b1111000001 (
b1110001 '
#12000000000
0!
#12500000000
1!
b1110000011 (
b11100010 '
#13000000000
0!
#13500000000
1!
b1100000110 (
b111000100 '
#14000000000
0!
#14500000000
1!
b1000001100 (
b1110001001 '
0&
#15000000000
0!
#15500000000
1!
b11000 (
b1100010011 '
1&
#16000000000
0!
#16500000000
1!
b110000 (
b1000100111 '
#17000000000
0!
#17500000000
1!
b1100001 (
b1001110 '
0&
#18000000000
0!
#18500000000
1!
b11000011 (
b10011101 '
#19000000000
0!
#19500000000
1!
b110000110 (
b100111011 '
#20000000000
0!
#20500000000
1!
b1100001100 (
b1001110110 '
#21000000000
0!
#21500000000
1!
b1000011001 (
b11101100 '
1&
#22000000000
0!
#22500000000
1!
b110011 (
b111011001 '
0&
#23000000000
0!
#23500000000
1!
b1100110 (
b1110110010 '
1&
#24000000000
0!
#24500000000
1!
b11001101 (
b1101100101 '
#25000000000
0!
#25500000000
1!
b110011010 (
b1011001010 '
#26000000000
0!
#26500000000
1!
b1100110101 (
b110010101 '
#27000000000
0!
#27500000000
1!
b1001101010 (
b1100101011 '
0&
#28000000000
0!
#28500000000
1!
b11010101 (
b1001010111 '
1&
#29000000000
0!
#29500000000
1!
b110101010 (
b10101110 '
0&
#30000000000
0!
#30500000000
1!
b1101010100 (
b101011101 '
1&
#31000000000
0!
#31500000000
1!
b1010101001 (
b1010111011 '
0&
#32000000000
0!
#32500000000
1!
b101010011 (
b101110111 '
#33000000000
0!
#33500000000
1!
b1010100110 (
b1011101111 '
#34000000000
0!
#34500000000
1!
b101001101 (
b111011110 '
#35000000000
0!
#35500000000
1!
b1010011010 (
b1110111101 '
#36000000000
0!
#36500000000
1!
b100110101 (
b1101111010 '
1&
#37000000000
0!
#37500000000
1!
b1001101011 (
b1011110101 '
0&
#38000000000
0!
#38500000000
1!
b11010111 (
b111101010 '
#39000000000
0!
#39500000000
1!
b110101111 (
b1111010100 '
1&
#40000000000
0!
#40500000000
1!
b1101011111 (
b1110101000 '
0&
#41000000000
0!
#41500000000
1!
b1010111110 (
b1101010001 '
#42000000000
0!
#42500000000
1!
b101111101 (
b1010100011 '
1&
#43000000000
0!
#43500000000
1!
b1011111011 (
b101000111 '
#44000000000
0!
#44500000000
1!
b111110110 (
b1010001111 '
#45000000000
0!
#45500000000
1!
b1111101101 (
b100011110 '
#46000000000
0!
#46500000000
1!
b1111011011 (
b1000111101 '
0&
#47000000000
0!
#47500000000
1!
b1110110110 (
b1111010 '
1&
#48000000000
0!
#48500000000
1!
b1101101100 (
b11110100 '
#49000000000
0!
#49500000000
1!
b1011011000 (
b111101001 '
#50000000000
0!
#50500000000
1!
b110110000 (
b1111010010 '
#51000000000
0!
#51500000000
1!
b1101100001 (
b1110100101 '
0&
#52000000000
0!
#52500000000
1!
b1011000011 (
b1101001010 '
#53000000000
0!
#53500000000
1!
b110000111 (
b1010010101 '
1&
#54000000000
0!
#54500000000
1!
b1100001110 (
b100101010 '
#55000000000
0!
#55500000000
1!
b1000011100 (
b1001010100 '
0&
#56000000000
0!
#56500000000
1!
b111000 (
b10101000 '
#57000000000
0!
#57500000000
1!
b1110001 (
b101010000 '
#58000000000
0!
#58500000000
1!
b11100011 (
b1010100000 '
1&
#59000000000
0!
#59500000000
1!
b111000111 (
b101000001 '
0&
#60000000000
0!
#60500000000
1!
b1110001110 (
b1010000010 '
#61000000000
0!
#61500000000
1!
b1100011101 (
b100000101 '
1&
#62000000000
0!
#62500000000
1!
b1000111011 (
b1000001011 '
0&
#63000000000
0!
#63500000000
1!
b1110111 (
b10111 '
#64000000000
0!
#64500000000
1!
b11101111 (
b101111 '
#65000000000
0!
#65500000000
1!
b111011110 (
b1011111 '
#66000000000
0!
#66500000000
1!
b1110111100 (
b10111111 '
1&
#67000000000
0!
#67500000000
1!
b1101111001 (
b101111111 '
#68000000000
0!
#68500000000
1!
b1011110011 (
b1011111111 '
0&
#69000000000
0!
#69500000000
1!
b111100110 (
b111111110 '
#70000000000
0!
#70500000000
1!
b1111001101 (
b1111111101 '
#71000000000
0!
#71500000000
1!
b1110011010 (
b1111111010 '
#72000000000
0!
#72500000000
1!
b1100110100 (
b1111110101 '
#73000000000
0!
#73500000000
1!
b1001101000 (
b1111101010 '
#74000000000
0!
#74500000000
1!
b11010000 (
b1111010101 '
1&
#75000000000
0!
#75500000000
1!
b110100001 (
b1110101010 '
#76000000000
0!
#76500000000
1!
b1101000011 (
b1101010101 '
0&
#77000000000
0!
#77500000000
1!
b1010000111 (
b1010101010 '
#78000000000
0!
#78500000000
1!
b100001110 (
b101010101 '
#79000000000
0!
#79500000000
1!
b1000011101 (
b1010101011 '
#80000000000
0!
#80500000000
1!
b111010 (
b101010111 '
#81000000000
0!
#81500000000
1!
b1110100 (
b1010101111 '
1&
#82000000000
0!
#82500000000
1!
b11101000 (
b101011110 '
0&
#83000000000
0!
#83500000000
1!
b111010000 (
b1010111101 '
1&
#84000000000
0!
#84500000000
1!
b1110100000 (
b101111010 '
#85000000000
0!
#85500000000
1!
b1101000000 (
b1011110100 '
0&
#86000000000
0!
#86500000000
1!
b1010000000 (
b111101000 '
1&
#87000000000
0!
#87500000000
1!
b100000000 (
b1111010000 '
#88000000000
0!
#88500000000
1!
b1000000001 (
b1110100001 '
0&
#89000000000
0!
#89500000000
1!
b11 (
b1101000011 '
1&
#90000000000
0!
#90500000000
1!
b111 (
b1010000111 '
#91000000000
0!
#91500000000
1!
b1110 (
b100001110 '
0&
#92000000000
0!
#92500000000
1!
b11100 (
b1000011101 '
1&
#93000000000
0!
#93500000000
1!
b111001 (
b111010 '
0&
#94000000000
0!
#94500000000
1!
b1110011 (
b1110100 '
#95000000000
0!
#95500000000
1!
b11100110 (
b11101001 '
#96000000000
0!
#96500000000
1!
b111001100 (
b111010010 '
#97000000000
0!
#97500000000
1!
b1110011001 (
b1110100100 '
#98000000000
0!
#98500000000
1!
b1100110011 (
b1101001000 '
#99000000000
0!
#99500000000
1!
b1001100110 (
b1010010001 '
#100000000000
0!
#100500000000
1!
b11001100 (
b100100011 '
#101000000000
0!
#101500000000
1!
b110011000 (
b1001000110 '
1&
#102000000000
0!
#102500000000
1!
b1100110000 (
b10001100 '
#103000000000
0!
#103500000000
1!
b1001100001 (
b100011001 '
#104000000000
0!
#104500000000
1!
b11000010 (
b1000110010 '
#105000000000
0!
#105500000000
1!
b110000100 (
b1100101 '
0&
#106000000000
0!
#106500000000
1!
b1100001001 (
b11001011 '
1&
#107000000000
0!
#107500000000
1!
b1000010010 (
b110010110 '
#108000000000
0!
#108500000000
1!
b100100 (
b1100101101 '
#109000000000
0!
#109500000000
1!
b1001000 (
b1001011010 '
#110000000000
0!
#110500000000
1!
b10010000 (
b10110101 '
0&
#111000000000
0!
#111500000000
1!
b100100001 (
b101101011 '
#112000000000
0!
#112500000000
1!
b1001000010 (
b1011010110 '
#113000000000
0!
#113500000000
1!
b10000100 (
b110101100 '
#114000000000
0!
#114500000000
1!
b100001000 (
b1101011001 '
1&
#115000000000
0!
#115500000000
1!
b1000010001 (
b1010110011 '
0&
#116000000000
0!
#116500000000
1!
b100011 (
b101100111 '
#117000000000
0!
#117500000000
1!
b1000110 (
b1011001111 '
1&
#118000000000
0!
#118500000000
1!
b10001100 (
b110011110 '
0&
#119000000000
0!
#119500000000
1!
b100011000 (
b1100111101 '
1&
#120000000000
0!
#120500000000
1!
b1000110001 (
b1001111010 '
0&
#121000000000
0!
#121500000000
1!
b1100010 (
b11110101 '
#122000000000
0!
#122500000000
1!
b11000100 (
b111101011 '
#123000000000
0!
#123500000000
1!
b110001000 (
b1111010110 '
1&
#124000000000
0!
#124500000000
1!
b1100010000 (
b1110101100 '
0&
#125000000000
0!
#125500000000
1!
b1000100000 (
b1101011000 '
#126000000000
0!
#126500000000
1!
b1000000 (
b1010110001 '
1&
#127000000000
0!
#127500000000
1!
b10000000 (
b101100011 '
0&
#128000000000
0!
#128500000000
1!
b100000001 (
b1011000110 '
1&
#129000000000
0!
#129500000000
1!
b1000000011 (
b110001100 '
#130000000000
0!
#130500000000
1!
b110 (
b1100011001 '
#131000000000
0!
#131500000000
1!
b1100 (
b1000110011 '
#132000000000
0!
#132500000000
1!
b11001 (
b1100111 '
0&
#133000000000
0!
#133500000000
1!
b110010 (
b11001111 '
#134000000000
0!
#134500000000
1!
b1100100 (
b110011111 '
#135000000000
0!
#135500000000
1!
b11001000 (
b1100111111 '
1&
#136000000000
0!
#136500000000
1!
b110010001 (
b1001111110 '
#137000000000
0!
#137500000000
1!
b1100100010 (
b11111100 '
#138000000000
0!
#138500000000
1!
b1001000100 (
b111111001 '
#139000000000
0!
#139500000000
1!
b10001000 (
b1111110010 '
#140000000000
0!
#140500000000
1!
b100010001 (
b1111100101 '
#141000000000
0!
#141500000000
1!
b1000100011 (
b1111001010 '
0&
#142000000000
0!
#142500000000
1!
b1000111 (
b1110010101 '
1&
#143000000000
0!
#143500000000
1!
b10001110 (
b1100101010 '
#144000000000
0!
#144500000000
1!
b100011101 (
b1001010101 '
#145000000000
0!
#145500000000
1!
b1000111010 (
b10101010 '
#146000000000
0!
#146500000000
1!
b1110101 (
b101010100 '
0&
#147000000000
0!
#147500000000
1!
b11101010 (
b1010101001 '
1&
#148000000000
0!
#148500000000
1!
b111010101 (
b101010011 '
0&
#149000000000
0!
#149500000000
1!
b1110101011 (
b1010100110 '
#150000000000
0!
#150500000000
1!
b1101010111 (
b101001100 '
1&
#151000000000
0!
#151500000000
1!
b1010101110 (
b1010011001 '
0&
#152000000000
0!
#152500000000
1!
b101011101 (
b100110011 '
#153000000000
0!
#153500000000
1!
b1010111010 (
b1001100110 '
#154000000000
0!
#154500000000
1!
b101110100 (
b11001100 '
#155000000000
0!
#155500000000
1!
b1011101001 (
b110011001 '
1&
#156000000000
0!
#156500000000
1!
b111010011 (
b1100110010 '
#157000000000
0!
#157500000000
1!
b1110100111 (
b1001100101 '
0&
#158000000000
0!
#158500000000
1!
b1101001110 (
b11001010 '
1&
#159000000000
0!
#159500000000
1!
b1010011100 (
b110010100 '
#160000000000
0!
#160500000000
1!
b100111001 (
b1100101001 '
#161000000000
0!
#161500000000
1!
b1001110010 (
b1001010011 '
0&
#162000000000
0!
#162500000000
1!
b11100101 (
b10100111 '
#163000000000
0!
#163500000000
1!
b111001011 (
b101001111 '
#164000000000
0!
#164500000000
1!
b1110010111 (
b1010011111 '
#165000000000
0!
#165500000000
1!
b1100101111 (
b100111110 '
1&
#166000000000
0!
#166500000000
1!
b1001011111 (
b1001111101 '
0&
#167000000000
0!
#167500000000
1!
b10111111 (
b11111010 '
#168000000000
0!
#168500000000
1!
b101111110 (
b111110100 '
#169000000000
0!
#169500000000
1!
b1011111100 (
b1111101001 '
#170000000000
0!
#170500000000
1!
b111111000 (
b1111010011 '
1&
#171000000000
0!
#171500000000
1!
b1111110001 (
b1110100111 '
0&
#172000000000
0!
#172500000000
1!
b1111100010 (
b1101001110 '
#173000000000
0!
#173500000000
1!
b1111000101 (
b1010011100 '
#174000000000
0!
#174500000000
1!
b1110001010 (
b100111000 '
1&
#175000000000
0!
#175500000000
1!
b1100010100 (
b1001110000 '
0&
#176000000000
0!
#176500000000
1!
b1000101001 (
b11100001 '
1&
#177000000000
0!
#177500000000
1!
b1010010 (
b111000010 '
0&
#178000000000
0!
#178500000000
1!
b10100101 (
b1110000100 '
1&
#179000000000
0!
#179500000000
1!
b101001011 (
b1100001000 '
#180000000000
0!
#180500000000
1!
b1010010110 (
b1000010001 '
0&
#181000000000
0!
#181500000000
1!
b100101100 (
b100011 '
#182000000000
0!
#182500000000
1!
b1001011001 (
b1000110 '
1&
#183000000000
0!
#183500000000
1!
b10110011 (
b10001101 '
0&
#184000000000
0!
#184500000000
1!
b101100111 (
b100011011 '
#185000000000
0!
#185500000000
1!
b1011001110 (
b1000110110 '
#186000000000
0!
#186500000000
1!
b110011100 (
b1101100 '
#187000000000
0!
#187500000000
1!
b1100111001 (
b11011001 '
1&
#188000000000
0!
#188500000000
1!
b1001110011 (
b110110010 '
#189000000000
0!
#189500000000
1!
b11100111 (
b1101100100 '
#190000000000
0!
#190500000000
1!
b111001110 (
b1011001000 '
#191000000000
0!
#191500000000
1!
b1110011100 (
b110010001 '
#192000000000
0!
#192500000000
1!
b1100111000 (
b1100100010 '
0&
#193000000000
0!
#193500000000
1!
b1001110001 (
b1001000101 '
#194000000000
0!
#194500000000
1!
b11100010 (
b10001010 '
#195000000000
0!
#195500000000
1!
b111000101 (
b100010100 '
#196000000000
0!
#196500000000
1!
b1110001011 (
b1000101001 '
#197000000000
0!
#197500000000
1!
b1100010110 (
b1010011 '
1&
#198000000000
0!
#198500000000
1!
b1000101100 (
b10100110 '
#199000000000
0!
#199500000000
1!
b1011001 (
b101001101 '
0&
#200000000000
0!
#200500000000
1!
b10110010 (
b1010011011 '
1&
#201000000000
0!
#201500000000
1!
b101100101 (
b100110111 '
0&
#202000000000
0!
#202500000000
1!
b1011001011 (
b1001101111 '
#203000000000
0!
#203500000000
1!
b110010111 (
b11011110 '
#204000000000
0!
#204500000000
1!
b1100101110 (
b110111101 '
1&
#205000000000
0!
#205500000000
1!
b1001011101 (
b1101111011 '
0&
#206000000000
0!
#206500000000
1!
b10111010 (
b1011110111 '
1&
#207000000000
0!
#207500000000
1!
b101110101 (
b111101110 '
0&
#208000000000
0!
#208500000000
1!
b1011101011 (
b1111011101 '
#209000000000
0!
#209500000000
1!
b111010110 (
b1110111010 '
1&
#210000000000
0!
#210500000000
1!
b1110101100 (
b1101110101 '
0&
#211000000000
0!
#211500000000
1!
b1101011001 (
b1011101010 '
#212000000000
0!
#212500000000
1!
b1010110010 (
b111010101 '
1&
#213000000000
0!
#213500000000
1!
b101100100 (
b1110101011 '
#214000000000
0!
#214500000000
1!
b1011001001 (
b1101010111 '
0&
#215000000000
0!
#215500000000
1!
b110010010 (
b1010101110 '
1&
#216000000000
0!
#216500000000
1!
b1100100101 (
b101011100 '
#217000000000
0!
#217500000000
1!
b1001001010 (
b1010111001 '
0&
#218000000000
0!
#218500000000
1!
b10010100 (
b101110011 '
#219000000000
0!
#219500000000
1!
b100101000 (
b1011100110 '
1&
#220000000000
0!
#220500000000
1!
b1001010000 (
b111001100 '
#221000000000
0!
#221500000000
1!
b10100001 (
b1110011001 '
#222000000000
0!
#222500000000
1!
b101000010 (
b1100110011 '
#223000000000
0!
#223500000000
1!
b1010000100 (
b1001100111 '
0&
#224000000000
0!
#224500000000
1!
b100001001 (
b11001110 '
#225000000000
0!
#225500000000
1!
b1000010011 (
b110011101 '
1&
#226000000000
0!
#226500000000
1!
b100110 (
b1100111011 '
#227000000000
0!
#227500000000
1!
b1001101 (
b1001110111 '
#228000000000
0!
#228500000000
1!
b10011011 (
b11101110 '
0&
#229000000000
0!
#229500000000
1!
b100110110 (
b111011101 '
#230000000000
0!
#230500000000
1!
b1001101100 (
b1110111011 '
#231000000000
0!
#231500000000
1!
b11011001 (
b1101110111 '
1&
#232000000000
0!
#232500000000
1!
b110110011 (
b1011101110 '
#233000000000
0!
#233500000000
1!
b1101100110 (
b111011100 '
#234000000000
0!
#234500000000
1!
b1011001101 (
b1110111001 '
0&
#235000000000
0!
#235500000000
1!
b110011011 (
b1101110011 '
1&
#236000000000
0!
#236500000000
1!
b1100110111 (
b1011100111 '
0&
#237000000000
0!
#237500000000
1!
b1001101111 (
b111001110 '
1&
#238000000000
0!
#238500000000
1!
b11011110 (
b1110011101 '
#239000000000
0!
#239500000000
1!
b110111101 (
b1100111010 '
#240000000000
0!
#240500000000
1!
b1101111010 (
b1001110101 '
0&
#241000000000
0!
#241500000000
1!
b1011110100 (
b11101010 '
1&
#242000000000
0!
#242500000000
1!
b111101000 (
b111010100 '
0&
#243000000000
0!
#243500000000
1!
b1111010001 (
b1110101001 '
#244000000000
0!
#244500000000
1!
b1110100011 (
b1101010011 '
#245000000000
0!
#245500000000
1!
b1101000111 (
b1010100111 '
#246000000000
0!
#246500000000
1!
b1010001110 (
b101001110 '
1&
#247000000000
0!
#247500000000
1!
b100011100 (
b1010011101 '
#248000000000
0!
#248500000000
1!
b1000111000 (
b100111010 '
#249000000000
0!
#249500000000
1!
b1110000 (
b1001110100 '
#250000000000
0!
#250500000000
1!
b11100001 (
b11101000 '
0&
#251000000000
0!
#251500000000
1!
b111000010 (
b111010000 '
#252000000000
0!
#252500000000
1!
b1110000101 (
b1110100000 '
#253000000000
0!
#253500000000
1!
b1100001010 (
b1101000001 '
#254000000000
0!
#254500000000
1!
b1000010101 (
b1010000011 '
#255000000000
0!
#255500000000
1!
b101010 (
b100000111 '
#256000000000
0!
#256500000000
1!
b1010100 (
b1000001111 '
1&
#257000000000
0!
#257500000000
1!
b10101001 (
b11110 '
0&
#258000000000
0!
#258500000000
1!
b101010010 (
b111101 '
#259000000000
0!
#259500000000
1!
b1010100100 (
b1111011 '
1&
#260000000000
0!
#260500000000
1!
b101001000 (
b11110110 '
0&
#261000000000
0!
#261500000000
1!
b1010010001 (
b111101101 '
1&
#262000000000
0!
#262500000000
1!
b100100010 (
b1111011011 '
#263000000000
0!
#263500000000
1!
b1001000101 (
b1110110111 '
0&
#264000000000
0!
#264500000000
1!
b10001010 (
b1101101110 '
1&
#265000000000
0!
#265500000000
1!
b100010100 (
b1011011100 '
#266000000000
0!
#266500000000
1!
b1000101000 (
b110111000 '
#267000000000
0!
#267500000000
1!
b1010000 (
b1101110000 '
#268000000000
0!
#268500000000
1!
b10100000 (
b1011100001 '
#269000000000
0!
#269500000000
1!
b101000000 (
b111000011 '
0&
#270000000000
0!
#270500000000
1!
b1010000001 (
b1110000110 '
#271000000000
0!
#271500000000
1!
b100000010 (
b1100001100 '
1&
#272000000000
0!
#272500000000
1!
b1000000100 (
b1000011000 '
0&
#273000000000
0!
#273500000000
1!
b1000 (
b110001 '
#274000000000
0!
#274500000000
1!
b10000 (
b1100010 '
#275000000000
0!
#275500000000
1!
b100000 (
b11000100 '
#276000000000
0!
#276500000000
1!
b1000001 (
b110001001 '
#277000000000
0!
#277500000000
1!
b10000010 (
b1100010010 '
1&
#278000000000
0!
#278500000000
1!
b100000100 (
b1000100101 '
#279000000000
0!
#279500000000
1!
b1000001000 (
b1001010 '
#280000000000
0!
#280500000000
1!
b10001 (
b10010100 '
0&
#281000000000
0!
#281500000000
1!
b100010 (
b100101001 '
#282000000000
0!
#282500000000
1!
b1000100 (
b1001010010 '
1&
#283000000000
0!
#283500000000
1!
b10001001 (
b10100101 '
0&
#284000000000
0!
#284500000000
1!
b100010011 (
b101001011 '
#285000000000
0!
#285500000000
1!
b1000100110 (
b1010010110 '
#286000000000
0!
#286500000000
1!
b1001100 (
b100101100 '
#287000000000
0!
#287500000000
1!
b10011001 (
b1001011001 '
1&
#288000000000
0!
#288500000000
1!
b100110011 (
b10110011 '
0&
#289000000000
0!
#289500000000
1!
b1001100111 (
b101100110 '
1&
#290000000000
0!
#290500000000
1!
b11001110 (
b1011001101 '
#291000000000
0!
#291500000000
1!
b110011101 (
b110011010 '
0&
#292000000000
0!
#292500000000
1!
b1100111011 (
b1100110100 '
#293000000000
0!
#293500000000
1!
b1001110110 (
b1001101000 '
#294000000000
0!
#294500000000
1!
b11101100 (
b11010001 '
#295000000000
0!
#295500000000
1!
b111011001 (
b110100010 '
#296000000000
0!
#296500000000
1!
b1110110010 (
b1101000100 '
#297000000000
0!
#297500000000
1!
b1101100101 (
b1010001000 '
#298000000000
0!
#298500000000
1!
b1011001010 (
b100010001 '
1&
#299000000000
0!
#299500000000
1!
b110010101 (
b1000100010 '
#300000000000
0!
#300500000000
1!
b1100101011 (
b1000101 '
#301000000000
0!
#301500000000
1!
b1001010110 (
b10001011 '
#302000000000
0!
#302500000000
1!
b10101101 (
b100010110 '
0&
#303000000000
0!
#303500000000
1!
b101011011 (
b1000101101 '
1&
#304000000000
0!
#304500000000
1!
b1010110110 (
b1011010 '
#305000000000
0!
#305500000000
1!
b101101101 (
b10110100 '
0&
#306000000000
0!
#306500000000
1!
b1011011011 (
b101101001 '
1&
#307000000000
0!
#307500000000
1!
b110110111 (
b1011010010 '
#308000000000
0!
#308500000000
1!
b1101101111 (
b110100101 '
#309000000000
0!
#309500000000
1!
b1011011111 (
b1101001011 '
0&
#310000000000
0!
#310500000000
1!
b110111110 (
b1010010111 '
1&
#311000000000
0!
#311500000000
1!
b1101111101 (
b100101110 '
#312000000000
0!
#312500000000
1!
b1011111010 (
b1001011101 '
0&
#313000000000
0!
#313500000000
1!
b111110100 (
b10111010 '
#314000000000
0!
#314500000000
1!
b1111101000 (
b101110100 '
1&
#315000000000
0!
#315500000000
1!
b1111010000 (
b1011101001 '
0&
#316000000000
0!
#316500000000
1!
b1110100001 (
b111010011 '
1&
#317000000000
0!
#317500000000
1!
b1101000010 (
b1110100110 '
0&
#318000000000
0!
#318500000000
1!
b1010000101 (
b1101001100 '
#319000000000
0!
#319500000000
1!
b100001011 (
b1010011000 '
1&
#320000000000
0!
#320500000000
1!
b1000010110 (
b100110001 '
#321000000000
0!
#321500000000
1!
b101101 (
b1001100010 '
#322000000000
0!
#322500000000
1!
b1011010 (
b11000101 '
0&
#323000000000
0!
#323500000000
1!
b10110101 (
b110001011 '
#324000000000
0!
#324500000000
1!
b101101011 (
b1100010110 '
1&
#325000000000
0!
#325500000000
1!
b1011010111 (
b1000101100 '
0&
#326000000000
0!
#326500000000
1!
b110101110 (
b1011000 '
#327000000000
0!
#327500000000
1!
b1101011101 (
b10110000 '
1&
#328000000000
0!
#328500000000
1!
b1010111011 (
b101100000 '
#329000000000
0!
#329500000000
1!
b101110110 (
b1011000000 '
#330000000000
0!
#330500000000
1!
b1011101100 (
b110000001 '
#331000000000
0!
#331500000000
1!
b111011000 (
b1100000010 '
#332000000000
0!
#332500000000
1!
b1110110000 (
b1000000101 '
0&
#333000000000
0!
#333500000000
1!
b1101100000 (
b1010 '
1&
#334000000000
0!
#334500000000
1!
b1011000001 (
b10100 '
#335000000000
0!
#335500000000
1!
b110000010 (
b101001 '
0&
#336000000000
0!
#336500000000
1!
b1100000101 (
b1010010 '
1&
#337000000000
0!
#337500000000
1!
b1000001011 (
b10100100 '
#338000000000
0!
#338500000000
1!
b10110 (
b101001001 '
0&
#339000000000
0!
#339500000000
1!
b101100 (
b1010010010 '
1&
#340000000000
0!
#340500000000
1!
b1011000 (
b100100101 '
0&
#341000000000
0!
#341500000000
1!
b10110000 (
b1001001011 '
1&
#342000000000
0!
#342500000000
1!
b101100000 (
b10010111 '
0&
#343000000000
0!
#343500000000
1!
b1011000000 (
b100101111 '
1&
#344000000000
0!
#344500000000
1!
b110000000 (
b1001011111 '
#345000000000
0!
#345500000000
1!
b1100000000 (
b10111110 '
#346000000000
0!
#346500000000
1!
b1000000000 (
b101111101 '
#347000000000
0!
#347500000000
1!
b1 (
b1011111011 '
#348000000000
0!
#348500000000
1!
b10 (
b111110111 '
0&
#349000000000
0!
#349500000000
1!
b101 (
b1111101111 '
1&
#350000000000
0!
#350500000000
1!
b1011 (
b1111011110 '
#351000000000
0!
#351500000000
1!
b10111 (
b1110111100 '
#352000000000
0!
#352500000000
1!
b101110 (
b1101111000 '
#353000000000
0!
#353500000000
1!
b1011101 (
b1011110001 '
#354000000000
0!
#354500000000
1!
b10111011 (
b111100011 '
0&
#355000000000
0!
#355500000000
1!
b101110111 (
b1111000110 '
1&
#356000000000
0!
#356500000000
1!
b1011101110 (
b1110001100 '
0&
#357000000000
0!
#357500000000
1!
b111011101 (
b1100011000 '
1&
#358000000000
0!
#358500000000
1!
b1110111011 (
b1000110001 '
0&
#359000000000
0!
#359500000000
1!
b1101110111 (
b1100011 '
1&
#360000000000
0!
#360500000000
1!
b1011101111 (
b11000110 '
#361000000000
0!
#361500000000
1!
b111011111 (
b110001101 '
0&
#362000000000
0!
#362500000000
1!
b1110111110 (
b1100011011 '
#363000000000
0!
#363500000000
1!
b1101111100 (
b1000110111 '
#364000000000
0!
#364500000000
1!
b1011111000 (
b1101110 '
1&
#365000000000
0!
#365500000000
1!
b111110001 (
b11011101 '
0&
#366000000000
0!
#366500000000
1!
b1111100011 (
b110111011 '
1&
#367000000000
0!
#367500000000
1!
b1111000111 (
b1101110110 '
0&
#368000000000
0!
#368500000000
1!
b1110001111 (
b1011101100 '
#369000000000
0!
#369500000000
1!
b1100011111 (
b111011000 '
1&
#370000000000
0!
#370500000000
1!
b1000111110 (
b1110110000 '
0&
#371000000000
0!
#371500000000
1!
b1111100 (
b1101100001 '
1&
#372000000000
0!
#372500000000
1!
b11111000 (
b1011000011 '
#373000000000
0!
#373500000000
1!
b111110000 (
b110000111 '
0&
#374000000000
0!
#374500000000
1!
b1111100001 (
b1100001111 '
#375000000000
0!
#375500000000
1!
b1111000010 (
b1000011110 '
#376000000000
0!
#376500000000
1!
b1110000100 (
b111100 '
1&
#377000000000
0!
#377500000000
1!
b1100001000 (
b1111001 '
#378000000000
0!
#378500000000
1!
b1000010000 (
b11110010 '
#379000000000
0!
#379500000000
1!
b100001 (
b111100100 '
0&
#380000000000
0!
#380500000000
1!
b1000011 (
b1111001001 '
1&
#381000000000
0!
#381500000000
1!
b10000111 (
b1110010011 '
#382000000000
0!
#382500000000
1!
b100001111 (
b1100100111 '
#383000000000
0!
#383500000000
1!
b1000011111 (
b1001001110 '
0&
#384000000000
0!
#384500000000
1!
b111111 (
b10011100 '
#385000000000
0!
#385500000000
1!
b1111111 (
b100111001 '
#386000000000
0!
#386500000000
1!
b11111111 (
b1001110010 '
1&
#387000000000
0!
#387500000000
1!
b111111110 (
b11100101 '
0&
#388000000000
0!
#388500000000
1!
b1111111101 (
b111001011 '
1&
#389000000000
0!
#389500000000
1!
b1111111011 (
b1110010110 '
0&
#390000000000
0!
#390500000000
1!
b1111110111 (
b1100101100 '
#391000000000
0!
#391500000000
1!
b1111101110 (
b1001011000 '
#392000000000
0!
#392500000000
1!
b1111011100 (
b10110001 '
1&
#393000000000
0!
#393500000000
1!
b1110111000 (
b101100010 '
#394000000000
0!
#394500000000
1!
b1101110000 (
b1011000100 '
0&
#395000000000
0!
#395500000000
1!
b1011100001 (
b110001000 '
1&
#396000000000
0!
#396500000000
1!
b111000011 (
b1100010000 '
#397000000000
0!
#397500000000
1!
b1110000111 (
b1000100001 '
0&
#398000000000
0!
#398500000000
1!
b1100001111 (
b1000011 '
1&
#399000000000
0!
#399500000000
1!
b1000011110 (
b10000110 '
#400000000000
0!
#400500000000
1!
b111101 (
b100001101 '
0&
#401000000000
0!
#401500000000
1!
b1111010 (
b1000011011 '
1&
#402000000000
0!
#402500000000
1!
b11110100 (
b110111 '
0&
#403000000000
0!
#403500000000
1!
b111101001 (
b1101111 '
#404000000000
0!
#404500000000
1!
b1111010011 (
b11011111 '
1&
#405000000000
0!
#405500000000
1!
b1110100110 (
b110111111 '
#406000000000
0!
#406500000000
1!
b1101001100 (
b1101111111 '
0&
#407000000000
0!
#407500000000
1!
b1010011001 (
b1011111110 '
#408000000000
0!
#408500000000
1!
b100110010 (
b111111100 '
#409000000000
0!
#409500000000
1!
b1001100101 (
b1111111001 '
#410000000000
0!
#410500000000
1!
b11001011 (
b1111110011 '
1&
#411000000000
0!
#411500000000
1!
b110010110 (
b1111100111 '
#412000000000
0!
#412500000000
1!
b1100101100 (
b1111001110 '
0&
#413000000000
0!
#413500000000
1!
b1001011000 (
b1110011100 '
#414000000000
0!
#414500000000
1!
b10110001 (
b1100111000 '
1&
#415000000000
0!
#415500000000
1!
b101100010 (
b1001110001 '
#416000000000
0!
#416500000000
1!
b1011000101 (
b11100011 '
#417000000000
0!
#417500000000
1!
b110001011 (
b111000110 '
0&
#418000000000
0!
#418500000000
1!
b1100010111 (
b1110001101 '
#419000000000
0!
#419500000000
1!
b1000101110 (
b1100011010 '
#420000000000
0!
#420500000000
1!
b1011100 (
b1000110101 '
1&
#421000000000
0!
#421500000000
1!
b10111001 (
b1101010 '
0&
#422000000000
0!
#422500000000
1!
b101110010 (
b11010100 '
#423000000000
0!
#423500000000
1!
b1011100101 (
b110101001 '
1&
#424000000000
0!
#424500000000
1!
b111001010 (
b1101010010 '
#425000000000
0!
#425500000000
1!
b1110010101 (
b1010100101 '
0&
#426000000000
0!
#426500000000
1!
b1100101010 (
b101001010 '
1&
#427000000000
0!
#427500000000
1!
b1001010100 (
b1010010100 '
0&
#428000000000
0!
#428500000000
1!
b10101000 (
b100101000 '
#429000000000
0!
#429500000000
1!
b101010000 (
b1001010000 '
1&
#430000000000
0!
#430500000000
1!
b1010100001 (
b10100001 '
#431000000000
0!
#431500000000
1!
b101000011 (
b101000010 '
0&
#432000000000
0!
#432500000000
1!
b1010000110 (
b1010000100 '
#433000000000
0!
#433500000000
1!
b100001100 (
b100001000 '
#434000000000
0!
#434500000000
1!
b1000011000 (
b1000010000 '
#435000000000
0!
#435500000000
1!
b110001 (
b100001 '
#436000000000
0!
#436500000000
1!
b1100011 (
b1000010 '
#437000000000
0!
#437500000000
1!
b11000110 (
b10000100 '
#438000000000
0!
#438500000000
1!
b110001101 (
b100001001 '
#439000000000
0!
#439500000000
1!
b1100011011 (
b1000010010 '
#440000000000
0!
#440500000000
1!
b1000110111 (
b100101 '
1&
#441000000000
0!
#441500000000
1!
b1101110 (
b1001011 '
0&
#442000000000
0!
#442500000000
1!
b11011101 (
b10010110 '
#443000000000
0!
#443500000000
1!
b110111010 (
b100101101 '
#444000000000
0!
#444500000000
1!
b1101110100 (
b1001011011 '
#445000000000
0!
#445500000000
1!
b1011101000 (
b10110111 '
1&
#446000000000
0!
#446500000000
1!
b111010001 (
b101101111 '
0&
#447000000000
0!
#447500000000
1!
b1110100010 (
b1011011111 '
#448000000000
0!
#448500000000
1!
b1101000101 (
b110111110 '
1&
#449000000000
0!
#449500000000
1!
b1010001011 (
b1101111101 '
0&
#450000000000
0!
#450500000000
1!
b100010111 (
b1011111010 '
1&
#451000000000
0!
#451500000000
1!
b1000101111 (
b111110101 '
#452000000000
0!
#452500000000
1!
b1011110 (
b1111101011 '
#453000000000
0!
#453500000000
1!
b10111100 (
b1111010111 '
#454000000000
0!
#454500000000
1!
b101111001 (
b1110101110 '
#455000000000
0!
#455500000000
1!
b1011110010 (
b1101011100 '
0&
#456000000000
0!
#456500000000
1!
b111100100 (
b1010111000 '
1&
#457000000000
0!
#457500000000
1!
b1111001000 (
b101110001 '
#458000000000
0!
#458500000000
1!
b1110010001 (
b1011100010 '
0&
#459000000000
0!
#459500000000
1!
b1100100011 (
b111000101 '
1&
#460000000000
0!
#460500000000
1!
b1001000110 (
b1110001011 '
0&
#461000000000
0!
#461500000000
1!
b10001101 (
b1100010111 '
1&
#462000000000
0!
#462500000000
1!
b100011010 (
b1000101110 '
#463000000000
0!
#463500000000
1!
b1000110100 (
b1011100 '
#464000000000
0!
#464500000000
1!
b1101001 (
b10111001 '
0&
#465000000000
0!
#465500000000
1!
b11010011 (
b101110010 '
#466000000000
0!
#466500000000
1!
b110100110 (
b1011100100 '
1&
#467000000000
0!
#467500000000
1!
b1101001101 (
b111001000 '
#468000000000
0!
#468500000000
1!
b1010011011 (
b1110010000 '
0&
#469000000000
0!
#469500000000
1!
b100110111 (
b1100100001 '
1&
#470000000000
0!
#470500000000
1!
b1001101110 (
b1001000011 '
0&
#471000000000
0!
#471500000000
1!
b11011100 (
b10000111 '
#472000000000
0!
#472500000000
1!
b110111000 (
b100001111 '
#473000000000
0!
#473500000000
1!
b1101110001 (
b1000011111 '
#474000000000
0!
#474500000000
1!
b1011100011 (
b111110 '
1&
#475000000000
0!
#475500000000
1!
b111000110 (
b1111101 '
0&
#476000000000
0!
#476500000000
1!
b1110001100 (
b11111011 '
1&
#477000000000
0!
#477500000000
1!
b1100011000 (
b111110110 '
#478000000000
0!
#478500000000
1!
b1000110000 (
b1111101101 '
0&
#479000000000
0!
#479500000000
1!
b1100000 (
b1111011010 '
1&
#480000000000
0!
#480500000000
1!
b11000001 (
b1110110101 '
#481000000000
0!
#481500000000
1!
b110000011 (
b1101101010 '
#482000000000
0!
#482500000000
1!
b1100000111 (
b1011010101 '
0&
#483000000000
0!
#483500000000
1!
b1000001110 (
b110101010 '
1&
#484000000000
0!
#484500000000
1!
b11101 (
b1101010100 '
#485000000000
0!
#485500000000
1!
b111011 (
b1010101000 '
#486000000000
0!
#486500000000
1!
b1110110 (
b101010001 '
0&
#487000000000
0!
#487500000000
1!
b11101101 (
b1010100010 '
1&
#488000000000
0!
#488500000000
1!
b111011011 (
b101000101 '
0&
#489000000000
0!
#489500000000
1!
b1110110111 (
b1010001011 '
#490000000000
0!
#490500000000
1!
b1101101110 (
b100010111 '
1&
#491000000000
0!
#491500000000
1!
b1011011101 (
b1000101111 '
0&
#492000000000
0!
#492500000000
1!
b110111011 (
b1011110 '
#493000000000
0!
#493500000000
1!
b1101110110 (
b10111101 '
1&
#494000000000
0!
#494500000000
1!
b1011101101 (
b101111011 '
#495000000000
0!
#495500000000
1!
b111011010 (
b1011110110 '
#496000000000
0!
#496500000000
1!
b1110110101 (
b111101100 '
#497000000000
0!
#497500000000
1!
b1101101011 (
b1111011001 '
0&
#498000000000
0!
#498500000000
1!
b1011010110 (
b1110110011 '
#499000000000
0!
#499500000000
1!
b110101100 (
b1101100111 '
1&
#500000000000
0!
#500500000000
1!
b1101011000 (
b1011001110 '
0&
#501000000000
0!
#501500000000
1!
b1010110000 (
b110011100 '
1&
#502000000000
0!
#502500000000
1!
b101100001 (
b1100111001 '
#503000000000
0!
#503500000000
1!
b1011000010 (
b1001110011 '
0&
#504000000000
0!
#504500000000
1!
b110000101 (
b11100111 '
#505000000000
0!
#505500000000
1!
b1100001011 (
b111001111 '
1&
#506000000000
0!
#506500000000
1!
b1000010111 (
b1110011111 '
0&
#507000000000
0!
#507500000000
1!
b101111 (
b1100111110 '
1&
#508000000000
0!
#508500000000
1!
b1011111 (
b1001111100 '
#509000000000
0!
#509500000000
1!
b10111110 (
b11111000 '
0&
#510000000000
0!
#510500000000
1!
b101111100 (
b111110000 '
#511000000000
0!
#511500000000
1!
b1011111001 (
b1111100000 '
#512000000000
0!
#512500000000
1!
b111110011 (
b1111000001 '
1&
#513000000000
0!
#513500000000
1!
b1111100110 (
b1110000011 '
0&
#514000000000
0!
#514500000000
1!
b1111001100 (
b1100000111 '
#515000000000
0!
#515500000000
1!
b1110011000 (
b1000001110 '
#516000000000
0!
#516500000000
1!
b1100110001 (
b11100 '
1&
#517000000000
0!
#517500000000
1!
b1001100011 (
b111001 '
#518000000000
0!
#518500000000
1!
b11000111 (
b1110010 '
0&
#519000000000
0!
#519500000000
1!
b110001111 (
b11100100 '
#520000000000
0!
#520500000000
1!
b1100011110 (
b111001001 '
1&
#521000000000
0!
#521500000000
1!
b1000111100 (
b1110010010 '
0&
#522000000000
0!
#522500000000
1!
b1111001 (
b1100100101 '
1&
#523000000000
0!
#523500000000
1!
b11110011 (
b1001001010 '
#524000000000
0!
#524500000000
1!
b111100111 (
b10010101 '
0&
#525000000000
0!
#525500000000
1!
b1111001111 (
b100101011 '
1&
#526000000000
0!
#526500000000
1!
b1110011111 (
b1001010110 '
0&
#527000000000
0!
#527500000000
1!
b1100111111 (
b10101100 '
1&
#528000000000
0!
#528500000000
1!
b1001111111 (
b101011001 '
#529000000000
0!
#529500000000
1!
b11111110 (
b1010110010 '
#530000000000
0!
#530500000000
1!
b111111100 (
b101100101 '
0&
#531000000000
0!
#531500000000
1!
b1111111000 (
b1011001011 '
#532000000000
0!
#532500000000
1!
b1111110000 (
b110010111 '
1&
#533000000000
0!
#533500000000
1!
b1111100000 (
b1100101111 '
0&
#534000000000
0!
#534500000000
1!
b1111000000 (
b1001011110 '
#535000000000
0!
#535500000000
1!
b1110000001 (
b10111100 '
1&
#536000000000
0!
#536500000000
1!
b1100000011 (
b101111001 '
#537000000000
0!
#537500000000
1!
b1000000111 (
b1011110010 '
0&
#538000000000
0!
#538500000000
1!
b1111 (
b111100101 '
#539000000000
0!
#539500000000
1!
b11110 (
b1111001011 '
1&
#540000000000
0!
#540500000000
1!
b111100 (
b1110010111 '
#541000000000
0!
#541500000000
1!
b1111000 (
b1100101110 '
#542000000000
0!
#542500000000
1!
b11110001 (
b1001011100 '
#543000000000
0!
#543500000000
1!
b111100010 (
b10111000 '
0&
#544000000000
0!
#544500000000
1!
b1111000100 (
b101110000 '
1&
#545000000000
0!
#545500000000
1!
b1110001000 (
b1011100000 '
0&
#546000000000
0!
#546500000000
1!
b1100010001 (
b111000001 '
1&
#547000000000
0!
#547500000000
1!
b1000100010 (
b1110000010 '
0&
#548000000000
0!
#548500000000
1!
b1000101 (
b1100000101 '
1&
#549000000000
0!
#549500000000
1!
b10001011 (
b1000001010 '
#550000000000
0!
#550500000000
1!
b100010110 (
b10101 '
0&
#551000000000
0!
#551500000000
1!
b1000101101 (
b101011 '
1&
#552000000000
0!
#552500000000
1!
b1011011 (
b1010110 '
0&
#553000000000
0!
#553500000000
1!
b10110111 (
b10101101 '
#554000000000
0!
#554500000000
1!
b101101110 (
b101011011 '
#555000000000
0!
#555500000000
1!
b1011011100 (
b1010110110 '
#556000000000
0!
#556500000000
1!
b110111001 (
b101101100 '
#557000000000
0!
#557500000000
1!
b1101110011 (
b1011011001 '
#558000000000
0!
#558500000000
1!
b1011100110 (
b110110011 '
1&
#559000000000
0!
#559500000000
1!
b111001101 (
b1101100110 '
#560000000000
0!
#560500000000
1!
b1110011011 (
b1011001100 '
0&
#561000000000
0!
#561500000000
1!
b1100110110 (
b110011000 '
1&
#562000000000
0!
#562500000000
1!
b1001101101 (
b1100110000 '
0&
#563000000000
0!
#563500000000
1!
b11011011 (
b1001100001 '
1&
#564000000000
0!
#564500000000
1!
b110110110 (
b11000011 '
0&
#565000000000
0!
#565500000000
1!
b1101101101 (
b110000110 '
1&
#566000000000
0!
#566500000000
1!
b1011011010 (
b1100001101 '
0&
#567000000000
0!
#567500000000
1!
b110110101 (
b1000011010 '
1&
#568000000000
0!
#568500000000
1!
b1101101010 (
b110101 '
#569000000000
0!
#569500000000
1!
b1011010100 (
b1101011 '
#570000000000
0!
#570500000000
1!
b110101001 (
b11010110 '
0&
#571000000000
0!
#571500000000
1!
b1101010011 (
b110101101 '
1&
#572000000000
0!
#572500000000
1!
b1010100111 (
b1101011011 '
0&
#573000000000
0!
#573500000000
1!
b101001111 (
b1010110111 '
1&
#574000000000
0!
#574500000000
1!
b1010011111 (
b101101110 '
#575000000000
0!
#575500000000
1!
b100111110 (
b1011011101 '
#576000000000
0!
#576500000000
1!
b1001111100 (
b110111010 '
#577000000000
0!
#577500000000
1!
b11111001 (
b1101110100 '
#578000000000
0!
#578500000000
1!
b111110010 (
b1011101000 '
#579000000000
0!
#579500000000
1!
b1111100100 (
b111010001 '
#580000000000
0!
#580500000000
1!
b1111001001 (
b1110100010 '
0&
#581000000000
0!
#581500000000
1!
b1110010011 (
b1101000101 '
#582000000000
0!
#582500000000
1!
b1100100110 (
b1010001010 '
#583000000000
0!
#583500000000
1!
b1001001101 (
b100010101 '
1&
#584000000000
0!
#584500000000
1!
b10011010 (
b1000101011 '
#585000000000
0!
#585500000000
1!
b100110100 (
b1010111 '
0&
#586000000000
0!
#586500000000
1!
b1001101001 (
b10101111 '
1&
#587000000000
0!
#587500000000
1!
b11010010 (
b101011111 '
0&
#588000000000
0!
#588500000000
1!
b110100100 (
b1010111111 '
1&
#589000000000
0!
#589500000000
1!
b1101001000 (
b101111110 '
#590000000000
0!
#590500000000
1!
b1010010000 (
b1011111101 '
0&
#591000000000
0!
#591500000000
1!
b100100000 (
b111111010 '
#592000000000
0!
#592500000000
1!
b1001000000 (
b1111110100 '
#593000000000
0!
#593500000000
1!
b10000001 (
b1111101000 '
1&
#594000000000
0!
#594500000000
1!
b100000011 (
b1111010001 '
#595000000000
0!
#595500000000
1!
b1000000110 (
b1110100011 '
0&
#596000000000
0!
#596500000000
1!
b1101 (
b1101000111 '
1&
#597000000000
0!
#597500000000
1!
b11011 (
b1010001110 '
#598000000000
0!
#598500000000
1!
b110111 (
b100011100 '
0&
#599000000000
0!
#599500000000
1!
b1101111 (
b1000111001 '
1&
#600000000000
0!
#600500000000
1!
b11011111 (
b1110011 '
0&
#601000000000
0!
#601500000000
1!
b110111111 (
b11100110 '
#602000000000
0!
#602500000000
1!
b1101111111 (
b111001101 '
1&
#603000000000
0!
#603500000000
1!
b1011111111 (
b1110011011 '
0&
#604000000000
0!
#604500000000
1!
b111111111 (
b1100110111 '
1&
#605000000000
0!
#605500000000
1!
b1111111111 (
b1001101110 '
0&
#606000000000
0!
#606500000000
1!
b1111111110 (
b11011100 '
1&
#607000000000
0!
#607500000000
1!
b1111111100 (
b110111001 '
#608000000000
0!
#608500000000
1!
b1111111001 (
b1101110010 '
0&
#609000000000
0!
#609500000000
1!
b1111110010 (
b1011100101 '
#610000000000
0!
#610500000000
1!
b1111100101 (
b111001010 '
1&
#611000000000
0!
#611500000000
1!
b1111001011 (
b1110010100 '
0&
#612000000000
0!
#612500000000
1!
b1110010110 (
b1100101000 '
#613000000000
0!
#613500000000
1!
b1100101101 (
b1001010001 '
#614000000000
0!
#614500000000
1!
b1001011010 (
b10100011 '
1&
#615000000000
0!
#615500000000
1!
b10110100 (
b101000110 '
0&
#616000000000
0!
#616500000000
1!
b101101001 (
b1010001101 '
1&
#617000000000
0!
#617500000000
1!
b1011010010 (
b100011010 '
#618000000000
0!
#618500000000
1!
b110100101 (
b1000110100 '
#619000000000
0!
#619500000000
1!
b1101001010 (
b1101000 '
#620000000000
0!
#620500000000
1!
b1010010101 (
b11010000 '
#621000000000
0!
#621500000000
1!
b100101011 (
b110100000 '
0&
#622000000000
0!
#622500000000
1!
b1001010111 (
b1101000000 '
#623000000000
0!
#623500000000
1!
b10101111 (
b1010000001 '
1&
#624000000000
0!
#624500000000
1!
b101011110 (
b100000011 '
0&
#625000000000
0!
#625500000000
1!
b1010111101 (
b1000000110 '
#626000000000
0!
#626500000000
1!
b101111010 (
b1100 '
#627000000000
0!
#627500000000
1!
b1011110101 (
b11001 '
1&
#628000000000
0!
#628500000000
1!
b111101010 (
b110010 '
0&
#629000000000
0!
#629500000000
1!
b1111010100 (
b1100100 '
1&
#630000000000
0!
#630500000000
1!
b1110101000 (
b11001001 '
#631000000000
0!
#631500000000
1!
b1101010000 (
b110010010 '
#632000000000
0!
#632500000000
1!
b1010100000 (
b1100100100 '
0&
#633000000000
0!
#633500000000
1!
b101000001 (
b1001001000 '
1&
#634000000000
0!
#634500000000
1!
b1010000011 (
b10010001 '
#635000000000
0!
#635500000000
1!
b100000111 (
b100100010 '
0&
#636000000000
0!
#636500000000
1!
b1000001111 (
b1001000100 '
#637000000000
0!
#637500000000
1!
b11111 (
b10001000 '
#638000000000
0!
#638500000000
1!
b111110 (
b100010000 '
#639000000000
0!
#639500000000
1!
b1111101 (
b1000100000 '
1&
#640000000000
0!
#640500000000
1!
b11111010 (
b1000001 '
0&
#641000000000
0!
#641500000000
1!
b111110101 (
b10000010 '
#642000000000
0!
#642500000000
1!
b1111101010 (
b100000100 '
1&
#643000000000
0!
#643500000000
1!
b1111010101 (
b1000001001 '
0&
#644000000000
0!
#644500000000
1!
b1110101010 (
b10011 '
1&
#645000000000
0!
#645500000000
1!
b1101010101 (
b100110 '
#646000000000
0!
#646500000000
1!
b1010101011 (
b1001101 '
#647000000000
0!
#647500000000
1!
b101010110 (
b10011011 '
0&
#648000000000
0!
#648500000000
1!
b1010101101 (
b100110110 '
1&
#649000000000
0!
#649500000000
1!
b101011010 (
b1001101101 '
#650000000000
0!
#650500000000
1!
b1010110100 (
b11011010 '
#651000000000
0!
#651500000000
1!
b101101000 (
b110110100 '
0&
#652000000000
0!
#652500000000
1!
b1011010000 (
b1101101001 '
#653000000000
0!
#653500000000
1!
b110100000 (
b1011010011 '
1&
#654000000000
0!
#654500000000
1!
b1101000001 (
b110100111 '
#655000000000
0!
#655500000000
1!
b1010000010 (
b1101001111 '
0&
#656000000000
0!
#656500000000
1!
b100000101 (
b1010011110 '
1&
#657000000000
0!
#657500000000
1!
b1000001010 (
b100111100 '
#658000000000
0!
#658500000000
1!
b10100 (
b1001111001 '
#659000000000
0!
#659500000000
1!
b101001 (
b11110011 '
0&
#660000000000
0!
#660500000000
1!
b1010011 (
b111100110 '
#661000000000
0!
#661500000000
1!
b10100111 (
b1111001101 '
1&
#662000000000
0!
#662500000000
1!
b101001110 (
b1110011010 '
#663000000000
0!
#663500000000
1!
b1010011101 (
b1100110101 '
0&
#664000000000
0!
#664500000000
1!
b100111011 (
b1001101010 '
1&
#665000000000
0!
#665500000000
1!
b1001110111 (
b11010101 '
#666000000000
0!
#666500000000
1!
b11101110 (
b110101011 '
0&
#667000000000
0!
#667500000000
1!
b111011100 (
b1101010110 '
1&
#668000000000
0!
#668500000000
1!
b1110111001 (
b1010101100 '
0&
#669000000000
0!
#669500000000
1!
b1101110010 (
b101011000 '
1&
#670000000000
0!
#670500000000
1!
b1011100100 (
b1010110000 '
0&
#671000000000
0!
#671500000000
1!
b111001000 (
b101100001 '
#672000000000
0!
#672500000000
1!
b1110010000 (
b1011000010 '
#673000000000
0!
#673500000000
1!
b1100100001 (
b110000101 '
1&
#674000000000
0!
#674500000000
1!
b1001000011 (
b1100001011 '
0&
#675000000000
0!
#675500000000
1!
b10000110 (
b1000010111 '
1&
#676000000000
0!
#676500000000
1!
b100001101 (
b101110 '
0&
#677000000000
0!
#677500000000
1!
b1000011010 (
b1011101 '
1&
#678000000000
0!
#678500000000
1!
b110100 (
b10111011 '
0&
#679000000000
0!
#679500000000
1!
b1101000 (
b101110110 '
#680000000000
0!
#680500000000
1!
b11010001 (
b1011101101 '
1&
#681000000000
0!
#681500000000
1!
b110100011 (
b111011010 '
0&
#682000000000
0!
#682500000000
1!
b1101000110 (
b1110110100 '
#683000000000
0!
#683500000000
1!
b1010001100 (
b1101101000 '
#684000000000
0!
#684500000000
1!
b100011001 (
b1011010001 '
1&
#685000000000
0!
#685500000000
1!
b1000110011 (
b110100011 '
#686000000000
0!
#686500000000
1!
b1100111 (
b1101000110 '
#687000000000
0!
#687500000000
1!
b11001111 (
b1010001100 '
#688000000000
0!
#688500000000
1!
b110011111 (
b100011000 '
0&
#689000000000
0!
#689500000000
1!
b1100111110 (
b1000110000 '
#690000000000
0!
#690500000000
1!
b1001111101 (
b1100001 '
1&
#691000000000
0!
#691500000000
1!
b11111011 (
b11000010 '
0&
#692000000000
0!
#692500000000
1!
b111110111 (
b110000100 '
#693000000000
0!
#693500000000
1!
b1111101111 (
b1100001001 '
#694000000000
0!
#694500000000
1!
b1111011110 (
b1000010011 '
#695000000000
0!
#695500000000
1!
b1110111101 (
b100111 '
1&
#696000000000
0!
#696500000000
1!
b1101111011 (
b1001111 '
#697000000000
0!
#697500000000
1!
b1011110110 (
b10011111 '
#698000000000
0!
#698500000000
1!
b111101101 (
b100111111 '
0&
#699000000000
0!
#699500000000
1!
b1111011010 (
b1001111111 '
#700000000000
0!
#700500000000
1!
b1110110100 (
b11111110 '
1&
#701000000000
0!
#701500000000
1!
b1101101001 (
b111111101 '
#702000000000
0!
#702500000000
1!
b1011010011 (
b1111111011 '
0&
#703000000000
0!
#703500000000
1!
b110100111 (
b1111110111 '
1&
#704000000000
0!
#704500000000
1!
b1101001111 (
b1111101110 '
0&
#705000000000
0!
#705500000000
1!
b1010011110 (
b1111011100 '
#706000000000
0!
#706500000000
1!
b100111100 (
b1110111000 '
1&
#707000000000
0!
#707500000000
1!
b1001111001 (
b1101110001 '
0&
#708000000000
0!
#708500000000
1!
b11110010 (
b1011100011 '
1&
#709000000000
0!
#709500000000
1!
b111100101 (
b111000111 '
0&
#710000000000
0!
#710500000000
1!
b1111001010 (
b1110001111 '
#711000000000
0!
#711500000000
1!
b1110010100 (
b1100011110 '
#712000000000
0!
#712500000000
1!
b1100101000 (
b1000111100 '
#713000000000
0!
#713500000000
1!
b1001010001 (
b1111000 '
1&
#714000000000
0!
#714500000000
1!
b10100011 (
b11110000 '
0&
#715000000000
0!
#715500000000
1!
b101000111 (
b111100000 '
#716000000000
0!
#716500000000
1!
b1010001111 (
b1111000000 '
#717000000000
0!
#717500000000
1!
b100011110 (
b1110000001 '
1&
#718000000000
0!
#718500000000
1!
b1000111101 (
b1100000011 '
0&
#719000000000
0!
#719500000000
1!
b1111011 (
b1000000111 '
1&
#720000000000
0!
#720500000000
1!
b11110110 (
b1110 '
0&
#721000000000
0!
#721500000000
1!
b111101100 (
b11101 '
#722000000000
0!
#722500000000
1!
b1111011000 (
b111011 '
1&
#723000000000
0!
#723500000000
1!
b1110110001 (
b1110110 '
#724000000000
0!
#724500000000
1!
b1101100010 (
b11101101 '
#725000000000
0!
#725500000000
1!
b1011000100 (
b111011011 '
#726000000000
0!
#726500000000
1!
b110001001 (
b1110110110 '
#727000000000
0!
#727500000000
1!
b1100010010 (
b1101101100 '
0&
#728000000000
0!
#728500000000
1!
b1000100101 (
b1011011000 '
#729000000000
0!
#729500000000
1!
b1001011 (
b110110001 '
#730000000000
0!
#730500000000
1!
b10010111 (
b1101100010 '
1&
#731000000000
0!
#731500000000
1!
b100101111 (
b1011000101 '
#732000000000
0!
#732500000000
1!
b1001011110 (
b110001010 '
#733000000000
0!
#733500000000
1!
b10111101 (
b1100010100 '
#734000000000
0!
#734500000000
1!
b101111011 (
b1000101000 '
#735000000000
0!
#735500000000
1!
b1011110111 (
b1010001 '
#736000000000
0!
#736500000000
1!
b111101111 (
b10100010 '
0&
#737000000000
0!
#737500000000
1!
b1111011111 (
b101000100 '
1&
#738000000000
0!
#738500000000
1!
b1110111111 (
b1010001001 '
0&
#739000000000
0!
#739500000000
1!
b1101111110 (
b100010011 '
1&
#740000000000
0!
#740500000000
1!
b1011111101 (
b1000100110 '
0&
#741000000000
0!
#741500000000
1!
b111111010 (
b1001100 '
#742000000000
0!
#742500000000
1!
b1111110100 (
b10011001 '
1&
#743000000000
0!
#743500000000
1!
b1111101001 (
b100110010 '
#744000000000
0!
#744500000000
1!
b1111010010 (
b1001100100 '
0&
#745000000000
0!
#745500000000
1!
b1110100100 (
b11001000 '
1&
#746000000000
0!
#746500000000
1!
b1101001001 (
b110010000 '
#747000000000
0!
#747500000000
1!
b1010010010 (
b1100100000 '
0&
#748000000000
0!
#748500000000
1!
b100100101 (
b1001000001 '
1&
#749000000000
0!
#749500000000
1!
b1001001011 (
b10000011 '
#750000000000
0!
#750500000000
1!
b10010110 (
b100000110 '
0&
#751000000000
0!
#751500000000
1!
b100101101 (
b1000001101 '
1&
#752000000000
0!
#752500000000
1!
b1001011011 (
b11010 '
#753000000000
0!
#753500000000
1!
b10110110 (
b110100 '
0&
#754000000000
0!
#754500000000
1!
b101101100 (
b1101001 '
#755000000000
0!
#755500000000
1!
b1011011001 (
b11010010 '
1&
#756000000000
0!
#756500000000
1!
b110110010 (
b110100100 '
0&
#757000000000
0!
#757500000000
1!
b1101100100 (
b1101001001 '
#758000000000
0!
#758500000000
1!
b1011001000 (
b1010010011 '
#759000000000
0!
#759500000000
1!
b110010000 (
b100100111 '
#760000000000
0!
#760500000000
1!
b1100100000 (
b1001001111 '
#761000000000
0!
#761500000000
1!
b1001000001 (
b10011110 '
1&
#762000000000
0!
#762500000000
1!
b10000011 (
b100111101 '
0&
#763000000000
0!
#763500000000
1!
b100000110 (
b1001111011 '
1&
#764000000000
0!
#764500000000
1!
b1000001101 (
b11110111 '
#765000000000
0!
#765500000000
1!
b11010 (
b111101111 '
0&
#766000000000
0!
#766500000000
1!
b110101 (
b1111011111 '
1&
#767000000000
0!
#767500000000
1!
b1101010 (
b1110111110 '
#768000000000
0!
#768500000000
1!
b11010100 (
b1101111100 '
#769000000000
0!
#769500000000
1!
b110101000 (
b1011111000 '
#770000000000
0!
#770500000000
1!
b1101010001 (
b111110001 '
#771000000000
0!
#771500000000
1!
b1010100010 (
b1111100010 '
0&
#772000000000
0!
#772500000000
1!
b101000100 (
b1111000101 '
1&
#773000000000
0!
#773500000000
1!
b1010001000 (
b1110001010 '
0&
#774000000000
0!
#774500000000
1!
b100010000 (
b1100010101 '
1&
#775000000000
0!
#775500000000
1!
b1000100001 (
b1000101010 '
0&
#776000000000
0!
#776500000000
1!
b1000010 (
b1010101 '
#777000000000
0!
#777500000000
1!
b10000101 (
b10101011 '
#778000000000
0!
#778500000000
1!
b100001010 (
b101010110 '
#779000000000
0!
#779500000000
1!
b1000010100 (
b1010101101 '
#780000000000
0!
#780500000000
1!
b101000 (
b101011010 '
#781000000000
0!
#781500000000
1!
b1010001 (
b1010110100 '
1&
#782000000000
0!
#782500000000
1!
b10100010 (
b101101000 '
0&
#783000000000
0!
#783500000000
1!
b101000101 (
b1011010000 '
1&
#784000000000
0!
#784500000000
1!
b1010001010 (
b110100001 '
#785000000000
0!
#785500000000
1!
b100010101 (
b1101000010 '
#786000000000
0!
#786500000000
1!
b1000101010 (
b1010000101 '
0&
#787000000000
0!
#787500000000
1!
b1010101 (
b100001010 '
#788000000000
0!
#788500000000
1!
b10101011 (
b1000010100 '
1&
#789000000000
0!
#789500000000
1!
b101010111 (
b101000 '
0&
#790000000000
0!
#790500000000
1!
b1010101111 (
b1010000 '
1&
#791000000000
0!
#791500000000
1!
b101011111 (
b10100000 '
0&
#792000000000
0!
#792500000000
1!
b1010111111 (
b101000000 '
1&
#793000000000
0!
#793500000000
1!
b101111111 (
b1010000000 '
#794000000000
0!
#794500000000
1!
b1011111110 (
b100000001 '
#795000000000
0!
#795500000000
1!
b111111101 (
b1000000010 '
#796000000000
0!
#796500000000
1!
b1111111010 (
b101 '
#797000000000
0!
#797500000000
1!
b1111110101 (
b1011 '
#798000000000
0!
#798500000000
1!
b1111101011 (
b10110 '
#799000000000
0!
#799500000000
1!
b1111010111 (
b101101 '
#800000000000
0!
#800500000000
1!
b1110101111 (
b1011011 '
#801000000000
0!
#801500000000
1!
b1101011110 (
b10110110 '
#802000000000
0!
#802500000000
1!
b1010111100 (
b101101101 '
#803000000000
0!
#803500000000
1!
b101111000 (
b1011011011 '
#804000000000
0!
#804500000000
1!
b1011110000 (
b110110111 '
#805000000000
0!
#805500000000
1!
b111100001 (
b1101101111 '
#806000000000
0!
#806500000000
1!
b1111000011 (
b1011011110 '
0&
#807000000000
0!
#807500000000
1!
b1110000110 (
b110111100 '
1&
#808000000000
0!
#808500000000
1!
b1100001101 (
b1101111001 '
0&
#809000000000
0!
#809500000000
1!
b1000011011 (
b1011110011 '
#810000000000
0!
#810500000000
1!
b110110 (
b111100111 '
#811000000000
0!
#811500000000
1!
b1101101 (
b1111001111 '
1&
#812000000000
0!
#812500000000
1!
b11011010 (
b1110011110 '
#813000000000
0!
#813500000000
1!
b110110100 (
b1100111100 '
#814000000000
0!
#814500000000
1!
b1101101000 (
b1001111000 '
0&
#815000000000
0!
#815500000000
1!
b1011010001 (
b11110001 '
1&
#816000000000
0!
#816500000000
1!
b110100010 (
b111100010 '
0&
#817000000000
0!
#817500000000
1!
b1101000100 (
b1111000100 '
#818000000000
0!
#818500000000
1!
b1010001001 (
b1110001000 '
#819000000000
0!
#819500000000
1!
b100010010 (
b1100010001 '
1&
#820000000000
0!
#820500000000
1!
b1000100100 (
b1000100011 '
0&
#821000000000
0!
#821500000000
1!
b1001001 (
b1000111 '
#822000000000
0!
#822500000000
1!
b10010010 (
b10001111 '
#823000000000
0!
#823500000000
1!
b100100100 (
b100011111 '
#824000000000
0!
#824500000000
1!
b1001001001 (
b1000111111 '
#825000000000
0!
#825500000000
1!
b10010011 (
b1111110 '
#826000000000
0!
#826500000000
1!
b100100110 (
b11111101 '
#827000000000
0!
#827500000000
1!
b1001001100 (
b111111011 '
1&
#828000000000
0!
#828500000000
1!
b10011000 (
b1111110110 '
#829000000000
0!
#829500000000
1!
b100110001 (
b1111101100 '
#830000000000
0!
#830500000000
1!
b1001100010 (
b1111011000 '
0&
#831000000000
0!
#831500000000
1!
b11000101 (
b1110110001 '
1&
#832000000000
0!
#832500000000
1!
b110001010 (
b1101100011 '
#833000000000
0!
#833500000000
1!
b1100010101 (
b1011000111 '
0&
#834000000000
0!
#834500000000
1!
b1000101011 (
b110001110 '
1&
#835000000000
0!
#835500000000
1!
b1010111 (
b1100011101 '
#836000000000
0!
#836500000000
1!
b10101110 (
b1000111010 '
#837000000000
0!
#837500000000
1!
b101011100 (
b1110101 '
0&
#838000000000
0!
#838500000000
1!
b1010111000 (
b11101011 '
1&
#839000000000
0!
#839500000000
1!
b101110001 (
b111010110 '
0&
#840000000000
0!
#840500000000
1!
b1011100010 (
b1110101101 '
#841000000000
0!
#841500000000
1!
b111000100 (
b1101011010 '
1&
#842000000000
0!
#842500000000
1!
b1110001001 (
b1010110101 '
0&
#843000000000
0!
#843500000000
1!
b1100010011 (
b101101010 '
1&
#844000000000
0!
#844500000000
1!
b1000100111 (
b1011010100 '
0&
#845000000000
0!
#845500000000
1!
b1001110 (
b110101000 '
#846000000000
0!
#846500000000
1!
b10011100 (
b1101010000 '
1&
#847000000000
0!
#847500000000
1!
b100111000 (
b1010100001 '
#848000000000
0!
#848500000000
1!
b1001110000 (
b101000011 '
#849000000000
0!
#849500000000
1!
b11100000 (
b1010000110 '
#850000000000
0!
#850500000000
1!
b111000000 (
b100001100 '
0&
#851000000000
0!
#851500000000
1!
b1110000000 (
b1000011001 '
#852000000000
0!
#852500000000
1!
b1100000001 (
b110011 '
1&
#853000000000
0!
#853500000000
1!
b1000000010 (
b1100110 '
#854000000000
0!
#854500000000
1!
b100 (
b11001101 '
0&
#855000000000
0!
#855500000000
1!
b1001 (
b110011011 '
#856000000000
0!
#856500000000
1!
b10010 (
b1100110110 '
1&
#857000000000
0!
#857500000000
1!
b100101 (
b1001101100 '
#858000000000
0!
#858500000000
1!
b1001010 (
b11011000 '
0&
#859000000000
0!
#859500000000
1!
b10010101 (
b110110000 '
#860000000000
0!
#860500000000
1!
b100101010 (
b1101100000 '
1&
#861000000000
0!
#861500000000
1!
b1001010101 (
b1011000001 '
0&
#862000000000
0!
#862500000000
1!
b10101010 (
b110000011 '
#863000000000
0!
#863500000000
1!
b101010101 (
b1100000110 '
1&
#864000000000
0!
#864500000000
1!
b1010101010 (
b1000001100 '
0&
#865000000000
0!
#865500000000
1!
b101010100 (
b11000 '
#866000000000
0!
#866500000000
1!
b1010101000 (
b110000 '
1&
#867000000000
0!
#867500000000
1!
b101010001 (
b1100000 '
0&
#868000000000
0!
#868500000000
1!
b1010100011 (
b11000000 '
1&
#869000000000
0!
#869500000000
1!
b101000110 (
b110000000 '
0&
#870000000000
0!
#870500000000
1!
b1010001101 (
b1100000000 '
#871000000000
0!
#871500000000
1!
b100011011 (
b1000000001 '
1&
#872000000000
0!
#872500000000
1!
b1000110110 (
b11 '
#873000000000
0!
#873500000000
1!
b1101100 (
b110 '
0&
#874000000000
0!
#874500000000
1!
b11011000 (
b1101 '
#875000000000
0!
#875500000000
1!
b110110001 (
b11011 '
#876000000000
0!
#876500000000
1!
b1101100011 (
b110110 '
1&
#877000000000
0!
#877500000000
1!
b1011000110 (
b1101101 '
#878000000000
0!
#878500000000
1!
b110001100 (
b11011011 '
0&
#879000000000
0!
#879500000000
1!
b1100011001 (
b110110110 '
1&
#880000000000
0!
#880500000000
1!
b1000110010 (
b1101101101 '
0&
#881000000000
0!
#881500000000
1!
b1100101 (
b1011011010 '
1&
#882000000000
0!
#882500000000
1!
b11001010 (
b110110101 '
0&
#883000000000
0!
#883500000000
1!
b110010100 (
b1101101011 '
1&
#884000000000
0!
#884500000000
1!
b1100101001 (
b1011010111 '
0&
#885000000000
0!
#885500000000
1!
b1001010011 (
b110101110 '
1&
#886000000000
0!
#886500000000
1!
b10100110 (
b1101011101 '
#887000000000
0!
#887500000000
1!
b101001100 (
b1010111010 '
#888000000000
0!
#888500000000
1!
b1010011000 (
b101110101 '
#889000000000
0!
#889500000000
1!
b100110000 (
b1011101011 '
#890000000000
0!
#890500000000
1!
b1001100000 (
b111010111 '
#891000000000
0!
#891500000000
1!
b11000000 (
b1110101111 '
#892000000000
0!
#892500000000
1!
b110000001 (
b1101011110 '
#893000000000
0!
#893500000000
1!
b1100000010 (
b1010111100 '
0&
#894000000000
0!
#894500000000
1!
b1000000101 (
b101111000 '
1&
#895000000000
0!
#895500000000
1!
b1010 (
b1011110000 '
#896000000000
0!
#896500000000
1!
b10101 (
b111100001 '
0&
#897000000000
0!
#897500000000
1!
b101011 (
b1111000010 '
1&
#898000000000
0!
#898500000000
1!
b1010110 (
b1110000101 '
#899000000000
0!
#899500000000
1!
b10101100 (
b1100001010 '
#900000000000
0!
#900500000000
1!
b101011001 (
b1000010101 '
#901000000000
0!
#901500000000
1!
b1010110011 (
b101010 '
#902000000000
0!
#902500000000
1!
b101100110 (
b1010100 '
0&
#903000000000
0!
#903500000000
1!
b1011001100 (
b10101001 '
1&
#904000000000
0!
#904500000000
1!
b110011001 (
b101010010 '
0&
#905000000000
0!
#905500000000
1!
b1100110010 (
b1010100100 '
#906000000000
0!
#906500000000
1!
b1001100100 (
b101001000 '
1&
#907000000000
0!
#907500000000
1!
b11001001 (
b1010010000 '
#908000000000
0!
#908500000000
1!
b110010011 (
b100100001 '
0&
#909000000000
0!
#909500000000
1!
b1100100111 (
b1001000010 '
#910000000000
0!
#910500000000
1!
b1001001111 (
b10000101 '
1&
#911000000000
0!
#911500000000
1!
b10011111 (
b100001011 '
0&
#912000000000
0!
#912500000000
1!
b100111111 (
b1000010110 '
1&
#913000000000
0!
#913500000000
1!
b1001111110 (
b101100 '
#914000000000
0!
#914500000000
1!
b11111100 (
b1011001 '
0&
#915000000000
0!
#915500000000
1!
b111111001 (
b10110010 '
#916000000000
0!
#916500000000
1!
b1111110011 (
b101100100 '
1&
#917000000000
0!
#917500000000
1!
b1111100111 (
b1011001001 '
0&
#918000000000
0!
#918500000000
1!
b1111001110 (
b110010011 '
1&
#919000000000
0!
#919500000000
1!
b1110011101 (
b1100100110 '
0&
#920000000000
0!
#920500000000
1!
b1100111010 (
b1001001100 '
#921000000000
0!
#921500000000
1!
b1001110100 (
b10011000 '
1&
#922000000000
0!
#922500000000
1!
b11101001 (
b100110000 '
0&
#923000000000
0!
#923500000000
1!
b111010010 (
b1001100000 '
1&
#924000000000
0!
#924500000000
1!
b1110100101 (
b11000001 '
#925000000000
0!
#925500000000
1!
b1101001011 (
b110000010 '
#926000000000
0!
#926500000000
1!
b1010010111 (
b1100000100 '
0&
#927000000000
0!
#927500000000
1!
b100101110 (
b1000001000 '
1&
#928000000000
0!
#928500000000
1!
b1001011100 (
b10001 '
#929000000000
0!
#929500000000
1!
b10111000 (
b100010 '
0&
#930000000000
0!
#930500000000
1!
b101110000 (
b1000100 '
#931000000000
0!
#931500000000
1!
b1011100000 (
b10001001 '
1&
#932000000000
0!
#932500000000
1!
b111000001 (
b100010010 '
0&
#933000000000
0!
#933500000000
1!
b1110000010 (
b1000100100 '
#934000000000
0!
#934500000000
1!
b1100000100 (
b1001000 '
1&
#935000000000
0!
#935500000000
1!
b1000001001 (
b10010000 '
#936000000000
0!
#936500000000
1!
b10011 (
b100100000 '
0&
#937000000000
0!
#937500000000
1!
b100111 (
b1001000000 '
1&
#938000000000
0!
#938500000000
1!
b1001111 (
b10000001 '
0&
#939000000000
0!
#939500000000
1!
b10011110 (
b100000010 '
#940000000000
0!
#940500000000
1!
b100111101 (
b1000000100 '
1&
#941000000000
0!
#941500000000
1!
b1001111011 (
b1000 '
#942000000000
0!
#942500000000
1!
b11110111 (
b10000 '
0&
#943000000000
0!
#943500000000
1!
b111101110 (
b100000 '
#944000000000
0!
#944500000000
1!
b1111011101 (
b1000000 '
1&
#945000000000
0!
#945500000000
1!
b1110111010 (
b10000000 '
#946000000000
0!
#946500000000
1!
b1101110101 (
b100000000 '
#947000000000
0!
#947500000000
1!
b1011101010 (
b1000000000 '
0&
#948000000000
0!
#948500000000
1!
b111010100 (
b1 '
#949000000000
0!
#949500000000
1!
b1110101001 (
b10 '
1&
#950000000000
0!
#950500000000
1!
b1101010010 (
b100 '
#951000000000
0!
#951500000000
1!
b1010100101 (
b1001 '
#952000000000
0!
#952500000000
1!
b101001010 (
b10010 '
0&
#953000000000
0!
#953500000000
1!
b1010010100 (
b100100 '
1&
#954000000000
0!
#954500000000
1!
b100101001 (
b1001001 '
0&
#955000000000
0!
#955500000000
1!
b1001010010 (
b10010010 '
1&
#956000000000
0!
#956500000000
1!
b10100100 (
b100100100 '
0&
#957000000000
0!
#957500000000
1!
b101001001 (
b1001001001 '
1&
#958000000000
0!
#958500000000
1!
b1010010011 (
b10010011 '
#959000000000
0!
#959500000000
1!
b100100111 (
b100100110 '
0&
#960000000000
0!
#960500000000
1!
b1001001110 (
b1001001101 '
#961000000000
0!
#961500000000
1!
b10011101 (
b10011010 '
#962000000000
0!
#962500000000
1!
b100111010 (
b100110100 '
#963000000000
0!
#963500000000
1!
b1001110101 (
b1001101001 '
#964000000000
0!
#964500000000
1!
b11101011 (
b11010011 '
#965000000000
0!
#965500000000
1!
b111010111 (
b110100110 '
#966000000000
0!
#966500000000
1!
b1110101110 (
b1101001101 '
#967000000000
0!
#967500000000
1!
b1101011100 (
b1010011010 '
#968000000000
0!
#968500000000
1!
b1010111001 (
b100110101 '
1&
#969000000000
0!
#969500000000
1!
b101110011 (
b1001101011 '
#970000000000
0!
#970500000000
1!
b1011100111 (
b11010111 '
#971000000000
0!
#971500000000
1!
b111001111 (
b110101111 '
0&
#972000000000
0!
#972500000000
1!
b1110011110 (
b1101011111 '
#973000000000
0!
#973500000000
1!
b1100111101 (
b1010111110 '
#974000000000
0!
#974500000000
1!
b1001111010 (
b101111100 '
1&
#975000000000
0!
#975500000000
1!
b11110101 (
b1011111001 '
#976000000000
0!
#976500000000
1!
b111101011 (
b111110011 '
0&
#977000000000
0!
#977500000000
1!
b1111010110 (
b1111100110 '
#978000000000
0!
#978500000000
1!
b1110101101 (
b1111001100 '
#979000000000
0!
#979500000000
1!
b1101011011 (
b1110011000 '
#980000000000
0!
#980500000000
1!
b1010110111 (
b1100110001 '
#981000000000
0!
#981500000000
1!
b101101111 (
b1001100011 '
1&
#982000000000
0!
#982500000000
1!
b1011011110 (
b11000111 '
#983000000000
0!
#983500000000
1!
b110111100 (
b110001111 '
0&
#984000000000
0!
#984500000000
1!
b1101111000 (
b1100011111 '
#985000000000
0!
#985500000000
1!
b1011110001 (
b1000111110 '
#986000000000
0!
#986500000000
1!
b111100011 (
b1111100 '
#987000000000
0!
#987500000000
1!
b1111000110 (
b11111001 '
1&
#988000000000
0!
#988500000000
1!
b1110001101 (
b111110010 '
#989000000000
0!
#989500000000
1!
b1100011010 (
b1111100100 '
0&
#990000000000
0!
#990500000000
1!
b1000110101 (
b1111001000 '
#991000000000
0!
#991500000000
1!
b1101011 (
b1110010001 '
1&
#992000000000
0!
#992500000000
1!
b11010110 (
b1100100011 '
#993000000000
0!
#993500000000
1!
b110101101 (
b1001000111 '
#994000000000
0!
#994500000000
1!
b1101011010 (
b10001110 '
#995000000000
0!
#995500000000
1!
b1010110101 (
b100011101 '
#996000000000
0!
#996500000000
1!
b101101010 (
b1000111011 '
#997000000000
0!
#997500000000
1!
b1011010101 (
b1110111 '
#998000000000
0!
#998500000000
1!
b110101011 (
b11101111 '
0&
#999000000000
0!
#999500000000
1!
b1101010110 (
b111011111 '
1&
#1000000000000
0!
#1000500000000
1!
b1010101100 (
b1110111111 '
0&
#1001000000000
0!
#1001500000000
1!
b101011000 (
b1101111110 '
1&
#1002000000000
0!
#1002500000000
1!
b1010110001 (
b1011111100 '
0&
#1003000000000
0!
#1003500000000
1!
b101100011 (
b111111000 '
#1004000000000
0!
#1004500000000
1!
b1011000111 (
b1111110000 '
#1005000000000
0!
#1005500000000
1!
b110001110 (
b1111100001 '
1&
#1006000000000
0!
#1006500000000
1!
b1100011100 (
b1111000011 '
0&
#1007000000000
0!
#1007500000000
1!
b1000111001 (
b1110000111 '
#1008000000000
0!
#1008500000000
1!
b1110010 (
b1100001110 '
1&
#1009000000000
0!
#1009500000000
1!
b11100100 (
b1000011100 '
#1010000000000
0!
#1010500000000
1!
b111001001 (
b111000 '
0&
#1011000000000
0!
#1011500000000
1!
b1110010010 (
b1110000 '
1&
#1012000000000
0!
#1012500000000
1!
b1100100100 (
b11100000 '
#1013000000000
0!
#1013500000000
1!
b1001001000 (
b111000000 '
#1014000000000
0!
#1014500000000
1!
b10010001 (
b1110000000 '
#1015000000000
0!
#1015500000000
1!
b100100011 (
b1100000001 '
#1016000000000
0!
#1016500000000
1!
b1001000111 (
b1000000011 '
0&
#1017000000000
0!
#1017500000000
1!
b10001111 (
b111 '
#1018000000000
0!
#1018500000000
1!
b100011111 (
b1111 '
#1019000000000
0!
#1019500000000
1!
b1000111111 (
b11111 '
1&
#1020000000000
0!
#1020500000000
1!
b1111110 (
b111111 '
0&
#1021000000000
0!
#1021500000000
1!
b11111101 (
b1111111 '
#1022000000000
0!
#1022500000000
1!
b111111011 (
b11111111 '
#1023000000000
0!
#1023500000000
1!
b1111110110 (
b111111111 '
1&
#1024000000000
0!
#1024500000000
1!
b1111101100 (
b1111111111 '
0&
b10 $
b1 #
b1111011000 %
1)
#1025000000000
0!
#1025500000000
1!
b1111011000 (
0)
#1026000000000
0!
#1026500000000
1!
b1110110001 (
b1111111110 '
#1027000000000
0!
#1027500000000
1!
b1101100010 (
b1111111100 '
#1028000000000
0!
#1028500000000
1!
b1011000100 (
b1111111000 '
#1029000000000
0!
#1029500000000
1!
b110001001 (
b1111110001 '
1&
#1030000000000
0!
#1030500000000
1!
b1100010010 (
b1111100011 '
0&
#1031000000000
0!
#1031500000000
1!
b1000100101 (
b1111000111 '
#1032000000000
0!
#1032500000000
1!
b1001011 (
b1110001110 '
1&
#1033000000000
0!
#1033500000000
1!
b10010111 (
b1100011100 '
#1034000000000
0!
#1034500000000
1!
b100101111 (
b1000111000 '
#1035000000000
0!
#1035500000000
1!
b1001011110 (
b1110001 '
#1036000000000
0!
#1036500000000
1!
b10111101 (
b11100010 '
0&
#1037000000000
0!
#1037500000000
1!
b101111011 (
b111000100 '
#1038000000000
0!
#1038500000000
1!
b1011110111 (
b1110001001 '
#1039000000000
0!
#1039500000000
1!
b111101111 (
b1100010011 '
1&
#1040000000000
0!
#1040500000000
1!
b1111011111 (
b1000100111 '
0&
#1041000000000
0!
#1041500000000
1!
b1110111111 (
b1001110 '
1&
#1042000000000
0!
#1042500000000
1!
b1101111110 (
b10011101 '
#1043000000000
0!
#1043500000000
1!
b1011111101 (
b100111011 '
#1044000000000
0!
#1044500000000
1!
b111111010 (
b1001110110 '
#1045000000000
0!
#1045500000000
1!
b1111110100 (
b11101100 '
#1046000000000
0!
#1046500000000
1!
b1111101001 (
b111011001 '
#1047000000000
0!
#1047500000000
1!
b1111010010 (
b1110110010 '
0&
#1048000000000
0!
#1048500000000
1!
b1110100100 (
b1101100101 '
#1049000000000
0!
#1049500000000
1!
b1101001001 (
b1011001010 '
#1050000000000
0!
#1050500000000
1!
b1010010010 (
b110010101 '
1&
#1051000000000
0!
#1051500000000
1!
b100100101 (
b1100101011 '
#1052000000000
0!
#1052500000000
1!
b1001001011 (
b1001010111 '
0&
#1053000000000
0!
#1053500000000
1!
b10010110 (
b10101110 '
#1054000000000
0!
#1054500000000
1!
b100101101 (
b101011101 '
#1055000000000
0!
#1055500000000
1!
b1001011011 (
b1010111011 '
#1056000000000
0!
#1056500000000
1!
b10110110 (
b101110111 '
#1057000000000
0!
#1057500000000
1!
b101101100 (
b1011101111 '
1&
#1058000000000
0!
#1058500000000
1!
b1011011001 (
b111011110 '
#1059000000000
0!
#1059500000000
1!
b110110010 (
b1110111101 '
#1060000000000
0!
#1060500000000
1!
b1101100100 (
b1101111010 '
0&
#1061000000000
0!
#1061500000000
1!
b1011001000 (
b1011110101 '
#1062000000000
0!
#1062500000000
1!
b110010000 (
b111101010 '
#1063000000000
0!
#1063500000000
1!
b1100100000 (
b1111010100 '
#1064000000000
0!
#1064500000000
1!
b1001000001 (
b1110101000 '
#1065000000000
0!
#1065500000000
1!
b10000011 (
b1101010001 '
1&
#1066000000000
0!
#1066500000000
1!
b100000110 (
b1010100011 '
#1067000000000
0!
#1067500000000
1!
b1000001101 (
b101000111 '
#1068000000000
0!
#1068500000000
1!
b11010 (
b1010001111 '
#1069000000000
0!
#1069500000000
1!
b110101 (
b100011110 '
0&
#1070000000000
0!
#1070500000000
1!
b1101010 (
b1000111101 '
1&
#1071000000000
0!
#1071500000000
1!
b11010100 (
b1111010 '
0&
#1072000000000
0!
#1072500000000
1!
b110101000 (
b11110100 '
#1073000000000
0!
#1073500000000
1!
b1101010001 (
b111101001 '
1&
#1074000000000
0!
#1074500000000
1!
b1010100010 (
b1111010010 '
0&
#1075000000000
0!
#1075500000000
1!
b101000100 (
b1110100101 '
1&
#1076000000000
0!
#1076500000000
1!
b1010001000 (
b1101001010 '
0&
#1077000000000
0!
#1077500000000
1!
b100010000 (
b1010010101 '
1&
#1078000000000
0!
#1078500000000
1!
b1000100001 (
b100101010 '
#1079000000000
0!
#1079500000000
1!
b1000010 (
b1001010100 '
#1080000000000
0!
#1080500000000
1!
b10000101 (
b10101000 '
0&
#1081000000000
0!
#1081500000000
1!
b100001010 (
b101010000 '
#1082000000000
0!
#1082500000000
1!
b1000010100 (
b1010100000 '
#1083000000000
0!
#1083500000000
1!
b101000 (
b101000001 '
#1084000000000
0!
#1084500000000
1!
b1010001 (
b1010000010 '
1&
#1085000000000
0!
#1085500000000
1!
b10100010 (
b100000101 '
0&
#1086000000000
0!
#1086500000000
1!
b101000101 (
b1000001011 '
1&
#1087000000000
0!
#1087500000000
1!
b1010001010 (
b10111 '
#1088000000000
0!
#1088500000000
1!
b100010101 (
b101111 '
0&
#1089000000000
0!
#1089500000000
1!
b1000101010 (
b1011111 '
1&
#1090000000000
0!
#1090500000000
1!
b1010101 (
b10111111 '
0&
#1091000000000
0!
#1091500000000
1!
b10101011 (
b101111111 '
#1092000000000
0!
#1092500000000
1!
b101010111 (
b1011111111 '
1&
#1093000000000
0!
#1093500000000
1!
b1010101111 (
b111111110 '
#1094000000000
0!
#1094500000000
1!
b101011111 (
b1111111101 '
#1095000000000
0!
#1095500000000
1!
b1010111111 (
b1111111010 '
0&
#1096000000000
0!
#1096500000000
1!
b101111111 (
b1111110101 '
1&
#1097000000000
0!
#1097500000000
1!
b1011111110 (
b1111101010 '
0&
#1098000000000
0!
#1098500000000
1!
b111111101 (
b1111010101 '
1&
#1099000000000
0!
#1099500000000
1!
b1111111010 (
b1110101010 '
0&
#1100000000000
0!
#1100500000000
1!
b1111110101 (
b1101010101 '
#1101000000000
0!
#1101500000000
1!
b1111101011 (
b1010101010 '
#1102000000000
0!
#1102500000000
1!
b1111010111 (
b101010101 '
1&
#1103000000000
0!
#1103500000000
1!
b1110101111 (
b1010101011 '
0&
#1104000000000
0!
#1104500000000
1!
b1101011110 (
b101010111 '
1&
#1105000000000
0!
#1105500000000
1!
b1010111100 (
b1010101111 '
0&
#1106000000000
0!
#1106500000000
1!
b101111000 (
b101011110 '
#1107000000000
0!
#1107500000000
1!
b1011110000 (
b1010111101 '
#1108000000000
0!
#1108500000000
1!
b111100001 (
b101111010 '
#1109000000000
0!
#1109500000000
1!
b1111000011 (
b1011110100 '
#1110000000000
0!
#1110500000000
1!
b1110000110 (
b111101000 '
1&
#1111000000000
0!
#1111500000000
1!
b1100001101 (
b1111010000 '
0&
#1112000000000
0!
#1112500000000
1!
b1000011011 (
b1110100001 '
#1113000000000
0!
#1113500000000
1!
b110110 (
b1101000011 '
1&
#1114000000000
0!
#1114500000000
1!
b1101101 (
b1010000111 '
#1115000000000
0!
#1115500000000
1!
b11011010 (
b100001110 '
0&
#1116000000000
0!
#1116500000000
1!
b110110100 (
b1000011101 '
1&
#1117000000000
0!
#1117500000000
1!
b1101101000 (
b111010 '
#1118000000000
0!
#1118500000000
1!
b1011010001 (
b1110100 '
#1119000000000
0!
#1119500000000
1!
b110100010 (
b11101001 '
0&
#1120000000000
0!
#1120500000000
1!
b1101000100 (
b111010010 '
1&
#1121000000000
0!
#1121500000000
1!
b1010001001 (
b1110100100 '
0&
#1122000000000
0!
#1122500000000
1!
b100010010 (
b1101001000 '
1&
#1123000000000
0!
#1123500000000
1!
b1000100100 (
b1010010001 '
0&
#1124000000000
0!
#1124500000000
1!
b1001001 (
b100100011 '
#1125000000000
0!
#1125500000000
1!
b10010010 (
b1001000110 '
1&
#1126000000000
0!
#1126500000000
1!
b100100100 (
b10001100 '
0&
#1127000000000
0!
#1127500000000
1!
b1001001001 (
b100011001 '
1&
#1128000000000
0!
#1128500000000
1!
b10010011 (
b1000110010 '
#1129000000000
0!
#1129500000000
1!
b100100110 (
b1100101 '
0&
#1130000000000
0!
#1130500000000
1!
b1001001100 (
b11001011 '
1&
#1131000000000
0!
#1131500000000
1!
b10011000 (
b110010110 '
0&
#1132000000000
0!
#1132500000000
1!
b100110001 (
b1100101101 '
1&
#1133000000000
0!
#1133500000000
1!
b1001100010 (
b1001011010 '
0&
#1134000000000
0!
#1134500000000
1!
b11000101 (
b10110101 '
#1135000000000
0!
#1135500000000
1!
b110001010 (
b101101011 '
#1136000000000
0!
#1136500000000
1!
b1100010101 (
b1011010110 '
#1137000000000
0!
#1137500000000
1!
b1000101011 (
b110101100 '
1&
#1138000000000
0!
#1138500000000
1!
b1010111 (
b1101011001 '
#1139000000000
0!
#1139500000000
1!
b10101110 (
b1010110011 '
#1140000000000
0!
#1140500000000
1!
b101011100 (
b101100111 '
0&
#1141000000000
0!
#1141500000000
1!
b1010111000 (
b1011001111 '
#1142000000000
0!
#1142500000000
1!
b101110001 (
b110011110 '
#1143000000000
0!
#1143500000000
1!
b1011100010 (
b1100111101 '
#1144000000000
0!
#1144500000000
1!
b111000100 (
b1001111010 '
1&
#1145000000000
0!
#1145500000000
1!
b1110001001 (
b11110101 '
#1146000000000
0!
#1146500000000
1!
b1100010011 (
b111101011 '
#1147000000000
0!
#1147500000000
1!
b1000100111 (
b1111010110 '
0&
#1148000000000
0!
#1148500000000
1!
b1001110 (
b1110101100 '
1&
#1149000000000
0!
#1149500000000
1!
b10011100 (
b1101011000 '
#1150000000000
0!
#1150500000000
1!
b100111000 (
b1010110001 '
#1151000000000
0!
#1151500000000
1!
b1001110000 (
b101100011 '
#1152000000000
0!
#1152500000000
1!
b11100000 (
b1011000110 '
#1153000000000
0!
#1153500000000
1!
b111000000 (
b110001100 '
0&
#1154000000000
0!
#1154500000000
1!
b1110000000 (
b1100011001 '
#1155000000000
0!
#1155500000000
1!
b1100000001 (
b1000110011 '
#1156000000000
0!
#1156500000000
1!
b1000000010 (
b1100111 '
1&
#1157000000000
0!
#1157500000000
1!
b100 (
b11001111 '
0&
#1158000000000
0!
#1158500000000
1!
b1001 (
b110011111 '
#1159000000000
0!
#1159500000000
1!
b10010 (
b1100111111 '
1&
#1160000000000
0!
#1160500000000
1!
b100101 (
b1001111110 '
#1161000000000
0!
#1161500000000
1!
b1001010 (
b11111100 '
0&
#1162000000000
0!
#1162500000000
1!
b10010101 (
b111111001 '
#1163000000000
0!
#1163500000000
1!
b100101010 (
b1111110010 '
1&
#1164000000000
0!
#1164500000000
1!
b1001010101 (
b1111100101 '
0&
#1165000000000
0!
#1165500000000
1!
b10101010 (
b1111001010 '
1&
#1166000000000
0!
#1166500000000
1!
b101010101 (
b1110010101 '
#1167000000000
0!
#1167500000000
1!
b1010101010 (
b1100101010 '
0&
#1168000000000
0!
#1168500000000
1!
b101010100 (
b1001010101 '
1&
#1169000000000
0!
#1169500000000
1!
b1010101000 (
b10101010 '
#1170000000000
0!
#1170500000000
1!
b101010001 (
b101010100 '
0&
#1171000000000
0!
#1171500000000
1!
b1010100011 (
b1010101001 '
#1172000000000
0!
#1172500000000
1!
b101000110 (
b101010011 '
#1173000000000
0!
#1173500000000
1!
b1010001101 (
b1010100110 '
#1174000000000
0!
#1174500000000
1!
b100011011 (
b101001100 '
#1175000000000
0!
#1175500000000
1!
b1000110110 (
b1010011001 '
#1176000000000
0!
#1176500000000
1!
b1101100 (
b100110011 '
#1177000000000
0!
#1177500000000
1!
b11011000 (
b1001100110 '
1&
#1178000000000
0!
#1178500000000
1!
b110110001 (
b11001100 '
0&
#1179000000000
0!
#1179500000000
1!
b1101100011 (
b110011001 '
1&
#1180000000000
0!
#1180500000000
1!
b1011000110 (
b1100110010 '
0&
#1181000000000
0!
#1181500000000
1!
b110001100 (
b1001100101 '
1&
#1182000000000
0!
#1182500000000
1!
b1100011001 (
b11001010 '
#1183000000000
0!
#1183500000000
1!
b1000110010 (
b110010100 '
#1184000000000
0!
#1184500000000
1!
b1100101 (
b1100101001 '
#1185000000000
0!
#1185500000000
1!
b11001010 (
b1001010011 '
#1186000000000
0!
#1186500000000
1!
b110010100 (
b10100111 '
0&
#1187000000000
0!
#1187500000000
1!
b1100101001 (
b101001111 '
1&
#1188000000000
0!
#1188500000000
1!
b1001010011 (
b1010011111 '
0&
#1189000000000
0!
#1189500000000
1!
b10100110 (
b100111110 '
#1190000000000
0!
#1190500000000
1!
b101001100 (
b1001111101 '
1&
#1191000000000
0!
#1191500000000
1!
b1010011000 (
b11111010 '
#1192000000000
0!
#1192500000000
1!
b100110000 (
b111110100 '
0&
#1193000000000
0!
#1193500000000
1!
b1001100000 (
b1111101001 '
#1194000000000
0!
#1194500000000
1!
b11000000 (
b1111010011 '
1&
#1195000000000
0!
#1195500000000
1!
b110000001 (
b1110100111 '
#1196000000000
0!
#1196500000000
1!
b1100000010 (
b1101001110 '
0&
#1197000000000
0!
#1197500000000
1!
b1000000101 (
b1010011100 '
#1198000000000
0!
#1198500000000
1!
b1010 (
b100111000 '
#1199000000000
0!
#1199500000000
1!
b10101 (
b1001110000 '
1&
#1200000000000
0!
#1200500000000
1!
b101011 (
b11100001 '
0&
#1201000000000
0!
#1201500000000
1!
b1010110 (
b111000010 '
#1202000000000
0!
#1202500000000
1!
b10101100 (
b1110000100 '
1&
#1203000000000
0!
#1203500000000
1!
b101011001 (
b1100001000 '
#1204000000000
0!
#1204500000000
1!
b1010110011 (
b1000010001 '
0&
#1205000000000
0!
#1205500000000
1!
b101100110 (
b100011 '
#1206000000000
0!
#1206500000000
1!
b1011001100 (
b1000110 '
1&
#1207000000000
0!
#1207500000000
1!
b110011001 (
b10001101 '
0&
#1208000000000
0!
#1208500000000
1!
b1100110010 (
b100011011 '
1&
#1209000000000
0!
#1209500000000
1!
b1001100100 (
b1000110110 '
0&
#1210000000000
0!
#1210500000000
1!
b11001001 (
b1101100 '
#1211000000000
0!
#1211500000000
1!
b110010011 (
b11011001 '
#1212000000000
0!
#1212500000000
1!
b1100100111 (
b110110010 '
1&
#1213000000000
0!
#1213500000000
1!
b1001001111 (
b1101100100 '
0&
#1214000000000
0!
#1214500000000
1!
b10011111 (
b1011001000 '
1&
#1215000000000
0!
#1215500000000
1!
b100111111 (
b110010001 '
0&
#1216000000000
0!
#1216500000000
1!
b1001111110 (
b1100100010 '
#1217000000000
0!
#1217500000000
1!
b11111100 (
b1001000101 '
1&
#1218000000000
0!
#1218500000000
1!
b111111001 (
b10001010 '
0&
#1219000000000
0!
#1219500000000
1!
b1111110011 (
b100010100 '
1&
#1220000000000
0!
#1220500000000
1!
b1111100111 (
b1000101001 '
0&
#1221000000000
0!
#1221500000000
1!
b1111001110 (
b1010011 '
1&
#1222000000000
0!
#1222500000000
1!
b1110011101 (
b10100110 '
#1223000000000
0!
#1223500000000
1!
b1100111010 (
b101001101 '
#1224000000000
0!
#1224500000000
1!
b1001110100 (
b1010011011 '
0&
#1225000000000
0!
#1225500000000
1!
b11101001 (
b100110111 '
#1226000000000
0!
#1226500000000
1!
b111010010 (
b1001101111 '
1&
#1227000000000
0!
#1227500000000
1!
b1110100101 (
b11011110 '
#1228000000000
0!
#1228500000000
1!
b1101001011 (
b110111101 '
#1229000000000
0!
#1229500000000
1!
b1010010111 (
b1101111011 '
0&
#1230000000000
0!
#1230500000000
1!
b100101110 (
b1011110111 '
1&
#1231000000000
0!
#1231500000000
1!
b1001011100 (
b111101110 '
#1232000000000
0!
#1232500000000
1!
b10111000 (
b1111011101 '
#1233000000000
0!
#1233500000000
1!
b101110000 (
b1110111010 '
#1234000000000
0!
#1234500000000
1!
b1011100000 (
b1101110101 '
0&
#1235000000000
0!
#1235500000000
1!
b111000001 (
b1011101010 '
1&
#1236000000000
0!
#1236500000000
1!
b1110000010 (
b111010101 '
#1237000000000
0!
#1237500000000
1!
b1100000100 (
b1110101011 '
0&
#1238000000000
0!
#1238500000000
1!
b1000001001 (
b1101010111 '
#1239000000000
0!
#1239500000000
1!
b10011 (
b1010101110 '
1&
#1240000000000
0!
#1240500000000
1!
b100111 (
b101011100 '
0&
#1241000000000
0!
#1241500000000
1!
b1001111 (
b1010111001 '
1&
#1242000000000
0!
#1242500000000
1!
b10011110 (
b101110011 '
0&
#1243000000000
0!
#1243500000000
1!
b100111101 (
b1011100110 '
1&
#1244000000000
0!
#1244500000000
1!
b1001111011 (
b111001100 '
#1245000000000
0!
#1245500000000
1!
b11110111 (
b1110011001 '
#1246000000000
0!
#1246500000000
1!
b111101110 (
b1100110011 '
#1247000000000
0!
#1247500000000
1!
b1111011101 (
b1001100111 '
0&
#1248000000000
0!
#1248500000000
1!
b1110111010 (
b11001110 '
1&
#1249000000000
0!
#1249500000000
1!
b1101110101 (
b110011101 '
#1250000000000
0!
#1250500000000
1!
b1011101010 (
b1100111011 '
0&
#1251000000000
0!
#1251500000000
1!
b111010100 (
b1001110111 '
1&
#1252000000000
0!
#1252500000000
1!
b1110101001 (
b11101110 '
#1253000000000
0!
#1253500000000
1!
b1101010010 (
b111011101 '
#1254000000000
0!
#1254500000000
1!
b1010100101 (
b1110111011 '
0&
#1255000000000
0!
#1255500000000
1!
b101001010 (
b1101110111 '
1&
#1256000000000
0!
#1256500000000
1!
b1010010100 (
b1011101110 '
0&
#1257000000000
0!
#1257500000000
1!
b100101001 (
b111011100 '
#1258000000000
0!
#1258500000000
1!
b1001010010 (
b1110111001 '
#1259000000000
0!
#1259500000000
1!
b10100100 (
b1101110011 '
1&
#1260000000000
0!
#1260500000000
1!
b101001001 (
b1011100111 '
#1261000000000
0!
#1261500000000
1!
b1010010011 (
b111001110 '
#1262000000000
0!
#1262500000000
1!
b100100111 (
b1110011101 '
#1263000000000
0!
#1263500000000
1!
b1001001110 (
b1100111010 '
0&
#1264000000000
0!
#1264500000000
1!
b10011101 (
b1001110101 '
1&
#1265000000000
0!
#1265500000000
1!
b100111010 (
b11101010 '
0&
#1266000000000
0!
#1266500000000
1!
b1001110101 (
b111010100 '
1&
#1267000000000
0!
#1267500000000
1!
b11101011 (
b1110101001 '
#1268000000000
0!
#1268500000000
1!
b111010111 (
b1101010011 '
#1269000000000
0!
#1269500000000
1!
b1110101110 (
b1010100111 '
0&
#1270000000000
0!
#1270500000000
1!
b1101011100 (
b101001110 '
1&
#1271000000000
0!
#1271500000000
1!
b1010111001 (
b1010011101 '
0&
#1272000000000
0!
#1272500000000
1!
b101110011 (
b100111010 '
#1273000000000
0!
#1273500000000
1!
b1011100111 (
b1001110100 '
#1274000000000
0!
#1274500000000
1!
b111001111 (
b11101000 '
#1275000000000
0!
#1275500000000
1!
b1110011110 (
b111010000 '
1&
#1276000000000
0!
#1276500000000
1!
b1100111101 (
b1110100000 '
0&
#1277000000000
0!
#1277500000000
1!
b1001111010 (
b1101000001 '
#1278000000000
0!
#1278500000000
1!
b11110101 (
b1010000011 '
1&
#1279000000000
0!
#1279500000000
1!
b111101011 (
b100000111 '
0&
#1280000000000
0!
#1280500000000
1!
b1111010110 (
b1000001111 '
#1281000000000
0!
#1281500000000
1!
b1110101101 (
b11110 '
1&
#1282000000000
0!
#1282500000000
1!
b1101011011 (
b111101 '
#1283000000000
0!
#1283500000000
1!
b1010110111 (
b1111011 '
#1284000000000
0!
#1284500000000
1!
b101101111 (
b11110110 '
0&
#1285000000000
0!
#1285500000000
1!
b1011011110 (
b111101101 '
1&
#1286000000000
0!
#1286500000000
1!
b110111100 (
b1111011011 '
#1287000000000
0!
#1287500000000
1!
b1101111000 (
b1110110111 '
0&
#1288000000000
0!
#1288500000000
1!
b1011110001 (
b1101101110 '
#1289000000000
0!
#1289500000000
1!
b111100011 (
b1011011100 '
1&
#1290000000000
0!
#1290500000000
1!
b1111000110 (
b110111000 '
#1291000000000
0!
#1291500000000
1!
b1110001101 (
b1101110000 '
0&
#1292000000000
0!
#1292500000000
1!
b1100011010 (
b1011100001 '
#1293000000000
0!
#1293500000000
1!
b1000110101 (
b111000011 '
1&
#1294000000000
0!
#1294500000000
1!
b1101011 (
b1110000110 '
#1295000000000
0!
#1295500000000
1!
b11010110 (
b1100001100 '
#1296000000000
0!
#1296500000000
1!
b110101101 (
b1000011000 '
#1297000000000
0!
#1297500000000
1!
b1101011010 (
b110001 '
#1298000000000
0!
#1298500000000
1!
b1010110101 (
b1100010 '
#1299000000000
0!
#1299500000000
1!
b101101010 (
b11000100 '
0&
#1300000000000
0!
#1300500000000
1!
b1011010101 (
b110001001 '
1&
#1301000000000
0!
#1301500000000
1!
b110101011 (
b1100010010 '
#1302000000000
0!
#1302500000000
1!
b1101010110 (
b1000100101 '
0&
#1303000000000
0!
#1303500000000
1!
b1010101100 (
b1001010 '
1&
#1304000000000
0!
#1304500000000
1!
b101011000 (
b10010100 '
0&
#1305000000000
0!
#1305500000000
1!
b1010110001 (
b100101001 '
1&
#1306000000000
0!
#1306500000000
1!
b101100011 (
b1001010010 '
#1307000000000
0!
#1307500000000
1!
b1011000111 (
b10100101 '
#1308000000000
0!
#1308500000000
1!
b110001110 (
b101001011 '
0&
#1309000000000
0!
#1309500000000
1!
b1100011100 (
b1010010110 '
#1310000000000
0!
#1310500000000
1!
b1000111001 (
b100101100 '
1&
#1311000000000
0!
#1311500000000
1!
b1110010 (
b1001011001 '
#1312000000000
0!
#1312500000000
1!
b11100100 (
b10110011 '
0&
#1313000000000
0!
#1313500000000
1!
b111001001 (
b101100110 '
#1314000000000
0!
#1314500000000
1!
b1110010010 (
b1011001101 '
#1315000000000
0!
#1315500000000
1!
b1100100100 (
b110011010 '
1&
#1316000000000
0!
#1316500000000
1!
b1001001000 (
b1100110100 '
0&
#1317000000000
0!
#1317500000000
1!
b10010001 (
b1001101000 '
1&
#1318000000000
0!
#1318500000000
1!
b100100011 (
b11010001 '
0&
#1319000000000
0!
#1319500000000
1!
b1001000111 (
b110100010 '
1&
#1320000000000
0!
#1320500000000
1!
b10001111 (
b1101000100 '
#1321000000000
0!
#1321500000000
1!
b100011111 (
b1010001000 '
#1322000000000
0!
#1322500000000
1!
b1000111111 (
b100010001 '
#1323000000000
0!
#1323500000000
1!
b1111110 (
b1000100010 '
#1324000000000
0!
#1324500000000
1!
b11111101 (
b1000101 '
0&
#1325000000000
0!
#1325500000000
1!
b111111011 (
b10001011 '
#1326000000000
0!
#1326500000000
1!
b1111110110 (
b100010110 '
1&
#1327000000000
0!
#1327500000000
1!
b1111101100 (
b1000101101 '
0&
#1328000000000
0!
#1328500000000
1!
b1111011001 (
b1011010 '
1&
#1329000000000
0!
#1329500000000
1!
b1110110011 (
b10110100 '
#1330000000000
0!
#1330500000000
1!
b1101100111 (
b101101001 '
#1331000000000
0!
#1331500000000
1!
b1011001111 (
b1011010010 '
0&
#1332000000000
0!
#1332500000000
1!
b110011110 (
b110100101 '
#1333000000000
0!
#1333500000000
1!
b1100111100 (
b1101001011 '
#1334000000000
0!
#1334500000000
1!
b1001111000 (
b1010010111 '
#1335000000000
0!
#1335500000000
1!
b11110000 (
b100101110 '
#1336000000000
0!
#1336500000000
1!
b111100000 (
b1001011101 '
1&
#1337000000000
0!
#1337500000000
1!
b1111000001 (
b10111010 '
#1338000000000
0!
#1338500000000
1!
b1110000011 (
b101110100 '
#1339000000000
0!
#1339500000000
1!
b1100000110 (
b1011101001 '
0&
#1340000000000
0!
#1340500000000
1!
b1000001100 (
b111010011 '
1&
#1341000000000
0!
#1341500000000
1!
b11000 (
b1110100110 '
#1342000000000
0!
#1342500000000
1!
b110000 (
b1101001100 '
#1343000000000
0!
#1343500000000
1!
b1100001 (
b1010011000 '
#1344000000000
0!
#1344500000000
1!
b11000011 (
b100110001 '
0&
#1345000000000
0!
#1345500000000
1!
b110000110 (
b1001100010 '
1&
#1346000000000
0!
#1346500000000
1!
b1100001100 (
b11000101 '
#1347000000000
0!
#1347500000000
1!
b1000011001 (
b110001011 '
#1348000000000
0!
#1348500000000
1!
b110011 (
b1100010110 '
#1349000000000
0!
#1349500000000
1!
b1100110 (
b1000101100 '
#1350000000000
0!
#1350500000000
1!
b11001101 (
b1011000 '
0&
#1351000000000
0!
#1351500000000
1!
b110011010 (
b10110000 '
#1352000000000
0!
#1352500000000
1!
b1100110101 (
b101100000 '
1&
#1353000000000
0!
#1353500000000
1!
b1001101010 (
b1011000000 '
0&
#1354000000000
0!
#1354500000000
1!
b11010101 (
b110000001 '
#1355000000000
0!
#1355500000000
1!
b110101010 (
b1100000010 '
1&
#1356000000000
0!
#1356500000000
1!
b1101010100 (
b1000000101 '
0&
#1357000000000
0!
#1357500000000
1!
b1010101001 (
b1010 '
1&
#1358000000000
0!
#1358500000000
1!
b101010011 (
b10100 '
0&
#1359000000000
0!
#1359500000000
1!
b1010100110 (
b101001 '
1&
#1360000000000
0!
#1360500000000
1!
b101001101 (
b1010010 '
0&
#1361000000000
0!
#1361500000000
1!
b1010011010 (
b10100100 '
1&
#1362000000000
0!
#1362500000000
1!
b100110101 (
b101001001 '
0&
#1363000000000
0!
#1363500000000
1!
b1001101011 (
b1010010010 '
#1364000000000
0!
#1364500000000
1!
b11010111 (
b100100101 '
#1365000000000
0!
#1365500000000
1!
b110101111 (
b1001001011 '
1&
#1366000000000
0!
#1366500000000
1!
b1101011111 (
b10010111 '
#1367000000000
0!
#1367500000000
1!
b1010111110 (
b100101111 '
#1368000000000
0!
#1368500000000
1!
b101111101 (
b1001011111 '
#1369000000000
0!
#1369500000000
1!
b1011111011 (
b10111110 '
#1370000000000
0!
#1370500000000
1!
b111110110 (
b101111101 '
0&
#1371000000000
0!
#1371500000000
1!
b1111101101 (
b1011111011 '
#1372000000000
0!
#1372500000000
1!
b1111011011 (
b111110111 '
1&
#1373000000000
0!
#1373500000000
1!
b1110110110 (
b1111101111 '
0&
#1374000000000
0!
#1374500000000
1!
b1101101100 (
b1111011110 '
#1375000000000
0!
#1375500000000
1!
b1011011000 (
b1110111100 '
#1376000000000
0!
#1376500000000
1!
b110110000 (
b1101111000 '
1&
#1377000000000
0!
#1377500000000
1!
b1101100001 (
b1011110001 '
0&
#1378000000000
0!
#1378500000000
1!
b1011000011 (
b111100011 '
1&
#1379000000000
0!
#1379500000000
1!
b110000111 (
b1111000110 '
#1380000000000
0!
#1380500000000
1!
b1100001110 (
b1110001100 '
0&
#1381000000000
0!
#1381500000000
1!
b1000011100 (
b1100011000 '
#1382000000000
0!
#1382500000000
1!
b111000 (
b1000110001 '
1&
#1383000000000
0!
#1383500000000
1!
b1110001 (
b1100011 '
0&
#1384000000000
0!
#1384500000000
1!
b11100011 (
b11000110 '
#1385000000000
0!
#1385500000000
1!
b111000111 (
b110001101 '
#1386000000000
0!
#1386500000000
1!
b1110001110 (
b1100011011 '
#1387000000000
0!
#1387500000000
1!
b1100011101 (
b1000110111 '
#1388000000000
0!
#1388500000000
1!
b1000111011 (
b1101110 '
1&
#1389000000000
0!
#1389500000000
1!
b1110111 (
b11011101 '
0&
#1390000000000
0!
#1390500000000
1!
b11101111 (
b110111011 '
#1391000000000
0!
#1391500000000
1!
b111011110 (
b1101110110 '
1&
#1392000000000
0!
#1392500000000
1!
b1110111100 (
b1011101100 '
0&
#1393000000000
0!
#1393500000000
1!
b1101111001 (
b111011000 '
1&
#1394000000000
0!
#1394500000000
1!
b1011110011 (
b1110110000 '
0&
#1395000000000
0!
#1395500000000
1!
b111100110 (
b1101100001 '
1&
#1396000000000
0!
#1396500000000
1!
b1111001101 (
b1011000011 '
0&
#1397000000000
0!
#1397500000000
1!
b1110011010 (
b110000111 '
1&
#1398000000000
0!
#1398500000000
1!
b1100110100 (
b1100001111 '
0&
#1399000000000
0!
#1399500000000
1!
b1001101000 (
b1000011110 '
#1400000000000
0!
#1400500000000
1!
b11010000 (
b111100 '
#1401000000000
0!
#1401500000000
1!
b110100001 (
b1111001 '
#1402000000000
0!
#1402500000000
1!
b1101000011 (
b11110010 '
1&
#1403000000000
0!
#1403500000000
1!
b1010000111 (
b111100100 '
#1404000000000
0!
#1404500000000
1!
b100001110 (
b1111001001 '
#1405000000000
0!
#1405500000000
1!
b1000011101 (
b1110010011 '
0&
#1406000000000
0!
#1406500000000
1!
b111010 (
b1100100111 '
1&
#1407000000000
0!
#1407500000000
1!
b1110100 (
b1001001110 '
#1408000000000
0!
#1408500000000
1!
b11101000 (
b10011100 '
0&
#1409000000000
0!
#1409500000000
1!
b111010000 (
b100111001 '
#1410000000000
0!
#1410500000000
1!
b1110100000 (
b1001110010 '
#1411000000000
0!
#1411500000000
1!
b1101000000 (
b11100101 '
1&
#1412000000000
0!
#1412500000000
1!
b1010000000 (
b111001011 '
#1413000000000
0!
#1413500000000
1!
b100000000 (
b1110010110 '
#1414000000000
0!
#1414500000000
1!
b1000000001 (
b1100101100 '
0&
#1415000000000
0!
#1415500000000
1!
b11 (
b1001011000 '
1&
#1416000000000
0!
#1416500000000
1!
b111 (
b10110001 '
0&
#1417000000000
0!
#1417500000000
1!
b1110 (
b101100010 '
#1418000000000
0!
#1418500000000
1!
b11100 (
b1011000100 '
1&
#1419000000000
0!
#1419500000000
1!
b111001 (
b110001000 '
0&
#1420000000000
0!
#1420500000000
1!
b1110011 (
b1100010000 '
1&
#1421000000000
0!
#1421500000000
1!
b11100110 (
b1000100001 '
#1422000000000
0!
#1422500000000
1!
b111001100 (
b1000011 '
0&
#1423000000000
0!
#1423500000000
1!
b1110011001 (
b10000110 '
1&
#1424000000000
0!
#1424500000000
1!
b1100110011 (
b100001101 '
#1425000000000
0!
#1425500000000
1!
b1001100110 (
b1000011011 '
0&
#1426000000000
0!
#1426500000000
1!
b11001100 (
b110111 '
#1427000000000
0!
#1427500000000
1!
b110011000 (
b1101111 '
#1428000000000
0!
#1428500000000
1!
b1100110000 (
b11011111 '
1&
#1429000000000
0!
#1429500000000
1!
b1001100001 (
b110111111 '
#1430000000000
0!
#1430500000000
1!
b11000010 (
b1101111111 '
#1431000000000
0!
#1431500000000
1!
b110000100 (
b1011111110 '
#1432000000000
0!
#1432500000000
1!
b1100001001 (
b111111100 '
#1433000000000
0!
#1433500000000
1!
b1000010010 (
b1111111001 '
0&
#1434000000000
0!
#1434500000000
1!
b100100 (
b1111110011 '
1&
#1435000000000
0!
#1435500000000
1!
b1001000 (
b1111100111 '
#1436000000000
0!
#1436500000000
1!
b10010000 (
b1111001110 '
#1437000000000
0!
#1437500000000
1!
b100100001 (
b1110011100 '
#1438000000000
0!
#1438500000000
1!
b1001000010 (
b1100111000 '
0&
#1439000000000
0!
#1439500000000
1!
b10000100 (
b1001110001 '
1&
#1440000000000
0!
#1440500000000
1!
b100001000 (
b11100011 '
0&
#1441000000000
0!
#1441500000000
1!
b1000010001 (
b111000110 '
1&
#1442000000000
0!
#1442500000000
1!
b100011 (
b1110001101 '
#1443000000000
0!
#1443500000000
1!
b1000110 (
b1100011010 '
#1444000000000
0!
#1444500000000
1!
b10001100 (
b1000110101 '
#1445000000000
0!
#1445500000000
1!
b100011000 (
b1101010 '
0&
#1446000000000
0!
#1446500000000
1!
b1000110001 (
b11010100 '
1&
#1447000000000
0!
#1447500000000
1!
b1100010 (
b110101001 '
0&
#1448000000000
0!
#1448500000000
1!
b11000100 (
b1101010010 '
1&
#1449000000000
0!
#1449500000000
1!
b110001000 (
b1010100101 '
#1450000000000
0!
#1450500000000
1!
b1100010000 (
b101001010 '
#1451000000000
0!
#1451500000000
1!
b1000100000 (
b1010010100 '
0&
#1452000000000
0!
#1452500000000
1!
b1000000 (
b100101000 '
#1453000000000
0!
#1453500000000
1!
b10000000 (
b1001010000 '
1&
#1454000000000
0!
#1454500000000
1!
b100000001 (
b10100001 '
0&
#1455000000000
0!
#1455500000000
1!
b1000000011 (
b101000010 '
1&
#1456000000000
0!
#1456500000000
1!
b110 (
b1010000100 '
#1457000000000
0!
#1457500000000
1!
b1100 (
b100001000 '
0&
#1458000000000
0!
#1458500000000
1!
b11001 (
b1000010000 '
1&
#1459000000000
0!
#1459500000000
1!
b110010 (
b100001 '
0&
#1460000000000
0!
#1460500000000
1!
b1100100 (
b1000010 '
#1461000000000
0!
#1461500000000
1!
b11001000 (
b10000100 '
#1462000000000
0!
#1462500000000
1!
b110010001 (
b100001001 '
#1463000000000
0!
#1463500000000
1!
b1100100010 (
b1000010010 '
#1464000000000
0!
#1464500000000
1!
b1001000100 (
b100101 '
1&
#1465000000000
0!
#1465500000000
1!
b10001000 (
b1001011 '
0&
#1466000000000
0!
#1466500000000
1!
b100010001 (
b10010110 '
#1467000000000
0!
#1467500000000
1!
b1000100011 (
b100101101 '
1&
#1468000000000
0!
#1468500000000
1!
b1000111 (
b1001011011 '
#1469000000000
0!
#1469500000000
1!
b10001110 (
b10110111 '
0&
#1470000000000
0!
#1470500000000
1!
b100011101 (
b101101111 '
#1471000000000
0!
#1471500000000
1!
b1000111010 (
b1011011111 '
#1472000000000
0!
#1472500000000
1!
b1110101 (
b110111110 '
#1473000000000
0!
#1473500000000
1!
b11101010 (
b1101111101 '
1&
#1474000000000
0!
#1474500000000
1!
b111010101 (
b1011111010 '
#1475000000000
0!
#1475500000000
1!
b1110101011 (
b111110101 '
#1476000000000
0!
#1476500000000
1!
b1101010111 (
b1111101011 '
0&
#1477000000000
0!
#1477500000000
1!
b1010101110 (
b1111010111 '
#1478000000000
0!
#1478500000000
1!
b101011101 (
b1110101110 '
1&
#1479000000000
0!
#1479500000000
1!
b1010111010 (
b1101011100 '
0&
#1480000000000
0!
#1480500000000
1!
b101110100 (
b1010111000 '
1&
#1481000000000
0!
#1481500000000
1!
b1011101001 (
b101110001 '
#1482000000000
0!
#1482500000000
1!
b111010011 (
b1011100010 '
#1483000000000
0!
#1483500000000
1!
b1110100111 (
b111000101 '
#1484000000000
0!
#1484500000000
1!
b1101001110 (
b1110001011 '
0&
#1485000000000
0!
#1485500000000
1!
b1010011100 (
b1100010111 '
#1486000000000
0!
#1486500000000
1!
b100111001 (
b1000101110 '
1&
#1487000000000
0!
#1487500000000
1!
b1001110010 (
b1011100 '
#1488000000000
0!
#1488500000000
1!
b11100101 (
b10111001 '
0&
#1489000000000
0!
#1489500000000
1!
b111001011 (
b101110010 '
#1490000000000
0!
#1490500000000
1!
b1110010111 (
b1011100100 '
#1491000000000
0!
#1491500000000
1!
b1100101111 (
b111001000 '
1&
#1492000000000
0!
#1492500000000
1!
b1001011111 (
b1110010000 '
0&
#1493000000000
0!
#1493500000000
1!
b10111111 (
b1100100001 '
1&
#1494000000000
0!
#1494500000000
1!
b101111110 (
b1001000011 '
#1495000000000
0!
#1495500000000
1!
b1011111100 (
b10000111 '
#1496000000000
0!
#1496500000000
1!
b111111000 (
b100001111 '
0&
#1497000000000
0!
#1497500000000
1!
b1111110001 (
b1000011111 '
#1498000000000
0!
#1498500000000
1!
b1111100010 (
b111110 '
1&
#1499000000000
0!
#1499500000000
1!
b1111000101 (
b1111101 '
#1500000000000
0!
#1500500000000
1!
b1110001010 (
b11111011 '
#1501000000000
0!
#1501500000000
1!
b1100010100 (
b111110110 '
#1502000000000
0!
#1502500000000
1!
b1000101001 (
b1111101101 '
0&
#1503000000000
0!
#1503500000000
1!
b1010010 (
b1111011010 '
1&
#1504000000000
0!
#1504500000000
1!
b10100101 (
b1110110101 '
#1505000000000
0!
#1505500000000
1!
b101001011 (
b1101101010 '
#1506000000000
0!
#1506500000000
1!
b1010010110 (
b1011010101 '
0&
#1507000000000
0!
#1507500000000
1!
b100101100 (
b110101010 '
#1508000000000
0!
#1508500000000
1!
b1001011001 (
b1101010100 '
#1509000000000
0!
#1509500000000
1!
b10110011 (
b1010101000 '
1&
#1510000000000
0!
#1510500000000
1!
b101100111 (
b101010001 '
0&
#1511000000000
0!
#1511500000000
1!
b1011001110 (
b1010100010 '
#1512000000000
0!
#1512500000000
1!
b110011100 (
b101000101 '
#1513000000000
0!
#1513500000000
1!
b1100111001 (
b1010001011 '
#1514000000000
0!
#1514500000000
1!
b1001110011 (
b100010111 '
1&
#1515000000000
0!
#1515500000000
1!
b11100111 (
b1000101111 '
#1516000000000
0!
#1516500000000
1!
b111001110 (
b1011110 '
0&
#1517000000000
0!
#1517500000000
1!
b1110011100 (
b10111101 '
1&
#1518000000000
0!
#1518500000000
1!
b1100111000 (
b101111011 '
#1519000000000
0!
#1519500000000
1!
b1001110001 (
b1011110110 '
0&
#1520000000000
0!
#1520500000000
1!
b11100010 (
b111101100 '
#1521000000000
0!
#1521500000000
1!
b111000101 (
b1111011001 '
1&
#1522000000000
0!
#1522500000000
1!
b1110001011 (
b1110110011 '
0&
#1523000000000
0!
#1523500000000
1!
b1100010110 (
b1101100111 '
#1524000000000
0!
#1524500000000
1!
b1000101100 (
b1011001110 '
#1525000000000
0!
#1525500000000
1!
b1011001 (
b110011100 '
#1526000000000
0!
#1526500000000
1!
b10110010 (
b1100111001 '
1&
#1527000000000
0!
#1527500000000
1!
b101100101 (
b1001110011 '
#1528000000000
0!
#1528500000000
1!
b1011001011 (
b11100111 '
#1529000000000
0!
#1529500000000
1!
b110010111 (
b111001111 '
0&
#1530000000000
0!
#1530500000000
1!
b1100101110 (
b1110011111 '
#1531000000000
0!
#1531500000000
1!
b1001011101 (
b1100111110 '
#1532000000000
0!
#1532500000000
1!
b10111010 (
b1001111100 '
1&
#1533000000000
0!
#1533500000000
1!
b101110101 (
b11111000 '
0&
#1534000000000
0!
#1534500000000
1!
b1011101011 (
b111110000 '
1&
#1535000000000
0!
#1535500000000
1!
b111010110 (
b1111100000 '
#1536000000000
0!
#1536500000000
1!
b1110101100 (
b1111000001 '
0&
#1537000000000
0!
#1537500000000
1!
b1101011001 (
b1110000011 '
#1538000000000
0!
#1538500000000
1!
b1010110010 (
b1100000111 '
#1539000000000
0!
#1539500000000
1!
b101100100 (
b1000001110 '
1&
#1540000000000
0!
#1540500000000
1!
b1011001001 (
b11100 '
#1541000000000
0!
#1541500000000
1!
b110010010 (
b111001 '
0&
#1542000000000
0!
#1542500000000
1!
b1100100101 (
b1110010 '
1&
#1543000000000
0!
#1543500000000
1!
b1001001010 (
b11100100 '
#1544000000000
0!
#1544500000000
1!
b10010100 (
b111001001 '
0&
#1545000000000
0!
#1545500000000
1!
b100101000 (
b1110010010 '
1&
#1546000000000
0!
#1546500000000
1!
b1001010000 (
b1100100101 '
0&
#1547000000000
0!
#1547500000000
1!
b10100001 (
b1001001010 '
1&
#1548000000000
0!
#1548500000000
1!
b101000010 (
b10010101 '
0&
#1549000000000
0!
#1549500000000
1!
b1010000100 (
b100101011 '
1&
#1550000000000
0!
#1550500000000
1!
b100001001 (
b1001010110 '
#1551000000000
0!
#1551500000000
1!
b1000010011 (
b10101100 '
#1552000000000
0!
#1552500000000
1!
b100110 (
b101011001 '
0&
#1553000000000
0!
#1553500000000
1!
b1001101 (
b1010110010 '
1&
#1554000000000
0!
#1554500000000
1!
b10011011 (
b101100101 '
0&
#1555000000000
0!
#1555500000000
1!
b100110110 (
b1011001011 '
1&
#1556000000000
0!
#1556500000000
1!
b1001101100 (
b110010111 '
#1557000000000
0!
#1557500000000
1!
b11011001 (
b1100101111 '
#1558000000000
0!
#1558500000000
1!
b110110011 (
b1001011110 '
#1559000000000
0!
#1559500000000
1!
b1101100110 (
b10111100 '
#1560000000000
0!
#1560500000000
1!
b1011001101 (
b101111001 '
#1561000000000
0!
#1561500000000
1!
b110011011 (
b1011110010 '
#1562000000000
0!
#1562500000000
1!
b1100110111 (
b111100101 '
#1563000000000
0!
#1563500000000
1!
b1001101111 (
b1111001011 '
0&
#1564000000000
0!
#1564500000000
1!
b11011110 (
b1110010111 '
1&
#1565000000000
0!
#1565500000000
1!
b110111101 (
b1100101110 '
#1566000000000
0!
#1566500000000
1!
b1101111010 (
b1001011100 '
0&
#1567000000000
0!
#1567500000000
1!
b1011110100 (
b10111000 '
1&
#1568000000000
0!
#1568500000000
1!
b111101000 (
b101110000 '
0&
#1569000000000
0!
#1569500000000
1!
b1111010001 (
b1011100000 '
#1570000000000
0!
#1570500000000
1!
b1110100011 (
b111000001 '
1&
#1571000000000
0!
#1571500000000
1!
b1101000111 (
b1110000010 '
0&
#1572000000000
0!
#1572500000000
1!
b1010001110 (
b1100000101 '
#1573000000000
0!
#1573500000000
1!
b100011100 (
b1000001010 '
1&
#1574000000000
0!
#1574500000000
1!
b1000111000 (
b10101 '
#1575000000000
0!
#1575500000000
1!
b1110000 (
b101011 '
0&
#1576000000000
0!
#1576500000000
1!
b11100001 (
b1010110 '
#1577000000000
0!
#1577500000000
1!
b111000010 (
b10101101 '
#1578000000000
0!
#1578500000000
1!
b1110000101 (
b101011011 '
1&
#1579000000000
0!
#1579500000000
1!
b1100001010 (
b1010110110 '
0&
#1580000000000
0!
#1580500000000
1!
b1000010101 (
b101101100 '
1&
#1581000000000
0!
#1581500000000
1!
b101010 (
b1011011001 '
#1582000000000
0!
#1582500000000
1!
b1010100 (
b110110011 '
0&
#1583000000000
0!
#1583500000000
1!
b10101001 (
b1101100110 '
1&
#1584000000000
0!
#1584500000000
1!
b101010010 (
b1011001100 '
#1585000000000
0!
#1585500000000
1!
b1010100100 (
b110011000 '
#1586000000000
0!
#1586500000000
1!
b101001000 (
b1100110000 '
#1587000000000
0!
#1587500000000
1!
b1010010001 (
b1001100001 '
0&
#1588000000000
0!
#1588500000000
1!
b100100010 (
b11000011 '
#1589000000000
0!
#1589500000000
1!
b1001000101 (
b110000110 '
1&
#1590000000000
0!
#1590500000000
1!
b10001010 (
b1100001101 '
#1591000000000
0!
#1591500000000
1!
b100010100 (
b1000011010 '
#1592000000000
0!
#1592500000000
1!
b1000101000 (
b110101 '
#1593000000000
0!
#1593500000000
1!
b1010000 (
b1101011 '
0&
#1594000000000
0!
#1594500000000
1!
b10100000 (
b11010110 '
#1595000000000
0!
#1595500000000
1!
b101000000 (
b110101101 '
#1596000000000
0!
#1596500000000
1!
b1010000001 (
b1101011011 '
#1597000000000
0!
#1597500000000
1!
b100000010 (
b1010110111 '
1&
#1598000000000
0!
#1598500000000
1!
b1000000100 (
b101101110 '
#1599000000000
0!
#1599500000000
1!
b1000 (
b1011011101 '
#1600000000000
0!
#1600500000000
1!
b10000 (
b110111010 '
0&
#1601000000000
0!
#1601500000000
1!
b100000 (
b1101110100 '
1&
#1602000000000
0!
#1602500000000
1!
b1000001 (
b1011101000 '
#1603000000000
0!
#1603500000000
1!
b10000010 (
b111010001 '
0&
#1604000000000
0!
#1604500000000
1!
b100000100 (
b1110100010 '
1&
#1605000000000
0!
#1605500000000
1!
b1000001000 (
b1101000101 '
0&
#1606000000000
0!
#1606500000000
1!
b10001 (
b1010001010 '
1&
#1607000000000
0!
#1607500000000
1!
b100010 (
b100010101 '
0&
#1608000000000
0!
#1608500000000
1!
b1000100 (
b1000101011 '
1&
#1609000000000
0!
#1609500000000
1!
b10001001 (
b1010111 '
0&
#1610000000000
0!
#1610500000000
1!
b100010011 (
b10101111 '
#1611000000000
0!
#1611500000000
1!
b1000100110 (
b101011111 '
1&
#1612000000000
0!
#1612500000000
1!
b1001100 (
b1010111111 '
#1613000000000
0!
#1613500000000
1!
b10011001 (
b101111110 '
0&
#1614000000000
0!
#1614500000000
1!
b100110011 (
b1011111101 '
1&
#1615000000000
0!
#1615500000000
1!
b1001100111 (
b111111010 '
#1616000000000
0!
#1616500000000
1!
b11001110 (
b1111110100 '
#1617000000000
0!
#1617500000000
1!
b110011101 (
b1111101000 '
#1618000000000
0!
#1618500000000
1!
b1100111011 (
b1111010001 '
0&
#1619000000000
0!
#1619500000000
1!
b1001110110 (
b1110100011 '
#1620000000000
0!
#1620500000000
1!
b11101100 (
b1101000111 '
1&
#1621000000000
0!
#1621500000000
1!
b111011001 (
b1010001110 '
#1622000000000
0!
#1622500000000
1!
b1110110010 (
b100011100 '
#1623000000000
0!
#1623500000000
1!
b1101100101 (
b1000111001 '
0&
#1624000000000
0!
#1624500000000
1!
b1011001010 (
b1110011 '
1&
#1625000000000
0!
#1625500000000
1!
b110010101 (
b11100110 '
0&
#1626000000000
0!
#1626500000000
1!
b1100101011 (
b111001101 '
1&
#1627000000000
0!
#1627500000000
1!
b1001010110 (
b1110011011 '
0&
#1628000000000
0!
#1628500000000
1!
b10101101 (
b1100110111 '
1&
#1629000000000
0!
#1629500000000
1!
b101011011 (
b1001101110 '
#1630000000000
0!
#1630500000000
1!
b1010110110 (
b11011100 '
#1631000000000
0!
#1631500000000
1!
b101101101 (
b110111001 '
0&
#1632000000000
0!
#1632500000000
1!
b1011011011 (
b1101110010 '
#1633000000000
0!
#1633500000000
1!
b110110111 (
b1011100101 '
1&
#1634000000000
0!
#1634500000000
1!
b1101101111 (
b111001010 '
#1635000000000
0!
#1635500000000
1!
b1011011111 (
b1110010100 '
0&
#1636000000000
0!
#1636500000000
1!
b110111110 (
b1100101000 '
1&
#1637000000000
0!
#1637500000000
1!
b1101111101 (
b1001010001 '
0&
#1638000000000
0!
#1638500000000
1!
b1011111010 (
b10100011 '
1&
#1639000000000
0!
#1639500000000
1!
b111110100 (
b101000110 '
0&
#1640000000000
0!
#1640500000000
1!
b1111101000 (
b1010001101 '
#1641000000000
0!
#1641500000000
1!
b1111010000 (
b100011010 '
1&
#1642000000000
0!
#1642500000000
1!
b1110100001 (
b1000110100 '
0&
#1643000000000
0!
#1643500000000
1!
b1101000010 (
b1101000 '
1&
#1644000000000
0!
#1644500000000
1!
b1010000101 (
b11010000 '
#1645000000000
0!
#1645500000000
1!
b100001011 (
b110100000 '
0&
#1646000000000
0!
#1646500000000
1!
b1000010110 (
b1101000000 '
#1647000000000
0!
#1647500000000
1!
b101101 (
b1010000001 '
1&
#1648000000000
0!
#1648500000000
1!
b1011010 (
b100000011 '
0&
#1649000000000
0!
#1649500000000
1!
b10110101 (
b1000000110 '
1&
#1650000000000
0!
#1650500000000
1!
b101101011 (
b1100 '
0&
#1651000000000
0!
#1651500000000
1!
b1011010111 (
b11001 '
1&
#1652000000000
0!
#1652500000000
1!
b110101110 (
b110010 '
0&
#1653000000000
0!
#1653500000000
1!
b1101011101 (
b1100100 '
1&
#1654000000000
0!
#1654500000000
1!
b1010111011 (
b11001001 '
#1655000000000
0!
#1655500000000
1!
b101110110 (
b110010010 '
0&
#1656000000000
0!
#1656500000000
1!
b1011101100 (
b1100100100 '
#1657000000000
0!
#1657500000000
1!
b111011000 (
b1001001000 '
1&
#1658000000000
0!
#1658500000000
1!
b1110110000 (
b10010001 '
#1659000000000
0!
#1659500000000
1!
b1101100000 (
b100100010 '
#1660000000000
0!
#1660500000000
1!
b1011000001 (
b1001000100 '
0&
#1661000000000
0!
#1661500000000
1!
b110000010 (
b10001000 '
#1662000000000
0!
#1662500000000
1!
b1100000101 (
b100010000 '
1&
#1663000000000
0!
#1663500000000
1!
b1000001011 (
b1000100000 '
0&
#1664000000000
0!
#1664500000000
1!
b10110 (
b1000001 '
#1665000000000
0!
#1665500000000
1!
b101100 (
b10000010 '
#1666000000000
0!
#1666500000000
1!
b1011000 (
b100000100 '
#1667000000000
0!
#1667500000000
1!
b10110000 (
b1000001001 '
1&
#1668000000000
0!
#1668500000000
1!
b101100000 (
b10011 '
0&
#1669000000000
0!
#1669500000000
1!
b1011000000 (
b100110 '
1&
#1670000000000
0!
#1670500000000
1!
b110000000 (
b1001101 '
0&
#1671000000000
0!
#1671500000000
1!
b1100000000 (
b10011011 '
1&
#1672000000000
0!
#1672500000000
1!
b1000000000 (
b100110110 '
#1673000000000
0!
#1673500000000
1!
b1 (
b1001101101 '
#1674000000000
0!
#1674500000000
1!
b10 (
b11011010 '
0&
#1675000000000
0!
#1675500000000
1!
b101 (
b110110100 '
#1676000000000
0!
#1676500000000
1!
b1011 (
b1101101001 '
1&
#1677000000000
0!
#1677500000000
1!
b10111 (
b1011010011 '
#1678000000000
0!
#1678500000000
1!
b101110 (
b110100111 '
0&
#1679000000000
0!
#1679500000000
1!
b1011101 (
b1101001111 '
1&
#1680000000000
0!
#1680500000000
1!
b10111011 (
b1010011110 '
#1681000000000
0!
#1681500000000
1!
b101110111 (
b100111100 '
0&
#1682000000000
0!
#1682500000000
1!
b1011101110 (
b1001111001 '
#1683000000000
0!
#1683500000000
1!
b111011101 (
b11110011 '
#1684000000000
0!
#1684500000000
1!
b1110111011 (
b111100110 '
1&
#1685000000000
0!
#1685500000000
1!
b1101110111 (
b1111001101 '
0&
#1686000000000
0!
#1686500000000
1!
b1011101111 (
b1110011010 '
#1687000000000
0!
#1687500000000
1!
b111011111 (
b1100110101 '
1&
#1688000000000
0!
#1688500000000
1!
b1110111110 (
b1001101010 '
0&
#1689000000000
0!
#1689500000000
1!
b1101111100 (
b11010101 '
1&
#1690000000000
0!
#1690500000000
1!
b1011111000 (
b110101011 '
#1691000000000
0!
#1691500000000
1!
b111110001 (
b1101010110 '
#1692000000000
0!
#1692500000000
1!
b1111100011 (
b1010101100 '
0&
#1693000000000
0!
#1693500000000
1!
b1111000111 (
b101011000 '
1&
#1694000000000
0!
#1694500000000
1!
b1110001111 (
b1010110000 '
0&
#1695000000000
0!
#1695500000000
1!
b1100011111 (
b101100001 '
1&
#1696000000000
0!
#1696500000000
1!
b1000111110 (
b1011000010 '
0&
#1697000000000
0!
#1697500000000
1!
b1111100 (
b110000101 '
#1698000000000
0!
#1698500000000
1!
b11111000 (
b1100001011 '
1&
#1699000000000
0!
#1699500000000
1!
b111110000 (
b1000010111 '
#1700000000000
0!
#1700500000000
1!
b1111100001 (
b101110 '
#1701000000000
0!
#1701500000000
1!
b1111000010 (
b1011101 '
#1702000000000
0!
#1702500000000
1!
b1110000100 (
b10111011 '
#1703000000000
0!
#1703500000000
1!
b1100001000 (
b101110110 '
#1704000000000
0!
#1704500000000
1!
b1000010000 (
b1011101101 '
0&
#1705000000000
0!
#1705500000000
1!
b100001 (
b111011010 '
#1706000000000
0!
#1706500000000
1!
b1000011 (
b1110110100 '
1&
#1707000000000
0!
#1707500000000
1!
b10000111 (
b1101101000 '
#1708000000000
0!
#1708500000000
1!
b100001111 (
b1011010001 '
#1709000000000
0!
#1709500000000
1!
b1000011111 (
b110100011 '
#1710000000000
0!
#1710500000000
1!
b111111 (
b1101000110 '
#1711000000000
0!
#1711500000000
1!
b1111111 (
b1010001100 '
#1712000000000
0!
#1712500000000
1!
b11111111 (
b100011000 '
0&
#1713000000000
0!
#1713500000000
1!
b111111110 (
b1000110000 '
1&
#1714000000000
0!
#1714500000000
1!
b1111111101 (
b1100001 '
#1715000000000
0!
#1715500000000
1!
b1111111011 (
b11000010 '
#1716000000000
0!
#1716500000000
1!
b1111110111 (
b110000100 '
#1717000000000
0!
#1717500000000
1!
b1111101110 (
b1100001001 '
0&
#1718000000000
0!
#1718500000000
1!
b1111011100 (
b1000010011 '
#1719000000000
0!
#1719500000000
1!
b1110111000 (
b100111 '
1&
#1720000000000
0!
#1720500000000
1!
b1101110000 (
b1001111 '
#1721000000000
0!
#1721500000000
1!
b1011100001 (
b10011111 '
#1722000000000
0!
#1722500000000
1!
b111000011 (
b100111111 '
0&
#1723000000000
0!
#1723500000000
1!
b1110000111 (
b1001111111 '
#1724000000000
0!
#1724500000000
1!
b1100001111 (
b11111110 '
1&
#1725000000000
0!
#1725500000000
1!
b1000011110 (
b111111101 '
#1726000000000
0!
#1726500000000
1!
b111101 (
b1111111011 '
#1727000000000
0!
#1727500000000
1!
b1111010 (
b1111110111 '
#1728000000000
0!
#1728500000000
1!
b11110100 (
b1111101110 '
#1729000000000
0!
#1729500000000
1!
b111101001 (
b1111011100 '
#1730000000000
0!
#1730500000000
1!
b1111010011 (
b1110111000 '
0&
#1731000000000
0!
#1731500000000
1!
b1110100110 (
b1101110001 '
#1732000000000
0!
#1732500000000
1!
b1101001100 (
b1011100011 '
#1733000000000
0!
#1733500000000
1!
b1010011001 (
b111000111 '
1&
#1734000000000
0!
#1734500000000
1!
b100110010 (
b1110001111 '
#1735000000000
0!
#1735500000000
1!
b1001100101 (
b1100011110 '
0&
#1736000000000
0!
#1736500000000
1!
b11001011 (
b1000111100 '
1&
#1737000000000
0!
#1737500000000
1!
b110010110 (
b1111000 '
0&
#1738000000000
0!
#1738500000000
1!
b1100101100 (
b11110000 '
1&
#1739000000000
0!
#1739500000000
1!
b1001011000 (
b111100000 '
#1740000000000
0!
#1740500000000
1!
b10110001 (
b1111000000 '
#1741000000000
0!
#1741500000000
1!
b101100010 (
b1110000001 '
#1742000000000
0!
#1742500000000
1!
b1011000101 (
b1100000011 '
0&
#1743000000000
0!
#1743500000000
1!
b110001011 (
b1000000111 '
1&
#1744000000000
0!
#1744500000000
1!
b1100010111 (
b1110 '
#1745000000000
0!
#1745500000000
1!
b1000101110 (
b11101 '
#1746000000000
0!
#1746500000000
1!
b1011100 (
b111011 '
0&
#1747000000000
0!
#1747500000000
1!
b10111001 (
b1110110 '
#1748000000000
0!
#1748500000000
1!
b101110010 (
b11101101 '
#1749000000000
0!
#1749500000000
1!
b1011100101 (
b111011011 '
1&
#1750000000000
0!
#1750500000000
1!
b111001010 (
b1110110110 '
#1751000000000
0!
#1751500000000
1!
b1110010101 (
b1101101100 '
0&
#1752000000000
0!
#1752500000000
1!
b1100101010 (
b1011011000 '
#1753000000000
0!
#1753500000000
1!
b1001010100 (
b110110001 '
1&
#1754000000000
0!
#1754500000000
1!
b10101000 (
b1101100010 '
#1755000000000
0!
#1755500000000
1!
b101010000 (
b1011000101 '
#1756000000000
0!
#1756500000000
1!
b1010100001 (
b110001010 '
#1757000000000
0!
#1757500000000
1!
b101000011 (
b1100010100 '
#1758000000000
0!
#1758500000000
1!
b1010000110 (
b1000101000 '
0&
#1759000000000
0!
#1759500000000
1!
b100001100 (
b1010001 '
#1760000000000
0!
#1760500000000
1!
b1000011000 (
b10100010 '
1&
#1761000000000
0!
#1761500000000
1!
b110001 (
b101000100 '
0&
#1762000000000
0!
#1762500000000
1!
b1100011 (
b1010001001 '
1&
#1763000000000
0!
#1763500000000
1!
b11000110 (
b100010011 '
0&
#1764000000000
0!
#1764500000000
1!
b110001101 (
b1000100110 '
1&
#1765000000000
0!
#1765500000000
1!
b1100011011 (
b1001100 '
#1766000000000
0!
#1766500000000
1!
b1000110111 (
b10011001 '
#1767000000000
0!
#1767500000000
1!
b1101110 (
b100110010 '
0&
#1768000000000
0!
#1768500000000
1!
b11011101 (
b1001100100 '
1&
#1769000000000
0!
#1769500000000
1!
b110111010 (
b11001000 '
0&
#1770000000000
0!
#1770500000000
1!
b1101110100 (
b110010000 '
1&
#1771000000000
0!
#1771500000000
1!
b1011101000 (
b1100100000 '
0&
#1772000000000
0!
#1772500000000
1!
b111010001 (
b1001000001 '
1&
#1773000000000
0!
#1773500000000
1!
b1110100010 (
b10000011 '
#1774000000000
0!
#1774500000000
1!
b1101000101 (
b100000110 '
#1775000000000
0!
#1775500000000
1!
b1010001011 (
b1000001101 '
0&
#1776000000000
0!
#1776500000000
1!
b100010111 (
b11010 '
#1777000000000
0!
#1777500000000
1!
b1000101111 (
b110100 '
1&
#1778000000000
0!
#1778500000000
1!
b1011110 (
b1101001 '
0&
#1779000000000
0!
#1779500000000
1!
b10111100 (
b11010010 '
#1780000000000
0!
#1780500000000
1!
b101111001 (
b110100100 '
#1781000000000
0!
#1781500000000
1!
b1011110010 (
b1101001001 '
#1782000000000
0!
#1782500000000
1!
b111100100 (
b1010010011 '
1&
#1783000000000
0!
#1783500000000
1!
b1111001000 (
b100100111 '
#1784000000000
0!
#1784500000000
1!
b1110010001 (
b1001001111 '
0&
#1785000000000
0!
#1785500000000
1!
b1100100011 (
b10011110 '
1&
#1786000000000
0!
#1786500000000
1!
b1001000110 (
b100111101 '
#1787000000000
0!
#1787500000000
1!
b10001101 (
b1001111011 '
#1788000000000
0!
#1788500000000
1!
b100011010 (
b11110111 '
0&
#1789000000000
0!
#1789500000000
1!
b1000110100 (
b111101111 '
1&
#1790000000000
0!
#1790500000000
1!
b1101001 (
b1111011111 '
#1791000000000
0!
#1791500000000
1!
b11010011 (
b1110111110 '
#1792000000000
0!
#1792500000000
1!
b110100110 (
b1101111100 '
#1793000000000
0!
#1793500000000
1!
b1101001101 (
b1011111000 '
0&
#1794000000000
0!
#1794500000000
1!
b1010011011 (
b111110001 '
1&
#1795000000000
0!
#1795500000000
1!
b100110111 (
b1111100010 '
#1796000000000
0!
#1796500000000
1!
b1001101110 (
b1111000101 '
0&
#1797000000000
0!
#1797500000000
1!
b11011100 (
b1110001010 '
1&
#1798000000000
0!
#1798500000000
1!
b110111000 (
b1100010101 '
#1799000000000
0!
#1799500000000
1!
b1101110001 (
b1000101010 '
0&
#1800000000000
0!
#1800500000000
1!
b1011100011 (
b1010101 '
1&
#1801000000000
0!
#1801500000000
1!
b111000110 (
b10101011 '
0&
#1802000000000
0!
#1802500000000
1!
b1110001100 (
b101010110 '
1&
#1803000000000
0!
#1803500000000
1!
b1100011000 (
b1010101101 '
0&
#1804000000000
0!
#1804500000000
1!
b1000110000 (
b101011010 '
1&
#1805000000000
0!
#1805500000000
1!
b1100000 (
b1010110100 '
#1806000000000
0!
#1806500000000
1!
b11000001 (
b101101000 '
0&
#1807000000000
0!
#1807500000000
1!
b110000011 (
b1011010000 '
1&
#1808000000000
0!
#1808500000000
1!
b1100000111 (
b110100001 '
#1809000000000
0!
#1809500000000
1!
b1000001110 (
b1101000010 '
0&
#1810000000000
0!
#1810500000000
1!
b11101 (
b1010000101 '
1&
#1811000000000
0!
#1811500000000
1!
b111011 (
b100001010 '
0&
#1812000000000
0!
#1812500000000
1!
b1110110 (
b1000010100 '
1&
#1813000000000
0!
#1813500000000
1!
b11101101 (
b101000 '
0&
#1814000000000
0!
#1814500000000
1!
b111011011 (
b1010000 '
#1815000000000
0!
#1815500000000
1!
b1110110111 (
b10100000 '
1&
#1816000000000
0!
#1816500000000
1!
b1101101110 (
b101000000 '
#1817000000000
0!
#1817500000000
1!
b1011011101 (
b1010000000 '
0&
#1818000000000
0!
#1818500000000
1!
b110111011 (
b100000001 '
#1819000000000
0!
#1819500000000
1!
b1101110110 (
b1000000010 '
#1820000000000
0!
#1820500000000
1!
b1011101101 (
b101 '
1&
#1821000000000
0!
#1821500000000
1!
b111011010 (
b1011 '
0&
#1822000000000
0!
#1822500000000
1!
b1110110101 (
b10110 '
1&
#1823000000000
0!
#1823500000000
1!
b1101101011 (
b101101 '
#1824000000000
0!
#1824500000000
1!
b1011010110 (
b1011011 '
#1825000000000
0!
#1825500000000
1!
b110101100 (
b10110110 '
0&
#1826000000000
0!
#1826500000000
1!
b1101011000 (
b101101101 '
1&
#1827000000000
0!
#1827500000000
1!
b1010110000 (
b1011011011 '
0&
#1828000000000
0!
#1828500000000
1!
b101100001 (
b110110111 '
#1829000000000
0!
#1829500000000
1!
b1011000010 (
b1101101111 '
#1830000000000
0!
#1830500000000
1!
b110000101 (
b1011011110 '
1&
#1831000000000
0!
#1831500000000
1!
b1100001011 (
b110111100 '
#1832000000000
0!
#1832500000000
1!
b1000010111 (
b1101111001 '
0&
#1833000000000
0!
#1833500000000
1!
b101111 (
b1011110011 '
1&
#1834000000000
0!
#1834500000000
1!
b1011111 (
b111100111 '
0&
#1835000000000
0!
#1835500000000
1!
b10111110 (
b1111001111 '
1&
#1836000000000
0!
#1836500000000
1!
b101111100 (
b1110011110 '
#1837000000000
0!
#1837500000000
1!
b1011111001 (
b1100111100 '
0&
#1838000000000
0!
#1838500000000
1!
b111110011 (
b1001111000 '
1&
#1839000000000
0!
#1839500000000
1!
b1111100110 (
b11110001 '
#1840000000000
0!
#1840500000000
1!
b1111001100 (
b111100010 '
#1841000000000
0!
#1841500000000
1!
b1110011000 (
b1111000100 '
0&
#1842000000000
0!
#1842500000000
1!
b1100110001 (
b1110001000 '
#1843000000000
0!
#1843500000000
1!
b1001100011 (
b1100010001 '
#1844000000000
0!
#1844500000000
1!
b11000111 (
b1000100011 '
1&
#1845000000000
0!
#1845500000000
1!
b110001111 (
b1000111 '
0&
#1846000000000
0!
#1846500000000
1!
b1100011110 (
b10001111 '
1&
#1847000000000
0!
#1847500000000
1!
b1000111100 (
b100011111 '
#1848000000000
0!
#1848500000000
1!
b1111001 (
b1000111111 '
#1849000000000
0!
#1849500000000
1!
b11110011 (
b1111110 '
0&
#1850000000000
0!
#1850500000000
1!
b111100111 (
b11111101 '
#1851000000000
0!
#1851500000000
1!
b1111001111 (
b111111011 '
1&
#1852000000000
0!
#1852500000000
1!
b1110011111 (
b1111110110 '
0&
#1853000000000
0!
#1853500000000
1!
b1100111111 (
b1111101100 '
#1854000000000
0!
#1854500000000
1!
b1001111111 (
b1111011000 '
#1855000000000
0!
#1855500000000
1!
b11111110 (
b1110110001 '
1&
#1856000000000
0!
#1856500000000
1!
b111111100 (
b1101100011 '
#1857000000000
0!
#1857500000000
1!
b1111111000 (
b1011000111 '
0&
#1858000000000
0!
#1858500000000
1!
b1111110000 (
b110001110 '
1&
#1859000000000
0!
#1859500000000
1!
b1111100000 (
b1100011101 '
0&
#1860000000000
0!
#1860500000000
1!
b1111000000 (
b1000111010 '
#1861000000000
0!
#1861500000000
1!
b1110000001 (
b1110101 '
1&
#1862000000000
0!
#1862500000000
1!
b1100000011 (
b11101011 '
#1863000000000
0!
#1863500000000
1!
b1000000111 (
b111010110 '
#1864000000000
0!
#1864500000000
1!
b1111 (
b1110101101 '
#1865000000000
0!
#1865500000000
1!
b11110 (
b1101011010 '
#1866000000000
0!
#1866500000000
1!
b111100 (
b1010110101 '
#1867000000000
0!
#1867500000000
1!
b1111000 (
b101101010 '
0&
#1868000000000
0!
#1868500000000
1!
b11110001 (
b1011010100 '
1&
#1869000000000
0!
#1869500000000
1!
b111100010 (
b110101000 '
0&
#1870000000000
0!
#1870500000000
1!
b1111000100 (
b1101010000 '
#1871000000000
0!
#1871500000000
1!
b1110001000 (
b1010100001 '
#1872000000000
0!
#1872500000000
1!
b1100010001 (
b101000011 '
1&
#1873000000000
0!
#1873500000000
1!
b1000100010 (
b1010000110 '
0&
#1874000000000
0!
#1874500000000
1!
b1000101 (
b100001100 '
#1875000000000
0!
#1875500000000
1!
b10001011 (
b1000011001 '
1&
#1876000000000
0!
#1876500000000
1!
b100010110 (
b110011 '
0&
#1877000000000
0!
#1877500000000
1!
b1000101101 (
b1100110 '
1&
#1878000000000
0!
#1878500000000
1!
b1011011 (
b11001101 '
0&
#1879000000000
0!
#1879500000000
1!
b10110111 (
b110011011 '
#1880000000000
0!
#1880500000000
1!
b101101110 (
b1100110110 '
1&
#1881000000000
0!
#1881500000000
1!
b1011011100 (
b1001101100 '
0&
#1882000000000
0!
#1882500000000
1!
b110111001 (
b11011000 '
#1883000000000
0!
#1883500000000
1!
b1101110011 (
b110110000 '
1&
#1884000000000
0!
#1884500000000
1!
b1011100110 (
b1101100000 '
0&
#1885000000000
0!
#1885500000000
1!
b111001101 (
b1011000001 '
1&
#1886000000000
0!
#1886500000000
1!
b1110011011 (
b110000011 '
#1887000000000
0!
#1887500000000
1!
b1100110110 (
b1100000110 '
0&
#1888000000000
0!
#1888500000000
1!
b1001101101 (
b1000001100 '
#1889000000000
0!
#1889500000000
1!
b11011011 (
b11000 '
#1890000000000
0!
#1890500000000
1!
b110110110 (
b110000 '
#1891000000000
0!
#1891500000000
1!
b1101101101 (
b1100000 '
1&
#1892000000000
0!
#1892500000000
1!
b1011011010 (
b11000000 '
#1893000000000
0!
#1893500000000
1!
b110110101 (
b110000000 '
0&
#1894000000000
0!
#1894500000000
1!
b1101101010 (
b1100000000 '
#1895000000000
0!
#1895500000000
1!
b1011010100 (
b1000000001 '
#1896000000000
0!
#1896500000000
1!
b110101001 (
b11 '
#1897000000000
0!
#1897500000000
1!
b1101010011 (
b110 '
1&
#1898000000000
0!
#1898500000000
1!
b1010100111 (
b1101 '
#1899000000000
0!
#1899500000000
1!
b101001111 (
b11011 '
0&
#1900000000000
0!
#1900500000000
1!
b1010011111 (
b110110 '
1&
#1901000000000
0!
#1901500000000
1!
b100111110 (
b1101101 '
0&
#1902000000000
0!
#1902500000000
1!
b1001111100 (
b11011011 '
1&
#1903000000000
0!
#1903500000000
1!
b11111001 (
b110110110 '
0&
#1904000000000
0!
#1904500000000
1!
b111110010 (
b1101101101 '
1&
#1905000000000
0!
#1905500000000
1!
b1111100100 (
b1011011010 '
0&
#1906000000000
0!
#1906500000000
1!
b1111001001 (
b110110101 '
1&
#1907000000000
0!
#1907500000000
1!
b1110010011 (
b1101101011 '
0&
#1908000000000
0!
#1908500000000
1!
b1100100110 (
b1011010111 '
#1909000000000
0!
#1909500000000
1!
b1001001101 (
b110101110 '
1&
#1910000000000
0!
#1910500000000
1!
b10011010 (
b1101011101 '
#1911000000000
0!
#1911500000000
1!
b100110100 (
b1010111010 '
#1912000000000
0!
#1912500000000
1!
b1001101001 (
b101110101 '
#1913000000000
0!
#1913500000000
1!
b11010010 (
b1011101011 '
#1914000000000
0!
#1914500000000
1!
b110100100 (
b111010111 '
0&
#1915000000000
0!
#1915500000000
1!
b1101001000 (
b1110101111 '
#1916000000000
0!
#1916500000000
1!
b1010010000 (
b1101011110 '
#1917000000000
0!
#1917500000000
1!
b100100000 (
b1010111100 '
1&
#1918000000000
0!
#1918500000000
1!
b1001000000 (
b101111000 '
#1919000000000
0!
#1919500000000
1!
b10000001 (
b1011110000 '
#1920000000000
0!
#1920500000000
1!
b100000011 (
b111100001 '
0&
#1921000000000
0!
#1921500000000
1!
b1000000110 (
b1111000010 '
#1922000000000
0!
#1922500000000
1!
b1101 (
b1110000101 '
1&
#1923000000000
0!
#1923500000000
1!
b11011 (
b1100001010 '
#1924000000000
0!
#1924500000000
1!
b110111 (
b1000010101 '
#1925000000000
0!
#1925500000000
1!
b1101111 (
b101010 '
0&
#1926000000000
0!
#1926500000000
1!
b11011111 (
b1010100 '
#1927000000000
0!
#1927500000000
1!
b110111111 (
b10101001 '
#1928000000000
0!
#1928500000000
1!
b1101111111 (
b101010010 '
1&
#1929000000000
0!
#1929500000000
1!
b1011111111 (
b1010100100 '
0&
#1930000000000
0!
#1930500000000
1!
b111111111 (
b101001000 '
#1931000000000
0!
#1931500000000
1!
b1111111111 (
b1010010000 '
#1932000000000
0!
#1932500000000
1!
b1111111110 (
b100100001 '
1&
#1933000000000
0!
#1933500000000
1!
b1111111100 (
b1001000010 '
0&
#1934000000000
0!
#1934500000000
1!
b1111111001 (
b10000101 '
1&
#1935000000000
0!
#1935500000000
1!
b1111110010 (
b100001011 '
#1936000000000
0!
#1936500000000
1!
b1111100101 (
b1000010110 '
0&
#1937000000000
0!
#1937500000000
1!
b1111001011 (
b101100 '
1&
#1938000000000
0!
#1938500000000
1!
b1110010110 (
b1011001 '
#1939000000000
0!
#1939500000000
1!
b1100101101 (
b10110010 '
#1940000000000
0!
#1940500000000
1!
b1001011010 (
b101100100 '
#1941000000000
0!
#1941500000000
1!
b10110100 (
b1011001001 '
#1942000000000
0!
#1942500000000
1!
b101101001 (
b110010011 '
0&
#1943000000000
0!
#1943500000000
1!
b1011010010 (
b1100100110 '
#1944000000000
0!
#1944500000000
1!
b110100101 (
b1001001100 '
1&
#1945000000000
0!
#1945500000000
1!
b1101001010 (
b10011000 '
#1946000000000
0!
#1946500000000
1!
b1010010101 (
b100110000 '
#1947000000000
0!
#1947500000000
1!
b100101011 (
b1001100000 '
#1948000000000
0!
#1948500000000
1!
b1001010111 (
b11000001 '
#1949000000000
0!
#1949500000000
1!
b10101111 (
b110000010 '
0&
#1950000000000
0!
#1950500000000
1!
b101011110 (
b1100000100 '
1&
#1951000000000
0!
#1951500000000
1!
b1010111101 (
b1000001000 '
0&
#1952000000000
0!
#1952500000000
1!
b101111010 (
b10001 '
#1953000000000
0!
#1953500000000
1!
b1011110101 (
b100010 '
1&
#1954000000000
0!
#1954500000000
1!
b111101010 (
b1000100 '
0&
#1955000000000
0!
#1955500000000
1!
b1111010100 (
b10001001 '
1&
#1956000000000
0!
#1956500000000
1!
b1110101000 (
b100010010 '
#1957000000000
0!
#1957500000000
1!
b1101010000 (
b1000100100 '
0&
#1958000000000
0!
#1958500000000
1!
b1010100000 (
b1001000 '
1&
#1959000000000
0!
#1959500000000
1!
b101000001 (
b10010000 '
0&
#1960000000000
0!
#1960500000000
1!
b1010000011 (
b100100000 '
1&
#1961000000000
0!
#1961500000000
1!
b100000111 (
b1001000000 '
#1962000000000
0!
#1962500000000
1!
b1000001111 (
b10000001 '
#1963000000000
0!
#1963500000000
1!
b11111 (
b100000010 '
0&
#1964000000000
0!
#1964500000000
1!
b111110 (
b1000000100 '
1&
#1965000000000
0!
#1965500000000
1!
b1111101 (
b1000 '
0&
#1966000000000
0!
#1966500000000
1!
b11111010 (
b10000 '
#1967000000000
0!
#1967500000000
1!
b111110101 (
b100000 '
#1968000000000
0!
#1968500000000
1!
b1111101010 (
b1000000 '
1&
#1969000000000
0!
#1969500000000
1!
b1111010101 (
b10000000 '
#1970000000000
0!
#1970500000000
1!
b1110101010 (
b100000000 '
#1971000000000
0!
#1971500000000
1!
b1101010101 (
b1000000000 '
0&
#1972000000000
0!
#1972500000000
1!
b1010101011 (
b1 '
1&
#1973000000000
0!
#1973500000000
1!
b101010110 (
b10 '
0&
#1974000000000
0!
#1974500000000
1!
b1010101101 (
b100 '
1&
#1975000000000
0!
#1975500000000
1!
b101011010 (
b1001 '
0&
#1976000000000
0!
#1976500000000
1!
b1010110100 (
b10010 '
1&
#1977000000000
0!
#1977500000000
1!
b101101000 (
b100100 '
0&
#1978000000000
0!
#1978500000000
1!
b1011010000 (
b1001001 '
1&
#1979000000000
0!
#1979500000000
1!
b110100000 (
b10010010 '
0&
#1980000000000
0!
#1980500000000
1!
b1101000001 (
b100100100 '
1&
#1981000000000
0!
#1981500000000
1!
b1010000010 (
b1001001001 '
0&
#1982000000000
0!
#1982500000000
1!
b100000101 (
b10010011 '
#1983000000000
0!
#1983500000000
1!
b1000001010 (
b100100110 '
1&
#1984000000000
0!
#1984500000000
1!
b10100 (
b1001001101 '
#1985000000000
0!
#1985500000000
1!
b101001 (
b10011010 '
0&
#1986000000000
0!
#1986500000000
1!
b1010011 (
b100110100 '
#1987000000000
0!
#1987500000000
1!
b10100111 (
b1001101001 '
1&
#1988000000000
0!
#1988500000000
1!
b101001110 (
b11010011 '
0&
#1989000000000
0!
#1989500000000
1!
b1010011101 (
b110100110 '
1&
#1990000000000
0!
#1990500000000
1!
b100111011 (
b1101001101 '
#1991000000000
0!
#1991500000000
1!
b1001110111 (
b1010011010 '
0&
#1992000000000
0!
#1992500000000
1!
b11101110 (
b100110101 '
#1993000000000
0!
#1993500000000
1!
b111011100 (
b1001101011 '
1&
#1994000000000
0!
#1994500000000
1!
b1110111001 (
b11010111 '
#1995000000000
0!
#1995500000000
1!
b1101110010 (
b110101111 '
#1996000000000
0!
#1996500000000
1!
b1011100100 (
b1101011111 '
0&
#1997000000000
0!
#1997500000000
1!
b111001000 (
b1010111110 '
1&
#1998000000000
0!
#1998500000000
1!
b1110010000 (
b101111100 '
#1999000000000
0!
#1999500000000
1!
b1100100001 (
b1011111001 '
0&
#2000000000000
0!
#2000500000000
1!
b1001000011 (
b111110011 '
1&
#2001000000000
0!
#2001500000000
1!
b10000110 (
b1111100110 '
#2002000000000
0!
#2002500000000
1!
b100001101 (
b1111001100 '
#2003000000000
0!
#2003500000000
1!
b1000011010 (
b1110011000 '
0&
#2004000000000
0!
#2004500000000
1!
b110100 (
b1100110001 '
1&
#2005000000000
0!
#2005500000000
1!
b1101000 (
b1001100011 '
#2006000000000
0!
#2006500000000
1!
b11010001 (
b11000111 '
0&
#2007000000000
0!
#2007500000000
1!
b110100011 (
b110001111 '
#2008000000000
0!
#2008500000000
1!
b1101000110 (
b1100011111 '
#2009000000000
0!
#2009500000000
1!
b1010001100 (
b1000111110 '
#2010000000000
0!
#2010500000000
1!
b100011001 (
b1111100 '
#2011000000000
0!
#2011500000000
1!
b1000110011 (
b11111001 '
1&
#2012000000000
0!
#2012500000000
1!
b1100111 (
b111110010 '
0&
#2013000000000
0!
#2013500000000
1!
b11001111 (
b1111100100 '
1&
#2014000000000
0!
#2014500000000
1!
b110011111 (
b1111001000 '
#2015000000000
0!
#2015500000000
1!
b1100111110 (
b1110010001 '
0&
#2016000000000
0!
#2016500000000
1!
b1001111101 (
b1100100011 '
#2017000000000
0!
#2017500000000
1!
b11111011 (
b1001000111 '
1&
#2018000000000
0!
#2018500000000
1!
b111110111 (
b10001110 '
0&
#2019000000000
0!
#2019500000000
1!
b1111101111 (
b100011101 '
1&
#2020000000000
0!
#2020500000000
1!
b1111011110 (
b1000111011 '
0&
#2021000000000
0!
#2021500000000
1!
b1110111101 (
b1110111 '
1&
#2022000000000
0!
#2022500000000
1!
b1101111011 (
b11101111 '
#2023000000000
0!
#2023500000000
1!
b1011110110 (
b111011111 '
#2024000000000
0!
#2024500000000
1!
b111101101 (
b1110111111 '
#2025000000000
0!
#2025500000000
1!
b1111011010 (
b1101111110 '
0&
#2026000000000
0!
#2026500000000
1!
b1110110100 (
b1011111100 '
#2027000000000
0!
#2027500000000
1!
b1101101001 (
b111111000 '
1&
#2028000000000
0!
#2028500000000
1!
b1011010011 (
b1111110000 '
0&
#2029000000000
0!
#2029500000000
1!
b110100111 (
b1111100001 '
1&
#2030000000000
0!
#2030500000000
1!
b1101001111 (
b1111000011 '
0&
#2031000000000
0!
#2031500000000
1!
b1010011110 (
b1110000111 '
#2032000000000
0!
#2032500000000
1!
b100111100 (
b1100001110 '
1&
#2033000000000
0!
#2033500000000
1!
b1001111001 (
b1000011100 '
0&
#2034000000000
0!
#2034500000000
1!
b11110010 (
b111000 '
#2035000000000
0!
#2035500000000
1!
b111100101 (
b1110000 '
#2036000000000
0!
#2036500000000
1!
b1111001010 (
b11100000 '
1&
#2037000000000
0!
#2037500000000
1!
b1110010100 (
b111000000 '
#2038000000000
0!
#2038500000000
1!
b1100101000 (
b1110000000 '
0&
#2039000000000
0!
#2039500000000
1!
b1001010001 (
b1100000001 '
#2040000000000
0!
#2040500000000
1!
b10100011 (
b1000000011 '
1&
#2041000000000
0!
#2041500000000
1!
b101000111 (
b111 '
0&
#2042000000000
0!
#2042500000000
1!
b1010001111 (
b1111 '
1&
#2043000000000
0!
#2043500000000
1!
b100011110 (
b11111 '
0&
#2044000000000
0!
#2044500000000
1!
b1000111101 (
b111111 '
1&
#2045000000000
0!
#2045500000000
1!
b1111011 (
b1111111 '
0&
#2046000000000
0!
#2046500000000
1!
b11110110 (
b11111111 '
#2047000000000
0!
#2047500000000
1!
b111101100 (
b111111111 '
#2048000000000
0!
#2048500000000
1!
b1111011000 (
b1111111111 '
#2049000000000
0!
#2049500000000
1!
b1110110001 (
b1111111110 '
b11 $
b10 #
b1110110000 %
1)
#2050000000000
0!
#2050500000000
1!
b1110110000 (
b1111111111 '
0)
#2051000000000
0!
#2051500000000
1!
b1101100000 (
b1111111110 '
#2052000000000
0!
#2052500000000
1!
b1011000001 (
b1111111100 '
#2053000000000
0!
#2053500000000
1!
b110000010 (
b1111111000 '
1&
#2054000000000
0!
#2054500000000
1!
b1100000101 (
b1111110001 '
0&
#2055000000000
0!
#2055500000000
1!
b1000001011 (
b1111100011 '
#2056000000000
0!
#2056500000000
1!
b10110 (
b1111000111 '
1&
#2057000000000
0!
#2057500000000
1!
b101100 (
b1110001110 '
#2058000000000
0!
#2058500000000
1!
b1011000 (
b1100011100 '
#2059000000000
0!
#2059500000000
1!
b10110000 (
b1000111000 '
#2060000000000
0!
#2060500000000
1!
b101100000 (
b1110001 '
0&
#2061000000000
0!
#2061500000000
1!
b1011000000 (
b11100010 '
1&
#2062000000000
0!
#2062500000000
1!
b110000000 (
b111000100 '
0&
#2063000000000
0!
#2063500000000
1!
b1100000000 (
b1110001001 '
#2064000000000
0!
#2064500000000
1!
b1000000000 (
b1100010011 '
#2065000000000
0!
#2065500000000
1!
b1 (
b1000100111 '
1&
#2066000000000
0!
#2066500000000
1!
b10 (
b1001110 '
0&
#2067000000000
0!
#2067500000000
1!
b101 (
b10011101 '
#2068000000000
0!
#2068500000000
1!
b1011 (
b100111011 '
#2069000000000
0!
#2069500000000
1!
b10111 (
b1001110110 '
1&
#2070000000000
0!
#2070500000000
1!
b101110 (
b11101100 '
0&
#2071000000000
0!
#2071500000000
1!
b1011101 (
b111011001 '
#2072000000000
0!
#2072500000000
1!
b10111011 (
b1110110010 '
1&
#2073000000000
0!
#2073500000000
1!
b101110111 (
b1101100101 '
#2074000000000
0!
#2074500000000
1!
b1011101110 (
b1011001010 '
0&
#2075000000000
0!
#2075500000000
1!
b111011101 (
b110010101 '
#2076000000000
0!
#2076500000000
1!
b1110111011 (
b1100101011 '
#2077000000000
0!
#2077500000000
1!
b1101110111 (
b1001010111 '
#2078000000000
0!
#2078500000000
1!
b1011101111 (
b10101110 '
1&
#2079000000000
0!
#2079500000000
1!
b111011111 (
b101011101 '
0&
#2080000000000
0!
#2080500000000
1!
b1110111110 (
b1010111011 '
#2081000000000
0!
#2081500000000
1!
b1101111100 (
b101110111 '
1&
#2082000000000
0!
#2082500000000
1!
b1011111000 (
b1011101111 '
0&
#2083000000000
0!
#2083500000000
1!
b111110001 (
b111011110 '
#2084000000000
0!
#2084500000000
1!
b1111100011 (
b1110111101 '
#2085000000000
0!
#2085500000000
1!
b1111000111 (
b1101111010 '
#2086000000000
0!
#2086500000000
1!
b1110001111 (
b1011110101 '
#2087000000000
0!
#2087500000000
1!
b1100011111 (
b111101010 '
1&
#2088000000000
0!
#2088500000000
1!
b1000111110 (
b1111010100 '
0&
#2089000000000
0!
#2089500000000
1!
b1111100 (
b1110101000 '
1&
#2090000000000
0!
#2090500000000
1!
b11111000 (
b1101010001 '
#2091000000000
0!
#2091500000000
1!
b111110000 (
b1010100011 '
#2092000000000
0!
#2092500000000
1!
b1111100001 (
b101000111 '
#2093000000000
0!
#2093500000000
1!
b1111000010 (
b1010001111 '
0&
#2094000000000
0!
#2094500000000
1!
b1110000100 (
b100011110 '
1&
#2095000000000
0!
#2095500000000
1!
b1100001000 (
b1000111101 '
0&
#2096000000000
0!
#2096500000000
1!
b1000010000 (
b1111010 '
1&
#2097000000000
0!
#2097500000000
1!
b100001 (
b11110100 '
0&
#2098000000000
0!
#2098500000000
1!
b1000011 (
b111101001 '
#2099000000000
0!
#2099500000000
1!
b10000111 (
b1111010010 '
1&
#2100000000000
0!
#2100500000000
1!
b100001111 (
b1110100101 '
#2101000000000
0!
#2101500000000
1!
b1000011111 (
b1101001010 '
0&
#2102000000000
0!
#2102500000000
1!
b111111 (
b1010010101 '
1&
#2103000000000
0!
#2103500000000
1!
b1111111 (
b100101010 '
0&
#2104000000000
0!
#2104500000000
1!
b11111111 (
b1001010100 '
1&
#2105000000000
0!
#2105500000000
1!
b111111110 (
b10101000 '
0&
#2106000000000
0!
#2106500000000
1!
b1111111101 (
b101010000 '
1&
#2107000000000
0!
#2107500000000
1!
b1111111011 (
b1010100000 '
0&
#2108000000000
0!
#2108500000000
1!
b1111110111 (
b101000001 '
1&
#2109000000000
0!
#2109500000000
1!
b1111101110 (
b1010000010 '
0&
#2110000000000
0!
#2110500000000
1!
b1111011100 (
b100000101 '
1&
#2111000000000
0!
#2111500000000
1!
b1110111000 (
b1000001011 '
0&
#2112000000000
0!
#2112500000000
1!
b1101110000 (
b10111 '
1&
#2113000000000
0!
#2113500000000
1!
b1011100001 (
b101111 '
#2114000000000
0!
#2114500000000
1!
b111000011 (
b1011111 '
0&
#2115000000000
0!
#2115500000000
1!
b1110000111 (
b10111111 '
1&
#2116000000000
0!
#2116500000000
1!
b1100001111 (
b101111111 '
#2117000000000
0!
#2117500000000
1!
b1000011110 (
b1011111111 '
0&
#2118000000000
0!
#2118500000000
1!
b111101 (
b111111110 '
#2119000000000
0!
#2119500000000
1!
b1111010 (
b1111111101 '
1&
#2120000000000
0!
#2120500000000
1!
b11110100 (
b1111111010 '
#2121000000000
0!
#2121500000000
1!
b111101001 (
b1111110101 '
#2122000000000
0!
#2122500000000
1!
b1111010011 (
b1111101010 '
0&
#2123000000000
0!
#2123500000000
1!
b1110100110 (
b1111010101 '
#2124000000000
0!
#2124500000000
1!
b1101001100 (
b1110101010 '
#2125000000000
0!
#2125500000000
1!
b1010011001 (
b1101010101 '
#2126000000000
0!
#2126500000000
1!
b100110010 (
b1010101010 '
1&
#2127000000000
0!
#2127500000000
1!
b1001100101 (
b101010101 '
#2128000000000
0!
#2128500000000
1!
b11001011 (
b1010101011 '
#2129000000000
0!
#2129500000000
1!
b110010110 (
b101010111 '
0&
#2130000000000
0!
#2130500000000
1!
b1100101100 (
b1010101111 '
#2131000000000
0!
#2131500000000
1!
b1001011000 (
b101011110 '
1&
#2132000000000
0!
#2132500000000
1!
b10110001 (
b1010111101 '
#2133000000000
0!
#2133500000000
1!
b101100010 (
b101111010 '
0&
#2134000000000
0!
#2134500000000
1!
b1011000101 (
b1011110100 '
#2135000000000
0!
#2135500000000
1!
b110001011 (
b111101000 '
#2136000000000
0!
#2136500000000
1!
b1100010111 (
b1111010000 '
#2137000000000
0!
#2137500000000
1!
b1000101110 (
b1110100001 '
#2138000000000
0!
#2138500000000
1!
b1011100 (
b1101000011 '
1&
#2139000000000
0!
#2139500000000
1!
b10111001 (
b1010000111 '
#2140000000000
0!
#2140500000000
1!
b101110010 (
b100001110 '
0&
#2141000000000
0!
#2141500000000
1!
b1011100101 (
b1000011101 '
#2142000000000
0!
#2142500000000
1!
b111001010 (
b111010 '
#2143000000000
0!
#2143500000000
1!
b1110010101 (
b1110100 '
1&
#2144000000000
0!
#2144500000000
1!
b1100101010 (
b11101001 '
#2145000000000
0!
#2145500000000
1!
b1001010100 (
b111010010 '
#2146000000000
0!
#2146500000000
1!
b10101000 (
b1110100100 '
#2147000000000
0!
#2147500000000
1!
b101010000 (
b1101001000 '
#2148000000000
0!
#2148500000000
1!
b1010100001 (
b1010010001 '
0&
#2149000000000
0!
#2149500000000
1!
b101000011 (
b100100011 '
#2150000000000
0!
#2150500000000
1!
b1010000110 (
b1001000110 '
#2151000000000
0!
#2151500000000
1!
b100001100 (
b10001100 '
#2152000000000
0!
#2152500000000
1!
b1000011000 (
b100011001 '
1&
#2153000000000
0!
#2153500000000
1!
b110001 (
b1000110010 '
#2154000000000
0!
#2154500000000
1!
b1100011 (
b1100101 '
0&
#2155000000000
0!
#2155500000000
1!
b11000110 (
b11001011 '
#2156000000000
0!
#2156500000000
1!
b110001101 (
b110010110 '
#2157000000000
0!
#2157500000000
1!
b1100011011 (
b1100101101 '
#2158000000000
0!
#2158500000000
1!
b1000110111 (
b1001011010 '
#2159000000000
0!
#2159500000000
1!
b1101110 (
b10110101 '
#2160000000000
0!
#2160500000000
1!
b11011101 (
b101101011 '
#2161000000000
0!
#2161500000000
1!
b110111010 (
b1011010110 '
1&
#2162000000000
0!
#2162500000000
1!
b1101110100 (
b110101100 '
#2163000000000
0!
#2163500000000
1!
b1011101000 (
b1101011001 '
0&
#2164000000000
0!
#2164500000000
1!
b111010001 (
b1010110011 '
1&
#2165000000000
0!
#2165500000000
1!
b1110100010 (
b101100111 '
#2166000000000
0!
#2166500000000
1!
b1101000101 (
b1011001111 '
0&
#2167000000000
0!
#2167500000000
1!
b1010001011 (
b110011110 '
1&
#2168000000000
0!
#2168500000000
1!
b100010111 (
b1100111101 '
#2169000000000
0!
#2169500000000
1!
b1000101111 (
b1001111010 '
0&
#2170000000000
0!
#2170500000000
1!
b1011110 (
b11110101 '
#2171000000000
0!
#2171500000000
1!
b10111100 (
b111101011 '
#2172000000000
0!
#2172500000000
1!
b101111001 (
b1111010110 '
1&
#2173000000000
0!
#2173500000000
1!
b1011110010 (
b1110101100 '
0&
#2174000000000
0!
#2174500000000
1!
b111100100 (
b1101011000 '
1&
#2175000000000
0!
#2175500000000
1!
b1111001000 (
b1010110001 '
0&
#2176000000000
0!
#2176500000000
1!
b1110010001 (
b101100011 '
1&
#2177000000000
0!
#2177500000000
1!
b1100100011 (
b1011000110 '
0&
#2178000000000
0!
#2178500000000
1!
b1001000110 (
b110001100 '
1&
#2179000000000
0!
#2179500000000
1!
b10001101 (
b1100011001 '
#2180000000000
0!
#2180500000000
1!
b100011010 (
b1000110011 '
#2181000000000
0!
#2181500000000
1!
b1000110100 (
b1100111 '
#2182000000000
0!
#2182500000000
1!
b1101001 (
b11001111 '
0&
#2183000000000
0!
#2183500000000
1!
b11010011 (
b110011111 '
#2184000000000
0!
#2184500000000
1!
b110100110 (
b1100111111 '
1&
#2185000000000
0!
#2185500000000
1!
b1101001101 (
b1001111110 '
0&
#2186000000000
0!
#2186500000000
1!
b1010011011 (
b11111100 '
1&
#2187000000000
0!
#2187500000000
1!
b100110111 (
b111111001 '
0&
#2188000000000
0!
#2188500000000
1!
b1001101110 (
b1111110010 '
#2189000000000
0!
#2189500000000
1!
b11011100 (
b1111100101 '
1&
#2190000000000
0!
#2190500000000
1!
b110111000 (
b1111001010 '
#2191000000000
0!
#2191500000000
1!
b1101110001 (
b1110010101 '
0&
#2192000000000
0!
#2192500000000
1!
b1011100011 (
b1100101010 '
#2193000000000
0!
#2193500000000
1!
b111000110 (
b1001010101 '
1&
#2194000000000
0!
#2194500000000
1!
b1110001100 (
b10101010 '
#2195000000000
0!
#2195500000000
1!
b1100011000 (
b101010100 '
#2196000000000
0!
#2196500000000
1!
b1000110000 (
b1010101001 '
0&
#2197000000000
0!
#2197500000000
1!
b1100000 (
b101010011 '
#2198000000000
0!
#2198500000000
1!
b11000001 (
b1010100110 '
1&
#2199000000000
0!
#2199500000000
1!
b110000011 (
b101001100 '
0&
#2200000000000
0!
#2200500000000
1!
b1100000111 (
b1010011001 '
#2201000000000
0!
#2201500000000
1!
b1000001110 (
b100110011 '
1&
#2202000000000
0!
#2202500000000
1!
b11101 (
b1001100110 '
#2203000000000
0!
#2203500000000
1!
b111011 (
b11001100 '
0&
#2204000000000
0!
#2204500000000
1!
b1110110 (
b110011001 '
#2205000000000
0!
#2205500000000
1!
b11101101 (
b1100110010 '
1&
#2206000000000
0!
#2206500000000
1!
b111011011 (
b1001100101 '
#2207000000000
0!
#2207500000000
1!
b1110110111 (
b11001010 '
#2208000000000
0!
#2208500000000
1!
b1101101110 (
b110010100 '
#2209000000000
0!
#2209500000000
1!
b1011011101 (
b1100101001 '
0&
#2210000000000
0!
#2210500000000
1!
b110111011 (
b1001010011 '
1&
#2211000000000
0!
#2211500000000
1!
b1101110110 (
b10100111 '
#2212000000000
0!
#2212500000000
1!
b1011101101 (
b101001111 '
#2213000000000
0!
#2213500000000
1!
b111011010 (
b1010011111 '
#2214000000000
0!
#2214500000000
1!
b1110110101 (
b100111110 '
#2215000000000
0!
#2215500000000
1!
b1101101011 (
b1001111101 '
0&
#2216000000000
0!
#2216500000000
1!
b1011010110 (
b11111010 '
1&
#2217000000000
0!
#2217500000000
1!
b110101100 (
b111110100 '
0&
#2218000000000
0!
#2218500000000
1!
b1101011000 (
b1111101001 '
#2219000000000
0!
#2219500000000
1!
b1010110000 (
b1111010011 '
#2220000000000
0!
#2220500000000
1!
b101100001 (
b1110100111 '
1&
#2221000000000
0!
#2221500000000
1!
b1011000010 (
b1101001110 '
0&
#2222000000000
0!
#2222500000000
1!
b110000101 (
b1010011100 '
1&
#2223000000000
0!
#2223500000000
1!
b1100001011 (
b100111000 '
#2224000000000
0!
#2224500000000
1!
b1000010111 (
b1001110000 '
0&
#2225000000000
0!
#2225500000000
1!
b101111 (
b11100001 '
#2226000000000
0!
#2226500000000
1!
b1011111 (
b111000010 '
#2227000000000
0!
#2227500000000
1!
b10111110 (
b1110000100 '
1&
#2228000000000
0!
#2228500000000
1!
b101111100 (
b1100001000 '
#2229000000000
0!
#2229500000000
1!
b1011111001 (
b1000010001 '
0&
#2230000000000
0!
#2230500000000
1!
b111110011 (
b100011 '
#2231000000000
0!
#2231500000000
1!
b1111100110 (
b1000110 '
1&
#2232000000000
0!
#2232500000000
1!
b1111001100 (
b10001101 '
#2233000000000
0!
#2233500000000
1!
b1110011000 (
b100011011 '
#2234000000000
0!
#2234500000000
1!
b1100110001 (
b1000110110 '
0&
#2235000000000
0!
#2235500000000
1!
b1001100011 (
b1101100 '
1&
#2236000000000
0!
#2236500000000
1!
b11000111 (
b11011001 '
0&
#2237000000000
0!
#2237500000000
1!
b110001111 (
b110110010 '
#2238000000000
0!
#2238500000000
1!
b1100011110 (
b1101100100 '
#2239000000000
0!
#2239500000000
1!
b1000111100 (
b1011001000 '
#2240000000000
0!
#2240500000000
1!
b1111001 (
b110010001 '
#2241000000000
0!
#2241500000000
1!
b11110011 (
b1100100010 '
1&
#2242000000000
0!
#2242500000000
1!
b111100111 (
b1001000101 '
#2243000000000
0!
#2243500000000
1!
b1111001111 (
b10001010 '
#2244000000000
0!
#2244500000000
1!
b1110011111 (
b100010100 '
#2245000000000
0!
#2245500000000
1!
b1100111111 (
b1000101001 '
0&
#2246000000000
0!
#2246500000000
1!
b1001111111 (
b1010011 '
1&
#2247000000000
0!
#2247500000000
1!
b11111110 (
b10100110 '
0&
#2248000000000
0!
#2248500000000
1!
b111111100 (
b101001101 '
#2249000000000
0!
#2249500000000
1!
b1111111000 (
b1010011011 '
#2250000000000
0!
#2250500000000
1!
b1111110000 (
b100110111 '
1&
#2251000000000
0!
#2251500000000
1!
b1111100000 (
b1001101111 '
0&
#2252000000000
0!
#2252500000000
1!
b1111000000 (
b11011110 '
1&
#2253000000000
0!
#2253500000000
1!
b1110000001 (
b110111101 '
#2254000000000
0!
#2254500000000
1!
b1100000011 (
b1101111011 '
0&
#2255000000000
0!
#2255500000000
1!
b1000000111 (
b1011110111 '
#2256000000000
0!
#2256500000000
1!
b1111 (
b111101110 '
#2257000000000
0!
#2257500000000
1!
b11110 (
b1111011101 '
1&
#2258000000000
0!
#2258500000000
1!
b111100 (
b1110111010 '
#2259000000000
0!
#2259500000000
1!
b1111000 (
b1101110101 '
#2260000000000
0!
#2260500000000
1!
b11110001 (
b1011101010 '
#2261000000000
0!
#2261500000000
1!
b111100010 (
b111010101 '
0&
#2262000000000
0!
#2262500000000
1!
b1111000100 (
b1110101011 '
#2263000000000
0!
#2263500000000
1!
b1110001000 (
b1101010111 '
#2264000000000
0!
#2264500000000
1!
b1100010001 (
b1010101110 '
#2265000000000
0!
#2265500000000
1!
b1000100010 (
b101011100 '
1&
#2266000000000
0!
#2266500000000
1!
b1000101 (
b1010111001 '
#2267000000000
0!
#2267500000000
1!
b10001011 (
b101110011 '
0&
#2268000000000
0!
#2268500000000
1!
b100010110 (
b1011100110 '
1&
#2269000000000
0!
#2269500000000
1!
b1000101101 (
b111001100 '
#2270000000000
0!
#2270500000000
1!
b1011011 (
b1110011001 '
#2271000000000
0!
#2271500000000
1!
b10110111 (
b1100110011 '
#2272000000000
0!
#2272500000000
1!
b101101110 (
b1001100111 '
#2273000000000
0!
#2273500000000
1!
b1011011100 (
b11001110 '
#2274000000000
0!
#2274500000000
1!
b110111001 (
b110011101 '
0&
#2275000000000
0!
#2275500000000
1!
b1101110011 (
b1100111011 '
#2276000000000
0!
#2276500000000
1!
b1011100110 (
b1001110111 '
#2277000000000
0!
#2277500000000
1!
b111001101 (
b11101110 '
#2278000000000
0!
#2278500000000
1!
b1110011011 (
b111011101 '
1&
#2279000000000
0!
#2279500000000
1!
b1100110110 (
b1110111011 '
0&
#2280000000000
0!
#2280500000000
1!
b1001101101 (
b1101110111 '
#2281000000000
0!
#2281500000000
1!
b11011011 (
b1011101110 '
1&
#2282000000000
0!
#2282500000000
1!
b110110110 (
b111011100 '
0&
#2283000000000
0!
#2283500000000
1!
b1101101101 (
b1110111001 '
#2284000000000
0!
#2284500000000
1!
b1011011010 (
b1101110011 '
#2285000000000
0!
#2285500000000
1!
b110110101 (
b1011100111 '
1&
#2286000000000
0!
#2286500000000
1!
b1101101010 (
b111001110 '
#2287000000000
0!
#2287500000000
1!
b1011010100 (
b1110011101 '
0&
#2288000000000
0!
#2288500000000
1!
b110101001 (
b1100111010 '
1&
#2289000000000
0!
#2289500000000
1!
b1101010011 (
b1001110101 '
0&
#2290000000000
0!
#2290500000000
1!
b1010100111 (
b11101010 '
1&
#2291000000000
0!
#2291500000000
1!
b101001111 (
b111010100 '
0&
#2292000000000
0!
#2292500000000
1!
b1010011111 (
b1110101001 '
#2293000000000
0!
#2293500000000
1!
b100111110 (
b1101010011 '
1&
#2294000000000
0!
#2294500000000
1!
b1001111100 (
b1010100111 '
0&
#2295000000000
0!
#2295500000000
1!
b11111001 (
b101001110 '
#2296000000000
0!
#2296500000000
1!
b111110010 (
b1010011101 '
1&
#2297000000000
0!
#2297500000000
1!
b1111100100 (
b100111010 '
#2298000000000
0!
#2298500000000
1!
b1111001001 (
b1001110100 '
0&
#2299000000000
0!
#2299500000000
1!
b1110010011 (
b11101000 '
1&
#2300000000000
0!
#2300500000000
1!
b1100100110 (
b111010000 '
#2301000000000
0!
#2301500000000
1!
b1001001101 (
b1110100000 '
0&
#2302000000000
0!
#2302500000000
1!
b10011010 (
b1101000001 '
1&
#2303000000000
0!
#2303500000000
1!
b100110100 (
b1010000011 '
#2304000000000
0!
#2304500000000
1!
b1001101001 (
b100000111 '
#2305000000000
0!
#2305500000000
1!
b11010010 (
b1000001111 '
#2306000000000
0!
#2306500000000
1!
b110100100 (
b11110 '
0&
#2307000000000
0!
#2307500000000
1!
b1101001000 (
b111101 '
1&
#2308000000000
0!
#2308500000000
1!
b1010010000 (
b1111011 '
#2309000000000
0!
#2309500000000
1!
b100100000 (
b11110110 '
0&
#2310000000000
0!
#2310500000000
1!
b1001000000 (
b111101101 '
1&
#2311000000000
0!
#2311500000000
1!
b10000001 (
b1111011011 '
#2312000000000
0!
#2312500000000
1!
b100000011 (
b1110110111 '
#2313000000000
0!
#2313500000000
1!
b1000000110 (
b1101101110 '
0&
#2314000000000
0!
#2314500000000
1!
b1101 (
b1011011100 '
1&
#2315000000000
0!
#2315500000000
1!
b11011 (
b110111000 '
0&
#2316000000000
0!
#2316500000000
1!
b110111 (
b1101110000 '
1&
#2317000000000
0!
#2317500000000
1!
b1101111 (
b1011100001 '
#2318000000000
0!
#2318500000000
1!
b11011111 (
b111000011 '
0&
#2319000000000
0!
#2319500000000
1!
b110111111 (
b1110000110 '
1&
#2320000000000
0!
#2320500000000
1!
b1101111111 (
b1100001100 '
0&
#2321000000000
0!
#2321500000000
1!
b1011111111 (
b1000011000 '
#2322000000000
0!
#2322500000000
1!
b111111111 (
b110001 '
#2323000000000
0!
#2323500000000
1!
b1111111111 (
b1100010 '
1&
#2324000000000
0!
#2324500000000
1!
b1111111110 (
b11000100 '
#2325000000000
0!
#2325500000000
1!
b1111111100 (
b110001001 '
#2326000000000
0!
#2326500000000
1!
b1111111001 (
b1100010010 '
0&
#2327000000000
0!
#2327500000000
1!
b1111110010 (
b1000100101 '
#2328000000000
0!
#2328500000000
1!
b1111100101 (
b1001010 '
1&
#2329000000000
0!
#2329500000000
1!
b1111001011 (
b10010100 '
#2330000000000
0!
#2330500000000
1!
b1110010110 (
b100101001 '
#2331000000000
0!
#2331500000000
1!
b1100101101 (
b1001010010 '
0&
#2332000000000
0!
#2332500000000
1!
b1001011010 (
b10100101 '
1&
#2333000000000
0!
#2333500000000
1!
b10110100 (
b101001011 '
0&
#2334000000000
0!
#2334500000000
1!
b101101001 (
b1010010110 '
1&
#2335000000000
0!
#2335500000000
1!
b1011010010 (
b100101100 '
#2336000000000
0!
#2336500000000
1!
b110100101 (
b1001011001 '
#2337000000000
0!
#2337500000000
1!
b1101001010 (
b10110011 '
#2338000000000
0!
#2338500000000
1!
b1010010101 (
b101100110 '
#2339000000000
0!
#2339500000000
1!
b100101011 (
b1011001101 '
#2340000000000
0!
#2340500000000
1!
b1001010111 (
b110011010 '
#2341000000000
0!
#2341500000000
1!
b10101111 (
b1100110100 '
#2342000000000
0!
#2342500000000
1!
b101011110 (
b1001101000 '
#2343000000000
0!
#2343500000000
1!
b1010111101 (
b11010001 '
#2344000000000
0!
#2344500000000
1!
b101111010 (
b110100010 '
0&
#2345000000000
0!
#2345500000000
1!
b1011110101 (
b1101000100 '
#2346000000000
0!
#2346500000000
1!
b111101010 (
b1010001000 '
1&
#2347000000000
0!
#2347500000000
1!
b1111010100 (
b100010001 '
#2348000000000
0!
#2348500000000
1!
b1110101000 (
b1000100010 '
0&
#2349000000000
0!
#2349500000000
1!
b1101010000 (
b1000101 '
1&
#2350000000000
0!
#2350500000000
1!
b1010100000 (
b10001011 '
#2351000000000
0!
#2351500000000
1!
b101000001 (
b100010110 '
0&
#2352000000000
0!
#2352500000000
1!
b1010000011 (
b1000101101 '
#2353000000000
0!
#2353500000000
1!
b100000111 (
b1011010 '
#2354000000000
0!
#2354500000000
1!
b1000001111 (
b10110100 '
1&
#2355000000000
0!
#2355500000000
1!
b11111 (
b101101001 '
0&
#2356000000000
0!
#2356500000000
1!
b111110 (
b1011010010 '
1&
#2357000000000
0!
#2357500000000
1!
b1111101 (
b110100101 '
0&
#2358000000000
0!
#2358500000000
1!
b11111010 (
b1101001011 '
1&
#2359000000000
0!
#2359500000000
1!
b111110101 (
b1010010111 '
#2360000000000
0!
#2360500000000
1!
b1111101010 (
b100101110 '
#2361000000000
0!
#2361500000000
1!
b1111010101 (
b1001011101 '
0&
#2362000000000
0!
#2362500000000
1!
b1110101010 (
b10111010 '
1&
#2363000000000
0!
#2363500000000
1!
b1101010101 (
b101110100 '
#2364000000000
0!
#2364500000000
1!
b1010101011 (
b1011101001 '
0&
#2365000000000
0!
#2365500000000
1!
b101010110 (
b111010011 '
#2366000000000
0!
#2366500000000
1!
b1010101101 (
b1110100110 '
#2367000000000
0!
#2367500000000
1!
b101011010 (
b1101001100 '
1&
#2368000000000
0!
#2368500000000
1!
b1010110100 (
b1010011000 '
0&
#2369000000000
0!
#2369500000000
1!
b101101000 (
b100110001 '
#2370000000000
0!
#2370500000000
1!
b1011010000 (
b1001100010 '
#2371000000000
0!
#2371500000000
1!
b110100000 (
b11000101 '
#2372000000000
0!
#2372500000000
1!
b1101000001 (
b110001011 '
1&
#2373000000000
0!
#2373500000000
1!
b1010000010 (
b1100010110 '
0&
#2374000000000
0!
#2374500000000
1!
b100000101 (
b1000101100 '
1&
#2375000000000
0!
#2375500000000
1!
b1000001010 (
b1011000 '
#2376000000000
0!
#2376500000000
1!
b10100 (
b10110000 '
0&
#2377000000000
0!
#2377500000000
1!
b101001 (
b101100000 '
#2378000000000
0!
#2378500000000
1!
b1010011 (
b1011000000 '
1&
#2379000000000
0!
#2379500000000
1!
b10100111 (
b110000001 '
0&
#2380000000000
0!
#2380500000000
1!
b101001110 (
b1100000010 '
1&
#2381000000000
0!
#2381500000000
1!
b1010011101 (
b1000000101 '
0&
#2382000000000
0!
#2382500000000
1!
b100111011 (
b1010 '
#2383000000000
0!
#2383500000000
1!
b1001110111 (
b10100 '
1&
#2384000000000
0!
#2384500000000
1!
b11101110 (
b101001 '
0&
#2385000000000
0!
#2385500000000
1!
b111011100 (
b1010010 '
#2386000000000
0!
#2386500000000
1!
b1110111001 (
b10100100 '
1&
#2387000000000
0!
#2387500000000
1!
b1101110010 (
b101001001 '
#2388000000000
0!
#2388500000000
1!
b1011100100 (
b1010010010 '
0&
#2389000000000
0!
#2389500000000
1!
b111001000 (
b100100101 '
#2390000000000
0!
#2390500000000
1!
b1110010000 (
b1001001011 '
#2391000000000
0!
#2391500000000
1!
b1100100001 (
b10010111 '
1&
#2392000000000
0!
#2392500000000
1!
b1001000011 (
b100101111 '
#2393000000000
0!
#2393500000000
1!
b10000110 (
b1001011111 '
#2394000000000
0!
#2394500000000
1!
b100001101 (
b10111110 '
0&
#2395000000000
0!
#2395500000000
1!
b1000011010 (
b101111101 '
1&
#2396000000000
0!
#2396500000000
1!
b110100 (
b1011111011 '
#2397000000000
0!
#2397500000000
1!
b1101000 (
b111110111 '
0&
#2398000000000
0!
#2398500000000
1!
b11010001 (
b1111101111 '
1&
#2399000000000
0!
#2399500000000
1!
b110100011 (
b1111011110 '
#2400000000000
0!
#2400500000000
1!
b1101000110 (
b1110111100 '
0&
#2401000000000
0!
#2401500000000
1!
b1010001100 (
b1101111000 '
#2402000000000
0!
#2402500000000
1!
b100011001 (
b1011110001 '
1&
#2403000000000
0!
#2403500000000
1!
b1000110011 (
b111100011 '
#2404000000000
0!
#2404500000000
1!
b1100111 (
b1111000110 '
#2405000000000
0!
#2405500000000
1!
b11001111 (
b1110001100 '
#2406000000000
0!
#2406500000000
1!
b110011111 (
b1100011000 '
#2407000000000
0!
#2407500000000
1!
b1100111110 (
b1000110001 '
0&
#2408000000000
0!
#2408500000000
1!
b1001111101 (
b1100011 '
1&
#2409000000000
0!
#2409500000000
1!
b11111011 (
b11000110 '
0&
#2410000000000
0!
#2410500000000
1!
b111110111 (
b110001101 '
#2411000000000
0!
#2411500000000
1!
b1111101111 (
b1100011011 '
#2412000000000
0!
#2412500000000
1!
b1111011110 (
b1000110111 '
#2413000000000
0!
#2413500000000
1!
b1110111101 (
b1101110 '
1&
#2414000000000
0!
#2414500000000
1!
b1101111011 (
b11011101 '
#2415000000000
0!
#2415500000000
1!
b1011110110 (
b110111011 '
#2416000000000
0!
#2416500000000
1!
b111101101 (
b1101110110 '
#2417000000000
0!
#2417500000000
1!
b1111011010 (
b1011101100 '
0&
#2418000000000
0!
#2418500000000
1!
b1110110100 (
b111011000 '
1&
#2419000000000
0!
#2419500000000
1!
b1101101001 (
b1110110000 '
0&
#2420000000000
0!
#2420500000000
1!
b1011010011 (
b1101100001 '
#2421000000000
0!
#2421500000000
1!
b110100111 (
b1011000011 '
1&
#2422000000000
0!
#2422500000000
1!
b1101001111 (
b110000111 '
#2423000000000
0!
#2423500000000
1!
b1010011110 (
b1100001111 '
0&
#2424000000000
0!
#2424500000000
1!
b100111100 (
b1000011110 '
1&
#2425000000000
0!
#2425500000000
1!
b1001111001 (
b111100 '
#2426000000000
0!
#2426500000000
1!
b11110010 (
b1111001 '
0&
#2427000000000
0!
#2427500000000
1!
b111100101 (
b11110010 '
#2428000000000
0!
#2428500000000
1!
b1111001010 (
b111100100 '
1&
#2429000000000
0!
#2429500000000
1!
b1110010100 (
b1111001001 '
0&
#2430000000000
0!
#2430500000000
1!
b1100101000 (
b1110010011 '
#2431000000000
0!
#2431500000000
1!
b1001010001 (
b1100100111 '
#2432000000000
0!
#2432500000000
1!
b10100011 (
b1001001110 '
1&
#2433000000000
0!
#2433500000000
1!
b101000111 (
b10011100 '
0&
#2434000000000
0!
#2434500000000
1!
b1010001111 (
b100111001 '
1&
#2435000000000
0!
#2435500000000
1!
b100011110 (
b1001110010 '
#2436000000000
0!
#2436500000000
1!
b1000111101 (
b11100101 '
#2437000000000
0!
#2437500000000
1!
b1111011 (
b111001011 '
0&
#2438000000000
0!
#2438500000000
1!
b11110110 (
b1110010110 '
1&
#2439000000000
0!
#2439500000000
1!
b111101100 (
b1100101100 '
#2440000000000
0!
#2440500000000
1!
b1111011000 (
b1001011000 '
0&
#2441000000000
0!
#2441500000000
1!
b1110110001 (
b10110001 '
1&
#2442000000000
0!
#2442500000000
1!
b1101100010 (
b101100010 '
#2443000000000
0!
#2443500000000
1!
b1011000100 (
b1011000100 '
0&
#2444000000000
0!
#2444500000000
1!
b110001001 (
b110001000 '
#2445000000000
0!
#2445500000000
1!
b1100010010 (
b1100010000 '
#2446000000000
0!
#2446500000000
1!
b1000100101 (
b1000100001 '
#2447000000000
0!
#2447500000000
1!
b1001011 (
b1000011 '
#2448000000000
0!
#2448500000000
1!
b10010111 (
b10000110 '
#2449000000000
0!
#2449500000000
1!
b100101111 (
b100001101 '
#2450000000000
0!
#2450500000000
1!
b1001011110 (
b1000011011 '
#2451000000000
0!
#2451500000000
1!
b10111101 (
b110111 '
#2452000000000
0!
#2452500000000
1!
b101111011 (
b1101111 '
#2453000000000
0!
#2453500000000
1!
b1011110111 (
b11011111 '
1&
#2454000000000
0!
#2454500000000
1!
b111101111 (
b110111111 '
0&
#2455000000000
0!
#2455500000000
1!
b1111011111 (
b1101111111 '
#2456000000000
0!
#2456500000000
1!
b1110111111 (
b1011111110 '
#2457000000000
0!
#2457500000000
1!
b1101111110 (
b111111100 '
1&
#2458000000000
0!
#2458500000000
1!
b1011111101 (
b1111111001 '
0&
#2459000000000
0!
#2459500000000
1!
b111111010 (
b1111110011 '
1&
#2460000000000
0!
#2460500000000
1!
b1111110100 (
b1111100111 '
0&
#2461000000000
0!
#2461500000000
1!
b1111101001 (
b1111001110 '
#2462000000000
0!
#2462500000000
1!
b1111010010 (
b1110011100 '
#2463000000000
0!
#2463500000000
1!
b1110100100 (
b1100111000 '
#2464000000000
0!
#2464500000000
1!
b1101001001 (
b1001110001 '
#2465000000000
0!
#2465500000000
1!
b1010010010 (
b11100011 '
1&
#2466000000000
0!
#2466500000000
1!
b100100101 (
b111000110 '
0&
#2467000000000
0!
#2467500000000
1!
b1001001011 (
b1110001101 '
#2468000000000
0!
#2468500000000
1!
b10010110 (
b1100011010 '
1&
#2469000000000
0!
#2469500000000
1!
b100101101 (
b1000110101 '
#2470000000000
0!
#2470500000000
1!
b1001011011 (
b1101010 '
#2471000000000
0!
#2471500000000
1!
b10110110 (
b11010100 '
0&
#2472000000000
0!
#2472500000000
1!
b101101100 (
b110101001 '
#2473000000000
0!
#2473500000000
1!
b1011011001 (
b1101010010 '
#2474000000000
0!
#2474500000000
1!
b110110010 (
b1010100101 '
1&
#2475000000000
0!
#2475500000000
1!
b1101100100 (
b101001010 '
#2476000000000
0!
#2476500000000
1!
b1011001000 (
b1010010100 '
0&
#2477000000000
0!
#2477500000000
1!
b110010000 (
b100101000 '
#2478000000000
0!
#2478500000000
1!
b1100100000 (
b1001010000 '
#2479000000000
0!
#2479500000000
1!
b1001000001 (
b10100001 '
1&
#2480000000000
0!
#2480500000000
1!
b10000011 (
b101000010 '
0&
#2481000000000
0!
#2481500000000
1!
b100000110 (
b1010000100 '
1&
#2482000000000
0!
#2482500000000
1!
b1000001101 (
b100001000 '
#2483000000000
0!
#2483500000000
1!
b11010 (
b1000010000 '
#2484000000000
0!
#2484500000000
1!
b110101 (
b100001 '
0&
#2485000000000
0!
#2485500000000
1!
b1101010 (
b1000010 '
#2486000000000
0!
#2486500000000
1!
b11010100 (
b10000100 '
#2487000000000
0!
#2487500000000
1!
b110101000 (
b100001001 '
#2488000000000
0!
#2488500000000
1!
b1101010001 (
b1000010010 '
#2489000000000
0!
#2489500000000
1!
b1010100010 (
b100101 '
1&
#2490000000000
0!
#2490500000000
1!
b101000100 (
b1001011 '
0&
#2491000000000
0!
#2491500000000
1!
b1010001000 (
b10010110 '
1&
#2492000000000
0!
#2492500000000
1!
b100010000 (
b100101101 '
0&
#2493000000000
0!
#2493500000000
1!
b1000100001 (
b1001011011 '
#2494000000000
0!
#2494500000000
1!
b1000010 (
b10110111 '
#2495000000000
0!
#2495500000000
1!
b10000101 (
b101101111 '
#2496000000000
0!
#2496500000000
1!
b100001010 (
b1011011111 '
1&
#2497000000000
0!
#2497500000000
1!
b1000010100 (
b110111110 '
#2498000000000
0!
#2498500000000
1!
b101000 (
b1101111101 '
#2499000000000
0!
#2499500000000
1!
b1010001 (
b1011111010 '
#2500000000000
0!
#2500500000000
1!
b10100010 (
b111110101 '
0&
#2501000000000
0!
#2501500000000
1!
b101000101 (
b1111101011 '
1&
#2502000000000
0!
#2502500000000
1!
b1010001010 (
b1111010111 '
0&
#2503000000000
0!
#2503500000000
1!
b100010101 (
b1110101110 '
1&
#2504000000000
0!
#2504500000000
1!
b1000101010 (
b1101011100 '
0&
#2505000000000
0!
#2505500000000
1!
b1010101 (
b1010111000 '
1&
#2506000000000
0!
#2506500000000
1!
b10101011 (
b101110001 '
0&
#2507000000000
0!
#2507500000000
1!
b101010111 (
b1011100010 '
1&
#2508000000000
0!
#2508500000000
1!
b1010101111 (
b111000101 '
#2509000000000
0!
#2509500000000
1!
b101011111 (
b1110001011 '
#2510000000000
0!
#2510500000000
1!
b1010111111 (
b1100010111 '
0&
#2511000000000
0!
#2511500000000
1!
b101111111 (
b1000101110 '
1&
#2512000000000
0!
#2512500000000
1!
b1011111110 (
b1011100 '
#2513000000000
0!
#2513500000000
1!
b111111101 (
b10111001 '
0&
#2514000000000
0!
#2514500000000
1!
b1111111010 (
b101110010 '
1&
#2515000000000
0!
#2515500000000
1!
b1111110101 (
b1011100100 '
0&
#2516000000000
0!
#2516500000000
1!
b1111101011 (
b111001000 '
1&
#2517000000000
0!
#2517500000000
1!
b1111010111 (
b1110010000 '
0&
#2518000000000
0!
#2518500000000
1!
b1110101111 (
b1100100001 '
#2519000000000
0!
#2519500000000
1!
b1101011110 (
b1001000011 '
#2520000000000
0!
#2520500000000
1!
b1010111100 (
b10000111 '
1&
#2521000000000
0!
#2521500000000
1!
b101111000 (
b100001111 '
0&
#2522000000000
0!
#2522500000000
1!
b1011110000 (
b1000011111 '
#2523000000000
0!
#2523500000000
1!
b111100001 (
b111110 '
#2524000000000
0!
#2524500000000
1!
b1111000011 (
b1111101 '
1&
#2525000000000
0!
#2525500000000
1!
b1110000110 (
b11111011 '
#2526000000000
0!
#2526500000000
1!
b1100001101 (
b111110110 '
#2527000000000
0!
#2527500000000
1!
b1000011011 (
b1111101101 '
0&
#2528000000000
0!
#2528500000000
1!
b110110 (
b1111011010 '
1&
#2529000000000
0!
#2529500000000
1!
b1101101 (
b1110110101 '
#2530000000000
0!
#2530500000000
1!
b11011010 (
b1101101010 '
#2531000000000
0!
#2531500000000
1!
b110110100 (
b1011010101 '
#2532000000000
0!
#2532500000000
1!
b1101101000 (
b110101010 '
#2533000000000
0!
#2533500000000
1!
b1011010001 (
b1101010100 '
0&
#2534000000000
0!
#2534500000000
1!
b110100010 (
b1010101000 '
1&
#2535000000000
0!
#2535500000000
1!
b1101000100 (
b101010001 '
#2536000000000
0!
#2536500000000
1!
b1010001001 (
b1010100010 '
0&
#2537000000000
0!
#2537500000000
1!
b100010010 (
b101000101 '
#2538000000000
0!
#2538500000000
1!
b1000100100 (
b1010001011 '
#2539000000000
0!
#2539500000000
1!
b1001001 (
b100010111 '
#2540000000000
0!
#2540500000000
1!
b10010010 (
b1000101111 '
1&
#2541000000000
0!
#2541500000000
1!
b100100100 (
b1011110 '
0&
#2542000000000
0!
#2542500000000
1!
b1001001001 (
b10111101 '
1&
#2543000000000
0!
#2543500000000
1!
b10010011 (
b101111011 '
0&
#2544000000000
0!
#2544500000000
1!
b100100110 (
b1011110110 '
1&
#2545000000000
0!
#2545500000000
1!
b1001001100 (
b111101100 '
#2546000000000
0!
#2546500000000
1!
b10011000 (
b1111011001 '
#2547000000000
0!
#2547500000000
1!
b100110001 (
b1110110011 '
#2548000000000
0!
#2548500000000
1!
b1001100010 (
b1101100111 '
0&
#2549000000000
0!
#2549500000000
1!
b11000101 (
b1011001110 '
1&
#2550000000000
0!
#2550500000000
1!
b110001010 (
b110011100 '
0&
#2551000000000
0!
#2551500000000
1!
b1100010101 (
b1100111001 '
#2552000000000
0!
#2552500000000
1!
b1000101011 (
b1001110011 '
#2553000000000
0!
#2553500000000
1!
b1010111 (
b11100111 '
#2554000000000
0!
#2554500000000
1!
b10101110 (
b111001111 '
#2555000000000
0!
#2555500000000
1!
b101011100 (
b1110011111 '
1&
#2556000000000
0!
#2556500000000
1!
b1010111000 (
b1100111110 '
0&
#2557000000000
0!
#2557500000000
1!
b101110001 (
b1001111100 '
1&
#2558000000000
0!
#2558500000000
1!
b1011100010 (
b11111000 '
#2559000000000
0!
#2559500000000
1!
b111000100 (
b111110000 '
0&
#2560000000000
0!
#2560500000000
1!
b1110001001 (
b1111100000 '
#2561000000000
0!
#2561500000000
1!
b1100010011 (
b1111000001 '
#2562000000000
0!
#2562500000000
1!
b1000100111 (
b1110000011 '
#2563000000000
0!
#2563500000000
1!
b1001110 (
b1100000111 '
1&
#2564000000000
0!
#2564500000000
1!
b10011100 (
b1000001110 '
#2565000000000
0!
#2565500000000
1!
b100111000 (
b11100 '
0&
#2566000000000
0!
#2566500000000
1!
b1001110000 (
b111001 '
1&
#2567000000000
0!
#2567500000000
1!
b11100000 (
b1110010 '
0&
#2568000000000
0!
#2568500000000
1!
b111000000 (
b11100100 '
#2569000000000
0!
#2569500000000
1!
b1110000000 (
b111001001 '
1&
#2570000000000
0!
#2570500000000
1!
b1100000001 (
b1110010010 '
0&
#2571000000000
0!
#2571500000000
1!
b1000000010 (
b1100100101 '
#2572000000000
0!
#2572500000000
1!
b100 (
b1001001010 '
1&
#2573000000000
0!
#2573500000000
1!
b1001 (
b10010101 '
0&
#2574000000000
0!
#2574500000000
1!
b10010 (
b100101011 '
#2575000000000
0!
#2575500000000
1!
b100101 (
b1001010110 '
1&
#2576000000000
0!
#2576500000000
1!
b1001010 (
b10101100 '
0&
#2577000000000
0!
#2577500000000
1!
b10010101 (
b101011001 '
#2578000000000
0!
#2578500000000
1!
b100101010 (
b1010110010 '
1&
#2579000000000
0!
#2579500000000
1!
b1001010101 (
b101100101 '
#2580000000000
0!
#2580500000000
1!
b10101010 (
b1011001011 '
#2581000000000
0!
#2581500000000
1!
b101010101 (
b110010111 '
0&
#2582000000000
0!
#2582500000000
1!
b1010101010 (
b1100101111 '
#2583000000000
0!
#2583500000000
1!
b101010100 (
b1001011110 '
1&
#2584000000000
0!
#2584500000000
1!
b1010101000 (
b10111100 '
#2585000000000
0!
#2585500000000
1!
b101010001 (
b101111001 '
0&
#2586000000000
0!
#2586500000000
1!
b1010100011 (
b1011110010 '
#2587000000000
0!
#2587500000000
1!
b101000110 (
b111100101 '
#2588000000000
0!
#2588500000000
1!
b1010001101 (
b1111001011 '
#2589000000000
0!
#2589500000000
1!
b100011011 (
b1110010111 '
1&
#2590000000000
0!
#2590500000000
1!
b1000110110 (
b1100101110 '
0&
#2591000000000
0!
#2591500000000
1!
b1101100 (
b1001011100 '
1&
#2592000000000
0!
#2592500000000
1!
b11011000 (
b10111000 '
0&
#2593000000000
0!
#2593500000000
1!
b110110001 (
b101110000 '
#2594000000000
0!
#2594500000000
1!
b1101100011 (
b1011100000 '
#2595000000000
0!
#2595500000000
1!
b1011000110 (
b111000001 '
1&
#2596000000000
0!
#2596500000000
1!
b110001100 (
b1110000010 '
#2597000000000
0!
#2597500000000
1!
b1100011001 (
b1100000101 '
0&
#2598000000000
0!
#2598500000000
1!
b1000110010 (
b1000001010 '
#2599000000000
0!
#2599500000000
1!
b1100101 (
b10101 '
#2600000000000
0!
#2600500000000
1!
b11001010 (
b101011 '
#2601000000000
0!
#2601500000000
1!
b110010100 (
b1010110 '
#2602000000000
0!
#2602500000000
1!
b1100101001 (
b10101101 '
1&
#2603000000000
0!
#2603500000000
1!
b1001010011 (
b101011011 '
#2604000000000
0!
#2604500000000
1!
b10100110 (
b1010110110 '
#2605000000000
0!
#2605500000000
1!
b101001100 (
b101101100 '
0&
#2606000000000
0!
#2606500000000
1!
b1010011000 (
b1011011001 '
#2607000000000
0!
#2607500000000
1!
b100110000 (
b110110011 '
#2608000000000
0!
#2608500000000
1!
b1001100000 (
b1101100110 '
#2609000000000
0!
#2609500000000
1!
b11000000 (
b1011001100 '
1&
#2610000000000
0!
#2610500000000
1!
b110000001 (
b110011000 '
0&
#2611000000000
0!
#2611500000000
1!
b1100000010 (
b1100110000 '
#2612000000000
0!
#2612500000000
1!
b1000000101 (
b1001100001 '
#2613000000000
0!
#2613500000000
1!
b1010 (
b11000011 '
#2614000000000
0!
#2614500000000
1!
b10101 (
b110000110 '
#2615000000000
0!
#2615500000000
1!
b101011 (
b1100001101 '
1&
#2616000000000
0!
#2616500000000
1!
b1010110 (
b1000011010 '
#2617000000000
0!
#2617500000000
1!
b10101100 (
b110101 '
0&
#2618000000000
0!
#2618500000000
1!
b101011001 (
b1101011 '
#2619000000000
0!
#2619500000000
1!
b1010110011 (
b11010110 '
1&
#2620000000000
0!
#2620500000000
1!
b101100110 (
b110101101 '
0&
#2621000000000
0!
#2621500000000
1!
b1011001100 (
b1101011011 '
#2622000000000
0!
#2622500000000
1!
b110011001 (
b1010110111 '
1&
#2623000000000
0!
#2623500000000
1!
b1100110010 (
b101101110 '
#2624000000000
0!
#2624500000000
1!
b1001100100 (
b1011011101 '
0&
#2625000000000
0!
#2625500000000
1!
b11001001 (
b110111010 '
#2626000000000
0!
#2626500000000
1!
b110010011 (
b1101110100 '
1&
#2627000000000
0!
#2627500000000
1!
b1100100111 (
b1011101000 '
0&
#2628000000000
0!
#2628500000000
1!
b1001001111 (
b111010001 '
1&
#2629000000000
0!
#2629500000000
1!
b10011111 (
b1110100010 '
#2630000000000
0!
#2630500000000
1!
b100111111 (
b1101000101 '
#2631000000000
0!
#2631500000000
1!
b1001111110 (
b1010001010 '
0&
#2632000000000
0!
#2632500000000
1!
b11111100 (
b100010101 '
#2633000000000
0!
#2633500000000
1!
b111111001 (
b1000101011 '
1&
#2634000000000
0!
#2634500000000
1!
b1111110011 (
b1010111 '
#2635000000000
0!
#2635500000000
1!
b1111100111 (
b10101111 '
#2636000000000
0!
#2636500000000
1!
b1111001110 (
b101011111 '
#2637000000000
0!
#2637500000000
1!
b1110011101 (
b1010111111 '
0&
#2638000000000
0!
#2638500000000
1!
b1100111010 (
b101111110 '
1&
#2639000000000
0!
#2639500000000
1!
b1001110100 (
b1011111101 '
0&
#2640000000000
0!
#2640500000000
1!
b11101001 (
b111111010 '
#2641000000000
0!
#2641500000000
1!
b111010010 (
b1111110100 '
1&
#2642000000000
0!
#2642500000000
1!
b1110100101 (
b1111101000 '
0&
#2643000000000
0!
#2643500000000
1!
b1101001011 (
b1111010001 '
#2644000000000
0!
#2644500000000
1!
b1010010111 (
b1110100011 '
#2645000000000
0!
#2645500000000
1!
b100101110 (
b1101000111 '
1&
#2646000000000
0!
#2646500000000
1!
b1001011100 (
b1010001110 '
0&
#2647000000000
0!
#2647500000000
1!
b10111000 (
b100011100 '
#2648000000000
0!
#2648500000000
1!
b101110000 (
b1000111001 '
1&
#2649000000000
0!
#2649500000000
1!
b1011100000 (
b1110011 '
#2650000000000
0!
#2650500000000
1!
b111000001 (
b11100110 '
0&
#2651000000000
0!
#2651500000000
1!
b1110000010 (
b111001101 '
1&
#2652000000000
0!
#2652500000000
1!
b1100000100 (
b1110011011 '
0&
#2653000000000
0!
#2653500000000
1!
b1000001001 (
b1100110111 '
#2654000000000
0!
#2654500000000
1!
b10011 (
b1001101110 '
1&
#2655000000000
0!
#2655500000000
1!
b100111 (
b11011100 '
0&
#2656000000000
0!
#2656500000000
1!
b1001111 (
b110111001 '
#2657000000000
0!
#2657500000000
1!
b10011110 (
b1101110010 '
1&
#2658000000000
0!
#2658500000000
1!
b100111101 (
b1011100101 '
#2659000000000
0!
#2659500000000
1!
b1001111011 (
b111001010 '
#2660000000000
0!
#2660500000000
1!
b11110111 (
b1110010100 '
#2661000000000
0!
#2661500000000
1!
b111101110 (
b1100101000 '
#2662000000000
0!
#2662500000000
1!
b1111011101 (
b1001010001 '
0&
#2663000000000
0!
#2663500000000
1!
b1110111010 (
b10100011 '
1&
#2664000000000
0!
#2664500000000
1!
b1101110101 (
b101000110 '
#2665000000000
0!
#2665500000000
1!
b1011101010 (
b1010001101 '
0&
#2666000000000
0!
#2666500000000
1!
b111010100 (
b100011010 '
#2667000000000
0!
#2667500000000
1!
b1110101001 (
b1000110100 '
#2668000000000
0!
#2668500000000
1!
b1101010010 (
b1101000 '
1&
#2669000000000
0!
#2669500000000
1!
b1010100101 (
b11010000 '
#2670000000000
0!
#2670500000000
1!
b101001010 (
b110100000 '
0&
#2671000000000
0!
#2671500000000
1!
b1010010100 (
b1101000000 '
#2672000000000
0!
#2672500000000
1!
b100101001 (
b1010000001 '
1&
#2673000000000
0!
#2673500000000
1!
b1001010010 (
b100000011 '
#2674000000000
0!
#2674500000000
1!
b10100100 (
b1000000110 '
#2675000000000
0!
#2675500000000
1!
b101001001 (
b1100 '
0&
#2676000000000
0!
#2676500000000
1!
b1010010011 (
b11001 '
1&
#2677000000000
0!
#2677500000000
1!
b100100111 (
b110010 '
0&
#2678000000000
0!
#2678500000000
1!
b1001001110 (
b1100100 '
1&
#2679000000000
0!
#2679500000000
1!
b10011101 (
b11001001 '
0&
#2680000000000
0!
#2680500000000
1!
b100111010 (
b110010010 '
#2681000000000
0!
#2681500000000
1!
b1001110101 (
b1100100100 '
#2682000000000
0!
#2682500000000
1!
b11101011 (
b1001001000 '
1&
#2683000000000
0!
#2683500000000
1!
b111010111 (
b10010001 '
0&
#2684000000000
0!
#2684500000000
1!
b1110101110 (
b100100010 '
1&
#2685000000000
0!
#2685500000000
1!
b1101011100 (
b1001000100 '
0&
#2686000000000
0!
#2686500000000
1!
b1010111001 (
b10001000 '
1&
#2687000000000
0!
#2687500000000
1!
b101110011 (
b100010000 '
0&
#2688000000000
0!
#2688500000000
1!
b1011100111 (
b1000100000 '
#2689000000000
0!
#2689500000000
1!
b111001111 (
b1000001 '
#2690000000000
0!
#2690500000000
1!
b1110011110 (
b10000010 '
1&
#2691000000000
0!
#2691500000000
1!
b1100111101 (
b100000100 '
#2692000000000
0!
#2692500000000
1!
b1001111010 (
b1000001001 '
0&
#2693000000000
0!
#2693500000000
1!
b11110101 (
b10011 '
#2694000000000
0!
#2694500000000
1!
b111101011 (
b100110 '
#2695000000000
0!
#2695500000000
1!
b1111010110 (
b1001101 '
1&
#2696000000000
0!
#2696500000000
1!
b1110101101 (
b10011011 '
#2697000000000
0!
#2697500000000
1!
b1101011011 (
b100110110 '
#2698000000000
0!
#2698500000000
1!
b1010110111 (
b1001101101 '
0&
#2699000000000
0!
#2699500000000
1!
b101101111 (
b11011010 '
#2700000000000
0!
#2700500000000
1!
b1011011110 (
b110110100 '
1&
#2701000000000
0!
#2701500000000
1!
b110111100 (
b1101101001 '
#2702000000000
0!
#2702500000000
1!
b1101111000 (
b1011010011 '
0&
#2703000000000
0!
#2703500000000
1!
b1011110001 (
b110100111 '
1&
#2704000000000
0!
#2704500000000
1!
b111100011 (
b1101001111 '
#2705000000000
0!
#2705500000000
1!
b1111000110 (
b1010011110 '
0&
#2706000000000
0!
#2706500000000
1!
b1110001101 (
b100111100 '
1&
#2707000000000
0!
#2707500000000
1!
b1100011010 (
b1001111001 '
0&
#2708000000000
0!
#2708500000000
1!
b1000110101 (
b11110011 '
1&
#2709000000000
0!
#2709500000000
1!
b1101011 (
b111100110 '
0&
#2710000000000
0!
#2710500000000
1!
b11010110 (
b1111001101 '
1&
#2711000000000
0!
#2711500000000
1!
b110101101 (
b1110011010 '
#2712000000000
0!
#2712500000000
1!
b1101011010 (
b1100110101 '
0&
#2713000000000
0!
#2713500000000
1!
b1010110101 (
b1001101010 '
#2714000000000
0!
#2714500000000
1!
b101101010 (
b11010101 '
#2715000000000
0!
#2715500000000
1!
b1011010101 (
b110101011 '
1&
#2716000000000
0!
#2716500000000
1!
b110101011 (
b1101010110 '
#2717000000000
0!
#2717500000000
1!
b1101010110 (
b1010101100 '
0&
#2718000000000
0!
#2718500000000
1!
b1010101100 (
b101011000 '
1&
#2719000000000
0!
#2719500000000
1!
b101011000 (
b1010110000 '
#2720000000000
0!
#2720500000000
1!
b1010110001 (
b101100001 '
#2721000000000
0!
#2721500000000
1!
b101100011 (
b1011000010 '
#2722000000000
0!
#2722500000000
1!
b1011000111 (
b110000101 '
#2723000000000
0!
#2723500000000
1!
b110001110 (
b1100001011 '
#2724000000000
0!
#2724500000000
1!
b1100011100 (
b1000010111 '
0&
#2725000000000
0!
#2725500000000
1!
b1000111001 (
b101110 '
1&
#2726000000000
0!
#2726500000000
1!
b1110010 (
b1011101 '
0&
#2727000000000
0!
#2727500000000
1!
b11100100 (
b10111011 '
#2728000000000
0!
#2728500000000
1!
b111001001 (
b101110110 '
#2729000000000
0!
#2729500000000
1!
b1110010010 (
b1011101101 '
#2730000000000
0!
#2730500000000
1!
b1100100100 (
b111011010 '
1&
#2731000000000
0!
#2731500000000
1!
b1001001000 (
b1110110100 '
0&
#2732000000000
0!
#2732500000000
1!
b10010001 (
b1101101000 '
1&
#2733000000000
0!
#2733500000000
1!
b100100011 (
b1011010001 '
#2734000000000
0!
#2734500000000
1!
b1001000111 (
b110100011 '
#2735000000000
0!
#2735500000000
1!
b10001111 (
b1101000110 '
#2736000000000
0!
#2736500000000
1!
b100011111 (
b1010001100 '
#2737000000000
0!
#2737500000000
1!
b1000111111 (
b100011000 '
#2738000000000
0!
#2738500000000
1!
b1111110 (
b1000110000 '
#2739000000000
0!
#2739500000000
1!
b11111101 (
b1100001 '
0&
#2740000000000
0!
#2740500000000
1!
b111111011 (
b11000010 '
#2741000000000
0!
#2741500000000
1!
b1111110110 (
b110000100 '
1&
#2742000000000
0!
#2742500000000
1!
b1111101100 (
b1100001001 '
0&
#2743000000000
0!
#2743500000000
1!
b1111011001 (
b1000010011 '
#2744000000000
0!
#2744500000000
1!
b1110110011 (
b100111 '
1&
#2745000000000
0!
#2745500000000
1!
b1101100111 (
b1001111 '
#2746000000000
0!
#2746500000000
1!
b1011001111 (
b10011111 '
#2747000000000
0!
#2747500000000
1!
b110011110 (
b100111111 '
0&
#2748000000000
0!
#2748500000000
1!
b1100111100 (
b1001111111 '
#2749000000000
0!
#2749500000000
1!
b1001111000 (
b11111110 '
1&
#2750000000000
0!
#2750500000000
1!
b11110000 (
b111111101 '
0&
#2751000000000
0!
#2751500000000
1!
b111100000 (
b1111111011 '
1&
#2752000000000
0!
#2752500000000
1!
b1111000001 (
b1111110111 '
0&
#2753000000000
0!
#2753500000000
1!
b1110000011 (
b1111101110 '
#2754000000000
0!
#2754500000000
1!
b1100000110 (
b1111011100 '
#2755000000000
0!
#2755500000000
1!
b1000001100 (
b1110111000 '
#2756000000000
0!
#2756500000000
1!
b11000 (
b1101110001 '
1&
#2757000000000
0!
#2757500000000
1!
b110000 (
b1011100011 '
#2758000000000
0!
#2758500000000
1!
b1100001 (
b111000111 '
0&
#2759000000000
0!
#2759500000000
1!
b11000011 (
b1110001111 '
1&
#2760000000000
0!
#2760500000000
1!
b110000110 (
b1100011110 '
#2761000000000
0!
#2761500000000
1!
b1100001100 (
b1000111100 '
0&
#2762000000000
0!
#2762500000000
1!
b1000011001 (
b1111000 '
1&
#2763000000000
0!
#2763500000000
1!
b110011 (
b11110000 '
0&
#2764000000000
0!
#2764500000000
1!
b1100110 (
b111100000 '
#2765000000000
0!
#2765500000000
1!
b11001101 (
b1111000000 '
1&
#2766000000000
0!
#2766500000000
1!
b110011010 (
b1110000001 '
#2767000000000
0!
#2767500000000
1!
b1100110101 (
b1100000011 '
0&
#2768000000000
0!
#2768500000000
1!
b1001101010 (
b1000000111 '
#2769000000000
0!
#2769500000000
1!
b11010101 (
b1110 '
#2770000000000
0!
#2770500000000
1!
b110101010 (
b11101 '
#2771000000000
0!
#2771500000000
1!
b1101010100 (
b111011 '
1&
#2772000000000
0!
#2772500000000
1!
b1010101001 (
b1110110 '
#2773000000000
0!
#2773500000000
1!
b101010011 (
b11101101 '
0&
#2774000000000
0!
#2774500000000
1!
b1010100110 (
b111011011 '
1&
#2775000000000
0!
#2775500000000
1!
b101001101 (
b1110110110 '
#2776000000000
0!
#2776500000000
1!
b1010011010 (
b1101101100 '
0&
#2777000000000
0!
#2777500000000
1!
b100110101 (
b1011011000 '
1&
#2778000000000
0!
#2778500000000
1!
b1001101011 (
b110110001 '
#2779000000000
0!
#2779500000000
1!
b11010111 (
b1101100010 '
#2780000000000
0!
#2780500000000
1!
b110101111 (
b1011000101 '
#2781000000000
0!
#2781500000000
1!
b1101011111 (
b110001010 '
#2782000000000
0!
#2782500000000
1!
b1010111110 (
b1100010100 '
0&
#2783000000000
0!
#2783500000000
1!
b101111101 (
b1000101000 '
1&
#2784000000000
0!
#2784500000000
1!
b1011111011 (
b1010001 '
#2785000000000
0!
#2785500000000
1!
b111110110 (
b10100010 '
0&
#2786000000000
0!
#2786500000000
1!
b1111101101 (
b101000100 '
1&
#2787000000000
0!
#2787500000000
1!
b1111011011 (
b1010001001 '
0&
#2788000000000
0!
#2788500000000
1!
b1110110110 (
b100010011 '
1&
#2789000000000
0!
#2789500000000
1!
b1101101100 (
b1000100110 '
0&
#2790000000000
0!
#2790500000000
1!
b1011011000 (
b1001100 '
1&
#2791000000000
0!
#2791500000000
1!
b110110000 (
b10011001 '
0&
#2792000000000
0!
#2792500000000
1!
b1101100001 (
b100110010 '
1&
#2793000000000
0!
#2793500000000
1!
b1011000011 (
b1001100100 '
0&
#2794000000000
0!
#2794500000000
1!
b110000111 (
b11001000 '
#2795000000000
0!
#2795500000000
1!
b1100001110 (
b110010000 '
1&
#2796000000000
0!
#2796500000000
1!
b1000011100 (
b1100100000 '
0&
#2797000000000
0!
#2797500000000
1!
b111000 (
b1001000001 '
1&
#2798000000000
0!
#2798500000000
1!
b1110001 (
b10000011 '
0&
#2799000000000
0!
#2799500000000
1!
b11100011 (
b100000110 '
#2800000000000
0!
#2800500000000
1!
b111000111 (
b1000001101 '
1&
#2801000000000
0!
#2801500000000
1!
b1110001110 (
b11010 '
#2802000000000
0!
#2802500000000
1!
b1100011101 (
b110100 '
#2803000000000
0!
#2803500000000
1!
b1000111011 (
b1101001 '
#2804000000000
0!
#2804500000000
1!
b1110111 (
b11010010 '
0&
#2805000000000
0!
#2805500000000
1!
b11101111 (
b110100100 '
#2806000000000
0!
#2806500000000
1!
b111011110 (
b1101001001 '
1&
#2807000000000
0!
#2807500000000
1!
b1110111100 (
b1010010011 '
0&
#2808000000000
0!
#2808500000000
1!
b1101111001 (
b100100111 '
1&
#2809000000000
0!
#2809500000000
1!
b1011110011 (
b1001001111 '
0&
#2810000000000
0!
#2810500000000
1!
b111100110 (
b10011110 '
#2811000000000
0!
#2811500000000
1!
b1111001101 (
b100111101 '
1&
#2812000000000
0!
#2812500000000
1!
b1110011010 (
b1001111011 '
0&
#2813000000000
0!
#2813500000000
1!
b1100110100 (
b11110111 '
1&
#2814000000000
0!
#2814500000000
1!
b1001101000 (
b111101111 '
#2815000000000
0!
#2815500000000
1!
b11010000 (
b1111011111 '
#2816000000000
0!
#2816500000000
1!
b110100001 (
b1110111110 '
#2817000000000
0!
#2817500000000
1!
b1101000011 (
b1101111100 '
0&
#2818000000000
0!
#2818500000000
1!
b1010000111 (
b1011111000 '
#2819000000000
0!
#2819500000000
1!
b100001110 (
b111110001 '
#2820000000000
0!
#2820500000000
1!
b1000011101 (
b1111100010 '
#2821000000000
0!
#2821500000000
1!
b111010 (
b1111000101 '
1&
#2822000000000
0!
#2822500000000
1!
b1110100 (
b1110001010 '
#2823000000000
0!
#2823500000000
1!
b11101000 (
b1100010101 '
#2824000000000
0!
#2824500000000
1!
b111010000 (
b1000101010 '
#2825000000000
0!
#2825500000000
1!
b1110100000 (
b1010101 '
#2826000000000
0!
#2826500000000
1!
b1101000000 (
b10101011 '
#2827000000000
0!
#2827500000000
1!
b1010000000 (
b101010110 '
#2828000000000
0!
#2828500000000
1!
b100000000 (
b1010101101 '
#2829000000000
0!
#2829500000000
1!
b1000000001 (
b101011010 '
#2830000000000
0!
#2830500000000
1!
b11 (
b1010110100 '
#2831000000000
0!
#2831500000000
1!
b111 (
b101101000 '
0&
#2832000000000
0!
#2832500000000
1!
b1110 (
b1011010000 '
1&
#2833000000000
0!
#2833500000000
1!
b11100 (
b110100001 '
0&
#2834000000000
0!
#2834500000000
1!
b111001 (
b1101000010 '
1&
#2835000000000
0!
#2835500000000
1!
b1110011 (
b1010000101 '
#2836000000000
0!
#2836500000000
1!
b11100110 (
b100001010 '
0&
#2837000000000
0!
#2837500000000
1!
b111001100 (
b1000010100 '
1&
#2838000000000
0!
#2838500000000
1!
b1110011001 (
b101000 '
#2839000000000
0!
#2839500000000
1!
b1100110011 (
b1010000 '
#2840000000000
0!
#2840500000000
1!
b1001100110 (
b10100000 '
#2841000000000
0!
#2841500000000
1!
b11001100 (
b101000000 '
0&
#2842000000000
0!
#2842500000000
1!
b110011000 (
b1010000000 '
1&
#2843000000000
0!
#2843500000000
1!
b1100110000 (
b100000001 '
#2844000000000
0!
#2844500000000
1!
b1001100001 (
b1000000010 '
0&
#2845000000000
0!
#2845500000000
1!
b11000010 (
b101 '
#2846000000000
0!
#2846500000000
1!
b110000100 (
b1011 '
#2847000000000
0!
#2847500000000
1!
b1100001001 (
b10110 '
1&
#2848000000000
0!
#2848500000000
1!
b1000010010 (
b101101 '
#2849000000000
0!
#2849500000000
1!
b100100 (
b1011011 '
0&
#2850000000000
0!
#2850500000000
1!
b1001000 (
b10110110 '
#2851000000000
0!
#2851500000000
1!
b10010000 (
b101101101 '
#2852000000000
0!
#2852500000000
1!
b100100001 (
b1011011011 '
1&
#2853000000000
0!
#2853500000000
1!
b1001000010 (
b110110111 '
#2854000000000
0!
#2854500000000
1!
b10000100 (
b1101101111 '
#2855000000000
0!
#2855500000000
1!
b100001000 (
b1011011110 '
#2856000000000
0!
#2856500000000
1!
b1000010001 (
b110111100 '
#2857000000000
0!
#2857500000000
1!
b100011 (
b1101111001 '
#2858000000000
0!
#2858500000000
1!
b1000110 (
b1011110011 '
#2859000000000
0!
#2859500000000
1!
b10001100 (
b111100111 '
0&
#2860000000000
0!
#2860500000000
1!
b100011000 (
b1111001111 '
1&
#2861000000000
0!
#2861500000000
1!
b1000110001 (
b1110011110 '
0&
#2862000000000
0!
#2862500000000
1!
b1100010 (
b1100111100 '
1&
#2863000000000
0!
#2863500000000
1!
b11000100 (
b1001111000 '
#2864000000000
0!
#2864500000000
1!
b110001000 (
b11110001 '
0&
#2865000000000
0!
#2865500000000
1!
b1100010000 (
b111100010 '
1&
#2866000000000
0!
#2866500000000
1!
b1000100000 (
b1111000100 '
0&
#2867000000000
0!
#2867500000000
1!
b1000000 (
b1110001000 '
1&
#2868000000000
0!
#2868500000000
1!
b10000000 (
b1100010001 '
#2869000000000
0!
#2869500000000
1!
b100000001 (
b1000100011 '
#2870000000000
0!
#2870500000000
1!
b1000000011 (
b1000111 '
#2871000000000
0!
#2871500000000
1!
b110 (
b10001111 '
0&
#2872000000000
0!
#2872500000000
1!
b1100 (
b100011111 '
#2873000000000
0!
#2873500000000
1!
b11001 (
b1000111111 '
1&
#2874000000000
0!
#2874500000000
1!
b110010 (
b1111110 '
0&
#2875000000000
0!
#2875500000000
1!
b1100100 (
b11111101 '
#2876000000000
0!
#2876500000000
1!
b11001000 (
b111111011 '
#2877000000000
0!
#2877500000000
1!
b110010001 (
b1111110110 '
1&
#2878000000000
0!
#2878500000000
1!
b1100100010 (
b1111101100 '
0&
#2879000000000
0!
#2879500000000
1!
b1001000100 (
b1111011000 '
#2880000000000
0!
#2880500000000
1!
b10001000 (
b1110110001 '
1&
#2881000000000
0!
#2881500000000
1!
b100010001 (
b1101100011 '
#2882000000000
0!
#2882500000000
1!
b1000100011 (
b1011000111 '
0&
#2883000000000
0!
#2883500000000
1!
b1000111 (
b110001110 '
#2884000000000
0!
#2884500000000
1!
b10001110 (
b1100011101 '
1&
#2885000000000
0!
#2885500000000
1!
b100011101 (
b1000111010 '
#2886000000000
0!
#2886500000000
1!
b1000111010 (
b1110101 '
#2887000000000
0!
#2887500000000
1!
b1110101 (
b11101011 '
0&
#2888000000000
0!
#2888500000000
1!
b11101010 (
b111010110 '
#2889000000000
0!
#2889500000000
1!
b111010101 (
b1110101101 '
1&
#2890000000000
0!
#2890500000000
1!
b1110101011 (
b1101011010 '
0&
#2891000000000
0!
#2891500000000
1!
b1101010111 (
b1010110101 '
#2892000000000
0!
#2892500000000
1!
b1010101110 (
b101101010 '
1&
#2893000000000
0!
#2893500000000
1!
b101011101 (
b1011010100 '
#2894000000000
0!
#2894500000000
1!
b1010111010 (
b110101000 '
#2895000000000
0!
#2895500000000
1!
b101110100 (
b1101010000 '
#2896000000000
0!
#2896500000000
1!
b1011101001 (
b1010100001 '
0&
#2897000000000
0!
#2897500000000
1!
b111010011 (
b101000011 '
#2898000000000
0!
#2898500000000
1!
b1110100111 (
b1010000110 '
#2899000000000
0!
#2899500000000
1!
b1101001110 (
b100001100 '
1&
#2900000000000
0!
#2900500000000
1!
b1010011100 (
b1000011001 '
0&
#2901000000000
0!
#2901500000000
1!
b100111001 (
b110011 '
#2902000000000
0!
#2902500000000
1!
b1001110010 (
b1100110 '
1&
#2903000000000
0!
#2903500000000
1!
b11100101 (
b11001101 '
0&
#2904000000000
0!
#2904500000000
1!
b111001011 (
b110011011 '
#2905000000000
0!
#2905500000000
1!
b1110010111 (
b1100110110 '
#2906000000000
0!
#2906500000000
1!
b1100101111 (
b1001101100 '
#2907000000000
0!
#2907500000000
1!
b1001011111 (
b11011000 '
1&
#2908000000000
0!
#2908500000000
1!
b10111111 (
b110110000 '
0&
#2909000000000
0!
#2909500000000
1!
b101111110 (
b1101100000 '
1&
#2910000000000
0!
#2910500000000
1!
b1011111100 (
b1011000001 '
0&
#2911000000000
0!
#2911500000000
1!
b111111000 (
b110000011 '
#2912000000000
0!
#2912500000000
1!
b1111110001 (
b1100000110 '
#2913000000000
0!
#2913500000000
1!
b1111100010 (
b1000001100 '
#2914000000000
0!
#2914500000000
1!
b1111000101 (
b11000 '
1&
#2915000000000
0!
#2915500000000
1!
b1110001010 (
b110000 '
#2916000000000
0!
#2916500000000
1!
b1100010100 (
b1100000 '
#2917000000000
0!
#2917500000000
1!
b1000101001 (
b11000000 '
#2918000000000
0!
#2918500000000
1!
b1010010 (
b110000000 '
0&
#2919000000000
0!
#2919500000000
1!
b10100101 (
b1100000000 '
1&
#2920000000000
0!
#2920500000000
1!
b101001011 (
b1000000001 '
#2921000000000
0!
#2921500000000
1!
b1010010110 (
b11 '
#2922000000000
0!
#2922500000000
1!
b100101100 (
b110 '
0&
#2923000000000
0!
#2923500000000
1!
b1001011001 (
b1101 '
1&
#2924000000000
0!
#2924500000000
1!
b10110011 (
b11011 '
0&
#2925000000000
0!
#2925500000000
1!
b101100111 (
b110110 '
#2926000000000
0!
#2926500000000
1!
b1011001110 (
b1101101 '
1&
#2927000000000
0!
#2927500000000
1!
b110011100 (
b11011011 '
0&
#2928000000000
0!
#2928500000000
1!
b1100111001 (
b110110110 '
1&
#2929000000000
0!
#2929500000000
1!
b1001110011 (
b1101101101 '
0&
#2930000000000
0!
#2930500000000
1!
b11100111 (
b1011011010 '
1&
#2931000000000
0!
#2931500000000
1!
b111001110 (
b110110101 '
0&
#2932000000000
0!
#2932500000000
1!
b1110011100 (
b1101101011 '
#2933000000000
0!
#2933500000000
1!
b1100111000 (
b1011010111 '
#2934000000000
0!
#2934500000000
1!
b1001110001 (
b110101110 '
1&
#2935000000000
0!
#2935500000000
1!
b11100010 (
b1101011101 '
#2936000000000
0!
#2936500000000
1!
b111000101 (
b1010111010 '
#2937000000000
0!
#2937500000000
1!
b1110001011 (
b101110101 '
#2938000000000
0!
#2938500000000
1!
b1100010110 (
b1011101011 '
0&
#2939000000000
0!
#2939500000000
1!
b1000101100 (
b111010111 '
1&
#2940000000000
0!
#2940500000000
1!
b1011001 (
b1110101111 '
#2941000000000
0!
#2941500000000
1!
b10110010 (
b1101011110 '
#2942000000000
0!
#2942500000000
1!
b101100101 (
b1010111100 '
#2943000000000
0!
#2943500000000
1!
b1011001011 (
b101111000 '
#2944000000000
0!
#2944500000000
1!
b110010111 (
b1011110000 '
#2945000000000
0!
#2945500000000
1!
b1100101110 (
b111100001 '
#2946000000000
0!
#2946500000000
1!
b1001011101 (
b1111000010 '
0&
#2947000000000
0!
#2947500000000
1!
b10111010 (
b1110000101 '
1&
#2948000000000
0!
#2948500000000
1!
b101110101 (
b1100001010 '
#2949000000000
0!
#2949500000000
1!
b1011101011 (
b1000010101 '
0&
#2950000000000
0!
#2950500000000
1!
b111010110 (
b101010 '
#2951000000000
0!
#2951500000000
1!
b1110101100 (
b1010100 '
1&
#2952000000000
0!
#2952500000000
1!
b1101011001 (
b10101001 '
#2953000000000
0!
#2953500000000
1!
b1010110010 (
b101010010 '
#2954000000000
0!
#2954500000000
1!
b101100100 (
b1010100100 '
#2955000000000
0!
#2955500000000
1!
b1011001001 (
b101001000 '
#2956000000000
0!
#2956500000000
1!
b110010010 (
b1010010000 '
#2957000000000
0!
#2957500000000
1!
b1100100101 (
b100100001 '
#2958000000000
0!
#2958500000000
1!
b1001001010 (
b1001000010 '
0&
#2959000000000
0!
#2959500000000
1!
b10010100 (
b10000101 '
#2960000000000
0!
#2960500000000
1!
b100101000 (
b100001011 '
#2961000000000
0!
#2961500000000
1!
b1001010000 (
b1000010110 '
#2962000000000
0!
#2962500000000
1!
b10100001 (
b101100 '
#2963000000000
0!
#2963500000000
1!
b101000010 (
b1011001 '
#2964000000000
0!
#2964500000000
1!
b1010000100 (
b10110010 '
1&
#2965000000000
0!
#2965500000000
1!
b100001001 (
b101100100 '
0&
#2966000000000
0!
#2966500000000
1!
b1000010011 (
b1011001001 '
#2967000000000
0!
#2967500000000
1!
b100110 (
b110010011 '
#2968000000000
0!
#2968500000000
1!
b1001101 (
b1100100110 '
1&
#2969000000000
0!
#2969500000000
1!
b10011011 (
b1001001100 '
#2970000000000
0!
#2970500000000
1!
b100110110 (
b10011000 '
0&
#2971000000000
0!
#2971500000000
1!
b1001101100 (
b100110000 '
1&
#2972000000000
0!
#2972500000000
1!
b11011001 (
b1001100000 '
#2973000000000
0!
#2973500000000
1!
b110110011 (
b11000001 '
0&
#2974000000000
0!
#2974500000000
1!
b1101100110 (
b110000010 '
1&
#2975000000000
0!
#2975500000000
1!
b1011001101 (
b1100000100 '
0&
#2976000000000
0!
#2976500000000
1!
b110011011 (
b1000001000 '
1&
#2977000000000
0!
#2977500000000
1!
b1100110111 (
b10001 '
#2978000000000
0!
#2978500000000
1!
b1001101111 (
b100010 '
#2979000000000
0!
#2979500000000
1!
b11011110 (
b1000100 '
0&
#2980000000000
0!
#2980500000000
1!
b110111101 (
b10001001 '
#2981000000000
0!
#2981500000000
1!
b1101111010 (
b100010010 '
1&
#2982000000000
0!
#2982500000000
1!
b1011110100 (
b1000100100 '
0&
#2983000000000
0!
#2983500000000
1!
b111101000 (
b1001000 '
#2984000000000
0!
#2984500000000
1!
b1111010001 (
b10010000 '
1&
#2985000000000
0!
#2985500000000
1!
b1110100011 (
b100100000 '
#2986000000000
0!
#2986500000000
1!
b1101000111 (
b1001000000 '
0&
#2987000000000
0!
#2987500000000
1!
b1010001110 (
b10000001 '
1&
#2988000000000
0!
#2988500000000
1!
b100011100 (
b100000010 '
0&
#2989000000000
0!
#2989500000000
1!
b1000111000 (
b1000000100 '
#2990000000000
0!
#2990500000000
1!
b1110000 (
b1000 '
#2991000000000
0!
#2991500000000
1!
b11100001 (
b10000 '
#2992000000000
0!
#2992500000000
1!
b111000010 (
b100000 '
#2993000000000
0!
#2993500000000
1!
b1110000101 (
b1000000 '
1&
#2994000000000
0!
#2994500000000
1!
b1100001010 (
b10000000 '
#2995000000000
0!
#2995500000000
1!
b1000010101 (
b100000000 '
#2996000000000
0!
#2996500000000
1!
b101010 (
b1000000000 '
#2997000000000
0!
#2997500000000
1!
b1010100 (
b1 '
0&
#2998000000000
0!
#2998500000000
1!
b10101001 (
b10 '
#2999000000000
0!
#2999500000000
1!
b101010010 (
b100 '
#3000000000000
0!
#3000500000000
1!
b1010100100 (
b1001 '
1&
#3001000000000
0!
#3001500000000
1!
b101001000 (
b10010 '
0&
#3002000000000
0!
#3002500000000
1!
b1010010001 (
b100100 '
1&
#3003000000000
0!
#3003500000000
1!
b100100010 (
b1001001 '
0&
#3004000000000
0!
#3004500000000
1!
b1001000101 (
b10010010 '
1&
#3005000000000
0!
#3005500000000
1!
b10001010 (
b100100100 '
0&
#3006000000000
0!
#3006500000000
1!
b100010100 (
b1001001001 '
1&
#3007000000000
0!
#3007500000000
1!
b1000101000 (
b10010011 '
#3008000000000
0!
#3008500000000
1!
b1010000 (
b100100110 '
0&
#3009000000000
0!
#3009500000000
1!
b10100000 (
b1001001101 '
1&
#3010000000000
0!
#3010500000000
1!
b101000000 (
b10011010 '
0&
#3011000000000
0!
#3011500000000
1!
b1010000001 (
b100110100 '
1&
#3012000000000
0!
#3012500000000
1!
b100000010 (
b1001101001 '
#3013000000000
0!
#3013500000000
1!
b1000000100 (
b11010011 '
#3014000000000
0!
#3014500000000
1!
b1000 (
b110100110 '
0&
#3015000000000
0!
#3015500000000
1!
b10000 (
b1101001101 '
1&
#3016000000000
0!
#3016500000000
1!
b100000 (
b1010011010 '
#3017000000000
0!
#3017500000000
1!
b1000001 (
b100110101 '
0&
#3018000000000
0!
#3018500000000
1!
b10000010 (
b1001101011 '
1&
#3019000000000
0!
#3019500000000
1!
b100000100 (
b11010111 '
0&
#3020000000000
0!
#3020500000000
1!
b1000001000 (
b110101111 '
1&
#3021000000000
0!
#3021500000000
1!
b10001 (
b1101011111 '
#3022000000000
0!
#3022500000000
1!
b100010 (
b1010111110 '
#3023000000000
0!
#3023500000000
1!
b1000100 (
b101111100 '
0&
#3024000000000
0!
#3024500000000
1!
b10001001 (
b1011111001 '
1&
#3025000000000
0!
#3025500000000
1!
b100010011 (
b111110011 '
0&
#3026000000000
0!
#3026500000000
1!
b1000100110 (
b1111100110 '
#3027000000000
0!
#3027500000000
1!
b1001100 (
b1111001100 '
1&
#3028000000000
0!
#3028500000000
1!
b10011001 (
b1110011000 '
#3029000000000
0!
#3029500000000
1!
b100110011 (
b1100110001 '
#3030000000000
0!
#3030500000000
1!
b1001100111 (
b1001100011 '
0&
#3031000000000
0!
#3031500000000
1!
b11001110 (
b11000111 '
#3032000000000
0!
#3032500000000
1!
b110011101 (
b110001111 '
#3033000000000
0!
#3033500000000
1!
b1100111011 (
b1100011111 '
#3034000000000
0!
#3034500000000
1!
b1001110110 (
b1000111110 '
#3035000000000
0!
#3035500000000
1!
b11101100 (
b1111100 '
#3036000000000
0!
#3036500000000
1!
b111011001 (
b11111001 '
#3037000000000
0!
#3037500000000
1!
b1110110010 (
b111110010 '
1&
#3038000000000
0!
#3038500000000
1!
b1101100101 (
b1111100100 '
0&
#3039000000000
0!
#3039500000000
1!
b1011001010 (
b1111001000 '
#3040000000000
0!
#3040500000000
1!
b110010101 (
b1110010001 '
1&
#3041000000000
0!
#3041500000000
1!
b1100101011 (
b1100100011 '
0&
#3042000000000
0!
#3042500000000
1!
b1001010110 (
b1001000111 '
#3043000000000
0!
#3043500000000
1!
b10101101 (
b10001110 '
#3044000000000
0!
#3044500000000
1!
b101011011 (
b100011101 '
#3045000000000
0!
#3045500000000
1!
b1010110110 (
b1000111011 '
#3046000000000
0!
#3046500000000
1!
b101101101 (
b1110111 '
#3047000000000
0!
#3047500000000
1!
b1011011011 (
b11101111 '
1&
#3048000000000
0!
#3048500000000
1!
b110110111 (
b111011111 '
0&
#3049000000000
0!
#3049500000000
1!
b1101101111 (
b1110111111 '
#3050000000000
0!
#3050500000000
1!
b1011011111 (
b1101111110 '
#3051000000000
0!
#3051500000000
1!
b110111110 (
b1011111100 '
1&
#3052000000000
0!
#3052500000000
1!
b1101111101 (
b111111000 '
#3053000000000
0!
#3053500000000
1!
b1011111010 (
b1111110000 '
0&
#3054000000000
0!
#3054500000000
1!
b111110100 (
b1111100001 '
1&
#3055000000000
0!
#3055500000000
1!
b1111101000 (
b1111000011 '
0&
#3056000000000
0!
#3056500000000
1!
b1111010000 (
b1110000111 '
#3057000000000
0!
#3057500000000
1!
b1110100001 (
b1100001110 '
#3058000000000
0!
#3058500000000
1!
b1101000010 (
b1000011100 '
#3059000000000
0!
#3059500000000
1!
b1010000101 (
b111000 '
1&
#3060000000000
0!
#3060500000000
1!
b100001011 (
b1110000 '
0&
#3061000000000
0!
#3061500000000
1!
b1000010110 (
b11100000 '
1&
#3062000000000
0!
#3062500000000
1!
b101101 (
b111000000 '
0&
#3063000000000
0!
#3063500000000
1!
b1011010 (
b1110000000 '
1&
#3064000000000
0!
#3064500000000
1!
b10110101 (
b1100000001 '
#3065000000000
0!
#3065500000000
1!
b101101011 (
b1000000011 '
#3066000000000
0!
#3066500000000
1!
b1011010111 (
b111 '
#3067000000000
0!
#3067500000000
1!
b110101110 (
b1111 '
0&
#3068000000000
0!
#3068500000000
1!
b1101011101 (
b11111 '
1&
#3069000000000
0!
#3069500000000
1!
b1010111011 (
b111111 '
#3070000000000
0!
#3070500000000
1!
b101110110 (
b1111111 '
0&
#3071000000000
0!
#3071500000000
1!
b1011101100 (
b11111111 '
1&
#3072000000000
0!
#3072500000000
1!
b111011000 (
b111111111 '
0&
#3073000000000
0!
#3073500000000
1!
b1110110000 (
b1111111111 '
#3074000000000
0!
#3074500000000
1!
b1101100000 (
b1111111110 '
b101 $
b100 #
b110110000 %
1)
#3075000000000
0!
#3075500000000
1!
b110110000 (
b1111111111 '
1&
0)
#3076000000000
0!
#3076500000000
1!
b1101100001 (
b1111111110 '
0&
#3077000000000
0!
#3077500000000
1!
b1011000011 (
b1111111100 '
#3078000000000
0!
#3078500000000
1!
b110000111 (
b1111111000 '
1&
#3079000000000
0!
#3079500000000
1!
b1100001110 (
b1111110001 '
0&
#3080000000000
0!
#3080500000000
1!
b1000011100 (
b1111100011 '
#3081000000000
0!
#3081500000000
1!
b111000 (
b1111000111 '
1&
#3082000000000
0!
#3082500000000
1!
b1110001 (
b1110001110 '
#3083000000000
0!
#3083500000000
1!
b11100011 (
b1100011100 '
#3084000000000
0!
#3084500000000
1!
b111000111 (
b1000111000 '
#3085000000000
0!
#3085500000000
1!
b1110001110 (
b1110001 '
#3086000000000
0!
#3086500000000
1!
b1100011101 (
b11100010 '
#3087000000000
0!
#3087500000000
1!
b1000111011 (
b111000100 '
#3088000000000
0!
#3088500000000
1!
b1110111 (
b1110001001 '
#3089000000000
0!
#3089500000000
1!
b11101111 (
b1100010011 '
#3090000000000
0!
#3090500000000
1!
b111011110 (
b1000100111 '
#3091000000000
0!
#3091500000000
1!
b1110111100 (
b1001110 '
#3092000000000
0!
#3092500000000
1!
b1101111001 (
b10011101 '
#3093000000000
0!
#3093500000000
1!
b1011110011 (
b100111011 '
#3094000000000
0!
#3094500000000
1!
b111100110 (
b1001110110 '
#3095000000000
0!
#3095500000000
1!
b1111001101 (
b11101100 '
#3096000000000
0!
#3096500000000
1!
b1110011010 (
b111011001 '
#3097000000000
0!
#3097500000000
1!
b1100110100 (
b1110110010 '
0&
#3098000000000
0!
#3098500000000
1!
b1001101000 (
b1101100101 '
#3099000000000
0!
#3099500000000
1!
b11010000 (
b1011001010 '
1&
#3100000000000
0!
#3100500000000
1!
b110100001 (
b110010101 '
0&
#3101000000000
0!
#3101500000000
1!
b1101000011 (
b1100101011 '
#3102000000000
0!
#3102500000000
1!
b1010000111 (
b1001010111 '
#3103000000000
0!
#3103500000000
1!
b100001110 (
b10101110 '
#3104000000000
0!
#3104500000000
1!
b1000011101 (
b101011101 '
1&
#3105000000000
0!
#3105500000000
1!
b111010 (
b1010111011 '
#3106000000000
0!
#3106500000000
1!
b1110100 (
b101110111 '
0&
#3107000000000
0!
#3107500000000
1!
b11101000 (
b1011101111 '
1&
#3108000000000
0!
#3108500000000
1!
b111010000 (
b111011110 '
0&
#3109000000000
0!
#3109500000000
1!
b1110100000 (
b1110111101 '
#3110000000000
0!
#3110500000000
1!
b1101000000 (
b1101111010 '
#3111000000000
0!
#3111500000000
1!
b1010000000 (
b1011110101 '
#3112000000000
0!
#3112500000000
1!
b100000000 (
b111101010 '
#3113000000000
0!
#3113500000000
1!
b1000000001 (
b1111010100 '
#3114000000000
0!
#3114500000000
1!
b11 (
b1110101000 '
1&
#3115000000000
0!
#3115500000000
1!
b111 (
b1101010001 '
#3116000000000
0!
#3116500000000
1!
b1110 (
b1010100011 '
#3117000000000
0!
#3117500000000
1!
b11100 (
b101000111 '
0&
#3118000000000
0!
#3118500000000
1!
b111001 (
b1010001111 '
1&
#3119000000000
0!
#3119500000000
1!
b1110011 (
b100011110 '
0&
#3120000000000
0!
#3120500000000
1!
b11100110 (
b1000111101 '
1&
#3121000000000
0!
#3121500000000
1!
b111001100 (
b1111010 '
0&
#3122000000000
0!
#3122500000000
1!
b1110011001 (
b11110100 '
1&
#3123000000000
0!
#3123500000000
1!
b1100110011 (
b111101001 '
#3124000000000
0!
#3124500000000
1!
b1001100110 (
b1111010010 '
0&
#3125000000000
0!
#3125500000000
1!
b11001100 (
b1110100101 '
1&
#3126000000000
0!
#3126500000000
1!
b110011000 (
b1101001010 '
#3127000000000
0!
#3127500000000
1!
b1100110000 (
b1010010101 '
0&
#3128000000000
0!
#3128500000000
1!
b1001100001 (
b100101010 '
1&
#3129000000000
0!
#3129500000000
1!
b11000010 (
b1001010100 '
#3130000000000
0!
#3130500000000
1!
b110000100 (
b10101000 '
0&
#3131000000000
0!
#3131500000000
1!
b1100001001 (
b101010000 '
1&
#3132000000000
0!
#3132500000000
1!
b1000010010 (
b1010100000 '
0&
#3133000000000
0!
#3133500000000
1!
b100100 (
b101000001 '
#3134000000000
0!
#3134500000000
1!
b1001000 (
b1010000010 '
1&
#3135000000000
0!
#3135500000000
1!
b10010000 (
b100000101 '
0&
#3136000000000
0!
#3136500000000
1!
b100100001 (
b1000001011 '
1&
#3137000000000
0!
#3137500000000
1!
b1001000010 (
b10111 '
#3138000000000
0!
#3138500000000
1!
b10000100 (
b101111 '
0&
#3139000000000
0!
#3139500000000
1!
b100001000 (
b1011111 '
#3140000000000
0!
#3140500000000
1!
b1000010001 (
b10111111 '
1&
#3141000000000
0!
#3141500000000
1!
b100011 (
b101111111 '
0&
#3142000000000
0!
#3142500000000
1!
b1000110 (
b1011111111 '
1&
#3143000000000
0!
#3143500000000
1!
b10001100 (
b111111110 '
0&
#3144000000000
0!
#3144500000000
1!
b100011000 (
b1111111101 '
1&
#3145000000000
0!
#3145500000000
1!
b1000110001 (
b1111111010 '
0&
#3146000000000
0!
#3146500000000
1!
b1100010 (
b1111110101 '
1&
#3147000000000
0!
#3147500000000
1!
b11000100 (
b1111101010 '
#3148000000000
0!
#3148500000000
1!
b110001000 (
b1111010101 '
#3149000000000
0!
#3149500000000
1!
b1100010000 (
b1110101010 '
0&
#3150000000000
0!
#3150500000000
1!
b1000100000 (
b1101010101 '
#3151000000000
0!
#3151500000000
1!
b1000000 (
b1010101010 '
1&
#3152000000000
0!
#3152500000000
1!
b10000000 (
b101010101 '
0&
#3153000000000
0!
#3153500000000
1!
b100000001 (
b1010101011 '
1&
#3154000000000
0!
#3154500000000
1!
b1000000011 (
b101010111 '
#3155000000000
0!
#3155500000000
1!
b110 (
b1010101111 '
#3156000000000
0!
#3156500000000
1!
b1100 (
b101011110 '
0&
#3157000000000
0!
#3157500000000
1!
b11001 (
b1010111101 '
1&
#3158000000000
0!
#3158500000000
1!
b110010 (
b101111010 '
0&
#3159000000000
0!
#3159500000000
1!
b1100100 (
b1011110100 '
1&
#3160000000000
0!
#3160500000000
1!
b11001000 (
b111101000 '
0&
#3161000000000
0!
#3161500000000
1!
b110010001 (
b1111010000 '
1&
#3162000000000
0!
#3162500000000
1!
b1100100010 (
b1110100001 '
0&
#3163000000000
0!
#3163500000000
1!
b1001000100 (
b1101000011 '
#3164000000000
0!
#3164500000000
1!
b10001000 (
b1010000111 '
1&
#3165000000000
0!
#3165500000000
1!
b100010001 (
b100001110 '
0&
#3166000000000
0!
#3166500000000
1!
b1000100011 (
b1000011101 '
#3167000000000
0!
#3167500000000
1!
b1000111 (
b111010 '
#3168000000000
0!
#3168500000000
1!
b10001110 (
b1110100 '
#3169000000000
0!
#3169500000000
1!
b100011101 (
b11101001 '
#3170000000000
0!
#3170500000000
1!
b1000111010 (
b111010010 '
1&
#3171000000000
0!
#3171500000000
1!
b1110101 (
b1110100100 '
#3172000000000
0!
#3172500000000
1!
b11101010 (
b1101001000 '
#3173000000000
0!
#3173500000000
1!
b111010101 (
b1010010001 '
#3174000000000
0!
#3174500000000
1!
b1110101011 (
b100100011 '
#3175000000000
0!
#3175500000000
1!
b1101010111 (
b1001000110 '
0&
#3176000000000
0!
#3176500000000
1!
b1010101110 (
b10001100 '
1&
#3177000000000
0!
#3177500000000
1!
b101011101 (
b100011001 '
0&
#3178000000000
0!
#3178500000000
1!
b1010111010 (
b1000110010 '
#3179000000000
0!
#3179500000000
1!
b101110100 (
b1100101 '
#3180000000000
0!
#3180500000000
1!
b1011101001 (
b11001011 '
1&
#3181000000000
0!
#3181500000000
1!
b111010011 (
b110010110 '
0&
#3182000000000
0!
#3182500000000
1!
b1110100111 (
b1100101101 '
#3183000000000
0!
#3183500000000
1!
b1101001110 (
b1001011010 '
#3184000000000
0!
#3184500000000
1!
b1010011100 (
b10110101 '
1&
#3185000000000
0!
#3185500000000
1!
b100111001 (
b101101011 '
0&
#3186000000000
0!
#3186500000000
1!
b1001110010 (
b1011010110 '
#3187000000000
0!
#3187500000000
1!
b11100101 (
b110101100 '
#3188000000000
0!
#3188500000000
1!
b111001011 (
b1101011001 '
1&
#3189000000000
0!
#3189500000000
1!
b1110010111 (
b1010110011 '
0&
#3190000000000
0!
#3190500000000
1!
b1100101111 (
b101100111 '
1&
#3191000000000
0!
#3191500000000
1!
b1001011111 (
b1011001111 '
0&
#3192000000000
0!
#3192500000000
1!
b10111111 (
b110011110 '
#3193000000000
0!
#3193500000000
1!
b101111110 (
b1100111101 '
1&
#3194000000000
0!
#3194500000000
1!
b1011111100 (
b1001111010 '
0&
#3195000000000
0!
#3195500000000
1!
b111111000 (
b11110101 '
#3196000000000
0!
#3196500000000
1!
b1111110001 (
b111101011 '
1&
#3197000000000
0!
#3197500000000
1!
b1111100010 (
b1111010110 '
0&
#3198000000000
0!
#3198500000000
1!
b1111000101 (
b1110101100 '
#3199000000000
0!
#3199500000000
1!
b1110001010 (
b1101011000 '
#3200000000000
0!
#3200500000000
1!
b1100010100 (
b1010110001 '
#3201000000000
0!
#3201500000000
1!
b1000101001 (
b101100011 '
1&
#3202000000000
0!
#3202500000000
1!
b1010010 (
b1011000110 '
#3203000000000
0!
#3203500000000
1!
b10100101 (
b110001100 '
0&
#3204000000000
0!
#3204500000000
1!
b101001011 (
b1100011001 '
1&
#3205000000000
0!
#3205500000000
1!
b1010010110 (
b1000110011 '
0&
#3206000000000
0!
#3206500000000
1!
b100101100 (
b1100111 '
#3207000000000
0!
#3207500000000
1!
b1001011001 (
b11001111 '
1&
#3208000000000
0!
#3208500000000
1!
b10110011 (
b110011111 '
0&
#3209000000000
0!
#3209500000000
1!
b101100111 (
b1100111111 '
1&
#3210000000000
0!
#3210500000000
1!
b1011001110 (
b1001111110 '
0&
#3211000000000
0!
#3211500000000
1!
b110011100 (
b11111100 '
#3212000000000
0!
#3212500000000
1!
b1100111001 (
b111111001 '
1&
#3213000000000
0!
#3213500000000
1!
b1001110011 (
b1111110010 '
0&
#3214000000000
0!
#3214500000000
1!
b11100111 (
b1111100101 '
1&
#3215000000000
0!
#3215500000000
1!
b111001110 (
b1111001010 '
#3216000000000
0!
#3216500000000
1!
b1110011100 (
b1110010101 '
0&
#3217000000000
0!
#3217500000000
1!
b1100111000 (
b1100101010 '
#3218000000000
0!
#3218500000000
1!
b1001110001 (
b1001010101 '
#3219000000000
0!
#3219500000000
1!
b11100010 (
b10101010 '
#3220000000000
0!
#3220500000000
1!
b111000101 (
b101010100 '
#3221000000000
0!
#3221500000000
1!
b1110001011 (
b1010101001 '
#3222000000000
0!
#3222500000000
1!
b1100010110 (
b101010011 '
1&
#3223000000000
0!
#3223500000000
1!
b1000101100 (
b1010100110 '
0&
#3224000000000
0!
#3224500000000
1!
b1011001 (
b101001100 '
#3225000000000
0!
#3225500000000
1!
b10110010 (
b1010011001 '
1&
#3226000000000
0!
#3226500000000
1!
b101100101 (
b100110011 '
0&
#3227000000000
0!
#3227500000000
1!
b1011001011 (
b1001100110 '
#3228000000000
0!
#3228500000000
1!
b110010111 (
b11001100 '
#3229000000000
0!
#3229500000000
1!
b1100101110 (
b110011001 '
1&
#3230000000000
0!
#3230500000000
1!
b1001011101 (
b1100110010 '
0&
#3231000000000
0!
#3231500000000
1!
b10111010 (
b1001100101 '
1&
#3232000000000
0!
#3232500000000
1!
b101110101 (
b11001010 '
0&
#3233000000000
0!
#3233500000000
1!
b1011101011 (
b110010100 '
1&
#3234000000000
0!
#3234500000000
1!
b111010110 (
b1100101001 '
#3235000000000
0!
#3235500000000
1!
b1110101100 (
b1001010011 '
0&
#3236000000000
0!
#3236500000000
1!
b1101011001 (
b10100111 '
1&
#3237000000000
0!
#3237500000000
1!
b1010110010 (
b101001111 '
#3238000000000
0!
#3238500000000
1!
b101100100 (
b1010011111 '
#3239000000000
0!
#3239500000000
1!
b1011001001 (
b100111110 '
#3240000000000
0!
#3240500000000
1!
b110010010 (
b1001111101 '
#3241000000000
0!
#3241500000000
1!
b1100100101 (
b11111010 '
#3242000000000
0!
#3242500000000
1!
b1001001010 (
b111110100 '
#3243000000000
0!
#3243500000000
1!
b10010100 (
b1111101001 '
#3244000000000
0!
#3244500000000
1!
b100101000 (
b1111010011 '
#3245000000000
0!
#3245500000000
1!
b1001010000 (
b1110100111 '
0&
#3246000000000
0!
#3246500000000
1!
b10100001 (
b1101001110 '
1&
#3247000000000
0!
#3247500000000
1!
b101000010 (
b1010011100 '
#3248000000000
0!
#3248500000000
1!
b1010000100 (
b100111000 '
#3249000000000
0!
#3249500000000
1!
b100001001 (
b1001110000 '
#3250000000000
0!
#3250500000000
1!
b1000010011 (
b11100001 '
#3251000000000
0!
#3251500000000
1!
b100110 (
b111000010 '
0&
#3252000000000
0!
#3252500000000
1!
b1001101 (
b1110000100 '
1&
#3253000000000
0!
#3253500000000
1!
b10011011 (
b1100001000 '
#3254000000000
0!
#3254500000000
1!
b100110110 (
b1000010001 '
#3255000000000
0!
#3255500000000
1!
b1001101100 (
b100011 '
#3256000000000
0!
#3256500000000
1!
b11011001 (
b1000110 '
0&
#3257000000000
0!
#3257500000000
1!
b110110011 (
b10001101 '
#3258000000000
0!
#3258500000000
1!
b1101100110 (
b100011011 '
1&
#3259000000000
0!
#3259500000000
1!
b1011001101 (
b1000110110 '
0&
#3260000000000
0!
#3260500000000
1!
b110011011 (
b1101100 '
#3261000000000
0!
#3261500000000
1!
b1100110111 (
b11011001 '
1&
#3262000000000
0!
#3262500000000
1!
b1001101111 (
b110110010 '
#3263000000000
0!
#3263500000000
1!
b11011110 (
b1101100100 '
#3264000000000
0!
#3264500000000
1!
b110111101 (
b1011001000 '
#3265000000000
0!
#3265500000000
1!
b1101111010 (
b110010001 '
#3266000000000
0!
#3266500000000
1!
b1011110100 (
b1100100010 '
0&
#3267000000000
0!
#3267500000000
1!
b111101000 (
b1001000101 '
1&
#3268000000000
0!
#3268500000000
1!
b1111010001 (
b10001010 '
#3269000000000
0!
#3269500000000
1!
b1110100011 (
b100010100 '
#3270000000000
0!
#3270500000000
1!
b1101000111 (
b1000101001 '
0&
#3271000000000
0!
#3271500000000
1!
b1010001110 (
b1010011 '
1&
#3272000000000
0!
#3272500000000
1!
b100011100 (
b10100110 '
0&
#3273000000000
0!
#3273500000000
1!
b1000111000 (
b101001101 '
1&
#3274000000000
0!
#3274500000000
1!
b1110000 (
b1010011011 '
#3275000000000
0!
#3275500000000
1!
b11100001 (
b100110111 '
0&
#3276000000000
0!
#3276500000000
1!
b111000010 (
b1001101111 '
1&
#3277000000000
0!
#3277500000000
1!
b1110000101 (
b11011110 '
#3278000000000
0!
#3278500000000
1!
b1100001010 (
b110111101 '
#3279000000000
0!
#3279500000000
1!
b1000010101 (
b1101111011 '
0&
#3280000000000
0!
#3280500000000
1!
b101010 (
b1011110111 '
1&
#3281000000000
0!
#3281500000000
1!
b1010100 (
b111101110 '
0&
#3282000000000
0!
#3282500000000
1!
b10101001 (
b1111011101 '
1&
#3283000000000
0!
#3283500000000
1!
b101010010 (
b1110111010 '
#3284000000000
0!
#3284500000000
1!
b1010100100 (
b1101110101 '
0&
#3285000000000
0!
#3285500000000
1!
b101001000 (
b1011101010 '
1&
#3286000000000
0!
#3286500000000
1!
b1010010001 (
b111010101 '
#3287000000000
0!
#3287500000000
1!
b100100010 (
b1110101011 '
#3288000000000
0!
#3288500000000
1!
b1001000101 (
b1101010111 '
0&
#3289000000000
0!
#3289500000000
1!
b10001010 (
b1010101110 '
1&
#3290000000000
0!
#3290500000000
1!
b100010100 (
b101011100 '
0&
#3291000000000
0!
#3291500000000
1!
b1000101000 (
b1010111001 '
#3292000000000
0!
#3292500000000
1!
b1010000 (
b101110011 '
#3293000000000
0!
#3293500000000
1!
b10100000 (
b1011100110 '
1&
#3294000000000
0!
#3294500000000
1!
b101000000 (
b111001100 '
0&
#3295000000000
0!
#3295500000000
1!
b1010000001 (
b1110011001 '
#3296000000000
0!
#3296500000000
1!
b100000010 (
b1100110011 '
1&
#3297000000000
0!
#3297500000000
1!
b1000000100 (
b1001100111 '
0&
#3298000000000
0!
#3298500000000
1!
b1000 (
b11001110 '
#3299000000000
0!
#3299500000000
1!
b10000 (
b110011101 '
#3300000000000
0!
#3300500000000
1!
b100000 (
b1100111011 '
1&
#3301000000000
0!
#3301500000000
1!
b1000001 (
b1001110111 '
#3302000000000
0!
#3302500000000
1!
b10000010 (
b11101110 '
0&
#3303000000000
0!
#3303500000000
1!
b100000100 (
b111011101 '
#3304000000000
0!
#3304500000000
1!
b1000001000 (
b1110111011 '
#3305000000000
0!
#3305500000000
1!
b10001 (
b1101110111 '
1&
#3306000000000
0!
#3306500000000
1!
b100010 (
b1011101110 '
#3307000000000
0!
#3307500000000
1!
b1000100 (
b111011100 '
0&
#3308000000000
0!
#3308500000000
1!
b10001001 (
b1110111001 '
1&
#3309000000000
0!
#3309500000000
1!
b100010011 (
b1101110011 '
#3310000000000
0!
#3310500000000
1!
b1000100110 (
b1011100111 '
0&
#3311000000000
0!
#3311500000000
1!
b1001100 (
b111001110 '
#3312000000000
0!
#3312500000000
1!
b10011001 (
b1110011101 '
1&
#3313000000000
0!
#3313500000000
1!
b100110011 (
b1100111010 '
#3314000000000
0!
#3314500000000
1!
b1001100111 (
b1001110101 '
0&
#3315000000000
0!
#3315500000000
1!
b11001110 (
b11101010 '
#3316000000000
0!
#3316500000000
1!
b110011101 (
b111010100 '
#3317000000000
0!
#3317500000000
1!
b1100111011 (
b1110101001 '
#3318000000000
0!
#3318500000000
1!
b1001110110 (
b1101010011 '
#3319000000000
0!
#3319500000000
1!
b11101100 (
b1010100111 '
1&
#3320000000000
0!
#3320500000000
1!
b111011001 (
b101001110 '
0&
#3321000000000
0!
#3321500000000
1!
b1110110010 (
b1010011101 '
#3322000000000
0!
#3322500000000
1!
b1101100101 (
b100111010 '
1&
#3323000000000
0!
#3323500000000
1!
b1011001010 (
b1001110100 '
0&
#3324000000000
0!
#3324500000000
1!
b110010101 (
b11101000 '
#3325000000000
0!
#3325500000000
1!
b1100101011 (
b111010000 '
1&
#3326000000000
0!
#3326500000000
1!
b1001010110 (
b1110100000 '
0&
#3327000000000
0!
#3327500000000
1!
b10101101 (
b1101000001 '
1&
#3328000000000
0!
#3328500000000
1!
b101011011 (
b1010000011 '
#3329000000000
0!
#3329500000000
1!
b1010110110 (
b100000111 '
#3330000000000
0!
#3330500000000
1!
b101101101 (
b1000001111 '
#3331000000000
0!
#3331500000000
1!
b1011011011 (
b11110 '
#3332000000000
0!
#3332500000000
1!
b110110111 (
b111101 '
0&
#3333000000000
0!
#3333500000000
1!
b1101101111 (
b1111011 '
1&
#3334000000000
0!
#3334500000000
1!
b1011011111 (
b11110110 '
#3335000000000
0!
#3335500000000
1!
b110111110 (
b111101101 '
0&
#3336000000000
0!
#3336500000000
1!
b1101111101 (
b1111011011 '
#3337000000000
0!
#3337500000000
1!
b1011111010 (
b1110110111 '
#3338000000000
0!
#3338500000000
1!
b111110100 (
b1101101110 '
1&
#3339000000000
0!
#3339500000000
1!
b1111101000 (
b1011011100 '
0&
#3340000000000
0!
#3340500000000
1!
b1111010000 (
b110111000 '
1&
#3341000000000
0!
#3341500000000
1!
b1110100001 (
b1101110000 '
0&
#3342000000000
0!
#3342500000000
1!
b1101000010 (
b1011100001 '
#3343000000000
0!
#3343500000000
1!
b1010000101 (
b111000011 '
1&
#3344000000000
0!
#3344500000000
1!
b100001011 (
b1110000110 '
#3345000000000
0!
#3345500000000
1!
b1000010110 (
b1100001100 '
0&
#3346000000000
0!
#3346500000000
1!
b101101 (
b1000011000 '
1&
#3347000000000
0!
#3347500000000
1!
b1011010 (
b110001 '
0&
#3348000000000
0!
#3348500000000
1!
b10110101 (
b1100010 '
#3349000000000
0!
#3349500000000
1!
b101101011 (
b11000100 '
#3350000000000
0!
#3350500000000
1!
b1011010111 (
b110001001 '
1&
#3351000000000
0!
#3351500000000
1!
b110101110 (
b1100010010 '
#3352000000000
0!
#3352500000000
1!
b1101011101 (
b1000100101 '
0&
#3353000000000
0!
#3353500000000
1!
b1010111011 (
b1001010 '
1&
#3354000000000
0!
#3354500000000
1!
b101110110 (
b10010100 '
0&
#3355000000000
0!
#3355500000000
1!
b1011101100 (
b100101001 '
1&
#3356000000000
0!
#3356500000000
1!
b111011000 (
b1001010010 '
#3357000000000
0!
#3357500000000
1!
b1110110000 (
b10100101 '
#3358000000000
0!
#3358500000000
1!
b1101100000 (
b101001011 '
#3359000000000
0!
#3359500000000
1!
b1011000001 (
b1010010110 '
0&
#3360000000000
0!
#3360500000000
1!
b110000010 (
b100101100 '
#3361000000000
0!
#3361500000000
1!
b1100000101 (
b1001011001 '
#3362000000000
0!
#3362500000000
1!
b1000001011 (
b10110011 '
1&
#3363000000000
0!
#3363500000000
1!
b10110 (
b101100110 '
0&
#3364000000000
0!
#3364500000000
1!
b101100 (
b1011001101 '
1&
#3365000000000
0!
#3365500000000
1!
b1011000 (
b110011010 '
0&
#3366000000000
0!
#3366500000000
1!
b10110000 (
b1100110100 '
1&
#3367000000000
0!
#3367500000000
1!
b101100000 (
b1001101000 '
#3368000000000
0!
#3368500000000
1!
b1011000000 (
b11010001 '
#3369000000000
0!
#3369500000000
1!
b110000000 (
b110100010 '
0&
#3370000000000
0!
#3370500000000
1!
b1100000000 (
b1101000100 '
#3371000000000
0!
#3371500000000
1!
b1000000000 (
b1010001000 '
#3372000000000
0!
#3372500000000
1!
b1 (
b100010001 '
#3373000000000
0!
#3373500000000
1!
b10 (
b1000100010 '
1&
#3374000000000
0!
#3374500000000
1!
b101 (
b1000101 '
0&
#3375000000000
0!
#3375500000000
1!
b1011 (
b10001011 '
#3376000000000
0!
#3376500000000
1!
b10111 (
b100010110 '
#3377000000000
0!
#3377500000000
1!
b101110 (
b1000101101 '
1&
#3378000000000
0!
#3378500000000
1!
b1011101 (
b1011010 '
0&
#3379000000000
0!
#3379500000000
1!
b10111011 (
b10110100 '
#3380000000000
0!
#3380500000000
1!
b101110111 (
b101101001 '
#3381000000000
0!
#3381500000000
1!
b1011101110 (
b1011010010 '
#3382000000000
0!
#3382500000000
1!
b111011101 (
b110100101 '
#3383000000000
0!
#3383500000000
1!
b1110111011 (
b1101001011 '
#3384000000000
0!
#3384500000000
1!
b1101110111 (
b1010010111 '
#3385000000000
0!
#3385500000000
1!
b1011101111 (
b100101110 '
1&
#3386000000000
0!
#3386500000000
1!
b111011111 (
b1001011101 '
#3387000000000
0!
#3387500000000
1!
b1110111110 (
b10111010 '
#3388000000000
0!
#3388500000000
1!
b1101111100 (
b101110100 '
#3389000000000
0!
#3389500000000
1!
b1011111000 (
b1011101001 '
0&
#3390000000000
0!
#3390500000000
1!
b111110001 (
b111010011 '
#3391000000000
0!
#3391500000000
1!
b1111100011 (
b1110100110 '
#3392000000000
0!
#3392500000000
1!
b1111000111 (
b1101001100 '
#3393000000000
0!
#3393500000000
1!
b1110001111 (
b1010011000 '
#3394000000000
0!
#3394500000000
1!
b1100011111 (
b100110001 '
1&
#3395000000000
0!
#3395500000000
1!
b1000111110 (
b1001100010 '
0&
#3396000000000
0!
#3396500000000
1!
b1111100 (
b11000101 '
#3397000000000
0!
#3397500000000
1!
b11111000 (
b110001011 '
#3398000000000
0!
#3398500000000
1!
b111110000 (
b1100010110 '
1&
#3399000000000
0!
#3399500000000
1!
b1111100001 (
b1000101100 '
0&
#3400000000000
0!
#3400500000000
1!
b1111000010 (
b1011000 '
1&
#3401000000000
0!
#3401500000000
1!
b1110000100 (
b10110000 '
#3402000000000
0!
#3402500000000
1!
b1100001000 (
b101100000 '
#3403000000000
0!
#3403500000000
1!
b1000010000 (
b1011000000 '
0&
#3404000000000
0!
#3404500000000
1!
b100001 (
b110000001 '
#3405000000000
0!
#3405500000000
1!
b1000011 (
b1100000010 '
1&
#3406000000000
0!
#3406500000000
1!
b10000111 (
b1000000101 '
#3407000000000
0!
#3407500000000
1!
b100001111 (
b1010 '
0&
#3408000000000
0!
#3408500000000
1!
b1000011111 (
b10100 '
1&
#3409000000000
0!
#3409500000000
1!
b111111 (
b101001 '
0&
#3410000000000
0!
#3410500000000
1!
b1111111 (
b1010010 '
#3411000000000
0!
#3411500000000
1!
b11111111 (
b10100100 '
#3412000000000
0!
#3412500000000
1!
b111111110 (
b101001001 '
#3413000000000
0!
#3413500000000
1!
b1111111101 (
b1010010010 '
#3414000000000
0!
#3414500000000
1!
b1111111011 (
b100100101 '
1&
#3415000000000
0!
#3415500000000
1!
b1111110111 (
b1001001011 '
0&
#3416000000000
0!
#3416500000000
1!
b1111101110 (
b10010111 '
1&
#3417000000000
0!
#3417500000000
1!
b1111011100 (
b100101111 '
#3418000000000
0!
#3418500000000
1!
b1110111000 (
b1001011111 '
0&
#3419000000000
0!
#3419500000000
1!
b1101110000 (
b10111110 '
1&
#3420000000000
0!
#3420500000000
1!
b1011100001 (
b101111101 '
#3421000000000
0!
#3421500000000
1!
b111000011 (
b1011111011 '
#3422000000000
0!
#3422500000000
1!
b1110000111 (
b111110111 '
#3423000000000
0!
#3423500000000
1!
b1100001111 (
b1111101111 '
0&
#3424000000000
0!
#3424500000000
1!
b1000011110 (
b1111011110 '
#3425000000000
0!
#3425500000000
1!
b111101 (
b1110111100 '
1&
#3426000000000
0!
#3426500000000
1!
b1111010 (
b1101111000 '
#3427000000000
0!
#3427500000000
1!
b11110100 (
b1011110001 '
#3428000000000
0!
#3428500000000
1!
b111101001 (
b111100011 '
0&
#3429000000000
0!
#3429500000000
1!
b1111010011 (
b1111000110 '
#3430000000000
0!
#3430500000000
1!
b1110100110 (
b1110001100 '
#3431000000000
0!
#3431500000000
1!
b1101001100 (
b1100011000 '
#3432000000000
0!
#3432500000000
1!
b1010011001 (
b1000110001 '
#3433000000000
0!
#3433500000000
1!
b100110010 (
b1100011 '
#3434000000000
0!
#3434500000000
1!
b1001100101 (
b11000110 '
1&
#3435000000000
0!
#3435500000000
1!
b11001011 (
b110001101 '
0&
#3436000000000
0!
#3436500000000
1!
b110010110 (
b1100011011 '
1&
#3437000000000
0!
#3437500000000
1!
b1100101100 (
b1000110111 '
0&
#3438000000000
0!
#3438500000000
1!
b1001011000 (
b1101110 '
1&
#3439000000000
0!
#3439500000000
1!
b10110001 (
b11011101 '
0&
#3440000000000
0!
#3440500000000
1!
b101100010 (
b110111011 '
#3441000000000
0!
#3441500000000
1!
b1011000101 (
b1101110110 '
#3442000000000
0!
#3442500000000
1!
b110001011 (
b1011101100 '
1&
#3443000000000
0!
#3443500000000
1!
b1100010111 (
b111011000 '
#3444000000000
0!
#3444500000000
1!
b1000101110 (
b1110110000 '
0&
#3445000000000
0!
#3445500000000
1!
b1011100 (
b1101100001 '
1&
#3446000000000
0!
#3446500000000
1!
b10111001 (
b1011000011 '
#3447000000000
0!
#3447500000000
1!
b101110010 (
b110000111 '
0&
#3448000000000
0!
#3448500000000
1!
b1011100101 (
b1100001111 '
#3449000000000
0!
#3449500000000
1!
b111001010 (
b1000011110 '
1&
#3450000000000
0!
#3450500000000
1!
b1110010101 (
b111100 '
#3451000000000
0!
#3451500000000
1!
b1100101010 (
b1111001 '
#3452000000000
0!
#3452500000000
1!
b1001010100 (
b11110010 '
#3453000000000
0!
#3453500000000
1!
b10101000 (
b111100100 '
0&
#3454000000000
0!
#3454500000000
1!
b101010000 (
b1111001001 '
1&
#3455000000000
0!
#3455500000000
1!
b1010100001 (
b1110010011 '
0&
#3456000000000
0!
#3456500000000
1!
b101000011 (
b1100100111 '
1&
#3457000000000
0!
#3457500000000
1!
b1010000110 (
b1001001110 '
0&
#3458000000000
0!
#3458500000000
1!
b100001100 (
b10011100 '
#3459000000000
0!
#3459500000000
1!
b1000011000 (
b100111001 '
1&
#3460000000000
0!
#3460500000000
1!
b110001 (
b1001110010 '
#3461000000000
0!
#3461500000000
1!
b1100011 (
b11100101 '
0&
#3462000000000
0!
#3462500000000
1!
b11000110 (
b111001011 '
#3463000000000
0!
#3463500000000
1!
b110001101 (
b1110010110 '
1&
#3464000000000
0!
#3464500000000
1!
b1100011011 (
b1100101100 '
0&
#3465000000000
0!
#3465500000000
1!
b1000110111 (
b1001011000 '
#3466000000000
0!
#3466500000000
1!
b1101110 (
b10110001 '
#3467000000000
0!
#3467500000000
1!
b11011101 (
b101100010 '
#3468000000000
0!
#3468500000000
1!
b110111010 (
b1011000100 '
1&
#3469000000000
0!
#3469500000000
1!
b1101110100 (
b110001000 '
#3470000000000
0!
#3470500000000
1!
b1011101000 (
b1100010000 '
0&
#3471000000000
0!
#3471500000000
1!
b111010001 (
b1000100001 '
1&
#3472000000000
0!
#3472500000000
1!
b1110100010 (
b1000011 '
#3473000000000
0!
#3473500000000
1!
b1101000101 (
b10000110 '
#3474000000000
0!
#3474500000000
1!
b1010001011 (
b100001101 '
#3475000000000
0!
#3475500000000
1!
b100010111 (
b1000011011 '
#3476000000000
0!
#3476500000000
1!
b1000101111 (
b110111 '
#3477000000000
0!
#3477500000000
1!
b1011110 (
b1101111 '
0&
#3478000000000
0!
#3478500000000
1!
b10111100 (
b11011111 '
#3479000000000
0!
#3479500000000
1!
b101111001 (
b110111111 '
#3480000000000
0!
#3480500000000
1!
b1011110010 (
b1101111111 '
#3481000000000
0!
#3481500000000
1!
b111100100 (
b1011111110 '
1&
#3482000000000
0!
#3482500000000
1!
b1111001000 (
b111111100 '
#3483000000000
0!
#3483500000000
1!
b1110010001 (
b1111111001 '
0&
#3484000000000
0!
#3484500000000
1!
b1100100011 (
b1111110011 '
#3485000000000
0!
#3485500000000
1!
b1001000110 (
b1111100111 '
#3486000000000
0!
#3486500000000
1!
b10001101 (
b1111001110 '
1&
#3487000000000
0!
#3487500000000
1!
b100011010 (
b1110011100 '
#3488000000000
0!
#3488500000000
1!
b1000110100 (
b1100111000 '
0&
#3489000000000
0!
#3489500000000
1!
b1101001 (
b1001110001 '
1&
#3490000000000
0!
#3490500000000
1!
b11010011 (
b11100011 '
0&
#3491000000000
0!
#3491500000000
1!
b110100110 (
b111000110 '
#3492000000000
0!
#3492500000000
1!
b1101001101 (
b1110001101 '
#3493000000000
0!
#3493500000000
1!
b1010011011 (
b1100011010 '
#3494000000000
0!
#3494500000000
1!
b100110111 (
b1000110101 '
1&
#3495000000000
0!
#3495500000000
1!
b1001101110 (
b1101010 '
#3496000000000
0!
#3496500000000
1!
b11011100 (
b11010100 '
0&
#3497000000000
0!
#3497500000000
1!
b110111000 (
b110101001 '
#3498000000000
0!
#3498500000000
1!
b1101110001 (
b1101010010 '
#3499000000000
0!
#3499500000000
1!
b1011100011 (
b1010100101 '
#3500000000000
0!
#3500500000000
1!
b111000110 (
b101001010 '
#3501000000000
0!
#3501500000000
1!
b1110001100 (
b1010010100 '
#3502000000000
0!
#3502500000000
1!
b1100011000 (
b100101000 '
1&
#3503000000000
0!
#3503500000000
1!
b1000110000 (
b1001010000 '
0&
#3504000000000
0!
#3504500000000
1!
b1100000 (
b10100001 '
#3505000000000
0!
#3505500000000
1!
b11000001 (
b101000010 '
#3506000000000
0!
#3506500000000
1!
b110000011 (
b1010000100 '
1&
#3507000000000
0!
#3507500000000
1!
b1100000111 (
b100001000 '
#3508000000000
0!
#3508500000000
1!
b1000001110 (
b1000010000 '
0&
#3509000000000
0!
#3509500000000
1!
b11101 (
b100001 '
#3510000000000
0!
#3510500000000
1!
b111011 (
b1000010 '
#3511000000000
0!
#3511500000000
1!
b1110110 (
b10000100 '
#3512000000000
0!
#3512500000000
1!
b11101101 (
b100001001 '
#3513000000000
0!
#3513500000000
1!
b111011011 (
b1000010010 '
1&
#3514000000000
0!
#3514500000000
1!
b1110110111 (
b100101 '
#3515000000000
0!
#3515500000000
1!
b1101101110 (
b1001011 '
#3516000000000
0!
#3516500000000
1!
b1011011101 (
b10010110 '
#3517000000000
0!
#3517500000000
1!
b110111011 (
b100101101 '
0&
#3518000000000
0!
#3518500000000
1!
b1101110110 (
b1001011011 '
#3519000000000
0!
#3519500000000
1!
b1011101101 (
b10110111 '
1&
#3520000000000
0!
#3520500000000
1!
b111011010 (
b101101111 '
0&
#3521000000000
0!
#3521500000000
1!
b1110110101 (
b1011011111 '
#3522000000000
0!
#3522500000000
1!
b1101101011 (
b110111110 '
1&
#3523000000000
0!
#3523500000000
1!
b1011010110 (
b1101111101 '
0&
#3524000000000
0!
#3524500000000
1!
b110101100 (
b1011111010 '
1&
#3525000000000
0!
#3525500000000
1!
b1101011000 (
b111110101 '
#3526000000000
0!
#3526500000000
1!
b1010110000 (
b1111101011 '
0&
#3527000000000
0!
#3527500000000
1!
b101100001 (
b1111010111 '
1&
#3528000000000
0!
#3528500000000
1!
b1011000010 (
b1110101110 '
0&
#3529000000000
0!
#3529500000000
1!
b110000101 (
b1101011100 '
1&
#3530000000000
0!
#3530500000000
1!
b1100001011 (
b1010111000 '
0&
#3531000000000
0!
#3531500000000
1!
b1000010111 (
b101110001 '
1&
#3532000000000
0!
#3532500000000
1!
b101111 (
b1011100010 '
#3533000000000
0!
#3533500000000
1!
b1011111 (
b111000101 '
0&
#3534000000000
0!
#3534500000000
1!
b10111110 (
b1110001011 '
1&
#3535000000000
0!
#3535500000000
1!
b101111100 (
b1100010111 '
#3536000000000
0!
#3536500000000
1!
b1011111001 (
b1000101110 '
0&
#3537000000000
0!
#3537500000000
1!
b111110011 (
b1011100 '
#3538000000000
0!
#3538500000000
1!
b1111100110 (
b10111001 '
1&
#3539000000000
0!
#3539500000000
1!
b1111001100 (
b101110010 '
#3540000000000
0!
#3540500000000
1!
b1110011000 (
b1011100100 '
0&
#3541000000000
0!
#3541500000000
1!
b1100110001 (
b111001000 '
1&
#3542000000000
0!
#3542500000000
1!
b1001100011 (
b1110010000 '
0&
#3543000000000
0!
#3543500000000
1!
b11000111 (
b1100100001 '
1&
#3544000000000
0!
#3544500000000
1!
b110001111 (
b1001000011 '
#3545000000000
0!
#3545500000000
1!
b1100011110 (
b10000111 '
#3546000000000
0!
#3546500000000
1!
b1000111100 (
b100001111 '
#3547000000000
0!
#3547500000000
1!
b1111001 (
b1000011111 '
#3548000000000
0!
#3548500000000
1!
b11110011 (
b111110 '
0&
#3549000000000
0!
#3549500000000
1!
b111100111 (
b1111101 '
#3550000000000
0!
#3550500000000
1!
b1111001111 (
b11111011 '
1&
#3551000000000
0!
#3551500000000
1!
b1110011111 (
b111110110 '
#3552000000000
0!
#3552500000000
1!
b1100111111 (
b1111101101 '
0&
#3553000000000
0!
#3553500000000
1!
b1001111111 (
b1111011010 '
#3554000000000
0!
#3554500000000
1!
b11111110 (
b1110110101 '
1&
#3555000000000
0!
#3555500000000
1!
b111111100 (
b1101101010 '
#3556000000000
0!
#3556500000000
1!
b1111111000 (
b1011010101 '
0&
#3557000000000
0!
#3557500000000
1!
b1111110000 (
b110101010 '
1&
#3558000000000
0!
#3558500000000
1!
b1111100000 (
b1101010100 '
0&
#3559000000000
0!
#3559500000000
1!
b1111000000 (
b1010101000 '
#3560000000000
0!
#3560500000000
1!
b1110000001 (
b101010001 '
1&
#3561000000000
0!
#3561500000000
1!
b1100000011 (
b1010100010 '
0&
#3562000000000
0!
#3562500000000
1!
b1000000111 (
b101000101 '
1&
#3563000000000
0!
#3563500000000
1!
b1111 (
b1010001011 '
#3564000000000
0!
#3564500000000
1!
b11110 (
b100010111 '
0&
#3565000000000
0!
#3565500000000
1!
b111100 (
b1000101111 '
1&
#3566000000000
0!
#3566500000000
1!
b1111000 (
b1011110 '
0&
#3567000000000
0!
#3567500000000
1!
b11110001 (
b10111101 '
#3568000000000
0!
#3568500000000
1!
b111100010 (
b101111011 '
#3569000000000
0!
#3569500000000
1!
b1111000100 (
b1011110110 '
#3570000000000
0!
#3570500000000
1!
b1110001000 (
b111101100 '
1&
#3571000000000
0!
#3571500000000
1!
b1100010001 (
b1111011001 '
0&
#3572000000000
0!
#3572500000000
1!
b1000100010 (
b1110110011 '
#3573000000000
0!
#3573500000000
1!
b1000101 (
b1101100111 '
1&
#3574000000000
0!
#3574500000000
1!
b10001011 (
b1011001110 '
#3575000000000
0!
#3575500000000
1!
b100010110 (
b110011100 '
0&
#3576000000000
0!
#3576500000000
1!
b1000101101 (
b1100111001 '
#3577000000000
0!
#3577500000000
1!
b1011011 (
b1001110011 '
1&
#3578000000000
0!
#3578500000000
1!
b10110111 (
b11100111 '
0&
#3579000000000
0!
#3579500000000
1!
b101101110 (
b111001111 '
#3580000000000
0!
#3580500000000
1!
b1011011100 (
b1110011111 '
#3581000000000
0!
#3581500000000
1!
b110111001 (
b1100111110 '
1&
#3582000000000
0!
#3582500000000
1!
b1101110011 (
b1001111100 '
0&
#3583000000000
0!
#3583500000000
1!
b1011100110 (
b11111000 '
1&
#3584000000000
0!
#3584500000000
1!
b111001101 (
b111110000 '
0&
#3585000000000
0!
#3585500000000
1!
b1110011011 (
b1111100000 '
#3586000000000
0!
#3586500000000
1!
b1100110110 (
b1111000001 '
#3587000000000
0!
#3587500000000
1!
b1001101101 (
b1110000011 '
#3588000000000
0!
#3588500000000
1!
b11011011 (
b1100000111 '
1&
#3589000000000
0!
#3589500000000
1!
b110110110 (
b1000001110 '
#3590000000000
0!
#3590500000000
1!
b1101101101 (
b11100 '
#3591000000000
0!
#3591500000000
1!
b1011011010 (
b111001 '
#3592000000000
0!
#3592500000000
1!
b110110101 (
b1110010 '
0&
#3593000000000
0!
#3593500000000
1!
b1101101010 (
b11100100 '
1&
#3594000000000
0!
#3594500000000
1!
b1011010100 (
b111001001 '
#3595000000000
0!
#3595500000000
1!
b110101001 (
b1110010010 '
#3596000000000
0!
#3596500000000
1!
b1101010011 (
b1100100101 '
0&
#3597000000000
0!
#3597500000000
1!
b1010100111 (
b1001001010 '
#3598000000000
0!
#3598500000000
1!
b101001111 (
b10010101 '
#3599000000000
0!
#3599500000000
1!
b1010011111 (
b100101011 '
1&
#3600000000000
0!
#3600500000000
1!
b100111110 (
b1001010110 '
#3601000000000
0!
#3601500000000
1!
b1001111100 (
b10101100 '
#3602000000000
0!
#3602500000000
1!
b11111001 (
b101011001 '
0&
#3603000000000
0!
#3603500000000
1!
b111110010 (
b1010110010 '
1&
#3604000000000
0!
#3604500000000
1!
b1111100100 (
b101100101 '
#3605000000000
0!
#3605500000000
1!
b1111001001 (
b1011001011 '
0&
#3606000000000
0!
#3606500000000
1!
b1110010011 (
b110010111 '
1&
#3607000000000
0!
#3607500000000
1!
b1100100110 (
b1100101111 '
0&
#3608000000000
0!
#3608500000000
1!
b1001001101 (
b1001011110 '
#3609000000000
0!
#3609500000000
1!
b10011010 (
b10111100 '
#3610000000000
0!
#3610500000000
1!
b100110100 (
b101111001 '
#3611000000000
0!
#3611500000000
1!
b1001101001 (
b1011110010 '
#3612000000000
0!
#3612500000000
1!
b11010010 (
b111100101 '
#3613000000000
0!
#3613500000000
1!
b110100100 (
b1111001011 '
1&
#3614000000000
0!
#3614500000000
1!
b1101001000 (
b1110010111 '
0&
#3615000000000
0!
#3615500000000
1!
b1010010000 (
b1100101110 '
#3616000000000
0!
#3616500000000
1!
b100100000 (
b1001011100 '
1&
#3617000000000
0!
#3617500000000
1!
b1001000000 (
b10111000 '
#3618000000000
0!
#3618500000000
1!
b10000001 (
b101110000 '
0&
#3619000000000
0!
#3619500000000
1!
b100000011 (
b1011100000 '
1&
#3620000000000
0!
#3620500000000
1!
b1000000110 (
b111000001 '
#3621000000000
0!
#3621500000000
1!
b1101 (
b1110000010 '
#3622000000000
0!
#3622500000000
1!
b11011 (
b1100000101 '
#3623000000000
0!
#3623500000000
1!
b110111 (
b1000001010 '
#3624000000000
0!
#3624500000000
1!
b1101111 (
b10101 '
0&
#3625000000000
0!
#3625500000000
1!
b11011111 (
b101011 '
#3626000000000
0!
#3626500000000
1!
b110111111 (
b1010110 '
#3627000000000
0!
#3627500000000
1!
b1101111111 (
b10101101 '
1&
#3628000000000
0!
#3628500000000
1!
b1011111111 (
b101011011 '
#3629000000000
0!
#3629500000000
1!
b111111111 (
b1010110110 '
#3630000000000
0!
#3630500000000
1!
b1111111111 (
b101101100 '
#3631000000000
0!
#3631500000000
1!
b1111111110 (
b1011011001 '
0&
#3632000000000
0!
#3632500000000
1!
b1111111100 (
b110110011 '
1&
#3633000000000
0!
#3633500000000
1!
b1111111001 (
b1101100110 '
0&
#3634000000000
0!
#3634500000000
1!
b1111110010 (
b1011001100 '
#3635000000000
0!
#3635500000000
1!
b1111100101 (
b110011000 '
1&
#3636000000000
0!
#3636500000000
1!
b1111001011 (
b1100110000 '
0&
#3637000000000
0!
#3637500000000
1!
b1110010110 (
b1001100001 '
#3638000000000
0!
#3638500000000
1!
b1100101101 (
b11000011 '
1&
#3639000000000
0!
#3639500000000
1!
b1001011010 (
b110000110 '
#3640000000000
0!
#3640500000000
1!
b10110100 (
b1100001101 '
#3641000000000
0!
#3641500000000
1!
b101101001 (
b1000011010 '
#3642000000000
0!
#3642500000000
1!
b1011010010 (
b110101 '
#3643000000000
0!
#3643500000000
1!
b110100101 (
b1101011 '
0&
#3644000000000
0!
#3644500000000
1!
b1101001010 (
b11010110 '
1&
#3645000000000
0!
#3645500000000
1!
b1010010101 (
b110101101 '
#3646000000000
0!
#3646500000000
1!
b100101011 (
b1101011011 '
#3647000000000
0!
#3647500000000
1!
b1001010111 (
b1010110111 '
0&
#3648000000000
0!
#3648500000000
1!
b10101111 (
b101101110 '
#3649000000000
0!
#3649500000000
1!
b101011110 (
b1011011101 '
1&
#3650000000000
0!
#3650500000000
1!
b1010111101 (
b110111010 '
#3651000000000
0!
#3651500000000
1!
b101111010 (
b1101110100 '
#3652000000000
0!
#3652500000000
1!
b1011110101 (
b1011101000 '
0&
#3653000000000
0!
#3653500000000
1!
b111101010 (
b111010001 '
#3654000000000
0!
#3654500000000
1!
b1111010100 (
b1110100010 '
#3655000000000
0!
#3655500000000
1!
b1110101000 (
b1101000101 '
#3656000000000
0!
#3656500000000
1!
b1101010000 (
b1010001010 '
#3657000000000
0!
#3657500000000
1!
b1010100000 (
b100010101 '
1&
#3658000000000
0!
#3658500000000
1!
b101000001 (
b1000101011 '
#3659000000000
0!
#3659500000000
1!
b1010000011 (
b1010111 '
#3660000000000
0!
#3660500000000
1!
b100000111 (
b10101111 '
0&
#3661000000000
0!
#3661500000000
1!
b1000001111 (
b101011111 '
1&
#3662000000000
0!
#3662500000000
1!
b11111 (
b1010111111 '
#3663000000000
0!
#3663500000000
1!
b111110 (
b101111110 '
0&
#3664000000000
0!
#3664500000000
1!
b1111101 (
b1011111101 '
1&
#3665000000000
0!
#3665500000000
1!
b11111010 (
b111111010 '
0&
#3666000000000
0!
#3666500000000
1!
b111110101 (
b1111110100 '
1&
#3667000000000
0!
#3667500000000
1!
b1111101010 (
b1111101000 '
0&
#3668000000000
0!
#3668500000000
1!
b1111010101 (
b1111010001 '
#3669000000000
0!
#3669500000000
1!
b1110101010 (
b1110100011 '
#3670000000000
0!
#3670500000000
1!
b1101010101 (
b1101000111 '
#3671000000000
0!
#3671500000000
1!
b1010101011 (
b1010001110 '
#3672000000000
0!
#3672500000000
1!
b101010110 (
b100011100 '
#3673000000000
0!
#3673500000000
1!
b1010101101 (
b1000111001 '
#3674000000000
0!
#3674500000000
1!
b101011010 (
b1110011 '
#3675000000000
0!
#3675500000000
1!
b1010110100 (
b11100110 '
1&
#3676000000000
0!
#3676500000000
1!
b101101000 (
b111001101 '
0&
#3677000000000
0!
#3677500000000
1!
b1011010000 (
b1110011011 '
#3678000000000
0!
#3678500000000
1!
b110100000 (
b1100110111 '
1&
#3679000000000
0!
#3679500000000
1!
b1101000001 (
b1001101110 '
0&
#3680000000000
0!
#3680500000000
1!
b1010000010 (
b11011100 '
1&
#3681000000000
0!
#3681500000000
1!
b100000101 (
b110111001 '
0&
#3682000000000
0!
#3682500000000
1!
b1000001010 (
b1101110010 '
#3683000000000
0!
#3683500000000
1!
b10100 (
b1011100101 '
1&
#3684000000000
0!
#3684500000000
1!
b101001 (
b111001010 '
0&
#3685000000000
0!
#3685500000000
1!
b1010011 (
b1110010100 '
1&
#3686000000000
0!
#3686500000000
1!
b10100111 (
b1100101000 '
#3687000000000
0!
#3687500000000
1!
b101001110 (
b1001010001 '
#3688000000000
0!
#3688500000000
1!
b1010011101 (
b10100011 '
#3689000000000
0!
#3689500000000
1!
b100111011 (
b101000110 '
0&
#3690000000000
0!
#3690500000000
1!
b1001110111 (
b1010001101 '
#3691000000000
0!
#3691500000000
1!
b11101110 (
b100011010 '
#3692000000000
0!
#3692500000000
1!
b111011100 (
b1000110100 '
1&
#3693000000000
0!
#3693500000000
1!
b1110111001 (
b1101000 '
#3694000000000
0!
#3694500000000
1!
b1101110010 (
b11010000 '
#3695000000000
0!
#3695500000000
1!
b1011100100 (
b110100000 '
#3696000000000
0!
#3696500000000
1!
b111001000 (
b1101000000 '
#3697000000000
0!
#3697500000000
1!
b1110010000 (
b1010000001 '
0&
#3698000000000
0!
#3698500000000
1!
b1100100001 (
b100000011 '
1&
#3699000000000
0!
#3699500000000
1!
b1001000011 (
b1000000110 '
0&
#3700000000000
0!
#3700500000000
1!
b10000110 (
b1100 '
#3701000000000
0!
#3701500000000
1!
b100001101 (
b11001 '
#3702000000000
0!
#3702500000000
1!
b1000011010 (
b110010 '
1&
#3703000000000
0!
#3703500000000
1!
b110100 (
b1100100 '
0&
#3704000000000
0!
#3704500000000
1!
b1101000 (
b11001001 '
#3705000000000
0!
#3705500000000
1!
b11010001 (
b110010010 '
#3706000000000
0!
#3706500000000
1!
b110100011 (
b1100100100 '
1&
#3707000000000
0!
#3707500000000
1!
b1101000110 (
b1001001000 '
0&
#3708000000000
0!
#3708500000000
1!
b1010001100 (
b10010001 '
1&
#3709000000000
0!
#3709500000000
1!
b100011001 (
b100100010 '
0&
#3710000000000
0!
#3710500000000
1!
b1000110011 (
b1001000100 '
#3711000000000
0!
#3711500000000
1!
b1100111 (
b10001000 '
#3712000000000
0!
#3712500000000
1!
b11001111 (
b100010000 '
#3713000000000
0!
#3713500000000
1!
b110011111 (
b1000100000 '
1&
#3714000000000
0!
#3714500000000
1!
b1100111110 (
b1000001 '
#3715000000000
0!
#3715500000000
1!
b1001111101 (
b10000010 '
#3716000000000
0!
#3716500000000
1!
b11111011 (
b100000100 '
0&
#3717000000000
0!
#3717500000000
1!
b111110111 (
b1000001001 '
1&
#3718000000000
0!
#3718500000000
1!
b1111101111 (
b10011 '
#3719000000000
0!
#3719500000000
1!
b1111011110 (
b100110 '
#3720000000000
0!
#3720500000000
1!
b1110111101 (
b1001101 '
#3721000000000
0!
#3721500000000
1!
b1101111011 (
b10011011 '
#3722000000000
0!
#3722500000000
1!
b1011110110 (
b100110110 '
#3723000000000
0!
#3723500000000
1!
b111101101 (
b1001101101 '
#3724000000000
0!
#3724500000000
1!
b1111011010 (
b11011010 '
#3725000000000
0!
#3725500000000
1!
b1110110100 (
b110110100 '
#3726000000000
0!
#3726500000000
1!
b1101101001 (
b1101101001 '
0&
#3727000000000
0!
#3727500000000
1!
b1011010011 (
b1011010011 '
#3728000000000
0!
#3728500000000
1!
b110100111 (
b110100111 '
#3729000000000
0!
#3729500000000
1!
b1101001111 (
b1101001111 '
#3730000000000
0!
#3730500000000
1!
b1010011110 (
b1010011110 '
#3731000000000
0!
#3731500000000
1!
b100111100 (
b100111100 '
#3732000000000
0!
#3732500000000
1!
b1001111001 (
b1001111001 '
#3733000000000
0!
#3733500000000
1!
b11110010 (
b11110011 '
#3734000000000
0!
#3734500000000
1!
b111100101 (
b111100110 '
#3735000000000
0!
#3735500000000
1!
b1111001010 (
b1111001101 '
#3736000000000
0!
#3736500000000
1!
b1110010100 (
b1110011010 '
#3737000000000
0!
#3737500000000
1!
b1100101000 (
b1100110101 '
#3738000000000
0!
#3738500000000
1!
b1001010001 (
b1001101010 '
#3739000000000
0!
#3739500000000
1!
b10100011 (
b11010101 '
#3740000000000
0!
#3740500000000
1!
b101000111 (
b110101011 '
#3741000000000
0!
#3741500000000
1!
b1010001111 (
b1101010110 '
#3742000000000
0!
#3742500000000
1!
b100011110 (
b1010101100 '
1&
#3743000000000
0!
#3743500000000
1!
b1000111101 (
b101011000 '
#3744000000000
0!
#3744500000000
1!
b1111011 (
b1010110000 '
#3745000000000
0!
#3745500000000
1!
b11110110 (
b101100001 '
0&
#3746000000000
0!
#3746500000000
1!
b111101100 (
b1011000010 '
1&
#3747000000000
0!
#3747500000000
1!
b1111011000 (
b110000101 '
#3748000000000
0!
#3748500000000
1!
b1110110001 (
b1100001011 '
0&
#3749000000000
0!
#3749500000000
1!
b1101100010 (
b1000010111 '
#3750000000000
0!
#3750500000000
1!
b1011000100 (
b101110 '
1&
#3751000000000
0!
#3751500000000
1!
b110001001 (
b1011101 '
0&
#3752000000000
0!
#3752500000000
1!
b1100010010 (
b10111011 '
1&
#3753000000000
0!
#3753500000000
1!
b1000100101 (
b101110110 '
#3754000000000
0!
#3754500000000
1!
b1001011 (
b1011101101 '
#3755000000000
0!
#3755500000000
1!
b10010111 (
b111011010 '
0&
#3756000000000
0!
#3756500000000
1!
b100101111 (
b1110110100 '
1&
#3757000000000
0!
#3757500000000
1!
b1001011110 (
b1101101000 '
0&
#3758000000000
0!
#3758500000000
1!
b10111101 (
b1011010001 '
1&
#3759000000000
0!
#3759500000000
1!
b101111011 (
b110100011 '
0&
#3760000000000
0!
#3760500000000
1!
b1011110111 (
b1101000110 '
#3761000000000
0!
#3761500000000
1!
b111101111 (
b1010001100 '
1&
#3762000000000
0!
#3762500000000
1!
b1111011111 (
b100011000 '
#3763000000000
0!
#3763500000000
1!
b1110111111 (
b1000110000 '
0&
#3764000000000
0!
#3764500000000
1!
b1101111110 (
b1100001 '
1&
#3765000000000
0!
#3765500000000
1!
b1011111101 (
b11000010 '
#3766000000000
0!
#3766500000000
1!
b111111010 (
b110000100 '
0&
#3767000000000
0!
#3767500000000
1!
b1111110100 (
b1100001001 '
#3768000000000
0!
#3768500000000
1!
b1111101001 (
b1000010011 '
#3769000000000
0!
#3769500000000
1!
b1111010010 (
b100111 '
1&
#3770000000000
0!
#3770500000000
1!
b1110100100 (
b1001111 '
#3771000000000
0!
#3771500000000
1!
b1101001001 (
b10011111 '
#3772000000000
0!
#3772500000000
1!
b1010010010 (
b100111111 '
#3773000000000
0!
#3773500000000
1!
b100100101 (
b1001111111 '
#3774000000000
0!
#3774500000000
1!
b1001001011 (
b11111110 '
#3775000000000
0!
#3775500000000
1!
b10010110 (
b111111101 '
0&
#3776000000000
0!
#3776500000000
1!
b100101101 (
b1111111011 '
1&
#3777000000000
0!
#3777500000000
1!
b1001011011 (
b1111110111 '
0&
#3778000000000
0!
#3778500000000
1!
b10110110 (
b1111101110 '
1&
#3779000000000
0!
#3779500000000
1!
b101101100 (
b1111011100 '
#3780000000000
0!
#3780500000000
1!
b1011011001 (
b1110111000 '
0&
#3781000000000
0!
#3781500000000
1!
b110110010 (
b1101110001 '
1&
#3782000000000
0!
#3782500000000
1!
b1101100100 (
b1011100011 '
0&
#3783000000000
0!
#3783500000000
1!
b1011001000 (
b111000111 '
1&
#3784000000000
0!
#3784500000000
1!
b110010000 (
b1110001111 '
#3785000000000
0!
#3785500000000
1!
b1100100000 (
b1100011110 '
0&
#3786000000000
0!
#3786500000000
1!
b1001000001 (
b1000111100 '
#3787000000000
0!
#3787500000000
1!
b10000011 (
b1111000 '
#3788000000000
0!
#3788500000000
1!
b100000110 (
b11110000 '
#3789000000000
0!
#3789500000000
1!
b1000001101 (
b111100000 '
1&
#3790000000000
0!
#3790500000000
1!
b11010 (
b1111000000 '
#3791000000000
0!
#3791500000000
1!
b110101 (
b1110000001 '
#3792000000000
0!
#3792500000000
1!
b1101010 (
b1100000011 '
#3793000000000
0!
#3793500000000
1!
b11010100 (
b1000000111 '
#3794000000000
0!
#3794500000000
1!
b110101000 (
b1110 '
0&
#3795000000000
0!
#3795500000000
1!
b1101010001 (
b11101 '
1&
#3796000000000
0!
#3796500000000
1!
b1010100010 (
b111011 '
#3797000000000
0!
#3797500000000
1!
b101000100 (
b1110110 '
0&
#3798000000000
0!
#3798500000000
1!
b1010001000 (
b11101101 '
1&
#3799000000000
0!
#3799500000000
1!
b100010000 (
b111011011 '
0&
#3800000000000
0!
#3800500000000
1!
b1000100001 (
b1110110110 '
#3801000000000
0!
#3801500000000
1!
b1000010 (
b1101101100 '
1&
#3802000000000
0!
#3802500000000
1!
b10000101 (
b1011011000 '
#3803000000000
0!
#3803500000000
1!
b100001010 (
b110110001 '
0&
#3804000000000
0!
#3804500000000
1!
b1000010100 (
b1101100010 '
#3805000000000
0!
#3805500000000
1!
b101000 (
b1011000101 '
1&
#3806000000000
0!
#3806500000000
1!
b1010001 (
b110001010 '
0&
#3807000000000
0!
#3807500000000
1!
b10100010 (
b1100010100 '
1&
#3808000000000
0!
#3808500000000
1!
b101000101 (
b1000101000 '
#3809000000000
0!
#3809500000000
1!
b1010001010 (
b1010001 '
#3810000000000
0!
#3810500000000
1!
b100010101 (
b10100010 '
0&
#3811000000000
0!
#3811500000000
1!
b1000101010 (
b101000100 '
1&
#3812000000000
0!
#3812500000000
1!
b1010101 (
b1010001001 '
#3813000000000
0!
#3813500000000
1!
b10101011 (
b100010011 '
0&
#3814000000000
0!
#3814500000000
1!
b101010111 (
b1000100110 '
1&
#3815000000000
0!
#3815500000000
1!
b1010101111 (
b1001100 '
#3816000000000
0!
#3816500000000
1!
b101011111 (
b10011001 '
0&
#3817000000000
0!
#3817500000000
1!
b1010111111 (
b100110010 '
1&
#3818000000000
0!
#3818500000000
1!
b101111111 (
b1001100100 '
#3819000000000
0!
#3819500000000
1!
b1011111110 (
b11001000 '
#3820000000000
0!
#3820500000000
1!
b111111101 (
b110010000 '
0&
#3821000000000
0!
#3821500000000
1!
b1111111010 (
b1100100000 '
#3822000000000
0!
#3822500000000
1!
b1111110101 (
b1001000001 '
#3823000000000
0!
#3823500000000
1!
b1111101011 (
b10000011 '
1&
#3824000000000
0!
#3824500000000
1!
b1111010111 (
b100000110 '
#3825000000000
0!
#3825500000000
1!
b1110101111 (
b1000001101 '
0&
#3826000000000
0!
#3826500000000
1!
b1101011110 (
b11010 '
1&
#3827000000000
0!
#3827500000000
1!
b1010111100 (
b110100 '
#3828000000000
0!
#3828500000000
1!
b101111000 (
b1101001 '
0&
#3829000000000
0!
#3829500000000
1!
b1011110000 (
b11010010 '
1&
#3830000000000
0!
#3830500000000
1!
b111100001 (
b110100100 '
0&
#3831000000000
0!
#3831500000000
1!
b1111000011 (
b1101001001 '
#3832000000000
0!
#3832500000000
1!
b1110000110 (
b1010010011 '
#3833000000000
0!
#3833500000000
1!
b1100001101 (
b100100111 '
1&
#3834000000000
0!
#3834500000000
1!
b1000011011 (
b1001001111 '
0&
#3835000000000
0!
#3835500000000
1!
b110110 (
b10011110 '
#3836000000000
0!
#3836500000000
1!
b1101101 (
b100111101 '
#3837000000000
0!
#3837500000000
1!
b11011010 (
b1001111011 '
1&
#3838000000000
0!
#3838500000000
1!
b110110100 (
b11110111 '
0&
#3839000000000
0!
#3839500000000
1!
b1101101000 (
b111101111 '
1&
#3840000000000
0!
#3840500000000
1!
b1011010001 (
b1111011111 '
0&
#3841000000000
0!
#3841500000000
1!
b110100010 (
b1110111110 '
1&
#3842000000000
0!
#3842500000000
1!
b1101000100 (
b1101111100 '
0&
#3843000000000
0!
#3843500000000
1!
b1010001001 (
b1011111000 '
#3844000000000
0!
#3844500000000
1!
b100010010 (
b111110001 '
#3845000000000
0!
#3845500000000
1!
b1000100100 (
b1111100010 '
#3846000000000
0!
#3846500000000
1!
b1001001 (
b1111000101 '
1&
#3847000000000
0!
#3847500000000
1!
b10010010 (
b1110001010 '
#3848000000000
0!
#3848500000000
1!
b100100100 (
b1100010101 '
#3849000000000
0!
#3849500000000
1!
b1001001001 (
b1000101010 '
0&
#3850000000000
0!
#3850500000000
1!
b10010011 (
b1010101 '
#3851000000000
0!
#3851500000000
1!
b100100110 (
b10101011 '
#3852000000000
0!
#3852500000000
1!
b1001001100 (
b101010110 '
1&
#3853000000000
0!
#3853500000000
1!
b10011000 (
b1010101101 '
#3854000000000
0!
#3854500000000
1!
b100110001 (
b101011010 '
0&
#3855000000000
0!
#3855500000000
1!
b1001100010 (
b1010110100 '
#3856000000000
0!
#3856500000000
1!
b11000101 (
b101101000 '
#3857000000000
0!
#3857500000000
1!
b110001010 (
b1011010000 '
1&
#3858000000000
0!
#3858500000000
1!
b1100010101 (
b110100001 '
#3859000000000
0!
#3859500000000
1!
b1000101011 (
b1101000010 '
0&
#3860000000000
0!
#3860500000000
1!
b1010111 (
b1010000101 '
1&
#3861000000000
0!
#3861500000000
1!
b10101110 (
b100001010 '
0&
#3862000000000
0!
#3862500000000
1!
b101011100 (
b1000010100 '
1&
#3863000000000
0!
#3863500000000
1!
b1010111000 (
b101000 '
#3864000000000
0!
#3864500000000
1!
b101110001 (
b1010000 '
0&
#3865000000000
0!
#3865500000000
1!
b1011100010 (
b10100000 '
1&
#3866000000000
0!
#3866500000000
1!
b111000100 (
b101000000 '
0&
#3867000000000
0!
#3867500000000
1!
b1110001001 (
b1010000000 '
#3868000000000
0!
#3868500000000
1!
b1100010011 (
b100000001 '
1&
#3869000000000
0!
#3869500000000
1!
b1000100111 (
b1000000010 '
0&
#3870000000000
0!
#3870500000000
1!
b1001110 (
b101 '
#3871000000000
0!
#3871500000000
1!
b10011100 (
b1011 '
#3872000000000
0!
#3872500000000
1!
b100111000 (
b10110 '
#3873000000000
0!
#3873500000000
1!
b1001110000 (
b101101 '
1&
#3874000000000
0!
#3874500000000
1!
b11100000 (
b1011011 '
0&
#3875000000000
0!
#3875500000000
1!
b111000000 (
b10110110 '
#3876000000000
0!
#3876500000000
1!
b1110000000 (
b101101101 '
1&
#3877000000000
0!
#3877500000000
1!
b1100000001 (
b1011011011 '
0&
#3878000000000
0!
#3878500000000
1!
b1000000010 (
b110110111 '
1&
#3879000000000
0!
#3879500000000
1!
b100 (
b1101101111 '
#3880000000000
0!
#3880500000000
1!
b1001 (
b1011011110 '
#3881000000000
0!
#3881500000000
1!
b10010 (
b110111100 '
0&
#3882000000000
0!
#3882500000000
1!
b100101 (
b1101111001 '
1&
#3883000000000
0!
#3883500000000
1!
b1001010 (
b1011110011 '
#3884000000000
0!
#3884500000000
1!
b10010101 (
b111100111 '
0&
#3885000000000
0!
#3885500000000
1!
b100101010 (
b1111001111 '
1&
#3886000000000
0!
#3886500000000
1!
b1001010101 (
b1110011110 '
0&
#3887000000000
0!
#3887500000000
1!
b10101010 (
b1100111100 '
1&
#3888000000000
0!
#3888500000000
1!
b101010101 (
b1001111000 '
#3889000000000
0!
#3889500000000
1!
b1010101010 (
b11110001 '
#3890000000000
0!
#3890500000000
1!
b101010100 (
b111100010 '
0&
#3891000000000
0!
#3891500000000
1!
b1010101000 (
b1111000100 '
#3892000000000
0!
#3892500000000
1!
b101010001 (
b1110001000 '
1&
#3893000000000
0!
#3893500000000
1!
b1010100011 (
b1100010001 '
0&
#3894000000000
0!
#3894500000000
1!
b101000110 (
b1000100011 '
1&
#3895000000000
0!
#3895500000000
1!
b1010001101 (
b1000111 '
#3896000000000
0!
#3896500000000
1!
b100011011 (
b10001111 '
0&
#3897000000000
0!
#3897500000000
1!
b1000110110 (
b100011111 '
1&
#3898000000000
0!
#3898500000000
1!
b1101100 (
b1000111111 '
#3899000000000
0!
#3899500000000
1!
b11011000 (
b1111110 '
0&
#3900000000000
0!
#3900500000000
1!
b110110001 (
b11111101 '
#3901000000000
0!
#3901500000000
1!
b1101100011 (
b111111011 '
1&
#3902000000000
0!
#3902500000000
1!
b1011000110 (
b1111110110 '
0&
#3903000000000
0!
#3903500000000
1!
b110001100 (
b1111101100 '
1&
#3904000000000
0!
#3904500000000
1!
b1100011001 (
b1111011000 '
0&
#3905000000000
0!
#3905500000000
1!
b1000110010 (
b1110110001 '
#3906000000000
0!
#3906500000000
1!
b1100101 (
b1101100011 '
1&
#3907000000000
0!
#3907500000000
1!
b11001010 (
b1011000111 '
#3908000000000
0!
#3908500000000
1!
b110010100 (
b110001110 '
0&
#3909000000000
0!
#3909500000000
1!
b1100101001 (
b1100011101 '
#3910000000000
0!
#3910500000000
1!
b1001010011 (
b1000111010 '
#3911000000000
0!
#3911500000000
1!
b10100110 (
b1110101 '
#3912000000000
0!
#3912500000000
1!
b101001100 (
b11101011 '
#3913000000000
0!
#3913500000000
1!
b1010011000 (
b111010110 '
1&
#3914000000000
0!
#3914500000000
1!
b100110000 (
b1110101101 '
#3915000000000
0!
#3915500000000
1!
b1001100000 (
b1101011010 '
0&
#3916000000000
0!
#3916500000000
1!
b11000000 (
b1010110101 '
1&
#3917000000000
0!
#3917500000000
1!
b110000001 (
b101101010 '
0&
#3918000000000
0!
#3918500000000
1!
b1100000010 (
b1011010100 '
#3919000000000
0!
#3919500000000
1!
b1000000101 (
b110101000 '
1&
#3920000000000
0!
#3920500000000
1!
b1010 (
b1101010000 '
#3921000000000
0!
#3921500000000
1!
b10101 (
b1010100001 '
#3922000000000
0!
#3922500000000
1!
b101011 (
b101000011 '
0&
#3923000000000
0!
#3923500000000
1!
b1010110 (
b1010000110 '
1&
#3924000000000
0!
#3924500000000
1!
b10101100 (
b100001100 '
0&
#3925000000000
0!
#3925500000000
1!
b101011001 (
b1000011001 '
1&
#3926000000000
0!
#3926500000000
1!
b1010110011 (
b110011 '
#3927000000000
0!
#3927500000000
1!
b101100110 (
b1100110 '
0&
#3928000000000
0!
#3928500000000
1!
b1011001100 (
b11001101 '
1&
#3929000000000
0!
#3929500000000
1!
b110011001 (
b110011011 '
0&
#3930000000000
0!
#3930500000000
1!
b1100110010 (
b1100110110 '
#3931000000000
0!
#3931500000000
1!
b1001100100 (
b1001101100 '
#3932000000000
0!
#3932500000000
1!
b11001001 (
b11011000 '
#3933000000000
0!
#3933500000000
1!
b110010011 (
b110110000 '
#3934000000000
0!
#3934500000000
1!
b1100100111 (
b1101100000 '
#3935000000000
0!
#3935500000000
1!
b1001001111 (
b1011000001 '
#3936000000000
0!
#3936500000000
1!
b10011111 (
b110000011 '
#3937000000000
0!
#3937500000000
1!
b100111111 (
b1100000110 '
1&
#3938000000000
0!
#3938500000000
1!
b1001111110 (
b1000001100 '
0&
#3939000000000
0!
#3939500000000
1!
b11111100 (
b11000 '
#3940000000000
0!
#3940500000000
1!
b111111001 (
b110000 '
#3941000000000
0!
#3941500000000
1!
b1111110011 (
b1100000 '
1&
#3942000000000
0!
#3942500000000
1!
b1111100111 (
b11000000 '
#3943000000000
0!
#3943500000000
1!
b1111001110 (
b110000000 '
#3944000000000
0!
#3944500000000
1!
b1110011101 (
b1100000000 '
0&
#3945000000000
0!
#3945500000000
1!
b1100111010 (
b1000000001 '
#3946000000000
0!
#3946500000000
1!
b1001110100 (
b11 '
1&
#3947000000000
0!
#3947500000000
1!
b11101001 (
b110 '
0&
#3948000000000
0!
#3948500000000
1!
b111010010 (
b1101 '
#3949000000000
0!
#3949500000000
1!
b1110100101 (
b11011 '
1&
#3950000000000
0!
#3950500000000
1!
b1101001011 (
b110110 '
#3951000000000
0!
#3951500000000
1!
b1010010111 (
b1101101 '
#3952000000000
0!
#3952500000000
1!
b100101110 (
b11011011 '
0&
#3953000000000
0!
#3953500000000
1!
b1001011100 (
b110110110 '
1&
#3954000000000
0!
#3954500000000
1!
b10111000 (
b1101101101 '
#3955000000000
0!
#3955500000000
1!
b101110000 (
b1011011010 '
#3956000000000
0!
#3956500000000
1!
b1011100000 (
b110110101 '
#3957000000000
0!
#3957500000000
1!
b111000001 (
b1101101011 '
#3958000000000
0!
#3958500000000
1!
b1110000010 (
b1011010111 '
0&
#3959000000000
0!
#3959500000000
1!
b1100000100 (
b110101110 '
1&
#3960000000000
0!
#3960500000000
1!
b1000001001 (
b1101011101 '
0&
#3961000000000
0!
#3961500000000
1!
b10011 (
b1010111010 '
1&
#3962000000000
0!
#3962500000000
1!
b100111 (
b101110101 '
0&
#3963000000000
0!
#3963500000000
1!
b1001111 (
b1011101011 '
1&
#3964000000000
0!
#3964500000000
1!
b10011110 (
b111010111 '
0&
#3965000000000
0!
#3965500000000
1!
b100111101 (
b1110101111 '
1&
#3966000000000
0!
#3966500000000
1!
b1001111011 (
b1101011110 '
0&
#3967000000000
0!
#3967500000000
1!
b11110111 (
b1010111100 '
1&
#3968000000000
0!
#3968500000000
1!
b111101110 (
b101111000 '
0&
#3969000000000
0!
#3969500000000
1!
b1111011101 (
b1011110000 '
#3970000000000
0!
#3970500000000
1!
b1110111010 (
b111100001 '
1&
#3971000000000
0!
#3971500000000
1!
b1101110101 (
b1111000010 '
0&
#3972000000000
0!
#3972500000000
1!
b1011101010 (
b1110000101 '
#3973000000000
0!
#3973500000000
1!
b111010100 (
b1100001010 '
1&
#3974000000000
0!
#3974500000000
1!
b1110101001 (
b1000010101 '
0&
#3975000000000
0!
#3975500000000
1!
b1101010010 (
b101010 '
1&
#3976000000000
0!
#3976500000000
1!
b1010100101 (
b1010100 '
#3977000000000
0!
#3977500000000
1!
b101001010 (
b10101001 '
0&
#3978000000000
0!
#3978500000000
1!
b1010010100 (
b101010010 '
1&
#3979000000000
0!
#3979500000000
1!
b100101001 (
b1010100100 '
#3980000000000
0!
#3980500000000
1!
b1001010010 (
b101001000 '
#3981000000000
0!
#3981500000000
1!
b10100100 (
b1010010000 '
#3982000000000
0!
#3982500000000
1!
b101001001 (
b100100001 '
0&
#3983000000000
0!
#3983500000000
1!
b1010010011 (
b1001000010 '
#3984000000000
0!
#3984500000000
1!
b100100111 (
b10000101 '
#3985000000000
0!
#3985500000000
1!
b1001001110 (
b100001011 '
1&
#3986000000000
0!
#3986500000000
1!
b10011101 (
b1000010110 '
#3987000000000
0!
#3987500000000
1!
b100111010 (
b101100 '
0&
#3988000000000
0!
#3988500000000
1!
b1001110101 (
b1011001 '
1&
#3989000000000
0!
#3989500000000
1!
b11101011 (
b10110010 '
0&
#3990000000000
0!
#3990500000000
1!
b111010111 (
b101100100 '
#3991000000000
0!
#3991500000000
1!
b1110101110 (
b1011001001 '
#3992000000000
0!
#3992500000000
1!
b1101011100 (
b110010011 '
1&
#3993000000000
0!
#3993500000000
1!
b1010111001 (
b1100100110 '
0&
#3994000000000
0!
#3994500000000
1!
b101110011 (
b1001001100 '
1&
#3995000000000
0!
#3995500000000
1!
b1011100111 (
b10011000 '
#3996000000000
0!
#3996500000000
1!
b111001111 (
b100110000 '
0&
#3997000000000
0!
#3997500000000
1!
b1110011110 (
b1001100000 '
#3998000000000
0!
#3998500000000
1!
b1100111101 (
b11000001 '
1&
#3999000000000
0!
#3999500000000
1!
b1001111010 (
b110000010 '
#4000000000000
0!
#4000500000000
1!
b11110101 (
b1100000100 '
#4001000000000
0!
#4001500000000
1!
b111101011 (
b1000001000 '
#4002000000000
0!
#4002500000000
1!
b1111010110 (
b10001 '
#4003000000000
0!
#4003500000000
1!
b1110101101 (
b100010 '
#4004000000000
0!
#4004500000000
1!
b1101011011 (
b1000100 '
#4005000000000
0!
#4005500000000
1!
b1010110111 (
b10001001 '
#4006000000000
0!
#4006500000000
1!
b101101111 (
b100010010 '
0&
#4007000000000
0!
#4007500000000
1!
b1011011110 (
b1000100100 '
#4008000000000
0!
#4008500000000
1!
b110111100 (
b1001000 '
#4009000000000
0!
#4009500000000
1!
b1101111000 (
b10010000 '
1&
#4010000000000
0!
#4010500000000
1!
b1011110001 (
b100100000 '
#4011000000000
0!
#4011500000000
1!
b111100011 (
b1001000000 '
#4012000000000
0!
#4012500000000
1!
b1111000110 (
b10000001 '
#4013000000000
0!
#4013500000000
1!
b1110001101 (
b100000010 '
#4014000000000
0!
#4014500000000
1!
b1100011010 (
b1000000100 '
0&
#4015000000000
0!
#4015500000000
1!
b1000110101 (
b1000 '
1&
#4016000000000
0!
#4016500000000
1!
b1101011 (
b10000 '
0&
#4017000000000
0!
#4017500000000
1!
b11010110 (
b100000 '
#4018000000000
0!
#4018500000000
1!
b110101101 (
b1000000 '
#4019000000000
0!
#4019500000000
1!
b1101011010 (
b10000000 '
1&
#4020000000000
0!
#4020500000000
1!
b1010110101 (
b100000000 '
#4021000000000
0!
#4021500000000
1!
b101101010 (
b1000000000 '
#4022000000000
0!
#4022500000000
1!
b1011010101 (
b1 '
#4023000000000
0!
#4023500000000
1!
b110101011 (
b10 '
0&
#4024000000000
0!
#4024500000000
1!
b1101010110 (
b100 '
1&
#4025000000000
0!
#4025500000000
1!
b1010101100 (
b1001 '
#4026000000000
0!
#4026500000000
1!
b101011000 (
b10010 '
0&
#4027000000000
0!
#4027500000000
1!
b1010110001 (
b100100 '
1&
#4028000000000
0!
#4028500000000
1!
b101100011 (
b1001001 '
0&
#4029000000000
0!
#4029500000000
1!
b1011000111 (
b10010010 '
1&
#4030000000000
0!
#4030500000000
1!
b110001110 (
b100100100 '
0&
#4031000000000
0!
#4031500000000
1!
b1100011100 (
b1001001001 '
#4032000000000
0!
#4032500000000
1!
b1000111001 (
b10010011 '
1&
#4033000000000
0!
#4033500000000
1!
b1110010 (
b100100110 '
0&
#4034000000000
0!
#4034500000000
1!
b11100100 (
b1001001101 '
1&
#4035000000000
0!
#4035500000000
1!
b111001001 (
b10011010 '
0&
#4036000000000
0!
#4036500000000
1!
b1110010010 (
b100110100 '
1&
#4037000000000
0!
#4037500000000
1!
b1100100100 (
b1001101001 '
0&
#4038000000000
0!
#4038500000000
1!
b1001001000 (
b11010011 '
1&
#4039000000000
0!
#4039500000000
1!
b10010001 (
b110100110 '
0&
#4040000000000
0!
#4040500000000
1!
b100100011 (
b1101001101 '
1&
#4041000000000
0!
#4041500000000
1!
b1001000111 (
b1010011010 '
0&
#4042000000000
0!
#4042500000000
1!
b10001111 (
b100110101 '
#4043000000000
0!
#4043500000000
1!
b100011111 (
b1001101011 '
1&
#4044000000000
0!
#4044500000000
1!
b1000111111 (
b11010111 '
#4045000000000
0!
#4045500000000
1!
b1111110 (
b110101111 '
0&
#4046000000000
0!
#4046500000000
1!
b11111101 (
b1101011111 '
1&
#4047000000000
0!
#4047500000000
1!
b111111011 (
b1010111110 '
#4048000000000
0!
#4048500000000
1!
b1111110110 (
b101111100 '
#4049000000000
0!
#4049500000000
1!
b1111101100 (
b1011111001 '
0&
#4050000000000
0!
#4050500000000
1!
b1111011001 (
b111110011 '
1&
#4051000000000
0!
#4051500000000
1!
b1110110011 (
b1111100110 '
0&
#4052000000000
0!
#4052500000000
1!
b1101100111 (
b1111001100 '
#4053000000000
0!
#4053500000000
1!
b1011001111 (
b1110011000 '
#4054000000000
0!
#4054500000000
1!
b110011110 (
b1100110001 '
1&
#4055000000000
0!
#4055500000000
1!
b1100111100 (
b1001100011 '
0&
#4056000000000
0!
#4056500000000
1!
b1001111000 (
b11000111 '
1&
#4057000000000
0!
#4057500000000
1!
b11110000 (
b110001111 '
0&
#4058000000000
0!
#4058500000000
1!
b111100000 (
b1100011111 '
1&
#4059000000000
0!
#4059500000000
1!
b1111000001 (
b1000111110 '
0&
#4060000000000
0!
#4060500000000
1!
b1110000011 (
b1111100 '
1&
#4061000000000
0!
#4061500000000
1!
b1100000110 (
b11111001 '
#4062000000000
0!
#4062500000000
1!
b1000001100 (
b111110010 '
#4063000000000
0!
#4063500000000
1!
b11000 (
b1111100100 '
#4064000000000
0!
#4064500000000
1!
b110000 (
b1111001000 '
#4065000000000
0!
#4065500000000
1!
b1100001 (
b1110010001 '
#4066000000000
0!
#4066500000000
1!
b11000011 (
b1100100011 '
#4067000000000
0!
#4067500000000
1!
b110000110 (
b1001000111 '
#4068000000000
0!
#4068500000000
1!
b1100001100 (
b10001110 '
#4069000000000
0!
#4069500000000
1!
b1000011001 (
b100011101 '
#4070000000000
0!
#4070500000000
1!
b110011 (
b1000111011 '
#4071000000000
0!
#4071500000000
1!
b1100110 (
b1110111 '
0&
#4072000000000
0!
#4072500000000
1!
b11001101 (
b11101111 '
#4073000000000
0!
#4073500000000
1!
b110011010 (
b111011111 '
#4074000000000
0!
#4074500000000
1!
b1100110101 (
b1110111111 '
#4075000000000
0!
#4075500000000
1!
b1001101010 (
b1101111110 '
#4076000000000
0!
#4076500000000
1!
b11010101 (
b1011111100 '
1&
#4077000000000
0!
#4077500000000
1!
b110101010 (
b111111000 '
0&
#4078000000000
0!
#4078500000000
1!
b1101010100 (
b1111110000 '
#4079000000000
0!
#4079500000000
1!
b1010101001 (
b1111100001 '
#4080000000000
0!
#4080500000000
1!
b101010011 (
b1111000011 '
1&
#4081000000000
0!
#4081500000000
1!
b1010100110 (
b1110000111 '
0&
#4082000000000
0!
#4082500000000
1!
b101001101 (
b1100001110 '
1&
#4083000000000
0!
#4083500000000
1!
b1010011010 (
b1000011100 '
0&
#4084000000000
0!
#4084500000000
1!
b100110101 (
b111000 '
#4085000000000
0!
#4085500000000
1!
b1001101011 (
b1110000 '
1&
#4086000000000
0!
#4086500000000
1!
b11010111 (
b11100000 '
0&
#4087000000000
0!
#4087500000000
1!
b110101111 (
b111000000 '
#4088000000000
0!
#4088500000000
1!
b1101011111 (
b1110000000 '
#4089000000000
0!
#4089500000000
1!
b1010111110 (
b1100000001 '
#4090000000000
0!
#4090500000000
1!
b101111101 (
b1000000011 '
1&
#4091000000000
0!
#4091500000000
1!
b1011111011 (
b111 '
#4092000000000
0!
#4092500000000
1!
b111110110 (
b1111 '
0&
#4093000000000
0!
#4093500000000
1!
b1111101101 (
b11111 '
1&
#4094000000000
0!
#4094500000000
1!
b1111011011 (
b111111 '
#4095000000000
0!
#4095500000000
1!
b1110110110 (
b1111111 '
#4096000000000
0!
#4096500000000
1!
b1101101100 (
b11111111 '
#4097000000000
0!
#4097500000000
1!
b1011011000 (
b111111111 '
#4098000000000
0!
#4098500000000
1!
b110110000 (
b1111111111 '
#4099000000000
0!
#4099500000000
1!
b1101100001 (
b1111111110 '
0&
b1010 $
b1001 #
b11111100 %
1)
#4100000000000
0!
#4100500000000
1!
b11111100 (
b1111111111 '
1&
0)
#4101000000000
0!
#4101500000000
1!
b111111001 (
b1111111110 '
#4102000000000
0!
#4102500000000
1!
b1111110011 (
b1111111100 '
0&
#4103000000000
0!
#4103500000000
1!
b1111100111 (
b1111111000 '
#4104000000000
0!
#4104500000000
1!
b1111001110 (
b1111110001 '
#4105000000000
0!
#4105500000000
1!
b1110011101 (
b1111100011 '
#4106000000000
0!
#4106500000000
1!
b1100111010 (
b1111000111 '
#4107000000000
0!
#4107500000000
1!
b1001110100 (
b1110001110 '
#4108000000000
0!
#4108500000000
1!
b11101001 (
b1100011100 '
1&
#4109000000000
0!
#4109500000000
1!
b111010010 (
b1000111000 '
#4110000000000
0!
#4110500000000
1!
b1110100101 (
b1110001 '
#4111000000000
0!
#4111500000000
1!
b1101001011 (
b11100010 '
#4112000000000
0!
#4112500000000
1!
b1010010111 (
b111000100 '
#4113000000000
0!
#4113500000000
1!
b100101110 (
b1110001001 '
#4114000000000
0!
#4114500000000
1!
b1001011100 (
b1100010011 '
0&
#4115000000000
0!
#4115500000000
1!
b10111000 (
b1000100111 '
1&
#4116000000000
0!
#4116500000000
1!
b101110000 (
b1001110 '
0&
#4117000000000
0!
#4117500000000
1!
b1011100000 (
b10011101 '
1&
#4118000000000
0!
#4118500000000
1!
b111000001 (
b100111011 '
0&
#4119000000000
0!
#4119500000000
1!
b1110000010 (
b1001110110 '
#4120000000000
0!
#4120500000000
1!
b1100000100 (
b11101100 '
1&
#4121000000000
0!
#4121500000000
1!
b1000001001 (
b111011001 '
#4122000000000
0!
#4122500000000
1!
b10011 (
b1110110010 '
#4123000000000
0!
#4123500000000
1!
b100111 (
b1101100101 '
#4124000000000
0!
#4124500000000
1!
b1001111 (
b1011001010 '
#4125000000000
0!
#4125500000000
1!
b10011110 (
b110010101 '
0&
#4126000000000
0!
#4126500000000
1!
b100111101 (
b1100101011 '
1&
#4127000000000
0!
#4127500000000
1!
b1001111011 (
b1001010111 '
0&
#4128000000000
0!
#4128500000000
1!
b11110111 (
b10101110 '
#4129000000000
0!
#4129500000000
1!
b111101110 (
b101011101 '
#4130000000000
0!
#4130500000000
1!
b1111011101 (
b1010111011 '
#4131000000000
0!
#4131500000000
1!
b1110111010 (
b101110111 '
1&
#4132000000000
0!
#4132500000000
1!
b1101110101 (
b1011101111 '
0&
#4133000000000
0!
#4133500000000
1!
b1011101010 (
b111011110 '
1&
#4134000000000
0!
#4134500000000
1!
b111010100 (
b1110111101 '
#4135000000000
0!
#4135500000000
1!
b1110101001 (
b1101111010 '
0&
#4136000000000
0!
#4136500000000
1!
b1101010010 (
b1011110101 '
#4137000000000
0!
#4137500000000
1!
b1010100101 (
b111101010 '
1&
#4138000000000
0!
#4138500000000
1!
b101001010 (
b1111010100 '
#4139000000000
0!
#4139500000000
1!
b1010010100 (
b1110101000 '
0&
#4140000000000
0!
#4140500000000
1!
b100101001 (
b1101010001 '
1&
#4141000000000
0!
#4141500000000
1!
b1001010010 (
b1010100011 '
0&
#4142000000000
0!
#4142500000000
1!
b10100100 (
b101000111 '
#4143000000000
0!
#4143500000000
1!
b101001001 (
b1010001111 '
1&
#4144000000000
0!
#4144500000000
1!
b1010010011 (
b100011110 '
#4145000000000
0!
#4145500000000
1!
b100100111 (
b1000111101 '
#4146000000000
0!
#4146500000000
1!
b1001001110 (
b1111010 '
#4147000000000
0!
#4147500000000
1!
b10011101 (
b11110100 '
0&
#4148000000000
0!
#4148500000000
1!
b100111010 (
b111101001 '
#4149000000000
0!
#4149500000000
1!
b1001110101 (
b1111010010 '
#4150000000000
0!
#4150500000000
1!
b11101011 (
b1110100101 '
1&
#4151000000000
0!
#4151500000000
1!
b111010111 (
b1101001010 '
#4152000000000
0!
#4152500000000
1!
b1110101110 (
b1010010101 '
0&
#4153000000000
0!
#4153500000000
1!
b1101011100 (
b100101010 '
1&
#4154000000000
0!
#4154500000000
1!
b1010111001 (
b1001010100 '
0&
#4155000000000
0!
#4155500000000
1!
b101110011 (
b10101000 '
#4156000000000
0!
#4156500000000
1!
b1011100111 (
b101010000 '
1&
#4157000000000
0!
#4157500000000
1!
b111001111 (
b1010100000 '
#4158000000000
0!
#4158500000000
1!
b1110011110 (
b101000001 '
#4159000000000
0!
#4159500000000
1!
b1100111101 (
b1010000010 '
0&
#4160000000000
0!
#4160500000000
1!
b1001111010 (
b100000101 '
1&
#4161000000000
0!
#4161500000000
1!
b11110101 (
b1000001011 '
#4162000000000
0!
#4162500000000
1!
b111101011 (
b10111 '
0&
#4163000000000
0!
#4163500000000
1!
b1111010110 (
b101111 '
1&
#4164000000000
0!
#4164500000000
1!
b1110101101 (
b1011111 '
#4165000000000
0!
#4165500000000
1!
b1101011011 (
b10111111 '
#4166000000000
0!
#4166500000000
1!
b1010110111 (
b101111111 '
#4167000000000
0!
#4167500000000
1!
b101101111 (
b1011111111 '
#4168000000000
0!
#4168500000000
1!
b1011011110 (
b111111110 '
#4169000000000
0!
#4169500000000
1!
b110111100 (
b1111111101 '
#4170000000000
0!
#4170500000000
1!
b1101111000 (
b1111111010 '
0&
#4171000000000
0!
#4171500000000
1!
b1011110001 (
b1111110101 '
#4172000000000
0!
#4172500000000
1!
b111100011 (
b1111101010 '
1&
#4173000000000
0!
#4173500000000
1!
b1111000110 (
b1111010101 '
0&
#4174000000000
0!
#4174500000000
1!
b1110001101 (
b1110101010 '
#4175000000000
0!
#4175500000000
1!
b1100011010 (
b1101010101 '
#4176000000000
0!
#4176500000000
1!
b1000110101 (
b1010101010 '
#4177000000000
0!
#4177500000000
1!
b1101011 (
b101010101 '
#4178000000000
0!
#4178500000000
1!
b11010110 (
b1010101011 '
1&
#4179000000000
0!
#4179500000000
1!
b110101101 (
b101010111 '
0&
#4180000000000
0!
#4180500000000
1!
b1101011010 (
b1010101111 '
#4181000000000
0!
#4181500000000
1!
b1010110101 (
b101011110 '
1&
#4182000000000
0!
#4182500000000
1!
b101101010 (
b1010111101 '
#4183000000000
0!
#4183500000000
1!
b1011010101 (
b101111010 '
#4184000000000
0!
#4184500000000
1!
b110101011 (
b1011110100 '
#4185000000000
0!
#4185500000000
1!
b1101010110 (
b111101000 '
#4186000000000
0!
#4186500000000
1!
b1010101100 (
b1111010000 '
0&
#4187000000000
0!
#4187500000000
1!
b101011000 (
b1110100001 '
1&
#4188000000000
0!
#4188500000000
1!
b1010110001 (
b1101000011 '
0&
#4189000000000
0!
#4189500000000
1!
b101100011 (
b1010000111 '
1&
#4190000000000
0!
#4190500000000
1!
b1011000111 (
b100001110 '
#4191000000000
0!
#4191500000000
1!
b110001110 (
b1000011101 '
#4192000000000
0!
#4192500000000
1!
b1100011100 (
b111010 '
#4193000000000
0!
#4193500000000
1!
b1000111001 (
b1110100 '
#4194000000000
0!
#4194500000000
1!
b1110010 (
b11101001 '
0&
#4195000000000
0!
#4195500000000
1!
b11100100 (
b111010010 '
#4196000000000
0!
#4196500000000
1!
b111001001 (
b1110100100 '
1&
#4197000000000
0!
#4197500000000
1!
b1110010010 (
b1101001000 '
0&
#4198000000000
0!
#4198500000000
1!
b1100100100 (
b1010010001 '
#4199000000000
0!
#4199500000000
1!
b1001001000 (
b100100011 '
1&
#4200000000000
0!
#4200500000000
1!
b10010001 (
b1001000110 '
#4201000000000
0!
#4201500000000
1!
b100100011 (
b10001100 '
0&
#4202000000000
0!
#4202500000000
1!
b1001000111 (
b100011001 '
1&
#4203000000000
0!
#4203500000000
1!
b10001111 (
b1000110010 '
#4204000000000
0!
#4204500000000
1!
b100011111 (
b1100101 '
0&
#4205000000000
0!
#4205500000000
1!
b1000111111 (
b11001011 '
1&
#4206000000000
0!
#4206500000000
1!
b1111110 (
b110010110 '
0&
#4207000000000
0!
#4207500000000
1!
b11111101 (
b1100101101 '
1&
#4208000000000
0!
#4208500000000
1!
b111111011 (
b1001011010 '
#4209000000000
0!
#4209500000000
1!
b1111110110 (
b10110101 '
#4210000000000
0!
#4210500000000
1!
b1111101100 (
b101101011 '
#4211000000000
0!
#4211500000000
1!
b1111011001 (
b1011010110 '
0&
#4212000000000
0!
#4212500000000
1!
b1110110011 (
b110101100 '
1&
#4213000000000
0!
#4213500000000
1!
b1101100111 (
b1101011001 '
0&
#4214000000000
0!
#4214500000000
1!
b1011001111 (
b1010110011 '
#4215000000000
0!
#4215500000000
1!
b110011110 (
b101100111 '
#4216000000000
0!
#4216500000000
1!
b1100111100 (
b1011001111 '
#4217000000000
0!
#4217500000000
1!
b1001111000 (
b110011110 '
1&
#4218000000000
0!
#4218500000000
1!
b11110000 (
b1100111101 '
#4219000000000
0!
#4219500000000
1!
b111100000 (
b1001111010 '
#4220000000000
0!
#4220500000000
1!
b1111000001 (
b11110101 '
#4221000000000
0!
#4221500000000
1!
b1110000011 (
b111101011 '
#4222000000000
0!
#4222500000000
1!
b1100000110 (
b1111010110 '
0&
#4223000000000
0!
#4223500000000
1!
b1000001100 (
b1110101100 '
#4224000000000
0!
#4224500000000
1!
b11000 (
b1101011000 '
1&
#4225000000000
0!
#4225500000000
1!
b110000 (
b1010110001 '
#4226000000000
0!
#4226500000000
1!
b1100001 (
b101100011 '
0&
#4227000000000
0!
#4227500000000
1!
b11000011 (
b1011000110 '
1&
#4228000000000
0!
#4228500000000
1!
b110000110 (
b110001100 '
0&
#4229000000000
0!
#4229500000000
1!
b1100001100 (
b1100011001 '
#4230000000000
0!
#4230500000000
1!
b1000011001 (
b1000110011 '
#4231000000000
0!
#4231500000000
1!
b110011 (
b1100111 '
#4232000000000
0!
#4232500000000
1!
b1100110 (
b11001111 '
#4233000000000
0!
#4233500000000
1!
b11001101 (
b110011111 '
#4234000000000
0!
#4234500000000
1!
b110011010 (
b1100111111 '
1&
#4235000000000
0!
#4235500000000
1!
b1100110101 (
b1001111110 '
0&
#4236000000000
0!
#4236500000000
1!
b1001101010 (
b11111100 '
1&
#4237000000000
0!
#4237500000000
1!
b11010101 (
b111111001 '
0&
#4238000000000
0!
#4238500000000
1!
b110101010 (
b1111110010 '
1&
#4239000000000
0!
#4239500000000
1!
b1101010100 (
b1111100101 '
0&
#4240000000000
0!
#4240500000000
1!
b1010101001 (
b1111001010 '
#4241000000000
0!
#4241500000000
1!
b101010011 (
b1110010101 '
1&
#4242000000000
0!
#4242500000000
1!
b1010100110 (
b1100101010 '
0&
#4243000000000
0!
#4243500000000
1!
b101001101 (
b1001010101 '
1&
#4244000000000
0!
#4244500000000
1!
b1010011010 (
b10101010 '
#4245000000000
0!
#4245500000000
1!
b100110101 (
b101010100 '
0&
#4246000000000
0!
#4246500000000
1!
b1001101011 (
b1010101001 '
#4247000000000
0!
#4247500000000
1!
b11010111 (
b101010011 '
#4248000000000
0!
#4248500000000
1!
b110101111 (
b1010100110 '
1&
#4249000000000
0!
#4249500000000
1!
b1101011111 (
b101001100 '
#4250000000000
0!
#4250500000000
1!
b1010111110 (
b1010011001 '
0&
#4251000000000
0!
#4251500000000
1!
b101111101 (
b100110011 '
#4252000000000
0!
#4252500000000
1!
b1011111011 (
b1001100110 '
#4253000000000
0!
#4253500000000
1!
b111110110 (
b11001100 '
#4254000000000
0!
#4254500000000
1!
b1111101101 (
b110011001 '
1&
#4255000000000
0!
#4255500000000
1!
b1111011011 (
b1100110010 '
0&
#4256000000000
0!
#4256500000000
1!
b1110110110 (
b1001100101 '
#4257000000000
0!
#4257500000000
1!
b1101101100 (
b11001010 '
1&
#4258000000000
0!
#4258500000000
1!
b1011011000 (
b110010100 '
#4259000000000
0!
#4259500000000
1!
b110110000 (
b1100101001 '
#4260000000000
0!
#4260500000000
1!
b1101100001 (
b1001010011 '
0&
#4261000000000
0!
#4261500000000
1!
b1011000011 (
b10100111 '
1&
#4262000000000
0!
#4262500000000
1!
b110000111 (
b101001111 '
0&
#4263000000000
0!
#4263500000000
1!
b1100001110 (
b1010011111 '
#4264000000000
0!
#4264500000000
1!
b1000011100 (
b100111110 '
1&
#4265000000000
0!
#4265500000000
1!
b111000 (
b1001111101 '
#4266000000000
0!
#4266500000000
1!
b1110001 (
b11111010 '
0&
#4267000000000
0!
#4267500000000
1!
b11100011 (
b111110100 '
#4268000000000
0!
#4268500000000
1!
b111000111 (
b1111101001 '
1&
#4269000000000
0!
#4269500000000
1!
b1110001110 (
b1111010011 '
0&
#4270000000000
0!
#4270500000000
1!
b1100011101 (
b1110100111 '
#4271000000000
0!
#4271500000000
1!
b1000111011 (
b1101001110 '
#4272000000000
0!
#4272500000000
1!
b1110111 (
b1010011100 '
1&
#4273000000000
0!
#4273500000000
1!
b11101111 (
b100111000 '
0&
#4274000000000
0!
#4274500000000
1!
b111011110 (
b1001110000 '
1&
#4275000000000
0!
#4275500000000
1!
b1110111100 (
b11100001 '
#4276000000000
0!
#4276500000000
1!
b1101111001 (
b111000010 '
#4277000000000
0!
#4277500000000
1!
b1011110011 (
b1110000100 '
0&
#4278000000000
0!
#4278500000000
1!
b111100110 (
b1100001000 '
1&
#4279000000000
0!
#4279500000000
1!
b1111001101 (
b1000010001 '
0&
#4280000000000
0!
#4280500000000
1!
b1110011010 (
b100011 '
1&
#4281000000000
0!
#4281500000000
1!
b1100110100 (
b1000110 '
#4282000000000
0!
#4282500000000
1!
b1001101000 (
b10001101 '
#4283000000000
0!
#4283500000000
1!
b11010000 (
b100011011 '
0&
#4284000000000
0!
#4284500000000
1!
b110100001 (
b1000110110 '
1&
#4285000000000
0!
#4285500000000
1!
b1101000011 (
b1101100 '
#4286000000000
0!
#4286500000000
1!
b1010000111 (
b11011001 '
#4287000000000
0!
#4287500000000
1!
b100001110 (
b110110010 '
0&
#4288000000000
0!
#4288500000000
1!
b1000011101 (
b1101100100 '
#4289000000000
0!
#4289500000000
1!
b111010 (
b1011001000 '
1&
#4290000000000
0!
#4290500000000
1!
b1110100 (
b110010001 '
0&
#4291000000000
0!
#4291500000000
1!
b11101000 (
b1100100010 '
1&
#4292000000000
0!
#4292500000000
1!
b111010000 (
b1001000101 '
#4293000000000
0!
#4293500000000
1!
b1110100000 (
b10001010 '
#4294000000000
0!
#4294500000000
1!
b1101000000 (
b100010100 '
#4295000000000
0!
#4295500000000
1!
b1010000000 (
b1000101001 '
0&
#4296000000000
0!
#4296500000000
1!
b100000000 (
b1010011 '
#4297000000000
0!
#4297500000000
1!
b1000000001 (
b10100110 '
1&
#4298000000000
0!
#4298500000000
1!
b11 (
b101001101 '
0&
#4299000000000
0!
#4299500000000
1!
b111 (
b1010011011 '
1&
#4300000000000
0!
#4300500000000
1!
b1110 (
b100110111 '
0&
#4301000000000
0!
#4301500000000
1!
b11100 (
b1001101111 '
1&
#4302000000000
0!
#4302500000000
1!
b111001 (
b11011110 '
0&
#4303000000000
0!
#4303500000000
1!
b1110011 (
b110111101 '
#4304000000000
0!
#4304500000000
1!
b11100110 (
b1101111011 '
1&
#4305000000000
0!
#4305500000000
1!
b111001100 (
b1011110111 '
#4306000000000
0!
#4306500000000
1!
b1110011001 (
b111101110 '
#4307000000000
0!
#4307500000000
1!
b1100110011 (
b1111011101 '
0&
#4308000000000
0!
#4308500000000
1!
b1001100110 (
b1110111010 '
#4309000000000
0!
#4309500000000
1!
b11001100 (
b1101110101 '
1&
#4310000000000
0!
#4310500000000
1!
b110011000 (
b1011101010 '
#4311000000000
0!
#4311500000000
1!
b1100110000 (
b111010101 '
#4312000000000
0!
#4312500000000
1!
b1001100001 (
b1110101011 '
0&
#4313000000000
0!
#4313500000000
1!
b11000010 (
b1101010111 '
1&
#4314000000000
0!
#4314500000000
1!
b110000100 (
b1010101110 '
#4315000000000
0!
#4315500000000
1!
b1100001001 (
b101011100 '
#4316000000000
0!
#4316500000000
1!
b1000010010 (
b1010111001 '
0&
#4317000000000
0!
#4317500000000
1!
b100100 (
b101110011 '
#4318000000000
0!
#4318500000000
1!
b1001000 (
b1011100110 '
1&
#4319000000000
0!
#4319500000000
1!
b10010000 (
b111001100 '
0&
#4320000000000
0!
#4320500000000
1!
b100100001 (
b1110011001 '
1&
#4321000000000
0!
#4321500000000
1!
b1001000010 (
b1100110011 '
0&
#4322000000000
0!
#4322500000000
1!
b10000100 (
b1001100111 '
1&
#4323000000000
0!
#4323500000000
1!
b100001000 (
b11001110 '
0&
#4324000000000
0!
#4324500000000
1!
b1000010001 (
b110011101 '
1&
#4325000000000
0!
#4325500000000
1!
b100011 (
b1100111011 '
#4326000000000
0!
#4326500000000
1!
b1000110 (
b1001110111 '
#4327000000000
0!
#4327500000000
1!
b10001100 (
b11101110 '
0&
#4328000000000
0!
#4328500000000
1!
b100011000 (
b111011101 '
#4329000000000
0!
#4329500000000
1!
b1000110001 (
b1110111011 '
#4330000000000
0!
#4330500000000
1!
b1100010 (
b1101110111 '
1&
#4331000000000
0!
#4331500000000
1!
b11000100 (
b1011101110 '
#4332000000000
0!
#4332500000000
1!
b110001000 (
b111011100 '
0&
#4333000000000
0!
#4333500000000
1!
b1100010000 (
b1110111001 '
#4334000000000
0!
#4334500000000
1!
b1000100000 (
b1101110011 '
#4335000000000
0!
#4335500000000
1!
b1000000 (
b1011100111 '
1&
#4336000000000
0!
#4336500000000
1!
b10000000 (
b111001110 '
0&
#4337000000000
0!
#4337500000000
1!
b100000001 (
b1110011101 '
1&
#4338000000000
0!
#4338500000000
1!
b1000000011 (
b1100111010 '
0&
#4339000000000
0!
#4339500000000
1!
b110 (
b1001110101 '
1&
#4340000000000
0!
#4340500000000
1!
b1100 (
b11101010 '
0&
#4341000000000
0!
#4341500000000
1!
b11001 (
b111010100 '
#4342000000000
0!
#4342500000000
1!
b110010 (
b1110101001 '
1&
#4343000000000
0!
#4343500000000
1!
b1100100 (
b1101010011 '
#4344000000000
0!
#4344500000000
1!
b11001000 (
b1010100111 '
#4345000000000
0!
#4345500000000
1!
b110010001 (
b101001110 '
0&
#4346000000000
0!
#4346500000000
1!
b1100100010 (
b1010011101 '
#4347000000000
0!
#4347500000000
1!
b1001000100 (
b100111010 '
1&
#4348000000000
0!
#4348500000000
1!
b10001000 (
b1001110100 '
#4349000000000
0!
#4349500000000
1!
b100010001 (
b11101000 '
0&
#4350000000000
0!
#4350500000000
1!
b1000100011 (
b111010000 '
1&
#4351000000000
0!
#4351500000000
1!
b1000111 (
b1110100000 '
#4352000000000
0!
#4352500000000
1!
b10001110 (
b1101000001 '
#4353000000000
0!
#4353500000000
1!
b100011101 (
b1010000011 '
#4354000000000
0!
#4354500000000
1!
b1000111010 (
b100000111 '
#4355000000000
0!
#4355500000000
1!
b1110101 (
b1000001111 '
#4356000000000
0!
#4356500000000
1!
b11101010 (
b11110 '
0&
#4357000000000
0!
#4357500000000
1!
b111010101 (
b111101 '
#4358000000000
0!
#4358500000000
1!
b1110101011 (
b1111011 '
1&
#4359000000000
0!
#4359500000000
1!
b1101010111 (
b11110110 '
#4360000000000
0!
#4360500000000
1!
b1010101110 (
b111101101 '
#4361000000000
0!
#4361500000000
1!
b101011101 (
b1111011011 '
#4362000000000
0!
#4362500000000
1!
b1010111010 (
b1110110111 '
0&
#4363000000000
0!
#4363500000000
1!
b101110100 (
b1101101110 '
1&
#4364000000000
0!
#4364500000000
1!
b1011101001 (
b1011011100 '
0&
#4365000000000
0!
#4365500000000
1!
b111010011 (
b110111000 '
#4366000000000
0!
#4366500000000
1!
b1110100111 (
b1101110000 '
#4367000000000
0!
#4367500000000
1!
b1101001110 (
b1011100001 '
#4368000000000
0!
#4368500000000
1!
b1010011100 (
b111000011 '
1&
#4369000000000
0!
#4369500000000
1!
b100111001 (
b1110000110 '
#4370000000000
0!
#4370500000000
1!
b1001110010 (
b1100001100 '
0&
#4371000000000
0!
#4371500000000
1!
b11100101 (
b1000011000 '
1&
#4372000000000
0!
#4372500000000
1!
b111001011 (
b110001 '
0&
#4373000000000
0!
#4373500000000
1!
b1110010111 (
b1100010 '
1&
#4374000000000
0!
#4374500000000
1!
b1100101111 (
b11000100 '
#4375000000000
0!
#4375500000000
1!
b1001011111 (
b110001001 '
#4376000000000
0!
#4376500000000
1!
b10111111 (
b1100010010 '
#4377000000000
0!
#4377500000000
1!
b101111110 (
b1000100101 '
#4378000000000
0!
#4378500000000
1!
b1011111100 (
b1001010 '
#4379000000000
0!
#4379500000000
1!
b111111000 (
b10010100 '
0&
#4380000000000
0!
#4380500000000
1!
b1111110001 (
b100101001 '
1&
#4381000000000
0!
#4381500000000
1!
b1111100010 (
b1001010010 '
0&
#4382000000000
0!
#4382500000000
1!
b1111000101 (
b10100101 '
1&
#4383000000000
0!
#4383500000000
1!
b1110001010 (
b101001011 '
#4384000000000
0!
#4384500000000
1!
b1100010100 (
b1010010110 '
0&
#4385000000000
0!
#4385500000000
1!
b1000101001 (
b100101100 '
1&
#4386000000000
0!
#4386500000000
1!
b1010010 (
b1001011001 '
#4387000000000
0!
#4387500000000
1!
b10100101 (
b10110011 '
0&
#4388000000000
0!
#4388500000000
1!
b101001011 (
b101100110 '
#4389000000000
0!
#4389500000000
1!
b1010010110 (
b1011001101 '
#4390000000000
0!
#4390500000000
1!
b100101100 (
b110011010 '
#4391000000000
0!
#4391500000000
1!
b1001011001 (
b1100110100 '
#4392000000000
0!
#4392500000000
1!
b10110011 (
b1001101000 '
1&
#4393000000000
0!
#4393500000000
1!
b101100111 (
b11010001 '
0&
#4394000000000
0!
#4394500000000
1!
b1011001110 (
b110100010 '
1&
#4395000000000
0!
#4395500000000
1!
b110011100 (
b1101000100 '
#4396000000000
0!
#4396500000000
1!
b1100111001 (
b1010001000 '
0&
#4397000000000
0!
#4397500000000
1!
b1001110011 (
b100010001 '
1&
#4398000000000
0!
#4398500000000
1!
b11100111 (
b1000100010 '
#4399000000000
0!
#4399500000000
1!
b111001110 (
b1000101 '
0&
#4400000000000
0!
#4400500000000
1!
b1110011100 (
b10001011 '
1&
#4401000000000
0!
#4401500000000
1!
b1100111000 (
b100010110 '
#4402000000000
0!
#4402500000000
1!
b1001110001 (
b1000101101 '
0&
#4403000000000
0!
#4403500000000
1!
b11100010 (
b1011010 '
#4404000000000
0!
#4404500000000
1!
b111000101 (
b10110100 '
#4405000000000
0!
#4405500000000
1!
b1110001011 (
b101101001 '
1&
#4406000000000
0!
#4406500000000
1!
b1100010110 (
b1011010010 '
0&
#4407000000000
0!
#4407500000000
1!
b1000101100 (
b110100101 '
1&
#4408000000000
0!
#4408500000000
1!
b1011001 (
b1101001011 '
#4409000000000
0!
#4409500000000
1!
b10110010 (
b1010010111 '
#4410000000000
0!
#4410500000000
1!
b101100101 (
b100101110 '
0&
#4411000000000
0!
#4411500000000
1!
b1011001011 (
b1001011101 '
#4412000000000
0!
#4412500000000
1!
b110010111 (
b10111010 '
#4413000000000
0!
#4413500000000
1!
b1100101110 (
b101110100 '
1&
#4414000000000
0!
#4414500000000
1!
b1001011101 (
b1011101001 '
0&
#4415000000000
0!
#4415500000000
1!
b10111010 (
b111010011 '
#4416000000000
0!
#4416500000000
1!
b101110101 (
b1110100110 '
1&
#4417000000000
0!
#4417500000000
1!
b1011101011 (
b1101001100 '
0&
#4418000000000
0!
#4418500000000
1!
b111010110 (
b1010011000 '
1&
#4419000000000
0!
#4419500000000
1!
b1110101100 (
b100110001 '
#4420000000000
0!
#4420500000000
1!
b1101011001 (
b1001100010 '
0&
#4421000000000
0!
#4421500000000
1!
b1010110010 (
b11000101 '
1&
#4422000000000
0!
#4422500000000
1!
b101100100 (
b110001011 '
0&
#4423000000000
0!
#4423500000000
1!
b1011001001 (
b1100010110 '
#4424000000000
0!
#4424500000000
1!
b110010010 (
b1000101100 '
1&
#4425000000000
0!
#4425500000000
1!
b1100100101 (
b1011000 '
#4426000000000
0!
#4426500000000
1!
b1001001010 (
b10110000 '
#4427000000000
0!
#4427500000000
1!
b10010100 (
b101100000 '
0&
#4428000000000
0!
#4428500000000
1!
b100101000 (
b1011000000 '
1&
#4429000000000
0!
#4429500000000
1!
b1001010000 (
b110000001 '
#4430000000000
0!
#4430500000000
1!
b10100001 (
b1100000010 '
#4431000000000
0!
#4431500000000
1!
b101000010 (
b1000000101 '
#4432000000000
0!
#4432500000000
1!
b1010000100 (
b1010 '
#4433000000000
0!
#4433500000000
1!
b100001001 (
b10100 '
0&
#4434000000000
0!
#4434500000000
1!
b1000010011 (
b101001 '
1&
#4435000000000
0!
#4435500000000
1!
b100110 (
b1010010 '
0&
#4436000000000
0!
#4436500000000
1!
b1001101 (
b10100100 '
#4437000000000
0!
#4437500000000
1!
b10011011 (
b101001001 '
#4438000000000
0!
#4438500000000
1!
b100110110 (
b1010010010 '
1&
#4439000000000
0!
#4439500000000
1!
b1001101100 (
b100100101 '
#4440000000000
0!
#4440500000000
1!
b11011001 (
b1001001011 '
#4441000000000
0!
#4441500000000
1!
b110110011 (
b10010111 '
0&
#4442000000000
0!
#4442500000000
1!
b1101100110 (
b100101111 '
1&
#4443000000000
0!
#4443500000000
1!
b1011001101 (
b1001011111 '
0&
#4444000000000
0!
#4444500000000
1!
b110011011 (
b10111110 '
#4445000000000
0!
#4445500000000
1!
b1100110111 (
b101111101 '
1&
#4446000000000
0!
#4446500000000
1!
b1001101111 (
b1011111011 '
0&
#4447000000000
0!
#4447500000000
1!
b11011110 (
b111110111 '
#4448000000000
0!
#4448500000000
1!
b110111101 (
b1111101111 '
1&
#4449000000000
0!
#4449500000000
1!
b1101111010 (
b1111011110 '
0&
#4450000000000
0!
#4450500000000
1!
b1011110100 (
b1110111100 '
#4451000000000
0!
#4451500000000
1!
b111101000 (
b1101111000 '
1&
#4452000000000
0!
#4452500000000
1!
b1111010001 (
b1011110001 '
0&
#4453000000000
0!
#4453500000000
1!
b1110100011 (
b111100011 '
1&
#4454000000000
0!
#4454500000000
1!
b1101000111 (
b1111000110 '
0&
#4455000000000
0!
#4455500000000
1!
b1010001110 (
b1110001100 '
#4456000000000
0!
#4456500000000
1!
b100011100 (
b1100011000 '
1&
#4457000000000
0!
#4457500000000
1!
b1000111000 (
b1000110001 '
0&
#4458000000000
0!
#4458500000000
1!
b1110000 (
b1100011 '
#4459000000000
0!
#4459500000000
1!
b11100001 (
b11000110 '
#4460000000000
0!
#4460500000000
1!
b111000010 (
b110001101 '
#4461000000000
0!
#4461500000000
1!
b1110000101 (
b1100011011 '
#4462000000000
0!
#4462500000000
1!
b1100001010 (
b1000110111 '
#4463000000000
0!
#4463500000000
1!
b1000010101 (
b1101110 '
1&
#4464000000000
0!
#4464500000000
1!
b101010 (
b11011101 '
0&
#4465000000000
0!
#4465500000000
1!
b1010100 (
b110111011 '
#4466000000000
0!
#4466500000000
1!
b10101001 (
b1101110110 '
1&
#4467000000000
0!
#4467500000000
1!
b101010010 (
b1011101100 '
#4468000000000
0!
#4468500000000
1!
b1010100100 (
b111011000 '
#4469000000000
0!
#4469500000000
1!
b101001000 (
b1110110000 '
#4470000000000
0!
#4470500000000
1!
b1010010001 (
b1101100001 '
0&
#4471000000000
0!
#4471500000000
1!
b100100010 (
b1011000011 '
1&
#4472000000000
0!
#4472500000000
1!
b1001000101 (
b110000111 '
#4473000000000
0!
#4473500000000
1!
b10001010 (
b1100001111 '
#4474000000000
0!
#4474500000000
1!
b100010100 (
b1000011110 '
#4475000000000
0!
#4475500000000
1!
b1000101000 (
b111100 '
#4476000000000
0!
#4476500000000
1!
b1010000 (
b1111001 '
0&
#4477000000000
0!
#4477500000000
1!
b10100000 (
b11110010 '
#4478000000000
0!
#4478500000000
1!
b101000000 (
b111100100 '
#4479000000000
0!
#4479500000000
1!
b1010000001 (
b1111001001 '
#4480000000000
0!
#4480500000000
1!
b100000010 (
b1110010011 '
1&
#4481000000000
0!
#4481500000000
1!
b1000000100 (
b1100100111 '
0&
#4482000000000
0!
#4482500000000
1!
b1000 (
b1001001110 '
1&
#4483000000000
0!
#4483500000000
1!
b10000 (
b10011100 '
0&
#4484000000000
0!
#4484500000000
1!
b100000 (
b100111001 '
#4485000000000
0!
#4485500000000
1!
b1000001 (
b1001110010 '
1&
#4486000000000
0!
#4486500000000
1!
b10000010 (
b11100101 '
0&
#4487000000000
0!
#4487500000000
1!
b100000100 (
b111001011 '
#4488000000000
0!
#4488500000000
1!
b1000001000 (
b1110010110 '
#4489000000000
0!
#4489500000000
1!
b10001 (
b1100101100 '
1&
#4490000000000
0!
#4490500000000
1!
b100010 (
b1001011000 '
#4491000000000
0!
#4491500000000
1!
b1000100 (
b10110001 '
0&
#4492000000000
0!
#4492500000000
1!
b10001001 (
b101100010 '
#4493000000000
0!
#4493500000000
1!
b100010011 (
b1011000100 '
1&
#4494000000000
0!
#4494500000000
1!
b1000100110 (
b110001000 '
#4495000000000
0!
#4495500000000
1!
b1001100 (
b1100010000 '
#4496000000000
0!
#4496500000000
1!
b10011001 (
b1000100001 '
#4497000000000
0!
#4497500000000
1!
b100110011 (
b1000011 '
0&
#4498000000000
0!
#4498500000000
1!
b1001100111 (
b10000110 '
1&
#4499000000000
0!
#4499500000000
1!
b11001110 (
b100001101 '
0&
#4500000000000
0!
#4500500000000
1!
b110011101 (
b1000011011 '
1&
#4501000000000
0!
#4501500000000
1!
b1100111011 (
b110111 '
#4502000000000
0!
#4502500000000
1!
b1001110110 (
b1101111 '
#4503000000000
0!
#4503500000000
1!
b11101100 (
b11011111 '
0&
#4504000000000
0!
#4504500000000
1!
b111011001 (
b110111111 '
#4505000000000
0!
#4505500000000
1!
b1110110010 (
b1101111111 '
#4506000000000
0!
#4506500000000
1!
b1101100101 (
b1011111110 '
#4507000000000
0!
#4507500000000
1!
b1011001010 (
b111111100 '
1&
#4508000000000
0!
#4508500000000
1!
b110010101 (
b1111111001 '
#4509000000000
0!
#4509500000000
1!
b1100101011 (
b1111110011 '
0&
#4510000000000
0!
#4510500000000
1!
b1001010110 (
b1111100111 '
#4511000000000
0!
#4511500000000
1!
b10101101 (
b1111001110 '
1&
#4512000000000
0!
#4512500000000
1!
b101011011 (
b1110011100 '
#4513000000000
0!
#4513500000000
1!
b1010110110 (
b1100111000 '
0&
#4514000000000
0!
#4514500000000
1!
b101101101 (
b1001110001 '
1&
#4515000000000
0!
#4515500000000
1!
b1011011011 (
b11100011 '
#4516000000000
0!
#4516500000000
1!
b110110111 (
b111000110 '
0&
#4517000000000
0!
#4517500000000
1!
b1101101111 (
b1110001101 '
#4518000000000
0!
#4518500000000
1!
b1011011111 (
b1100011010 '
#4519000000000
0!
#4519500000000
1!
b110111110 (
b1000110101 '
1&
#4520000000000
0!
#4520500000000
1!
b1101111101 (
b1101010 '
#4521000000000
0!
#4521500000000
1!
b1011111010 (
b11010100 '
#4522000000000
0!
#4522500000000
1!
b111110100 (
b110101001 '
0&
#4523000000000
0!
#4523500000000
1!
b1111101000 (
b1101010010 '
#4524000000000
0!
#4524500000000
1!
b1111010000 (
b1010100101 '
#4525000000000
0!
#4525500000000
1!
b1110100001 (
b101001010 '
1&
#4526000000000
0!
#4526500000000
1!
b1101000010 (
b1010010100 '
0&
#4527000000000
0!
#4527500000000
1!
b1010000101 (
b100101000 '
1&
#4528000000000
0!
#4528500000000
1!
b100001011 (
b1001010000 '
#4529000000000
0!
#4529500000000
1!
b1000010110 (
b10100001 '
#4530000000000
0!
#4530500000000
1!
b101101 (
b101000010 '
0&
#4531000000000
0!
#4531500000000
1!
b1011010 (
b1010000100 '
1&
#4532000000000
0!
#4532500000000
1!
b10110101 (
b100001000 '
0&
#4533000000000
0!
#4533500000000
1!
b101101011 (
b1000010000 '
1&
#4534000000000
0!
#4534500000000
1!
b1011010111 (
b100001 '
#4535000000000
0!
#4535500000000
1!
b110101110 (
b1000010 '
0&
#4536000000000
0!
#4536500000000
1!
b1101011101 (
b10000100 '
1&
#4537000000000
0!
#4537500000000
1!
b1010111011 (
b100001001 '
#4538000000000
0!
#4538500000000
1!
b101110110 (
b1000010010 '
#4539000000000
0!
#4539500000000
1!
b1011101100 (
b100101 '
#4540000000000
0!
#4540500000000
1!
b111011000 (
b1001011 '
0&
#4541000000000
0!
#4541500000000
1!
b1110110000 (
b10010110 '
1&
#4542000000000
0!
#4542500000000
1!
b1101100000 (
b100101101 '
#4543000000000
0!
#4543500000000
1!
b1011000001 (
b1001011011 '
0&
#4544000000000
0!
#4544500000000
1!
b110000010 (
b10110111 '
#4545000000000
0!
#4545500000000
1!
b1100000101 (
b101101111 '
1&
#4546000000000
0!
#4546500000000
1!
b1000001011 (
b1011011111 '
0&
#4547000000000
0!
#4547500000000
1!
b10110 (
b110111110 '
#4548000000000
0!
#4548500000000
1!
b101100 (
b1101111101 '
1&
#4549000000000
0!
#4549500000000
1!
b1011000 (
b1011111010 '
#4550000000000
0!
#4550500000000
1!
b10110000 (
b111110101 '
0&
#4551000000000
0!
#4551500000000
1!
b101100000 (
b1111101011 '
1&
#4552000000000
0!
#4552500000000
1!
b1011000000 (
b1111010111 '
0&
#4553000000000
0!
#4553500000000
1!
b110000000 (
b1110101110 '
1&
#4554000000000
0!
#4554500000000
1!
b1100000000 (
b1101011100 '
0&
#4555000000000
0!
#4555500000000
1!
b1000000000 (
b1010111000 '
#4556000000000
0!
#4556500000000
1!
b1 (
b101110001 '
#4557000000000
0!
#4557500000000
1!
b10 (
b1011100010 '
1&
#4558000000000
0!
#4558500000000
1!
b101 (
b111000101 '
0&
#4559000000000
0!
#4559500000000
1!
b1011 (
b1110001011 '
1&
#4560000000000
0!
#4560500000000
1!
b10111 (
b1100010111 '
#4561000000000
0!
#4561500000000
1!
b101110 (
b1000101110 '
#4562000000000
0!
#4562500000000
1!
b1011101 (
b1011100 '
0&
#4563000000000
0!
#4563500000000
1!
b10111011 (
b10111001 '
#4564000000000
0!
#4564500000000
1!
b101110111 (
b101110010 '
#4565000000000
0!
#4565500000000
1!
b1011101110 (
b1011100100 '
#4566000000000
0!
#4566500000000
1!
b111011101 (
b111001000 '
#4567000000000
0!
#4567500000000
1!
b1110111011 (
b1110010000 '
#4568000000000
0!
#4568500000000
1!
b1101110111 (
b1100100001 '
#4569000000000
0!
#4569500000000
1!
b1011101111 (
b1001000011 '
#4570000000000
0!
#4570500000000
1!
b111011111 (
b10000111 '
#4571000000000
0!
#4571500000000
1!
b1110111110 (
b100001111 '
1&
#4572000000000
0!
#4572500000000
1!
b1101111100 (
b1000011111 '
0&
#4573000000000
0!
#4573500000000
1!
b1011111000 (
b111110 '
1&
#4574000000000
0!
#4574500000000
1!
b111110001 (
b1111101 '
0&
#4575000000000
0!
#4575500000000
1!
b1111100011 (
b11111011 '
1&
#4576000000000
0!
#4576500000000
1!
b1111000111 (
b111110110 '
#4577000000000
0!
#4577500000000
1!
b1110001111 (
b1111101101 '
0&
#4578000000000
0!
#4578500000000
1!
b1100011111 (
b1111011010 '
#4579000000000
0!
#4579500000000
1!
b1000111110 (
b1110110101 '
#4580000000000
0!
#4580500000000
1!
b1111100 (
b1101101010 '
1&
#4581000000000
0!
#4581500000000
1!
b11111000 (
b1011010101 '
#4582000000000
0!
#4582500000000
1!
b111110000 (
b110101010 '
0&
#4583000000000
0!
#4583500000000
1!
b1111100001 (
b1101010100 '
#4584000000000
0!
#4584500000000
1!
b1111000010 (
b1010101000 '
#4585000000000
0!
#4585500000000
1!
b1110000100 (
b101010001 '
1&
#4586000000000
0!
#4586500000000
1!
b1100001000 (
b1010100010 '
0&
#4587000000000
0!
#4587500000000
1!
b1000010000 (
b101000101 '
1&
#4588000000000
0!
#4588500000000
1!
b100001 (
b1010001011 '
#4589000000000
0!
#4589500000000
1!
b1000011 (
b100010111 '
0&
#4590000000000
0!
#4590500000000
1!
b10000111 (
b1000101111 '
1&
#4591000000000
0!
#4591500000000
1!
b100001111 (
b1011110 '
0&
#4592000000000
0!
#4592500000000
1!
b1000011111 (
b10111101 '
1&
#4593000000000
0!
#4593500000000
1!
b111111 (
b101111011 '
0&
#4594000000000
0!
#4594500000000
1!
b1111111 (
b1011110110 '
1&
#4595000000000
0!
#4595500000000
1!
b11111111 (
b111101100 '
0&
#4596000000000
0!
#4596500000000
1!
b111111110 (
b1111011001 '
1&
#4597000000000
0!
#4597500000000
1!
b1111111101 (
b1110110011 '
0&
#4598000000000
0!
#4598500000000
1!
b1111111011 (
b1101100111 '
#4599000000000
0!
#4599500000000
1!
b1111110111 (
b1011001110 '
#4600000000000
0!
#4600500000000
1!
b1111101110 (
b110011100 '
1&
#4601000000000
0!
#4601500000000
1!
b1111011100 (
b1100111001 '
0&
#4602000000000
0!
#4602500000000
1!
b1110111000 (
b1001110011 '
#4603000000000
0!
#4603500000000
1!
b1101110000 (
b11100111 '
1&
#4604000000000
0!
#4604500000000
1!
b1011100001 (
b111001111 '
#4605000000000
0!
#4605500000000
1!
b111000011 (
b1110011111 '
#4606000000000
0!
#4606500000000
1!
b1110000111 (
b1100111110 '
0&
#4607000000000
0!
#4607500000000
1!
b1100001111 (
b1001111100 '
#4608000000000
0!
#4608500000000
1!
b1000011110 (
b11111000 '
1&
#4609000000000
0!
#4609500000000
1!
b111101 (
b111110000 '
0&
#4610000000000
0!
#4610500000000
1!
b1111010 (
b1111100000 '
1&
#4611000000000
0!
#4611500000000
1!
b11110100 (
b1111000001 '
#4612000000000
0!
#4612500000000
1!
b111101001 (
b1110000011 '
#4613000000000
0!
#4613500000000
1!
b1111010011 (
b1100000111 '
0&
#4614000000000
0!
#4614500000000
1!
b1110100110 (
b1000001110 '
#4615000000000
0!
#4615500000000
1!
b1101001100 (
b11100 '
1&
#4616000000000
0!
#4616500000000
1!
b1010011001 (
b111001 '
#4617000000000
0!
#4617500000000
1!
b100110010 (
b1110010 '
0&
#4618000000000
0!
#4618500000000
1!
b1001100101 (
b11100100 '
1&
#4619000000000
0!
#4619500000000
1!
b11001011 (
b111001001 '
0&
#4620000000000
0!
#4620500000000
1!
b110010110 (
b1110010010 '
1&
#4621000000000
0!
#4621500000000
1!
b1100101100 (
b1100100101 '
0&
#4622000000000
0!
#4622500000000
1!
b1001011000 (
b1001001010 '
#4623000000000
0!
#4623500000000
1!
b10110001 (
b10010101 '
#4624000000000
0!
#4624500000000
1!
b101100010 (
b100101011 '
#4625000000000
0!
#4625500000000
1!
b1011000101 (
b1001010110 '
#4626000000000
0!
#4626500000000
1!
b110001011 (
b10101100 '
#4627000000000
0!
#4627500000000
1!
b1100010111 (
b101011001 '
1&
#4628000000000
0!
#4628500000000
1!
b1000101110 (
b1010110010 '
0&
#4629000000000
0!
#4629500000000
1!
b1011100 (
b101100101 '
#4630000000000
0!
#4630500000000
1!
b10111001 (
b1011001011 '
1&
#4631000000000
0!
#4631500000000
1!
b101110010 (
b110010111 '
0&
#4632000000000
0!
#4632500000000
1!
b1011100101 (
b1100101111 '
#4633000000000
0!
#4633500000000
1!
b111001010 (
b1001011110 '
1&
#4634000000000
0!
#4634500000000
1!
b1110010101 (
b10111100 '
#4635000000000
0!
#4635500000000
1!
b1100101010 (
b101111001 '
#4636000000000
0!
#4636500000000
1!
b1001010100 (
b1011110010 '
0&
#4637000000000
0!
#4637500000000
1!
b10101000 (
b111100101 '
#4638000000000
0!
#4638500000000
1!
b101010000 (
b1111001011 '
1&
#4639000000000
0!
#4639500000000
1!
b1010100001 (
b1110010111 '
0&
#4640000000000
0!
#4640500000000
1!
b101000011 (
b1100101110 '
1&
#4641000000000
0!
#4641500000000
1!
b1010000110 (
b1001011100 '
0&
#4642000000000
0!
#4642500000000
1!
b100001100 (
b10111000 '
#4643000000000
0!
#4643500000000
1!
b1000011000 (
b101110000 '
1&
#4644000000000
0!
#4644500000000
1!
b110001 (
b1011100000 '
#4645000000000
0!
#4645500000000
1!
b1100011 (
b111000001 '
0&
#4646000000000
0!
#4646500000000
1!
b11000110 (
b1110000010 '
1&
#4647000000000
0!
#4647500000000
1!
b110001101 (
b1100000101 '
#4648000000000
0!
#4648500000000
1!
b1100011011 (
b1000001010 '
0&
#4649000000000
0!
#4649500000000
1!
b1000110111 (
b10101 '
1&
#4650000000000
0!
#4650500000000
1!
b1101110 (
b101011 '
0&
#4651000000000
0!
#4651500000000
1!
b11011101 (
b1010110 '
#4652000000000
0!
#4652500000000
1!
b110111010 (
b10101101 '
#4653000000000
0!
#4653500000000
1!
b1101110100 (
b101011011 '
1&
#4654000000000
0!
#4654500000000
1!
b1011101000 (
b1010110110 '
0&
#4655000000000
0!
#4655500000000
1!
b111010001 (
b101101100 '
#4656000000000
0!
#4656500000000
1!
b1110100010 (
b1011011001 '
#4657000000000
0!
#4657500000000
1!
b1101000101 (
b110110011 '
1&
#4658000000000
0!
#4658500000000
1!
b1010001011 (
b1101100110 '
0&
#4659000000000
0!
#4659500000000
1!
b100010111 (
b1011001100 '
1&
#4660000000000
0!
#4660500000000
1!
b1000101111 (
b110011000 '
#4661000000000
0!
#4661500000000
1!
b1011110 (
b1100110000 '
#4662000000000
0!
#4662500000000
1!
b10111100 (
b1001100001 '
#4663000000000
0!
#4663500000000
1!
b101111001 (
b11000011 '
0&
#4664000000000
0!
#4664500000000
1!
b1011110010 (
b110000110 '
1&
#4665000000000
0!
#4665500000000
1!
b111100100 (
b1100001101 '
#4666000000000
0!
#4666500000000
1!
b1111001000 (
b1000011010 '
0&
#4667000000000
0!
#4667500000000
1!
b1110010001 (
b110101 '
1&
#4668000000000
0!
#4668500000000
1!
b1100100011 (
b1101011 '
#4669000000000
0!
#4669500000000
1!
b1001000110 (
b11010110 '
#4670000000000
0!
#4670500000000
1!
b10001101 (
b110101101 '
0&
#4671000000000
0!
#4671500000000
1!
b100011010 (
b1101011011 '
1&
#4672000000000
0!
#4672500000000
1!
b1000110100 (
b1010110111 '
0&
#4673000000000
0!
#4673500000000
1!
b1101001 (
b101101110 '
#4674000000000
0!
#4674500000000
1!
b11010011 (
b1011011101 '
1&
#4675000000000
0!
#4675500000000
1!
b110100110 (
b110111010 '
0&
#4676000000000
0!
#4676500000000
1!
b1101001101 (
b1101110100 '
#4677000000000
0!
#4677500000000
1!
b1010011011 (
b1011101000 '
#4678000000000
0!
#4678500000000
1!
b100110111 (
b111010001 '
#4679000000000
0!
#4679500000000
1!
b1001101110 (
b1110100010 '
#4680000000000
0!
#4680500000000
1!
b11011100 (
b1101000101 '
1&
#4681000000000
0!
#4681500000000
1!
b110111000 (
b1010001010 '
#4682000000000
0!
#4682500000000
1!
b1101110001 (
b100010101 '
#4683000000000
0!
#4683500000000
1!
b1011100011 (
b1000101011 '
0&
#4684000000000
0!
#4684500000000
1!
b111000110 (
b1010111 '
#4685000000000
0!
#4685500000000
1!
b1110001100 (
b10101111 '
1&
#4686000000000
0!
#4686500000000
1!
b1100011000 (
b101011111 '
#4687000000000
0!
#4687500000000
1!
b1000110000 (
b1010111111 '
0&
#4688000000000
0!
#4688500000000
1!
b1100000 (
b101111110 '
#4689000000000
0!
#4689500000000
1!
b11000001 (
b1011111101 '
1&
#4690000000000
0!
#4690500000000
1!
b110000011 (
b111111010 '
0&
#4691000000000
0!
#4691500000000
1!
b1100000111 (
b1111110100 '
#4692000000000
0!
#4692500000000
1!
b1000001110 (
b1111101000 '
#4693000000000
0!
#4693500000000
1!
b11101 (
b1111010001 '
1&
#4694000000000
0!
#4694500000000
1!
b111011 (
b1110100011 '
#4695000000000
0!
#4695500000000
1!
b1110110 (
b1101000111 '
#4696000000000
0!
#4696500000000
1!
b11101101 (
b1010001110 '
#4697000000000
0!
#4697500000000
1!
b111011011 (
b100011100 '
0&
#4698000000000
0!
#4698500000000
1!
b1110110111 (
b1000111001 '
#4699000000000
0!
#4699500000000
1!
b1101101110 (
b1110011 '
1&
#4700000000000
0!
#4700500000000
1!
b1011011101 (
b11100110 '
#4701000000000
0!
#4701500000000
1!
b110111011 (
b111001101 '
0&
#4702000000000
0!
#4702500000000
1!
b1101110110 (
b1110011011 '
#4703000000000
0!
#4703500000000
1!
b1011101101 (
b1100110111 '
#4704000000000
0!
#4704500000000
1!
b111011010 (
b1001101110 '
1&
#4705000000000
0!
#4705500000000
1!
b1110110101 (
b11011100 '
#4706000000000
0!
#4706500000000
1!
b1101101011 (
b110111001 '
#4707000000000
0!
#4707500000000
1!
b1011010110 (
b1101110010 '
0&
#4708000000000
0!
#4708500000000
1!
b110101100 (
b1011100101 '
1&
#4709000000000
0!
#4709500000000
1!
b1101011000 (
b111001010 '
#4710000000000
0!
#4710500000000
1!
b1010110000 (
b1110010100 '
0&
#4711000000000
0!
#4711500000000
1!
b101100001 (
b1100101000 '
1&
#4712000000000
0!
#4712500000000
1!
b1011000010 (
b1001010001 '
0&
#4713000000000
0!
#4713500000000
1!
b110000101 (
b10100011 '
#4714000000000
0!
#4714500000000
1!
b1100001011 (
b101000110 '
1&
#4715000000000
0!
#4715500000000
1!
b1000010111 (
b1010001101 '
0&
#4716000000000
0!
#4716500000000
1!
b101111 (
b100011010 '
#4717000000000
0!
#4717500000000
1!
b1011111 (
b1000110100 '
1&
#4718000000000
0!
#4718500000000
1!
b10111110 (
b1101000 '
0&
#4719000000000
0!
#4719500000000
1!
b101111100 (
b11010000 '
#4720000000000
0!
#4720500000000
1!
b1011111001 (
b110100000 '
1&
#4721000000000
0!
#4721500000000
1!
b111110011 (
b1101000000 '
#4722000000000
0!
#4722500000000
1!
b1111100110 (
b1010000001 '
0&
#4723000000000
0!
#4723500000000
1!
b1111001100 (
b100000011 '
1&
#4724000000000
0!
#4724500000000
1!
b1110011000 (
b1000000110 '
0&
#4725000000000
0!
#4725500000000
1!
b1100110001 (
b1100 '
1&
#4726000000000
0!
#4726500000000
1!
b1001100011 (
b11001 '
#4727000000000
0!
#4727500000000
1!
b11000111 (
b110010 '
0&
#4728000000000
0!
#4728500000000
1!
b110001111 (
b1100100 '
#4729000000000
0!
#4729500000000
1!
b1100011110 (
b11001001 '
1&
#4730000000000
0!
#4730500000000
1!
b1000111100 (
b110010010 '
#4731000000000
0!
#4731500000000
1!
b1111001 (
b1100100100 '
#4732000000000
0!
#4732500000000
1!
b11110011 (
b1001001000 '
#4733000000000
0!
#4733500000000
1!
b111100111 (
b10010001 '
0&
#4734000000000
0!
#4734500000000
1!
b1111001111 (
b100100010 '
1&
#4735000000000
0!
#4735500000000
1!
b1110011111 (
b1001000100 '
0&
#4736000000000
0!
#4736500000000
1!
b1100111111 (
b10001000 '
1&
#4737000000000
0!
#4737500000000
1!
b1001111111 (
b100010000 '
#4738000000000
0!
#4738500000000
1!
b11111110 (
b1000100000 '
#4739000000000
0!
#4739500000000
1!
b111111100 (
b1000001 '
0&
#4740000000000
0!
#4740500000000
1!
b1111111000 (
b10000010 '
1&
#4741000000000
0!
#4741500000000
1!
b1111110000 (
b100000100 '
#4742000000000
0!
#4742500000000
1!
b1111100000 (
b1000001001 '
0&
#4743000000000
0!
#4743500000000
1!
b1111000000 (
b10011 '
1&
#4744000000000
0!
#4744500000000
1!
b1110000001 (
b100110 '
#4745000000000
0!
#4745500000000
1!
b1100000011 (
b1001101 '
#4746000000000
0!
#4746500000000
1!
b1000000111 (
b10011011 '
#4747000000000
0!
#4747500000000
1!
b1111 (
b100110110 '
0&
#4748000000000
0!
#4748500000000
1!
b11110 (
b1001101101 '
1&
#4749000000000
0!
#4749500000000
1!
b111100 (
b11011010 '
0&
#4750000000000
0!
#4750500000000
1!
b1111000 (
b110110100 '
#4751000000000
0!
#4751500000000
1!
b11110001 (
b1101101001 '
1&
#4752000000000
0!
#4752500000000
1!
b111100010 (
b1011010011 '
#4753000000000
0!
#4753500000000
1!
b1111000100 (
b110100111 '
#4754000000000
0!
#4754500000000
1!
b1110001000 (
b1101001111 '
0&
#4755000000000
0!
#4755500000000
1!
b1100010001 (
b1010011110 '
#4756000000000
0!
#4756500000000
1!
b1000100010 (
b100111100 '
1&
#4757000000000
0!
#4757500000000
1!
b1000101 (
b1001111001 '
#4758000000000
0!
#4758500000000
1!
b10001011 (
b11110011 '
0&
#4759000000000
0!
#4759500000000
1!
b100010110 (
b111100110 '
#4760000000000
0!
#4760500000000
1!
b1000101101 (
b1111001101 '
#4761000000000
0!
#4761500000000
1!
b1011011 (
b1110011010 '
1&
#4762000000000
0!
#4762500000000
1!
b10110111 (
b1100110101 '
#4763000000000
0!
#4763500000000
1!
b101101110 (
b1001101010 '
#4764000000000
0!
#4764500000000
1!
b1011011100 (
b11010101 '
#4765000000000
0!
#4765500000000
1!
b110111001 (
b110101011 '
0&
#4766000000000
0!
#4766500000000
1!
b1101110011 (
b1101010110 '
#4767000000000
0!
#4767500000000
1!
b1011100110 (
b1010101100 '
#4768000000000
0!
#4768500000000
1!
b111001101 (
b101011000 '
#4769000000000
0!
#4769500000000
1!
b1110011011 (
b1010110000 '
#4770000000000
0!
#4770500000000
1!
b1100110110 (
b101100001 '
1&
#4771000000000
0!
#4771500000000
1!
b1001101101 (
b1011000010 '
0&
#4772000000000
0!
#4772500000000
1!
b11011011 (
b110000101 '
#4773000000000
0!
#4773500000000
1!
b110110110 (
b1100001011 '
1&
#4774000000000
0!
#4774500000000
1!
b1101101101 (
b1000010111 '
0&
#4775000000000
0!
#4775500000000
1!
b1011011010 (
b101110 '
1&
#4776000000000
0!
#4776500000000
1!
b110110101 (
b1011101 '
0&
#4777000000000
0!
#4777500000000
1!
b1101101010 (
b10111011 '
1&
#4778000000000
0!
#4778500000000
1!
b1011010100 (
b101110110 '
#4779000000000
0!
#4779500000000
1!
b110101001 (
b1011101101 '
#4780000000000
0!
#4780500000000
1!
b1101010011 (
b111011010 '
#4781000000000
0!
#4781500000000
1!
b1010100111 (
b1110110100 '
0&
#4782000000000
0!
#4782500000000
1!
b101001111 (
b1101101000 '
1&
#4783000000000
0!
#4783500000000
1!
b1010011111 (
b1011010001 '
0&
#4784000000000
0!
#4784500000000
1!
b100111110 (
b110100011 '
#4785000000000
0!
#4785500000000
1!
b1001111100 (
b1101000110 '
#4786000000000
0!
#4786500000000
1!
b11111001 (
b1010001100 '
1&
#4787000000000
0!
#4787500000000
1!
b111110010 (
b100011000 '
0&
#4788000000000
0!
#4788500000000
1!
b1111100100 (
b1000110000 '
#4789000000000
0!
#4789500000000
1!
b1111001001 (
b1100001 '
1&
#4790000000000
0!
#4790500000000
1!
b1110010011 (
b11000010 '
#4791000000000
0!
#4791500000000
1!
b1100100110 (
b110000100 '
#4792000000000
0!
#4792500000000
1!
b1001001101 (
b1100001001 '
0&
#4793000000000
0!
#4793500000000
1!
b10011010 (
b1000010011 '
1&
#4794000000000
0!
#4794500000000
1!
b100110100 (
b100111 '
0&
#4795000000000
0!
#4795500000000
1!
b1001101001 (
b1001111 '
1&
#4796000000000
0!
#4796500000000
1!
b11010010 (
b10011111 '
0&
#4797000000000
0!
#4797500000000
1!
b110100100 (
b100111111 '
#4798000000000
0!
#4798500000000
1!
b1101001000 (
b1001111111 '
#4799000000000
0!
#4799500000000
1!
b1010010000 (
b11111110 '
1&
#4800000000000
0!
#4800500000000
1!
b100100000 (
b111111101 '
0&
#4801000000000
0!
#4801500000000
1!
b1001000000 (
b1111111011 '
#4802000000000
0!
#4802500000000
1!
b10000001 (
b1111110111 '
1&
#4803000000000
0!
#4803500000000
1!
b100000011 (
b1111101110 '
#4804000000000
0!
#4804500000000
1!
b1000000110 (
b1111011100 '
0&
#4805000000000
0!
#4805500000000
1!
b1101 (
b1110111000 '
1&
#4806000000000
0!
#4806500000000
1!
b11011 (
b1101110001 '
#4807000000000
0!
#4807500000000
1!
b110111 (
b1011100011 '
#4808000000000
0!
#4808500000000
1!
b1101111 (
b111000111 '
0&
#4809000000000
0!
#4809500000000
1!
b11011111 (
b1110001111 '
1&
#4810000000000
0!
#4810500000000
1!
b110111111 (
b1100011110 '
#4811000000000
0!
#4811500000000
1!
b1101111111 (
b1000111100 '
0&
#4812000000000
0!
#4812500000000
1!
b1011111111 (
b1111000 '
1&
#4813000000000
0!
#4813500000000
1!
b111111111 (
b11110000 '
0&
#4814000000000
0!
#4814500000000
1!
b1111111111 (
b111100000 '
1&
#4815000000000
0!
#4815500000000
1!
b1111111110 (
b1111000000 '
0&
#4816000000000
0!
#4816500000000
1!
b1111111100 (
b1110000001 '
#4817000000000
0!
#4817500000000
1!
b1111111001 (
b1100000011 '
#4818000000000
0!
#4818500000000
1!
b1111110010 (
b1000000111 '
#4819000000000
0!
#4819500000000
1!
b1111100101 (
b1110 '
1&
#4820000000000
0!
#4820500000000
1!
b1111001011 (
b11101 '
#4821000000000
0!
#4821500000000
1!
b1110010110 (
b111011 '
#4822000000000
0!
#4822500000000
1!
b1100101101 (
b1110110 '
#4823000000000
0!
#4823500000000
1!
b1001011010 (
b11101101 '
#4824000000000
0!
#4824500000000
1!
b10110100 (
b111011011 '
0&
#4825000000000
0!
#4825500000000
1!
b101101001 (
b1110110110 '
1&
#4826000000000
0!
#4826500000000
1!
b1011010010 (
b1101101100 '
0&
#4827000000000
0!
#4827500000000
1!
b110100101 (
b1011011000 '
1&
#4828000000000
0!
#4828500000000
1!
b1101001010 (
b110110001 '
#4829000000000
0!
#4829500000000
1!
b1010010101 (
b1101100010 '
0&
#4830000000000
0!
#4830500000000
1!
b100101011 (
b1011000101 '
1&
#4831000000000
0!
#4831500000000
1!
b1001010111 (
b110001010 '
#4832000000000
0!
#4832500000000
1!
b10101111 (
b1100010100 '
#4833000000000
0!
#4833500000000
1!
b101011110 (
b1000101000 '
#4834000000000
0!
#4834500000000
1!
b1010111101 (
b1010001 '
#4835000000000
0!
#4835500000000
1!
b101111010 (
b10100010 '
0&
#4836000000000
0!
#4836500000000
1!
b1011110101 (
b101000100 '
1&
#4837000000000
0!
#4837500000000
1!
b111101010 (
b1010001001 '
#4838000000000
0!
#4838500000000
1!
b1111010100 (
b100010011 '
#4839000000000
0!
#4839500000000
1!
b1110101000 (
b1000100110 '
0&
#4840000000000
0!
#4840500000000
1!
b1101010000 (
b1001100 '
1&
#4841000000000
0!
#4841500000000
1!
b1010100000 (
b10011001 '
#4842000000000
0!
#4842500000000
1!
b101000001 (
b100110010 '
0&
#4843000000000
0!
#4843500000000
1!
b1010000011 (
b1001100100 '
#4844000000000
0!
#4844500000000
1!
b100000111 (
b11001000 '
#4845000000000
0!
#4845500000000
1!
b1000001111 (
b110010000 '
1&
#4846000000000
0!
#4846500000000
1!
b11111 (
b1100100000 '
#4847000000000
0!
#4847500000000
1!
b111110 (
b1001000001 '
#4848000000000
0!
#4848500000000
1!
b1111101 (
b10000011 '
0&
#4849000000000
0!
#4849500000000
1!
b11111010 (
b100000110 '
#4850000000000
0!
#4850500000000
1!
b111110101 (
b1000001101 '
1&
#4851000000000
0!
#4851500000000
1!
b1111101010 (
b11010 '
#4852000000000
0!
#4852500000000
1!
b1111010101 (
b110100 '
#4853000000000
0!
#4853500000000
1!
b1110101010 (
b1101001 '
#4854000000000
0!
#4854500000000
1!
b1101010101 (
b11010010 '
#4855000000000
0!
#4855500000000
1!
b1010101011 (
b110100100 '
#4856000000000
0!
#4856500000000
1!
b101010110 (
b1101001001 '
#4857000000000
0!
#4857500000000
1!
b1010101101 (
b1010010011 '
0&
#4858000000000
0!
#4858500000000
1!
b101011010 (
b100100111 '
#4859000000000
0!
#4859500000000
1!
b1010110100 (
b1001001111 '
#4860000000000
0!
#4860500000000
1!
b101101000 (
b10011110 '
#4861000000000
0!
#4861500000000
1!
b1011010000 (
b100111101 '
1&
#4862000000000
0!
#4862500000000
1!
b110100000 (
b1001111011 '
#4863000000000
0!
#4863500000000
1!
b1101000001 (
b11110111 '
#4864000000000
0!
#4864500000000
1!
b1010000010 (
b111101111 '
#4865000000000
0!
#4865500000000
1!
b100000101 (
b1111011111 '
#4866000000000
0!
#4866500000000
1!
b1000001010 (
b1110111110 '
0&
#4867000000000
0!
#4867500000000
1!
b10100 (
b1101111100 '
1&
#4868000000000
0!
#4868500000000
1!
b101001 (
b1011111000 '
#4869000000000
0!
#4869500000000
1!
b1010011 (
b111110001 '
0&
#4870000000000
0!
#4870500000000
1!
b10100111 (
b1111100010 '
1&
#4871000000000
0!
#4871500000000
1!
b101001110 (
b1111000101 '
#4872000000000
0!
#4872500000000
1!
b1010011101 (
b1110001010 '
0&
#4873000000000
0!
#4873500000000
1!
b100111011 (
b1100010101 '
1&
#4874000000000
0!
#4874500000000
1!
b1001110111 (
b1000101010 '
0&
#4875000000000
0!
#4875500000000
1!
b11101110 (
b1010101 '
#4876000000000
0!
#4876500000000
1!
b111011100 (
b10101011 '
#4877000000000
0!
#4877500000000
1!
b1110111001 (
b101010110 '
1&
#4878000000000
0!
#4878500000000
1!
b1101110010 (
b1010101101 '
0&
#4879000000000
0!
#4879500000000
1!
b1011100100 (
b101011010 '
1&
#4880000000000
0!
#4880500000000
1!
b111001000 (
b1010110100 '
#4881000000000
0!
#4881500000000
1!
b1110010000 (
b101101000 '
#4882000000000
0!
#4882500000000
1!
b1100100001 (
b1011010000 '
0&
#4883000000000
0!
#4883500000000
1!
b1001000011 (
b110100001 '
1&
#4884000000000
0!
#4884500000000
1!
b10000110 (
b1101000010 '
#4885000000000
0!
#4885500000000
1!
b100001101 (
b1010000101 '
#4886000000000
0!
#4886500000000
1!
b1000011010 (
b100001010 '
#4887000000000
0!
#4887500000000
1!
b110100 (
b1000010100 '
#4888000000000
0!
#4888500000000
1!
b1101000 (
b101000 '
0&
#4889000000000
0!
#4889500000000
1!
b11010001 (
b1010000 '
#4890000000000
0!
#4890500000000
1!
b110100011 (
b10100000 '
#4891000000000
0!
#4891500000000
1!
b1101000110 (
b101000000 '
1&
#4892000000000
0!
#4892500000000
1!
b1010001100 (
b1010000000 '
0&
#4893000000000
0!
#4893500000000
1!
b100011001 (
b100000001 '
#4894000000000
0!
#4894500000000
1!
b1000110011 (
b1000000010 '
#4895000000000
0!
#4895500000000
1!
b1100111 (
b101 '
#4896000000000
0!
#4896500000000
1!
b11001111 (
b1011 '
#4897000000000
0!
#4897500000000
1!
b110011111 (
b10110 '
#4898000000000
0!
#4898500000000
1!
b1100111110 (
b101101 '
1&
#4899000000000
0!
#4899500000000
1!
b1001111101 (
b1011011 '
#4900000000000
0!
#4900500000000
1!
b11111011 (
b10110110 '
0&
#4901000000000
0!
#4901500000000
1!
b111110111 (
b101101101 '
#4902000000000
0!
#4902500000000
1!
b1111101111 (
b1011011011 '
#4903000000000
0!
#4903500000000
1!
b1111011110 (
b110110111 '
1&
#4904000000000
0!
#4904500000000
1!
b1110111101 (
b1101101111 '
0&
#4905000000000
0!
#4905500000000
1!
b1101111011 (
b1011011110 '
#4906000000000
0!
#4906500000000
1!
b1011110110 (
b110111100 '
1&
#4907000000000
0!
#4907500000000
1!
b111101101 (
b1101111001 '
#4908000000000
0!
#4908500000000
1!
b1111011010 (
b1011110011 '
0&
#4909000000000
0!
#4909500000000
1!
b1110110100 (
b111100111 '
1&
#4910000000000
0!
#4910500000000
1!
b1101101001 (
b1111001111 '
0&
#4911000000000
0!
#4911500000000
1!
b1011010011 (
b1110011110 '
#4912000000000
0!
#4912500000000
1!
b110100111 (
b1100111100 '
1&
#4913000000000
0!
#4913500000000
1!
b1101001111 (
b1001111000 '
0&
#4914000000000
0!
#4914500000000
1!
b1010011110 (
b11110001 '
1&
#4915000000000
0!
#4915500000000
1!
b100111100 (
b111100010 '
0&
#4916000000000
0!
#4916500000000
1!
b1001111001 (
b1111000100 '
#4917000000000
0!
#4917500000000
1!
b11110010 (
b1110001000 '
1&
#4918000000000
0!
#4918500000000
1!
b111100101 (
b1100010001 '
#4919000000000
0!
#4919500000000
1!
b1111001010 (
b1000100011 '
0&
#4920000000000
0!
#4920500000000
1!
b1110010100 (
b1000111 '
1&
#4921000000000
0!
#4921500000000
1!
b1100101000 (
b10001111 '
#4922000000000
0!
#4922500000000
1!
b1001010001 (
b100011111 '
#4923000000000
0!
#4923500000000
1!
b10100011 (
b1000111111 '
#4924000000000
0!
#4924500000000
1!
b101000111 (
b1111110 '
0&
#4925000000000
0!
#4925500000000
1!
b1010001111 (
b11111101 '
1&
#4926000000000
0!
#4926500000000
1!
b100011110 (
b111111011 '
0&
#4927000000000
0!
#4927500000000
1!
b1000111101 (
b1111110110 '
#4928000000000
0!
#4928500000000
1!
b1111011 (
b1111101100 '
1&
#4929000000000
0!
#4929500000000
1!
b11110110 (
b1111011000 '
#4930000000000
0!
#4930500000000
1!
b111101100 (
b1110110001 '
#4931000000000
0!
#4931500000000
1!
b1111011000 (
b1101100011 '
0&
#4932000000000
0!
#4932500000000
1!
b1110110001 (
b1011000111 '
#4933000000000
0!
#4933500000000
1!
b1101100010 (
b110001110 '
1&
#4934000000000
0!
#4934500000000
1!
b1011000100 (
b1100011101 '
0&
#4935000000000
0!
#4935500000000
1!
b110001001 (
b1000111010 '
1&
#4936000000000
0!
#4936500000000
1!
b1100010010 (
b1110101 '
#4937000000000
0!
#4937500000000
1!
b1000100101 (
b11101011 '
#4938000000000
0!
#4938500000000
1!
b1001011 (
b111010110 '
0&
#4939000000000
0!
#4939500000000
1!
b10010111 (
b1110101101 '
1&
#4940000000000
0!
#4940500000000
1!
b100101111 (
b1101011010 '
#4941000000000
0!
#4941500000000
1!
b1001011110 (
b1010110101 '
0&
#4942000000000
0!
#4942500000000
1!
b10111101 (
b101101010 '
#4943000000000
0!
#4943500000000
1!
b101111011 (
b1011010100 '
1&
#4944000000000
0!
#4944500000000
1!
b1011110111 (
b110101000 '
#4945000000000
0!
#4945500000000
1!
b111101111 (
b1101010000 '
#4946000000000
0!
#4946500000000
1!
b1111011111 (
b1010100001 '
0&
#4947000000000
0!
#4947500000000
1!
b1110111111 (
b101000011 '
1&
#4948000000000
0!
#4948500000000
1!
b1101111110 (
b1010000110 '
0&
#4949000000000
0!
#4949500000000
1!
b1011111101 (
b100001100 '
1&
#4950000000000
0!
#4950500000000
1!
b111111010 (
b1000011001 '
#4951000000000
0!
#4951500000000
1!
b1111110100 (
b110011 '
#4952000000000
0!
#4952500000000
1!
b1111101001 (
b1100110 '
#4953000000000
0!
#4953500000000
1!
b1111010010 (
b11001101 '
#4954000000000
0!
#4954500000000
1!
b1110100100 (
b110011011 '
#4955000000000
0!
#4955500000000
1!
b1101001001 (
b1100110110 '
0&
#4956000000000
0!
#4956500000000
1!
b1010010010 (
b1001101100 '
#4957000000000
0!
#4957500000000
1!
b100100101 (
b11011000 '
#4958000000000
0!
#4958500000000
1!
b1001001011 (
b110110000 '
1&
#4959000000000
0!
#4959500000000
1!
b10010110 (
b1101100000 '
#4960000000000
0!
#4960500000000
1!
b100101101 (
b1011000001 '
#4961000000000
0!
#4961500000000
1!
b1001011011 (
b110000011 '
#4962000000000
0!
#4962500000000
1!
b10110110 (
b1100000110 '
#4963000000000
0!
#4963500000000
1!
b101101100 (
b1000001100 '
#4964000000000
0!
#4964500000000
1!
b1011011001 (
b11000 '
#4965000000000
0!
#4965500000000
1!
b110110010 (
b110000 '
0&
#4966000000000
0!
#4966500000000
1!
b1101100100 (
b1100000 '
1&
#4967000000000
0!
#4967500000000
1!
b1011001000 (
b11000000 '
#4968000000000
0!
#4968500000000
1!
b110010000 (
b110000000 '
0&
#4969000000000
0!
#4969500000000
1!
b1100100000 (
b1100000000 '
#4970000000000
0!
#4970500000000
1!
b1001000001 (
b1000000001 '
#4971000000000
0!
#4971500000000
1!
b10000011 (
b11 '
#4972000000000
0!
#4972500000000
1!
b100000110 (
b110 '
#4973000000000
0!
#4973500000000
1!
b1000001101 (
b1101 '
1&
#4974000000000
0!
#4974500000000
1!
b11010 (
b11011 '
0&
#4975000000000
0!
#4975500000000
1!
b110101 (
b110110 '
#4976000000000
0!
#4976500000000
1!
b1101010 (
b1101101 '
#4977000000000
0!
#4977500000000
1!
b11010100 (
b11011011 '
#4978000000000
0!
#4978500000000
1!
b110101000 (
b110110110 '
#4979000000000
0!
#4979500000000
1!
b1101010001 (
b1101101101 '
#4980000000000
0!
#4980500000000
1!
b1010100010 (
b1011011010 '
#4981000000000
0!
#4981500000000
1!
b101000100 (
b110110101 '
#4982000000000
0!
#4982500000000
1!
b1010001000 (
b1101101011 '
#4983000000000
0!
#4983500000000
1!
b100010000 (
b1011010111 '
1&
#4984000000000
0!
#4984500000000
1!
b1000100001 (
b110101110 '
#4985000000000
0!
#4985500000000
1!
b1000010 (
b1101011101 '
#4986000000000
0!
#4986500000000
1!
b10000101 (
b1010111010 '
#4987000000000
0!
#4987500000000
1!
b100001010 (
b101110101 '
0&
#4988000000000
0!
#4988500000000
1!
b1000010100 (
b1011101011 '
#4989000000000
0!
#4989500000000
1!
b101000 (
b111010111 '
#4990000000000
0!
#4990500000000
1!
b1010001 (
b1110101111 '
1&
#4991000000000
0!
#4991500000000
1!
b10100010 (
b1101011110 '
#4992000000000
0!
#4992500000000
1!
b101000101 (
b1010111100 '
#4993000000000
0!
#4993500000000
1!
b1010001010 (
b101111000 '
#4994000000000
0!
#4994500000000
1!
b100010101 (
b1011110000 '
#4995000000000
0!
#4995500000000
1!
b1000101010 (
b111100001 '
#4996000000000
0!
#4996500000000
1!
b1010101 (
b1111000010 '
#4997000000000
0!
#4997500000000
1!
b10101011 (
b1110000101 '
#4998000000000
0!
#4998500000000
1!
b101010111 (
b1100001010 '
#4999000000000
0!
#4999500000000
1!
b1010101111 (
b1000010101 '
0&
#5000000000000
0!
#5000500000000
1!
b101011111 (
b101010 '
#5001000000000
0!
#5001500000000
1!
b1010111111 (
b1010100 '
1&
#5002000000000
0!
#5002500000000
1!
b101111111 (
b10101001 '
0&
#5003000000000
0!
#5003500000000
1!
b1011111110 (
b101010010 '
1&
#5004000000000
0!
#5004500000000
1!
b111111101 (
b1010100100 '
#5005000000000
0!
#5005500000000
1!
b1111111010 (
b101001000 '
#5006000000000
0!
#5006500000000
1!
b1111110101 (
b1010010000 '
0&
#5007000000000
0!
#5007500000000
1!
b1111101011 (
b100100001 '
1&
#5008000000000
0!
#5008500000000
1!
b1111010111 (
b1001000010 '
0&
#5009000000000
0!
#5009500000000
1!
b1110101111 (
b10000101 '
1&
#5010000000000
0!
#5010500000000
1!
b1101011110 (
b100001011 '
#5011000000000
0!
#5011500000000
1!
b1010111100 (
b1000010110 '
0&
#5012000000000
0!
#5012500000000
1!
b101111000 (
b101100 '
#5013000000000
0!
#5013500000000
1!
b1011110000 (
b1011001 '
1&
#5014000000000
0!
#5014500000000
1!
b111100001 (
b10110010 '
0&
#5015000000000
0!
#5015500000000
1!
b1111000011 (
b101100100 '
1&
#5016000000000
0!
#5016500000000
1!
b1110000110 (
b1011001001 '
0&
#5017000000000
0!
#5017500000000
1!
b1100001101 (
b110010011 '
1&
#5018000000000
0!
#5018500000000
1!
b1000011011 (
b1100100110 '
0&
#5019000000000
0!
#5019500000000
1!
b110110 (
b1001001100 '
1&
#5020000000000
0!
#5020500000000
1!
b1101101 (
b10011000 '
0&
#5021000000000
0!
#5021500000000
1!
b11011010 (
b100110000 '
#5022000000000
0!
#5022500000000
1!
b110110100 (
b1001100000 '
1&
#5023000000000
0!
#5023500000000
1!
b1101101000 (
b11000001 '
#5024000000000
0!
#5024500000000
1!
b1011010001 (
b110000010 '
#5025000000000
0!
#5025500000000
1!
b110100010 (
b1100000100 '
#5026000000000
0!
#5026500000000
1!
b1101000100 (
b1000001000 '
0&
#5027000000000
0!
#5027500000000
1!
b1010001001 (
b10001 '
1&
#5028000000000
0!
#5028500000000
1!
b100010010 (
b100010 '
0&
#5029000000000
0!
#5029500000000
1!
b1000100100 (
b1000100 '
1&
#5030000000000
0!
#5030500000000
1!
b1001001 (
b10001001 '
0&
#5031000000000
0!
#5031500000000
1!
b10010010 (
b100010010 '
#5032000000000
0!
#5032500000000
1!
b100100100 (
b1000100100 '
1&
#5033000000000
0!
#5033500000000
1!
b1001001001 (
b1001000 '
#5034000000000
0!
#5034500000000
1!
b10010011 (
b10010000 '
0&
#5035000000000
0!
#5035500000000
1!
b100100110 (
b100100000 '
#5036000000000
0!
#5036500000000
1!
b1001001100 (
b1001000000 '
#5037000000000
0!
#5037500000000
1!
b10011000 (
b10000001 '
#5038000000000
0!
#5038500000000
1!
b100110001 (
b100000010 '
#5039000000000
0!
#5039500000000
1!
b1001100010 (
b1000000100 '
#5040000000000
0!
#5040500000000
1!
b11000101 (
b1000 '
#5041000000000
0!
#5041500000000
1!
b110001010 (
b10000 '
#5042000000000
0!
#5042500000000
1!
b1100010101 (
b100000 '
1&
#5043000000000
0!
#5043500000000
1!
b1000101011 (
b1000000 '
#5044000000000
0!
#5044500000000
1!
b1010111 (
b10000000 '
0&
#5045000000000
0!
#5045500000000
1!
b10101110 (
b100000000 '
#5046000000000
0!
#5046500000000
1!
b101011100 (
b1000000000 '
1&
#5047000000000
0!
#5047500000000
1!
b1010111000 (
b1 '
#5048000000000
0!
#5048500000000
1!
b101110001 (
b10 '
0&
#5049000000000
0!
#5049500000000
1!
b1011100010 (
b100 '
1&
#5050000000000
0!
#5050500000000
1!
b111000100 (
b1001 '
0&
#5051000000000
0!
#5051500000000
1!
b1110001001 (
b10010 '
1&
#5052000000000
0!
#5052500000000
1!
b1100010011 (
b100100 '
#5053000000000
0!
#5053500000000
1!
b1000100111 (
b1001001 '
#5054000000000
0!
#5054500000000
1!
b1001110 (
b10010010 '
0&
#5055000000000
0!
#5055500000000
1!
b10011100 (
b100100100 '
#5056000000000
0!
#5056500000000
1!
b100111000 (
b1001001001 '
1&
#5057000000000
0!
#5057500000000
1!
b1001110000 (
b10010011 '
#5058000000000
0!
#5058500000000
1!
b11100000 (
b100100110 '
0&
#5059000000000
0!
#5059500000000
1!
b111000000 (
b1001001101 '
1&
#5060000000000
0!
#5060500000000
1!
b1110000000 (
b10011010 '
#5061000000000
0!
#5061500000000
1!
b1100000001 (
b100110100 '
#5062000000000
0!
#5062500000000
1!
b1000000010 (
b1001101001 '
0&
#5063000000000
0!
#5063500000000
1!
b100 (
b11010011 '
#5064000000000
0!
#5064500000000
1!
b1001 (
b110100110 '
#5065000000000
0!
#5065500000000
1!
b10010 (
b1101001101 '
1&
#5066000000000
0!
#5066500000000
1!
b100101 (
b1010011010 '
#5067000000000
0!
#5067500000000
1!
b1001010 (
b100110101 '
0&
#5068000000000
0!
#5068500000000
1!
b10010101 (
b1001101011 '
1&
#5069000000000
0!
#5069500000000
1!
b100101010 (
b11010111 '
0&
#5070000000000
0!
#5070500000000
1!
b1001010101 (
b110101111 '
1&
#5071000000000
0!
#5071500000000
1!
b10101010 (
b1101011111 '
#5072000000000
0!
#5072500000000
1!
b101010101 (
b1010111110 '
#5073000000000
0!
#5073500000000
1!
b1010101010 (
b101111100 '
#5074000000000
0!
#5074500000000
1!
b101010100 (
b1011111001 '
#5075000000000
0!
#5075500000000
1!
b1010101000 (
b111110011 '
#5076000000000
0!
#5076500000000
1!
b101010001 (
b1111100110 '
#5077000000000
0!
#5077500000000
1!
b1010100011 (
b1111001100 '
0&
#5078000000000
0!
#5078500000000
1!
b101000110 (
b1110011000 '
1&
#5079000000000
0!
#5079500000000
1!
b1010001101 (
b1100110001 '
0&
#5080000000000
0!
#5080500000000
1!
b100011011 (
b1001100011 '
1&
#5081000000000
0!
#5081500000000
1!
b1000110110 (
b11000111 '
#5082000000000
0!
#5082500000000
1!
b1101100 (
b110001111 '
0&
#5083000000000
0!
#5083500000000
1!
b11011000 (
b1100011111 '
1&
#5084000000000
0!
#5084500000000
1!
b110110001 (
b1000111110 '
#5085000000000
0!
#5085500000000
1!
b1101100011 (
b1111100 '
#5086000000000
0!
#5086500000000
1!
b1011000110 (
b11111001 '
#5087000000000
0!
#5087500000000
1!
b110001100 (
b111110010 '
0&
#5088000000000
0!
#5088500000000
1!
b1100011001 (
b1111100100 '
#5089000000000
0!
#5089500000000
1!
b1000110010 (
b1111001000 '
#5090000000000
0!
#5090500000000
1!
b1100101 (
b1110010001 '
1&
#5091000000000
0!
#5091500000000
1!
b11001010 (
b1100100011 '
#5092000000000
0!
#5092500000000
1!
b110010100 (
b1001000111 '
#5093000000000
0!
#5093500000000
1!
b1100101001 (
b10001110 '
#5094000000000
0!
#5094500000000
1!
b1001010011 (
b100011101 '
#5095000000000
0!
#5095500000000
1!
b10100110 (
b1000111011 '
#5096000000000
0!
#5096500000000
1!
b101001100 (
b1110111 '
0&
#5097000000000
0!
#5097500000000
1!
b1010011000 (
b11101111 '
1&
#5098000000000
0!
#5098500000000
1!
b100110000 (
b111011111 '
0&
#5099000000000
0!
#5099500000000
1!
b1001100000 (
b1110111111 '
#5100000000000
0!
#5100500000000
1!
b11000000 (
b1101111110 '
1&
#5101000000000
0!
#5101500000000
1!
b110000001 (
b1011111100 '
#5102000000000
0!
#5102500000000
1!
b1100000010 (
b111111000 '
#5103000000000
0!
#5103500000000
1!
b1000000101 (
b1111110000 '
0&
#5104000000000
0!
#5104500000000
1!
b1010 (
b1111100001 '
1&
#5105000000000
0!
#5105500000000
1!
b10101 (
b1111000011 '
#5106000000000
0!
#5106500000000
1!
b101011 (
b1110000111 '
#5107000000000
0!
#5107500000000
1!
b1010110 (
b1100001110 '
#5108000000000
0!
#5108500000000
1!
b10101100 (
b1000011100 '
#5109000000000
0!
#5109500000000
1!
b101011001 (
b111000 '
0&
#5110000000000
0!
#5110500000000
1!
b1010110011 (
b1110000 '
1&
#5111000000000
0!
#5111500000000
1!
b101100110 (
b11100000 '
0&
#5112000000000
0!
#5112500000000
1!
b1011001100 (
b111000000 '
1&
#5113000000000
0!
#5113500000000
1!
b110011001 (
b1110000000 '
#5114000000000
0!
#5114500000000
1!
b1100110010 (
b1100000001 '
0&
#5115000000000
0!
#5115500000000
1!
b1001100100 (
b1000000011 '
#5116000000000
0!
#5116500000000
1!
b11001001 (
b111 '
#5117000000000
0!
#5117500000000
1!
b110010011 (
b1111 '
#5118000000000
0!
#5118500000000
1!
b1100100111 (
b11111 '
1&
#5119000000000
0!
#5119500000000
1!
b1001001111 (
b111111 '
#5120000000000
0!
#5120500000000
1!
b10011111 (
b1111111 '
0&
#5121000000000
0!
#5121500000000
1!
b100111111 (
b11111111 '
#5122000000000
0!
#5122500000000
1!
b1001111110 (
b111111111 '
1&
#5123000000000
0!
#5123500000000
1!
b11111100 (
b1111111111 '
#5124000000000
0!
#5124500000000
1!
b111111001 (
b1111111110 '
b100000 $
b11111 #
b100011000 %
1)
#5125000000000
0!
#5125500000000
1!
b100011000 (
b1111111111 '
0)
#5126000000000
0!
#5126500000000
1!
b1000110001 (
b1111111110 '
0&
#5127000000000
0!
#5127500000000
1!
b1100010 (
b1111111100 '
1&
#5128000000000
0!
#5128500000000
1!
b11000100 (
b1111111000 '
