$comment Generated by Amaranth $end
$date 2025-11-22 22:48:41.893457 $end
$timescale 1 fs $end
$scope module bench $end
$scope module top $end
$var wire 1 ! clk $end
$var wire 1 " rst $end
$var wire 5 # prn_index $end
$var wire 8 $ prn $end
$var wire 4 % tap1 $end
$var wire 4 & tap2 $end
$var wire 1 ' g2_tap1_out $end
$var wire 10 ( g2 $end
$var wire 1 ) g2_tap2_out $end
$var wire 1 * code_prompt $end
$var wire 10 + g1 $end
$var wire 1 , reset $end
$var wire 1 - chip_strobe $end
$upscope $end
$upscope $end
$enddefinitions $end
#0
$dumpvars
0!
0"
b0 #
b1 $
b10 %
b110 &
0'
b0 (
0)
0*
b0 +
1,
0-
$end
#500000000
1!
b1111111111 +
b1111111111 (
1'
1*
1)
0,
#1000000000
0!
#1500000000
1!
1-
#2000000000
0!
#2500000000
1!
b1111111110 +
b1111111110 (
#3000000000
0!
#3500000000
1!
b1111111100 +
b1111111100 (
0'
0*
#4000000000
0!
#4500000000
1!
b1111111000 +
b1111111001 (
#5000000000
0!
#5500000000
1!
b1111110001 +
b1111110010 (
1'
1*
#6000000000
0!
#6500000000
1!
b1111100011 +
b1111100101 (
0'
0*
#7000000000
0!
#7500000000
1!
b1111000111 +
b1111001011 (
1'
0)
#8000000000
0!
#8500000000
1!
b1110001110 +
b1110010110 (
#9000000000
0!
#9500000000
1!
b1100011100 +
b1100101101 (
0'
1)
#10000000000
0!
#10500000000
1!
b1000111000 +
b1001011010 (
1'
0)
#11000000000
0!
#11500000000
1!
b1110001 +
b10110100 (
0'
1*
1)
#12000000000
0!
#12500000000
1!
b11100010 +
b101101001 (
#13000000000
0!
#13500000000
1!
b111000100 +
b1011010010 (
1'
0)
#14000000000
0!
#14500000000
1!
b1110001001 +
b110100101 (
0'
0*
1)
#15000000000
0!
#15500000000
1!
b1100010011 +
b1101001010 (
1'
0)
#16000000000
0!
#16500000000
1!
b1000100111 +
b1010010101 (
0'
1*
#17000000000
0!
#17500000000
1!
b1001110 +
b100101011 (
1'
0*
1)
#18000000000
0!
#18500000000
1!
b10011101 +
b1001010111 (
0)
1*
#19000000000
0!
#19500000000
1!
b100111011 +
b10101111 (
1)
0*
#20000000000
0!
#20500000000
1!
b1001110110 +
b101011110 (
1*
0)
0*
#21000000000
0!
#21500000000
1!
b11101100 +
b1010111101 (
0'
1*
1)
#22000000000
0!
#22500000000
1!
b111011001 +
b101111010 (
1'
0*
#23000000000
0!
#23500000000
1!
b1110110010 +
b1011110101 (
0'
1*
0*
#24000000000
0!
#24500000000
1!
b1101100101 +
b111101010 (
1'
1*
#25000000000
0!
#25500000000
1!
b1011001010 +
b1111010100 (
0'
0)
#26000000000
0!
#26500000000
1!
b110010101 +
b1110101000 (
0*
1)
1*
#27000000000
0!
#27500000000
1!
b1100101011 +
b1101010000 (
0*
0)
1*
#28000000000
0!
#28500000000
1!
b1001010111 +
b1010100000 (
1)
0*
#29000000000
0!
#29500000000
1!
b10101110 +
b101000001 (
1*
0)
0*
#30000000000
0!
#30500000000
1!
b101011101 +
b1010000011 (
1'
1*
#31000000000
0!
#31500000000
1!
b1010111011 +
b100000111 (
0*
#32000000000
0!
#32500000000
1!
b101110111 +
b1000001111 (
1*
#33000000000
0!
#33500000000
1!
b1011101111 +
b11111 (
0*
#34000000000
0!
#34500000000
1!
b111011110 +
b111110 (
1*
1)
0*
#35000000000
0!
#35500000000
1!
b1110111101 +
b1111101 (
0'
1*
0*
#36000000000
0!
#36500000000
1!
b1101111010 +
b11111010 (
1'
1*
#37000000000
0!
#37500000000
1!
b1011110101 +
b111110101 (
0'
0*
#38000000000
0!
#38500000000
1!
b111101010 +
b1111101010 (
1'
1*
0*
#39000000000
0!
#39500000000
1!
b1111010100 +
b1111010101 (
0'
1*
0)
#40000000000
0!
#40500000000
1!
b1110101000 +
b1110101010 (
1'
1)
#41000000000
0!
#41500000000
1!
b1101010001 +
b1101010101 (
0'
0)
#42000000000
0!
#42500000000
1!
b1010100011 +
b1010101011 (
1'
1)
#43000000000
0!
#43500000000
1!
b101000111 +
b101010110 (
0*
0)
1*
#44000000000
0!
#44500000000
1!
b1010001111 +
b1010101101 (
0'
0*
1)
#45000000000
0!
#45500000000
1!
b100011110 +
b101011010 (
1'
1*
0)
#46000000000
0!
#46500000000
1!
b1000111101 +
b1010110100 (
0'
0*
1)
#47000000000
0!
#47500000000
1!
b1111010 +
b101101000 (
1*
#48000000000
0!
#48500000000
1!
b11110100 +
b1011010000 (
0)
0*
#49000000000
0!
#49500000000
1!
b111101001 +
b110100000 (
1)
1*
#50000000000
0!
#50500000000
1!
b1111010010 +
b1101000001 (
0*
0)
1*
#51000000000
0!
#51500000000
1!
b1110100101 +
b1010000010 (
1'
0*
#52000000000
0!
#52500000000
1!
b1101001010 +
b100000101 (
0'
1*
#53000000000
0!
#53500000000
1!
b1010010101 +
b1000001010 (
1'
0*
#54000000000
0!
#54500000000
1!
b100101010 +
b10100 (
0'
1*
0*
#55000000000
0!
#55500000000
1!
b1001010100 +
b101001 (
1*
1)
0*
#56000000000
0!
#56500000000
1!
b10101000 +
b1010011 (
1'
1*
0)
#57000000000
0!
#57500000000
1!
b101010000 +
b10100111 (
1)
0*
#58000000000
0!
#58500000000
1!
b1010100000 +
b101001110 (
1*
0)
0*
#59000000000
0!
#59500000000
1!
b101000001 +
b1010011101 (
0'
1*
0*
#60000000000
0!
#60500000000
1!
b1010000010 +
b100111011 (
1'
1*
1)
#61000000000
0!
#61500000000
1!
b100000101 +
b1001110111 (
0*
#62000000000
0!
#62500000000
1!
b1000001011 +
b11101110 (
1*
#63000000000
0!
#63500000000
1!
b10111 +
b111011100 (
0'
0*
0)
#64000000000
0!
#64500000000
1!
b101111 +
b1110111001 (
1)
1*
#65000000000
0!
#65500000000
1!
b1011111 +
b1101110010 (
1'
0*
#66000000000
0!
#66500000000
1!
b10111111 +
b1011100100 (
0'
1*
#67000000000
0!
#67500000000
1!
b101111111 +
b111001000 (
0)
0*
#68000000000
0!
#68500000000
1!
b1011111111 +
b1110010000 (
1*
#69000000000
0!
#69500000000
1!
b111111110 +
b1100100001 (
0*
1)
1*
#70000000000
0!
#70500000000
1!
b1111111101 +
b1001000011 (
1'
0*
0)
#71000000000
0!
#71500000000
1!
b1111111010 +
b10000110 (
#72000000000
0!
#72500000000
1!
b1111110101 +
b100001101 (
0'
1*
#73000000000
0!
#73500000000
1!
b1111101010 +
b1000011010 (
1'
0*
#74000000000
0!
#74500000000
1!
b1111010101 +
b110100 (
0'
1)
#75000000000
0!
#75500000000
1!
b1110101010 +
b1101000 (
#76000000000
0!
#76500000000
1!
b1101010101 +
b11010001 (
0)
1*
#77000000000
0!
#77500000000
1!
b1010101010 +
b110100011 (
1'
1)
#78000000000
0!
#78500000000
1!
b101010101 +
b1101000110 (
0*
0)
1*
#79000000000
0!
#79500000000
1!
b1010101011 +
b1010001100 (
0'
0*
1*
#80000000000
0!
#80500000000
1!
b101010111 +
b100011001 (
0*
#81000000000
0!
#81500000000
1!
b1010101111 +
b1000110011 (
1'
1*
1)
#82000000000
0!
#82500000000
1!
b101011110 +
b1100111 (
0*
#83000000000
0!
#83500000000
1!
b1010111101 +
b11001111 (
1*
0)
0*
#84000000000
0!
#84500000000
1!
b101111010 +
b110011111 (
1*
#85000000000
0!
#85500000000
1!
b1011110100 +
b1100111110 (
0*
1)
1*
#86000000000
0!
#86500000000
1!
b111101000 +
b1001111101 (
0'
0*
1*
#87000000000
0!
#87500000000
1!
b1111010000 +
b11111011 (
1'
0*
1*
#88000000000
0!
#88500000000
1!
b1110100001 +
b111110111 (
#89000000000
0!
#89500000000
1!
b1101000011 +
b1111101111 (
#90000000000
0!
#90500000000
1!
b1010000111 +
b1111011110 (
0)
0*
#91000000000
0!
#91500000000
1!
b100001110 +
b1110111101 (
0'
1*
1)
#92000000000
0!
#92500000000
1!
b1000011101 +
b1101111011 (
1'
0*
1*
#93000000000
0!
#93500000000
1!
b111010 +
b1011110110 (
0*
#94000000000
0!
#94500000000
1!
b1110100 +
b111101101 (
0'
1*
#95000000000
0!
#95500000000
1!
b11101001 +
b1111011010 (
1'
0)
#96000000000
0!
#96500000000
1!
b111010010 +
b1110110100 (
0'
1)
#97000000000
0!
#97500000000
1!
b1110100100 +
b1101101001 (
0*
#98000000000
0!
#98500000000
1!
b1101001000 +
b1011010011 (
1'
0)
#99000000000
0!
#99500000000
1!
b1010010001 +
b110100111 (
1)
1*
#100000000000
0!
#100500000000
1!
b100100011 +
b1101001111 (
0*
0)
1*
#101000000000
0!
#101500000000
1!
b1001000110 +
b1010011110 (
0*
#102000000000
0!
#102500000000
1!
b10001100 +
b100111100 (
0'
1*
1)
#103000000000
0!
#103500000000
1!
b100011001 +
b1001111001 (
#104000000000
0!
#104500000000
1!
b1000110010 +
b11110010 (
1'
0*
1*
#105000000000
0!
#105500000000
1!
b1100101 +
b111100101 (
0'
0*
1*
#106000000000
0!
#106500000000
1!
b11001011 +
b1111001010 (
1'
0)
#107000000000
0!
#107500000000
1!
b110010110 +
b1110010100 (
0'
0*
#108000000000
0!
#108500000000
1!
b1100101101 +
b1100101000 (
1*
1)
0*
#109000000000
0!
#109500000000
1!
b1001011010 +
b1001010001 (
0)
1*
#110000000000
0!
#110500000000
1!
b10110101 +
b10100011 (
1'
0*
1)
#111000000000
0!
#111500000000
1!
b101101011 +
b101000111 (
0)
1*
#112000000000
0!
#112500000000
1!
b1011010110 +
b1010001111 (
0*
#113000000000
0!
#113500000000
1!
b110101100 +
b100011110 (
1*
#114000000000
0!
#114500000000
1!
b1101011001 +
b1000111101 (
0'
0*
1)
#115000000000
0!
#115500000000
1!
b1010110011 +
b1111011 (
1'
1*
#116000000000
0!
#116500000000
1!
b101100111 +
b11110110 (
0*
#117000000000
0!
#117500000000
1!
b1011001111 +
b111101100 (
0'
1*
0*
#118000000000
0!
#118500000000
1!
b110011110 +
b1111011000 (
1*
0)
0*
#119000000000
0!
#119500000000
1!
b1100111101 +
b1110110001 (
1*
1)
0*
#120000000000
0!
#120500000000
1!
b1001111010 +
b1101100010 (
1'
1*
#121000000000
0!
#121500000000
1!
b11110101 +
b1011000100 (
0'
0*
0)
#122000000000
0!
#122500000000
1!
b111101011 +
b110001001 (
#123000000000
0!
#123500000000
1!
b1111010110 +
b1100010010 (
1'
1*
0*
#124000000000
0!
#124500000000
1!
b1110101100 +
b1000100101 (
0'
1)
#125000000000
0!
#125500000000
1!
b1101011000 +
b1001011 (
1'
0)
#126000000000
0!
#126500000000
1!
b1010110001 +
b10010111 (
#127000000000
0!
#127500000000
1!
b101100011 +
b100101111 (
1*
1)
0*
#128000000000
0!
#128500000000
1!
b1011000110 +
b1001011110 (
1*
0)
0*
#129000000000
0!
#129500000000
1!
b110001100 +
b10111101 (
0'
1*
1)
#130000000000
0!
#130500000000
1!
b1100011001 +
b101111011 (
1'
0*
1*
#131000000000
0!
#131500000000
1!
b1000110011 +
b1011110111 (
#132000000000
0!
#132500000000
1!
b1100111 +
b111101111 (
0*
#133000000000
0!
#133500000000
1!
b11001111 +
b1111011111 (
0)
1*
#134000000000
0!
#134500000000
1!
b110011111 +
b1110111111 (
1)
0*
#135000000000
0!
#135500000000
1!
b1100111111 +
b1101111110 (
1*
#136000000000
0!
#136500000000
1!
b1001111110 +
b1011111101 (
0'
0*
#137000000000
0!
#137500000000
1!
b11111100 +
b111111010 (
1'
1*
0*
#138000000000
0!
#138500000000
1!
b111111001 +
b1111110100 (
0'
1*
#139000000000
0!
#139500000000
1!
b1111110010 +
b1111101001 (
0*
#140000000000
0!
#140500000000
1!
b1111100101 +
b1111010010 (
1'
0)
#141000000000
0!
#141500000000
1!
b1111001010 +
b1110100100 (
0'
1)
#142000000000
0!
#142500000000
1!
b1110010101 +
b1101001001 (
0)
1*
#143000000000
0!
#143500000000
1!
b1100101010 +
b1010010010 (
1'
0*
#144000000000
0!
#144500000000
1!
b1001010101 +
b100100101 (
0'
1)
#145000000000
0!
#145500000000
1!
b10101010 +
b1001001011 (
1'
1*
0)
#146000000000
0!
#146500000000
1!
b101010100 +
b10010110 (
#147000000000
0!
#147500000000
1!
b1010101001 +
b100101101 (
0'
0*
1)
#148000000000
0!
#148500000000
1!
b101010011 +
b1001011011 (
1'
1*
0)
#149000000000
0!
#149500000000
1!
b1010100110 +
b10110110 (
0*
1)
1*
#150000000000
0!
#150500000000
1!
b101001100 +
b101101100 (
0'
0*
1*
#151000000000
0!
#151500000000
1!
b1010011001 +
b1011011001 (
0*
0)
1*
#152000000000
0!
#152500000000
1!
b100110011 +
b110110010 (
1'
0*
1)
#153000000000
0!
#153500000000
1!
b1001100110 +
b1101100100 (
0'
1*
0*
#154000000000
0!
#154500000000
1!
b11001100 +
b1011001000 (
1*
0)
0*
#155000000000
0!
#155500000000
1!
b110011001 +
b110010000 (
#156000000000
0!
#156500000000
1!
b1100110010 +
b1100100000 (
1*
1)
0*
#157000000000
0!
#157500000000
1!
b1001100101 +
b1001000001 (
0)
1*
#158000000000
0!
#158500000000
1!
b11001010 +
b10000011 (
1'
0*
1*
#159000000000
0!
#159500000000
1!
b110010100 +
b100000110 (
#160000000000
0!
#160500000000
1!
b1100101001 +
b1000001101 (
0'
0*
1*
#161000000000
0!
#161500000000
1!
b1001010011 +
b11010 (
1'
0*
#162000000000
0!
#162500000000
1!
b10100111 +
b110101 (
0'
1*
1)
#163000000000
0!
#163500000000
1!
b101001111 +
b1101010 (
1'
0*
#164000000000
0!
#164500000000
1!
b1010011111 +
b11010100 (
0'
1*
0)
#165000000000
0!
#165500000000
1!
b100111110 +
b110101000 (
0*
1)
1*
#166000000000
0!
#166500000000
1!
b1001111101 +
b1101010001 (
0*
0)
1*
#167000000000
0!
#167500000000
1!
b11111010 +
b1010100010 (
1'
0*
1)
#168000000000
0!
#168500000000
1!
b111110100 +
b101000100 (
0'
0)
#169000000000
0!
#169500000000
1!
b1111101001 +
b1010001000 (
1*
#170000000000
0!
#170500000000
1!
b1111010011 +
b100010000 (
#171000000000
0!
#171500000000
1!
b1110100111 +
b1000100001 (
1)
0*
#172000000000
0!
#172500000000
1!
b1101001110 +
b1000010 (
1'
0)
#173000000000
0!
#173500000000
1!
b1010011100 +
b10000101 (
0'
1*
#174000000000
0!
#174500000000
1!
b100111000 +
b100001010 (
1'
0*
1*
#175000000000
0!
#175500000000
1!
b1001110000 +
b1000010100 (
0'
0*
1*
#176000000000
0!
#176500000000
1!
b11100001 +
b101000 (
0*
1)
1*
#177000000000
0!
#177500000000
1!
b111000010 +
b1010001 (
0)
0*
#178000000000
0!
#178500000000
1!
b1110000100 +
b10100010 (
1'
1*
1)
#179000000000
0!
#179500000000
1!
b1100001000 +
b101000101 (
0'
0)
#180000000000
0!
#180500000000
1!
b1000010001 +
b1010001010 (
1'
0*
#181000000000
0!
#181500000000
1!
b100011 +
b100010101 (
0'
1*
0*
#182000000000
0!
#182500000000
1!
b1000110 +
b1000101010 (
1'
1)
#183000000000
0!
#183500000000
1!
b10001101 +
b1010101 (
0'
0)
#184000000000
0!
#184500000000
1!
b100011011 +
b10101011 (
1'
1)
#185000000000
0!
#185500000000
1!
b1000110110 +
b101010111 (
1*
0)
0*
#186000000000
0!
#186500000000
1!
b1101100 +
b1010101111 (
1*
1)
0*
#187000000000
0!
#187500000000
1!
b11011001 +
b101011111 (
0)
1*
#188000000000
0!
#188500000000
1!
b110110010 +
b1010111111 (
1)
0*
#189000000000
0!
#189500000000
1!
b1101100100 +
b101111111 (
1*
#190000000000
0!
#190500000000
1!
b1011001000 +
b1011111110 (
#191000000000
0!
#191500000000
1!
b110010001 +
b111111101 (
0'
0*
1*
#192000000000
0!
#192500000000
1!
b1100100010 +
b1111111010 (
1'
0*
1*
#193000000000
0!
#193500000000
1!
b1001000101 +
b1111110101 (
0'
0*
#194000000000
0!
#194500000000
1!
b10001010 +
b1111101011 (
1'
1*
0*
#195000000000
0!
#195500000000
1!
b100010100 +
b1111010111 (
0)
1*
#196000000000
0!
#196500000000
1!
b1000101001 +
b1110101111 (
0*
1)
1*
#197000000000
0!
#197500000000
1!
b1010011 +
b1101011110 (
0*
0)
1*
#198000000000
0!
#198500000000
1!
b10100110 +
b1010111100 (
0'
1)
#199000000000
0!
#199500000000
1!
b101001101 +
b101111000 (
#200000000000
0!
#200500000000
1!
b1010011011 +
b1011110000 (
0*
#201000000000
0!
#201500000000
1!
b100110111 +
b111100001 (
1*
#202000000000
0!
#202500000000
1!
b1001101111 +
b1111000011 (
1'
0*
0)
#203000000000
0!
#203500000000
1!
b11011110 +
b1110000110 (
1*
#204000000000
0!
#204500000000
1!
b110111101 +
b1100001101 (
0'
0*
#205000000000
0!
#205500000000
1!
b1101111011 +
b1000011011 (
1'
1*
0*
#206000000000
0!
#206500000000
1!
b1011110111 +
b110110 (
1)
1*
#207000000000
0!
#207500000000
1!
b111101110 +
b1101101 (
0'
0*
1*
#208000000000
0!
#208500000000
1!
b1111011101 +
b11011010 (
1'
0*
0)
#209000000000
0!
#209500000000
1!
b1110111010 +
b110110100 (
0'
1)
#210000000000
0!
#210500000000
1!
b1101110101 +
b1101101000 (
#211000000000
0!
#211500000000
1!
b1011101010 +
b1011010001 (
0)
1*
#212000000000
0!
#212500000000
1!
b111010101 +
b110100010 (
1'
0*
1)
#213000000000
0!
#213500000000
1!
b1110101011 +
b1101000100 (
0'
1*
0)
#214000000000
0!
#214500000000
1!
b1101010111 +
b1010001001 (
#215000000000
0!
#215500000000
1!
b1010101110 +
b100010010 (
1'
0*
#216000000000
0!
#216500000000
1!
b101011100 +
b1000100100 (
0'
1*
1)
#217000000000
0!
#217500000000
1!
b1010111001 +
b1001001 (
0*
0)
1*
#218000000000
0!
#218500000000
1!
b101110011 +
b10010010 (
1'
0*
1*
#219000000000
0!
#219500000000
1!
b1011100110 +
b100100100 (
0'
0*
1)
#220000000000
0!
#220500000000
1!
b111001100 +
b1001001001 (
1*
0)
0*
#221000000000
0!
#221500000000
1!
b1110011001 +
b10010011 (
1'
1*
0*
#222000000000
0!
#222500000000
1!
b1100110011 +
b100100110 (
1)
1*
#223000000000
0!
#223500000000
1!
b1001100111 +
b1001001100 (
0'
0)
#224000000000
0!
#224500000000
1!
b11001110 +
b10011000 (
0*
#225000000000
0!
#225500000000
1!
b110011101 +
b100110001 (
1)
1*
#226000000000
0!
#226500000000
1!
b1100111011 +
b1001100010 (
1'
0*
1*
#227000000000
0!
#227500000000
1!
b1001110111 +
b11000101 (
0'
0)
#228000000000
0!
#228500000000
1!
b11101110 +
b110001010 (
1'
0*
1*
#229000000000
0!
#229500000000
1!
b111011101 +
b1100010101 (
0'
0*
#230000000000
0!
#230500000000
1!
b1110111011 +
b1000101011 (
1'
1*
1)
#231000000000
0!
#231500000000
1!
b1101110111 +
b1010111 (
0)
0*
#232000000000
0!
#232500000000
1!
b1011101110 +
b10101110 (
1)
1*
#233000000000
0!
#233500000000
1!
b111011100 +
b101011100 (
0'
0*
0)
#234000000000
0!
#234500000000
1!
b1110111001 +
b1010111000 (
1*
1)
0*
#235000000000
0!
#235500000000
1!
b1101110011 +
b101110001 (
#236000000000
0!
#236500000000
1!
b1011100111 +
b1011100010 (
1'
1*
#237000000000
0!
#237500000000
1!
b111001110 +
b111000100 (
0'
0*
0)
#238000000000
0!
#238500000000
1!
b1110011101 +
b1110001001 (
1*
#239000000000
0!
#239500000000
1!
b1100111010 +
b1100010011 (
1'
0*
#240000000000
0!
#240500000000
1!
b1001110101 +
b1000100111 (
1)
1*
#241000000000
0!
#241500000000
1!
b11101010 +
b1001110 (
0*
0)
1*
#242000000000
0!
#242500000000
1!
b111010100 +
b10011100 (
0'
0*
#243000000000
0!
#243500000000
1!
b1110101001 +
b100111000 (
1*
1)
0*
#244000000000
0!
#244500000000
1!
b1101010011 +
b1001110000 (
#245000000000
0!
#245500000000
1!
b1010100111 +
b11100000 (
#246000000000
0!
#246500000000
1!
b101001110 +
b111000000 (
1*
0)
0*
#247000000000
0!
#247500000000
1!
b1010011101 +
b1110000000 (
1*
#248000000000
0!
#248500000000
1!
b100111010 +
b1100000001 (
0*
#249000000000
0!
#249500000000
1!
b1001110100 +
b1000000010 (
1'
1*
0*
#250000000000
0!
#250500000000
1!
b11101000 +
b100 (
0'
1*
0*
#251000000000
0!
#251500000000
1!
b111010000 +
b1001 (
#252000000000
0!
#252500000000
1!
b1110100000 +
b10010 (
1'
1*
0*
#253000000000
0!
#253500000000
1!
b1101000001 +
b100101 (
0'
1)
#254000000000
0!
#254500000000
1!
b1010000011 +
b1001010 (
1'
0)
#255000000000
0!
#255500000000
1!
b100000111 +
b10010101 (
0'
1*
0*
#256000000000
0!
#256500000000
1!
b1000001111 +
b100101010 (
1'
1*
1)
#257000000000
0!
#257500000000
1!
b11110 +
b1001010101 (
0'
0*
0)
#258000000000
0!
#258500000000
1!
b111101 +
b10101010 (
1'
1)
#259000000000
0!
#259500000000
1!
b1111011 +
b101010101 (
0'
0)
#260000000000
0!
#260500000000
1!
b11110110 +
b1010101010 (
1'
1)
#261000000000
0!
#261500000000
1!
b111101101 +
b101010100 (
0'
0)
#262000000000
0!
#262500000000
1!
b1111011011 +
b1010101000 (
1*
1)
0*
#263000000000
0!
#263500000000
1!
b1110110111 +
b101010001 (
0)
1*
#264000000000
0!
#264500000000
1!
b1101101110 +
b1010100011 (
1'
1)
#265000000000
0!
#265500000000
1!
b1011011100 +
b101000110 (
0)
0*
#266000000000
0!
#266500000000
1!
b110111000 +
b1010001101 (
0'
1*
0*
#267000000000
0!
#267500000000
1!
b1101110000 +
b100011011 (
1'
1*
0*
#268000000000
0!
#268500000000
1!
b1011100001 +
b1000110110 (
1)
1*
#269000000000
0!
#269500000000
1!
b111000011 +
b1101100 (
0'
0*
1*
#270000000000
0!
#270500000000
1!
b1110000110 +
b11011000 (
0*
0)
1*
#271000000000
0!
#271500000000
1!
b1100001100 +
b110110001 (
1)
0*
#272000000000
0!
#272500000000
1!
b1000011000 +
b1101100011 (
1'
1*
#273000000000
0!
#273500000000
1!
b110001 +
b1011000110 (
0*
0)
1*
#274000000000
0!
#274500000000
1!
b1100010 +
b110001100 (
0'
0*
#275000000000
0!
#275500000000
1!
b11000100 +
b1100011001 (
#276000000000
0!
#276500000000
1!
b110001001 +
b1000110010 (
1'
1)
#277000000000
0!
#277500000000
1!
b1100010010 +
b1100101 (
0'
1*
0*
#278000000000
0!
#278500000000
1!
b1000100101 +
b11001010 (
1'
0)
#279000000000
0!
#279500000000
1!
b1001010 +
b110010100 (
0'
1*
0*
#280000000000
0!
#280500000000
1!
b10010100 +
b1100101001 (
1)
1*
#281000000000
0!
#281500000000
1!
b100101001 +
b1001010011 (
1'
0)
#282000000000
0!
#282500000000
1!
b1001010010 +
b10100110 (
0*
1)
1*
#283000000000
0!
#283500000000
1!
b10100101 +
b101001100 (
0'
0*
0)
#284000000000
0!
#284500000000
1!
b101001011 +
b1010011000 (
#285000000000
0!
#285500000000
1!
b1010010110 +
b100110000 (
1*
1)
0*
#286000000000
0!
#286500000000
1!
b100101100 +
b1001100000 (
1*
#287000000000
0!
#287500000000
1!
b1001011001 +
b11000000 (
0*
0)
1*
#288000000000
0!
#288500000000
1!
b10110011 +
b110000001 (
0*
#289000000000
0!
#289500000000
1!
b101100110 +
b1100000010 (
1'
1*
#290000000000
0!
#290500000000
1!
b1011001101 +
b1000000101 (
0'
0*
1*
#291000000000
0!
#291500000000
1!
b110011010 +
b1010 (
1'
0*
1*
#292000000000
0!
#292500000000
1!
b1100110100 +
b10101 (
0'
0*
1*
#293000000000
0!
#293500000000
1!
b1001101000 +
b101011 (
1'
1)
#294000000000
0!
#294500000000
1!
b11010001 +
b1010110 (
0*
0)
1*
#295000000000
0!
#295500000000
1!
b110100010 +
b10101100 (
0'
1)
#296000000000
0!
#296500000000
1!
b1101000100 +
b101011001 (
0*
0)
1*
#297000000000
0!
#297500000000
1!
b1010001000 +
b1010110011 (
1'
1)
#298000000000
0!
#298500000000
1!
b100010001 +
b101100110 (
0*
#299000000000
0!
#299500000000
1!
b1000100010 +
b1011001100 (
0'
1*
0)
#300000000000
0!
#300500000000
1!
b1000101 +
b110011001 (
0*
#301000000000
0!
#301500000000
1!
b10001011 +
b1100110010 (
1'
1)
#302000000000
0!
#302500000000
1!
b100010110 +
b1001100100 (
0'
1*
#303000000000
0!
#303500000000
1!
b1000101101 +
b11001001 (
0*
0)
1*
#304000000000
0!
#304500000000
1!
b1011010 +
b110010011 (
1'
0*
1*
#305000000000
0!
#305500000000
1!
b10110100 +
b1100100111 (
1)
0*
#306000000000
0!
#306500000000
1!
b101101001 +
b1001001111 (
0)
1*
#307000000000
0!
#307500000000
1!
b1011010010 +
b10011111 (
0*
#308000000000
0!
#308500000000
1!
b110100101 +
b100111111 (
1*
1)
0*
#309000000000
0!
#309500000000
1!
b1101001011 +
b1001111110 (
1*
#310000000000
0!
#310500000000
1!
b1010010111 +
b11111100 (
0'
0*
#311000000000
0!
#311500000000
1!
b100101110 +
b111111001 (
1*
#312000000000
0!
#312500000000
1!
b1001011101 +
b1111110011 (
1'
0*
1*
#313000000000
0!
#313500000000
1!
b10111010 +
b1111100111 (
0*
#314000000000
0!
#314500000000
1!
b101110100 +
b1111001110 (
0)
1*
#315000000000
0!
#315500000000
1!
b1011101001 +
b1110011101 (
0'
0*
1*
#316000000000
0!
#316500000000
1!
b111010011 +
b1100111010 (
1'
0*
1)
#317000000000
0!
#317500000000
1!
b1110100110 +
b1001110100 (
0'
1*
0*
#318000000000
0!
#318500000000
1!
b1101001100 +
b11101001 (
#319000000000
0!
#319500000000
1!
b1010011000 +
b111010010 (
1'
0)
#320000000000
0!
#320500000000
1!
b100110001 +
b1110100101 (
0'
1*
1)
#321000000000
0!
#321500000000
1!
b1001100010 +
b1101001011 (
1'
0*
0)
#322000000000
0!
#322500000000
1!
b11000101 +
b1010010111 (
1*
#323000000000
0!
#323500000000
1!
b110001011 +
b100101110 (
1)
0*
#324000000000
0!
#324500000000
1!
b1100010110 +
b1001011100 (
0'
1*
0)
#325000000000
0!
#325500000000
1!
b1000101100 +
b10111000 (
1)
0*
#326000000000
0!
#326500000000
1!
b1011000 +
b101110000 (
1*
#327000000000
0!
#327500000000
1!
b10110000 +
b1011100000 (
#328000000000
0!
#328500000000
1!
b101100000 +
b111000001 (
0)
0*
#329000000000
0!
#329500000000
1!
b1011000000 +
b1110000010 (
1'
1*
0*
#330000000000
0!
#330500000000
1!
b110000001 +
b1100000100 (
0'
1*
0*
#331000000000
0!
#331500000000
1!
b1100000010 +
b1000001001 (
1*
#332000000000
0!
#332500000000
1!
b1000000101 +
b10011 (
1'
0*
#333000000000
0!
#333500000000
1!
b1010 +
b100111 (
1*
1)
0*
#334000000000
0!
#334500000000
1!
b10100 +
b1001111 (
0)
1*
#335000000000
0!
#335500000000
1!
b101001 +
b10011110 (
#336000000000
0!
#336500000000
1!
b1010010 +
b100111101 (
0'
1)
#337000000000
0!
#337500000000
1!
b10100100 +
b1001111011 (
1'
0*
#338000000000
0!
#338500000000
1!
b101001001 +
b11110111 (
#339000000000
0!
#339500000000
1!
b1010010010 +
b111101110 (
1*
#340000000000
0!
#340500000000
1!
b100100101 +
b1111011101 (
0'
0*
0)
#341000000000
0!
#341500000000
1!
b1001001011 +
b1110111010 (
1'
1*
1)
#342000000000
0!
#342500000000
1!
b10010111 +
b1101110101 (
0'
0*
1*
#343000000000
0!
#343500000000
1!
b100101111 +
b1011101010 (
1'
0*
#344000000000
0!
#344500000000
1!
b1001011111 +
b111010100 (
0'
1*
0)
#345000000000
0!
#345500000000
1!
b10111110 +
b1110101001 (
0*
1)
1*
#346000000000
0!
#346500000000
1!
b101111101 +
b1101010010 (
1'
0)
#347000000000
0!
#347500000000
1!
b1011111011 +
b1010100101 (
0'
0*
1)
#348000000000
0!
#348500000000
1!
b111110111 +
b101001010 (
1'
1*
0)
#349000000000
0!
#349500000000
1!
b1111101111 +
b1010010100 (
0'
0*
1*
#350000000000
0!
#350500000000
1!
b1111011110 +
b100101001 (
1)
0*
#351000000000
0!
#351500000000
1!
b1110111100 +
b1001010010 (
1'
0)
#352000000000
0!
#352500000000
1!
b1101111000 +
b10100100 (
0'
1)
#353000000000
0!
#353500000000
1!
b1011110001 +
b101001001 (
0)
1*
#354000000000
0!
#354500000000
1!
b111100011 +
b1010010011 (
1'
0*
1*
#355000000000
0!
#355500000000
1!
b1111000110 +
b100100111 (
0*
1)
1*
#356000000000
0!
#356500000000
1!
b1110001100 +
b1001001110 (
0)
0*
#357000000000
0!
#357500000000
1!
b1100011000 +
b10011101 (
0'
1*
#358000000000
0!
#358500000000
1!
b1000110001 +
b100111010 (
1'
1)
#359000000000
0!
#359500000000
1!
b1100011 +
b1001110101 (
0'
0*
1*
#360000000000
0!
#360500000000
1!
b11000110 +
b11101011 (
1'
0*
#361000000000
0!
#361500000000
1!
b110001101 +
b111010111 (
0)
1*
#362000000000
0!
#362500000000
1!
b1100011011 +
b1110101110 (
0*
1)
1*
#363000000000
0!
#363500000000
1!
b1000110111 +
b1101011100 (
0'
0)
#364000000000
0!
#364500000000
1!
b1101110 +
b1010111001 (
0*
1)
1*
#365000000000
0!
#365500000000
1!
b11011101 +
b101110011 (
1'
0*
#366000000000
0!
#366500000000
1!
b110111011 +
b1011100111 (
#367000000000
0!
#367500000000
1!
b1101110110 +
b111001111 (
1*
0)
0*
#368000000000
0!
#368500000000
1!
b1011101100 +
b1110011110 (
#369000000000
0!
#369500000000
1!
b111011000 +
b1100111101 (
0'
1*
1)
#370000000000
0!
#370500000000
1!
b1110110000 +
b1001111010 (
1'
0*
1*
#371000000000
0!
#371500000000
1!
b1101100001 +
b11110101 (
0'
0*
#372000000000
0!
#372500000000
1!
b1011000011 +
b111101011 (
1'
1*
#373000000000
0!
#373500000000
1!
b110000111 +
b1111010110 (
0*
0)
1*
#374000000000
0!
#374500000000
1!
b1100001111 +
b1110101101 (
0'
0*
1)
#375000000000
0!
#375500000000
1!
b1000011110 +
b1101011011 (
1'
0)
#376000000000
0!
#376500000000
1!
b111100 +
b1010110111 (
1*
1)
0*
#377000000000
0!
#377500000000
1!
b1111001 +
b101101111 (
#378000000000
0!
#378500000000
1!
b11110010 +
b1011011110 (
0)
1*
#379000000000
0!
#379500000000
1!
b111100100 +
b110111100 (
0'
1)
#380000000000
0!
#380500000000
1!
b1111001001 +
b1101111000 (
0*
#381000000000
0!
#381500000000
1!
b1110010011 +
b1011110001 (
#382000000000
0!
#382500000000
1!
b1100100111 +
b111100011 (
1'
1*
#383000000000
0!
#383500000000
1!
b1001001110 +
b1111000110 (
0)
0*
#384000000000
0!
#384500000000
1!
b10011100 +
b1110001101 (
0'
1*
0*
#385000000000
0!
#385500000000
1!
b100111001 +
b1100011010 (
1'
1*
#386000000000
0!
#386500000000
1!
b1001110010 +
b1000110101 (
0'
0*
1)
#387000000000
0!
#387500000000
1!
b11100101 +
b1101011 (
1'
1*
0*
#388000000000
0!
#388500000000
1!
b111001011 +
b11010110 (
0)
1*
#389000000000
0!
#389500000000
1!
b1110010110 +
b110101101 (
0'
0*
1)
#390000000000
0!
#390500000000
1!
b1100101100 +
b1101011010 (
1'
0)
#391000000000
0!
#391500000000
1!
b1001011000 +
b1010110101 (
0'
1)
#392000000000
0!
#392500000000
1!
b10110001 +
b101101010 (
1'
1*
0*
#393000000000
0!
#393500000000
1!
b101100010 +
b1011010101 (
0'
0)
#394000000000
0!
#394500000000
1!
b1011000100 +
b110101011 (
1'
1*
1)
#395000000000
0!
#395500000000
1!
b110001000 +
b1101010110 (
0*
0)
1*
#396000000000
0!
#396500000000
1!
b1100010000 +
b1010101100 (
0'
0*
1)
#397000000000
0!
#397500000000
1!
b1000100001 +
b101011000 (
0)
1*
#398000000000
0!
#398500000000
1!
b1000011 +
b1010110001 (
0*
1)
1*
#399000000000
0!
#399500000000
1!
b10000110 +
b101100011 (
1'
0*
#400000000000
0!
#400500000000
1!
b100001101 +
b1011000111 (
0)
1*
#401000000000
0!
#401500000000
1!
b1000011011 +
b110001110 (
0*
#402000000000
0!
#402500000000
1!
b110111 +
b1100011100 (
0'
1*
0*
#403000000000
0!
#403500000000
1!
b1101111 +
b1000111001 (
1)
1*
#404000000000
0!
#404500000000
1!
b11011111 +
b1110010 (
1'
0*
#405000000000
0!
#405500000000
1!
b110111111 +
b11100100 (
0'
1*
#406000000000
0!
#406500000000
1!
b1101111111 +
b111001001 (
0*
0)
1*
#407000000000
0!
#407500000000
1!
b1011111110 +
b1110010010 (
1'
0*
#408000000000
0!
#408500000000
1!
b111111100 +
b1100100100 (
0'
1*
1)
#409000000000
0!
#409500000000
1!
b1111111001 +
b1001001000 (
0*
0)
1*
#410000000000
0!
#410500000000
1!
b1111110011 +
b10010001 (
#411000000000
0!
#411500000000
1!
b1111100111 +
b100100011 (
1'
1)
#412000000000
0!
#412500000000
1!
b1111001110 +
b1001000111 (
0)
0*
#413000000000
0!
#413500000000
1!
b1110011100 +
b10001111 (
#414000000000
0!
#414500000000
1!
b1100111000 +
b100011111 (
#415000000000
0!
#415500000000
1!
b1001110001 +
b1000111111 (
1)
1*
#416000000000
0!
#416500000000
1!
b11100011 +
b1111110 (
0*
#417000000000
0!
#417500000000
1!
b111000110 +
b11111101 (
0'
1*
#418000000000
0!
#418500000000
1!
b1110001101 +
b111111011 (
1'
0*
1*
#419000000000
0!
#419500000000
1!
b1100011010 +
b1111110110 (
#420000000000
0!
#420500000000
1!
b1000110101 +
b1111101100 (
0'
0*
#421000000000
0!
#421500000000
1!
b1101010 +
b1111011001 (
1*
0)
0*
#422000000000
0!
#422500000000
1!
b11010100 +
b1110110011 (
1'
1)
#423000000000
0!
#423500000000
1!
b110101001 +
b1101100111 (
#424000000000
0!
#424500000000
1!
b1101010010 +
b1011001111 (
1*
0)
0*
#425000000000
0!
#425500000000
1!
b1010100101 +
b110011110 (
#426000000000
0!
#426500000000
1!
b101001010 +
b1100111100 (
0'
1*
1)
#427000000000
0!
#427500000000
1!
b1010010100 +
b1001111000 (
0*
#428000000000
0!
#428500000000
1!
b100101000 +
b11110000 (
1*
#429000000000
0!
#429500000000
1!
b1001010000 +
b111100000 (
0*
#430000000000
0!
#430500000000
1!
b10100001 +
b1111000001 (
1*
0)
0*
#431000000000
0!
#431500000000
1!
b101000010 +
b1110000011 (
1'
1*
#432000000000
0!
#432500000000
1!
b1010000100 +
b1100000110 (
0*
#433000000000
0!
#433500000000
1!
b100001000 +
b1000001100 (
0'
1*
0*
#434000000000
0!
#434500000000
1!
b1000010000 +
b11000 (
1*
#435000000000
0!
#435500000000
1!
b100001 +
b110000 (
0*
1)
1*
#436000000000
0!
#436500000000
1!
b1000010 +
b1100001 (
#437000000000
0!
#437500000000
1!
b10000100 +
b11000011 (
1'
0)
#438000000000
0!
#438500000000
1!
b100001001 +
b110000110 (
#439000000000
0!
#439500000000
1!
b1000010010 +
b1100001100 (
0'
0*
1*
#440000000000
0!
#440500000000
1!
b100101 +
b1000011001 (
0*
#441000000000
0!
#441500000000
1!
b1001011 +
b110011 (
1'
1)
#442000000000
0!
#442500000000
1!
b10010110 +
b1100110 (
#443000000000
0!
#443500000000
1!
b100101101 +
b11001101 (
0'
0)
#444000000000
0!
#444500000000
1!
b1001011011 +
b110011010 (
1'
1*
0*
#445000000000
0!
#445500000000
1!
b10110111 +
b1100110101 (
0'
1*
1)
#446000000000
0!
#446500000000
1!
b101101111 +
b1001101010 (
1'
0*
#447000000000
0!
#447500000000
1!
b1011011111 +
b11010101 (
0'
1*
0)
#448000000000
0!
#448500000000
1!
b110111110 +
b110101010 (
1'
0*
1)
#449000000000
0!
#449500000000
1!
b1101111101 +
b1101010100 (
0'
1*
0)
#450000000000
0!
#450500000000
1!
b1011111010 +
b1010101001 (
1)
0*
#451000000000
0!
#451500000000
1!
b111110101 +
b101010011 (
1'
1*
0)
#452000000000
0!
#452500000000
1!
b1111101011 +
b1010100110 (
0*
1)
1*
#453000000000
0!
#453500000000
1!
b1111010111 +
b101001101 (
0'
0)
#454000000000
0!
#454500000000
1!
b1110101110 +
b1010011010 (
1'
0*
#455000000000
0!
#455500000000
1!
b1101011100 +
b100110101 (
0'
1)
#456000000000
0!
#456500000000
1!
b1010111000 +
b1001101011 (
1'
1*
#457000000000
0!
#457500000000
1!
b101110001 +
b11010111 (
0*
0)
1*
#458000000000
0!
#458500000000
1!
b1011100010 +
b110101111 (
0*
1)
1*
#459000000000
0!
#459500000000
1!
b111000101 +
b1101011111 (
0*
0)
1*
#460000000000
0!
#460500000000
1!
b1110001011 +
b1010111110 (
0*
1)
1*
#461000000000
0!
#461500000000
1!
b1100010111 +
b101111101 (
0'
0*
#462000000000
0!
#462500000000
1!
b1000101110 +
b1011111011 (
1'
1*
#463000000000
0!
#463500000000
1!
b1011100 +
b111110110 (
0*
#464000000000
0!
#464500000000
1!
b10111001 +
b1111101101 (
0'
1*
#465000000000
0!
#465500000000
1!
b101110010 +
b1111011011 (
1'
0)
#466000000000
0!
#466500000000
1!
b1011100100 +
b1110110110 (
0*
1)
1*
#467000000000
0!
#467500000000
1!
b111001000 +
b1101101100 (
0'
0*
1*
#468000000000
0!
#468500000000
1!
b1110010000 +
b1011011000 (
0*
0)
1*
#469000000000
0!
#469500000000
1!
b1100100001 +
b110110000 (
1)
0*
#470000000000
0!
#470500000000
1!
b1001000011 +
b1101100001 (
#471000000000
0!
#471500000000
1!
b10000111 +
b1011000011 (
1'
1*
0)
#472000000000
0!
#472500000000
1!
b100001111 +
b110000111 (
#473000000000
0!
#473500000000
1!
b1000011111 +
b1100001110 (
0*
#474000000000
0!
#474500000000
1!
b111110 +
b1000011100 (
0'
1*
0*
#475000000000
0!
#475500000000
1!
b1111101 +
b111000 (
1)
1*
#476000000000
0!
#476500000000
1!
b11111011 +
b1110001 (
#477000000000
0!
#477500000000
1!
b111110110 +
b11100011 (
1'
0*
#478000000000
0!
#478500000000
1!
b1111101101 +
b111000111 (
1*
0)
0*
#479000000000
0!
#479500000000
1!
b1111011010 +
b1110001110 (
#480000000000
0!
#480500000000
1!
b1110110101 +
b1100011101 (
0'
1*
#481000000000
0!
#481500000000
1!
b1101101010 +
b1000111011 (
1'
1)
#482000000000
0!
#482500000000
1!
b1011010101 +
b1110111 (
#483000000000
0!
#483500000000
1!
b110101010 +
b11101111 (
0*
#484000000000
0!
#484500000000
1!
b1101010100 +
b111011110 (
1*
0)
0*
#485000000000
0!
#485500000000
1!
b1010101000 +
b1110111100 (
0'
1)
#486000000000
0!
#486500000000
1!
b101010001 +
b1101111001 (
1*
#487000000000
0!
#487500000000
1!
b1010100010 +
b1011110011 (
1'
0*
1*
#488000000000
0!
#488500000000
1!
b101000101 +
b111100110 (
0*
#489000000000
0!
#489500000000
1!
b1010001011 +
b1111001101 (
0'
1*
0)
#490000000000
0!
#490500000000
1!
b100010111 +
b1110011010 (
1'
0*
1*
#491000000000
0!
#491500000000
1!
b1000101111 +
b1100110100 (
0'
0*
1)
#492000000000
0!
#492500000000
1!
b1011110 +
b1001101000 (
1*
#493000000000
0!
#493500000000
1!
b10111101 +
b11010000 (
0)
0*
#494000000000
0!
#494500000000
1!
b101111011 +
b110100001 (
1)
1*
#495000000000
0!
#495500000000
1!
b1011110110 +
b1101000011 (
1'
0*
0)
#496000000000
0!
#496500000000
1!
b111101100 +
b1010000111 (
1*
#497000000000
0!
#497500000000
1!
b1111011001 +
b100001110 (
0*
#498000000000
0!
#498500000000
1!
b1110110011 +
b1000011101 (
0'
1*
#499000000000
0!
#499500000000
1!
b1101100111 +
b111010 (
1'
1)
#500000000000
0!
#500500000000
1!
b1011001110 +
b1110100 (
0'
0*
#501000000000
0!
#501500000000
1!
b110011100 +
b11101000 (
1*
#502000000000
0!
#502500000000
1!
b1100111001 +
b111010000 (
0*
0)
1*
#503000000000
0!
#503500000000
1!
b1001110011 +
b1110100000 (
1)
0*
#504000000000
0!
#504500000000
1!
b11100111 +
b1101000000 (
1*
0)
0*
#505000000000
0!
#505500000000
1!
b111001111 +
b1010000000 (
#506000000000
0!
#506500000000
1!
b1110011111 +
b100000000 (
1*
#507000000000
0!
#507500000000
1!
b1100111110 +
b1000000001 (
#508000000000
0!
#508500000000
1!
b1001111100 +
b11 (
1'
0*
#509000000000
0!
#509500000000
1!
b11111000 +
b111 (
1*
#510000000000
0!
#510500000000
1!
b111110000 +
b1110 (
#511000000000
0!
#511500000000
1!
b1111100000 +
b11100 (
0'
0*
1*
#512000000000
0!
#512500000000
1!
b1111000001 +
b111001 (
1)
0*
#513000000000
0!
#513500000000
1!
b1110000011 +
b1110011 (
1'
1*
#514000000000
0!
#514500000000
1!
b1100000111 +
b11100110 (
#515000000000
0!
#515500000000
1!
b1000001110 +
b111001100 (
0'
0)
#516000000000
0!
#516500000000
1!
b11100 +
b1110011001 (
0*
#517000000000
0!
#517500000000
1!
b111001 +
b1100110011 (
1'
1)
#518000000000
0!
#518500000000
1!
b1110010 +
b1001100110 (
#519000000000
0!
#519500000000
1!
b11100100 +
b11001100 (
0'
0)
#520000000000
0!
#520500000000
1!
b111001001 +
b110011000 (
#521000000000
0!
#521500000000
1!
b1110010010 +
b1100110000 (
1*
1)
0*
#522000000000
0!
#522500000000
1!
b1100100101 +
b1001100001 (
#523000000000
0!
#523500000000
1!
b1001001010 +
b11000010 (
1'
0)
#524000000000
0!
#524500000000
1!
b10010101 +
b110000100 (
0'
1*
0*
#525000000000
0!
#525500000000
1!
b100101011 +
b1100001001 (
#526000000000
0!
#526500000000
1!
b1001010110 +
b1000010010 (
1'
1*
0*
#527000000000
0!
#527500000000
1!
b10101100 +
b100100 (
0'
1*
1)
#528000000000
0!
#528500000000
1!
b101011001 +
b1001000 (
0)
0*
#529000000000
0!
#529500000000
1!
b1010110010 +
b10010000 (
1*
#530000000000
0!
#530500000000
1!
b101100101 +
b100100001 (
0*
1)
1*
#531000000000
0!
#531500000000
1!
b1011001011 +
b1001000010 (
1'
0*
0)
#532000000000
0!
#532500000000
1!
b110010111 +
b10000100 (
0'
1*
0*
#533000000000
0!
#533500000000
1!
b1100101111 +
b100001000 (
1*
#534000000000
0!
#534500000000
1!
b1001011110 +
b1000010001 (
#535000000000
0!
#535500000000
1!
b10111100 +
b100011 (
1'
0*
1)
#536000000000
0!
#536500000000
1!
b101111001 +
b1000110 (
0)
1*
#537000000000
0!
#537500000000
1!
b1011110010 +
b10001100 (
0'
0*
1*
#538000000000
0!
#538500000000
1!
b111100101 +
b100011000 (
0*
#539000000000
0!
#539500000000
1!
b1111001011 +
b1000110001 (
1*
1)
0*
#540000000000
0!
#540500000000
1!
b1110010111 +
b1100010 (
1'
1*
#541000000000
0!
#541500000000
1!
b1100101110 +
b11000100 (
0'
0)
#542000000000
0!
#542500000000
1!
b1001011100 +
b110001000 (
#543000000000
0!
#543500000000
1!
b10111000 +
b1100010000 (
0*
#544000000000
0!
#544500000000
1!
b101110000 +
b1000100000 (
1)
1*
#545000000000
0!
#545500000000
1!
b1011100000 +
b1000000 (
0*
0)
1*
#546000000000
0!
#546500000000
1!
b111000001 +
b10000000 (
0*
#547000000000
0!
#547500000000
1!
b1110000010 +
b100000001 (
1*
#548000000000
0!
#548500000000
1!
b1100000101 +
b1000000011 (
1'
0*
#549000000000
0!
#549500000000
1!
b1000001010 +
b110 (
#550000000000
0!
#550500000000
1!
b10101 +
b1100 (
0'
1*
0*
#551000000000
0!
#551500000000
1!
b101011 +
b11001 (
#552000000000
0!
#552500000000
1!
b1010110 +
b110010 (
1'
1)
#553000000000
0!
#553500000000
1!
b10101101 +
b1100100 (
0'
1*
#554000000000
0!
#554500000000
1!
b101011011 +
b11001000 (
0)
0*
#555000000000
0!
#555500000000
1!
b1010110110 +
b110010001 (
1*
#556000000000
0!
#556500000000
1!
b101101100 +
b1100100010 (
1'
0*
1)
#557000000000
0!
#557500000000
1!
b1011011001 +
b1001000100 (
0'
1*
0)
#558000000000
0!
#558500000000
1!
b110110011 +
b10001000 (
0*
#559000000000
0!
#559500000000
1!
b1101100110 +
b100010001 (
1*
#560000000000
0!
#560500000000
1!
b1011001100 +
b1000100011 (
1'
1)
#561000000000
0!
#561500000000
1!
b110011000 +
b1000111 (
0*
0)
1*
#562000000000
0!
#562500000000
1!
b1100110000 +
b10001110 (
0*
#563000000000
0!
#563500000000
1!
b1001100001 +
b100011101 (
0'
1*
#564000000000
0!
#564500000000
1!
b11000011 +
b1000111010 (
1'
0*
1)
#565000000000
0!
#565500000000
1!
b110000110 +
b1110101 (
0'
1*
#566000000000
0!
#566500000000
1!
b1100001101 +
b11101010 (
1'
0*
1*
#567000000000
0!
#567500000000
1!
b1000011010 +
b111010101 (
0'
0)
#568000000000
0!
#568500000000
1!
b110101 +
b1110101011 (
1'
0*
1)
#569000000000
0!
#569500000000
1!
b1101011 +
b1101010111 (
0)
1*
#570000000000
0!
#570500000000
1!
b11010110 +
b1010101110 (
1)
0*
#571000000000
0!
#571500000000
1!
b110101101 +
b101011101 (
0'
0)
#572000000000
0!
#572500000000
1!
b1101011011 +
b1010111010 (
1'
1*
1)
#573000000000
0!
#573500000000
1!
b1010110111 +
b101110100 (
0'
0*
#574000000000
0!
#574500000000
1!
b101101110 +
b1011101001 (
1*
#575000000000
0!
#575500000000
1!
b1011011101 +
b111010011 (
1'
0*
0)
#576000000000
0!
#576500000000
1!
b110111010 +
b1110100111 (
1*
1)
0*
#577000000000
0!
#577500000000
1!
b1101110100 +
b1101001110 (
1*
0)
0*
#578000000000
0!
#578500000000
1!
b1011101000 +
b1010011100 (
0'
1*
#579000000000
0!
#579500000000
1!
b111010001 +
b100111001 (
0*
1)
1*
#580000000000
0!
#580500000000
1!
b1110100010 +
b1001110010 (
1'
0*
1*
#581000000000
0!
#581500000000
1!
b1101000101 +
b11100101 (
0'
0*
#582000000000
0!
#582500000000
1!
b1010001010 +
b111001011 (
1'
0)
#583000000000
0!
#583500000000
1!
b100010101 +
b1110010111 (
1*
#584000000000
0!
#584500000000
1!
b1000101011 +
b1100101111 (
0*
1)
1*
#585000000000
0!
#585500000000
1!
b1010111 +
b1001011111 (
0*
0)
1*
#586000000000
0!
#586500000000
1!
b10101111 +
b10111111 (
1)
0*
#587000000000
0!
#587500000000
1!
b101011111 +
b101111110 (
#588000000000
0!
#588500000000
1!
b1010111111 +
b1011111100 (
0'
1*
0*
#589000000000
0!
#589500000000
1!
b101111110 +
b111111000 (
1*
#590000000000
0!
#590500000000
1!
b1011111101 +
b1111110001 (
0*
#591000000000
0!
#591500000000
1!
b111111010 +
b1111100010 (
1'
1*
0*
#592000000000
0!
#592500000000
1!
b1111110100 +
b1111000101 (
0'
1*
0)
#593000000000
0!
#593500000000
1!
b1111101000 +
b1110001010 (
1'
0*
#594000000000
0!
#594500000000
1!
b1111010001 +
b1100010100 (
0'
1*
#595000000000
0!
#595500000000
1!
b1110100011 +
b1000101001 (
1)
0*
#596000000000
0!
#596500000000
1!
b1101000111 +
b1010010 (
1'
0)
#597000000000
0!
#597500000000
1!
b1010001110 +
b10100101 (
0'
1)
#598000000000
0!
#598500000000
1!
b100011100 +
b101001011 (
1'
1*
0)
#599000000000
0!
#599500000000
1!
b1000111001 +
b1010010110 (
0*
#600000000000
0!
#600500000000
1!
b1110011 +
b100101100 (
0'
1*
1)
#601000000000
0!
#601500000000
1!
b11100110 +
b1001011001 (
0)
0*
#602000000000
0!
#602500000000
1!
b111001101 +
b10110011 (
1'
1)
#603000000000
0!
#603500000000
1!
b1110011011 +
b101100111 (
1*
#604000000000
0!
#604500000000
1!
b1100110111 +
b1011001110 (
0)
0*
#605000000000
0!
#605500000000
1!
b1001101110 +
b110011100 (
0'
1*
#606000000000
0!
#606500000000
1!
b11011100 +
b1100111001 (
0*
1)
1*
#607000000000
0!
#607500000000
1!
b110111001 +
b1001110011 (
1'
0*
#608000000000
0!
#608500000000
1!
b1101110010 +
b11100111 (
1*
#609000000000
0!
#609500000000
1!
b1011100101 +
b111001110 (
0)
0*
#610000000000
0!
#610500000000
1!
b111001010 +
b1110011100 (
0'
1*
0*
#611000000000
0!
#611500000000
1!
b1110010100 +
b1100111000 (
1*
1)
0*
#612000000000
0!
#612500000000
1!
b1100101000 +
b1001110001 (
#613000000000
0!
#613500000000
1!
b1001010001 +
b11100010 (
1'
1*
#614000000000
0!
#614500000000
1!
b10100011 +
b111000101 (
0'
0*
0)
#615000000000
0!
#615500000000
1!
b101000110 +
b1110001011 (
1'
1*
#616000000000
0!
#616500000000
1!
b1010001101 +
b1100010110 (
0*
#617000000000
0!
#617500000000
1!
b100011010 +
b1000101100 (
0'
1*
1)
#618000000000
0!
#618500000000
1!
b1000110100 +
b1011001 (
0*
0)
1*
#619000000000
0!
#619500000000
1!
b1101000 +
b10110010 (
1'
0*
1)
#620000000000
0!
#620500000000
1!
b11010000 +
b101100101 (
0'
1*
#621000000000
0!
#621500000000
1!
b110100000 +
b1011001011 (
1'
0)
#622000000000
0!
#622500000000
1!
b1101000000 +
b110010111 (
0*
#623000000000
0!
#623500000000
1!
b1010000001 +
b1100101110 (
1)
1*
#624000000000
0!
#624500000000
1!
b100000011 +
b1001011101 (
0'
0*
0)
#625000000000
0!
#625500000000
1!
b1000000110 +
b10111010 (
1'
1*
1)
#626000000000
0!
#626500000000
1!
b1100 +
b101110101 (
0'
0*
1*
#627000000000
0!
#627500000000
1!
b11001 +
b1011101011 (
1'
0*
#628000000000
0!
#628500000000
1!
b110010 +
b111010110 (
0)
1*
#629000000000
0!
#629500000000
1!
b1100100 +
b1110101100 (
0'
1)
#630000000000
0!
#630500000000
1!
b11001001 +
b1101011001 (
0)
0*
#631000000000
0!
#631500000000
1!
b110010010 +
b1010110010 (
1'
1)
#632000000000
0!
#632500000000
1!
b1100100100 +
b101100100 (
0'
1*
0*
#633000000000
0!
#633500000000
1!
b1001001000 +
b1011001001 (
0)
1*
#634000000000
0!
#634500000000
1!
b10010001 +
b110010010 (
1'
0*
1*
#635000000000
0!
#635500000000
1!
b100100010 +
b1100100101 (
0'
1)
#636000000000
0!
#636500000000
1!
b1001000100 +
b1001001010 (
1'
0*
0)
#637000000000
0!
#637500000000
1!
b10001000 +
b10010100 (
0'
1*
0*
#638000000000
0!
#638500000000
1!
b100010000 +
b100101000 (
1)
1*
#639000000000
0!
#639500000000
1!
b1000100000 +
b1001010000 (
0*
0)
1*
#640000000000
0!
#640500000000
1!
b1000001 +
b10100001 (
0*
1)
1*
#641000000000
0!
#641500000000
1!
b10000010 +
b101000010 (
1'
0)
#642000000000
0!
#642500000000
1!
b100000100 +
b1010000100 (
0'
0*
#643000000000
0!
#643500000000
1!
b1000001001 +
b100001001 (
1*
#644000000000
0!
#644500000000
1!
b10011 +
b1000010011 (
1'
0*
1*
#645000000000
0!
#645500000000
1!
b100110 +
b100110 (
1)
0*
#646000000000
0!
#646500000000
1!
b1001101 +
b1001101 (
0'
0)
#647000000000
0!
#647500000000
1!
b10011011 +
b10011011 (
1'
1*
#648000000000
0!
#648500000000
1!
b100110110 +
b100110110 (
1)
0*
#649000000000
0!
#649500000000
1!
b1001101101 +
b1001101100 (
0'
1*
0*
#650000000000
0!
#650500000000
1!
b11011010 +
b11011001 (
1*
0)
0*
#651000000000
0!
#651500000000
1!
b110110100 +
b110110011 (
1'
1)
#652000000000
0!
#652500000000
1!
b1101101001 +
b1101100110 (
1*
#653000000000
0!
#653500000000
1!
b1011010011 +
b1011001101 (
0'
0)
#654000000000
0!
#654500000000
1!
b110100111 +
b110011011 (
1'
0*
1*
#655000000000
0!
#655500000000
1!
b1101001111 +
b1100110111 (
0*
1)
1*
#656000000000
0!
#656500000000
1!
b1010011110 +
b1001101111 (
#657000000000
0!
#657500000000
1!
b100111100 +
b11011110 (
0*
0)
1*
#658000000000
0!
#658500000000
1!
b1001111001 +
b110111101 (
0'
0*
1)
#659000000000
0!
#659500000000
1!
b11110011 +
b1101111010 (
1'
1*
0*
#660000000000
0!
#660500000000
1!
b111100110 +
b1011110100 (
0'
1*
#661000000000
0!
#661500000000
1!
b1111001101 +
b111101000 (
0*
#662000000000
0!
#662500000000
1!
b1110011010 +
b1111010001 (
0)
1*
#663000000000
0!
#663500000000
1!
b1100110101 +
b1110100011 (
1'
1)
#664000000000
0!
#664500000000
1!
b1001101010 +
b1101000111 (
0)
0*
#665000000000
0!
#665500000000
1!
b11010101 +
b1010001110 (
1*
#666000000000
0!
#666500000000
1!
b110101011 +
b100011100 (
0'
0*
#667000000000
0!
#667500000000
1!
b1101010110 +
b1000111000 (
1*
1)
0*
#668000000000
0!
#668500000000
1!
b1010101100 +
b1110000 (
#669000000000
0!
#669500000000
1!
b101011000 +
b11100001 (
1*
#670000000000
0!
#670500000000
1!
b1010110000 +
b111000010 (
1'
0*
0)
#671000000000
0!
#671500000000
1!
b101100001 +
b1110000101 (
0'
1*
0*
#672000000000
0!
#672500000000
1!
b1011000010 +
b1100001010 (
1'
1*
0*
#673000000000
0!
#673500000000
1!
b110000101 +
b1000010101 (
0'
1*
0*
#674000000000
0!
#674500000000
1!
b1100001011 +
b101010 (
1'
1*
1)
#675000000000
0!
#675500000000
1!
b1000010111 +
b1010100 (
0'
0)
#676000000000
0!
#676500000000
1!
b101110 +
b10101001 (
0*
1)
1*
#677000000000
0!
#677500000000
1!
b1011101 +
b101010010 (
1'
0)
#678000000000
0!
#678500000000
1!
b10111011 +
b1010100100 (
0'
1)
#679000000000
0!
#679500000000
1!
b101110110 +
b101001000 (
0)
0*
#680000000000
0!
#680500000000
1!
b1011101101 +
b1010010001 (
1*
#681000000000
0!
#681500000000
1!
b111011010 +
b100100010 (
1'
0*
1)
#682000000000
0!
#682500000000
1!
b1110110100 +
b1001000101 (
0'
1*
0)
#683000000000
0!
#683500000000
1!
b1101101000 +
b10001010 (
1'
0*
#684000000000
0!
#684500000000
1!
b1011010001 +
b100010100 (
0'
1*
#685000000000
0!
#685500000000
1!
b110100011 +
b1000101000 (
0*
1)
1*
#686000000000
0!
#686500000000
1!
b1101000110 +
b1010000 (
0*
0)
1*
#687000000000
0!
#687500000000
1!
b1010001100 +
b10100000 (
1)
0*
#688000000000
0!
#688500000000
1!
b100011000 +
b101000000 (
1*
0)
0*
#689000000000
0!
#689500000000
1!
b1000110000 +
b1010000001 (
1*
#690000000000
0!
#690500000000
1!
b1100001 +
b100000010 (
1'
0*
1*
#691000000000
0!
#691500000000
1!
b11000010 +
b1000000100 (
0'
0*
#692000000000
0!
#692500000000
1!
b110000100 +
b1000 (
#693000000000
0!
#693500000000
1!
b1100001001 +
b10000 (
1*
#694000000000
0!
#694500000000
1!
b1000010011 +
b100000 (
1)
0*
#695000000000
0!
#695500000000
1!
b100111 +
b1000001 (
1*
0)
0*
#696000000000
0!
#696500000000
1!
b1001111 +
b10000010 (
1'
1*
#697000000000
0!
#697500000000
1!
b10011111 +
b100000100 (
0'
0*
#698000000000
0!
#698500000000
1!
b100111111 +
b1000001000 (
#699000000000
0!
#699500000000
1!
b1001111111 +
b10001 (
1*
#700000000000
0!
#700500000000
1!
b11111110 +
b100010 (
1'
0*
1)
#701000000000
0!
#701500000000
1!
b111111101 +
b1000100 (
0'
0)
#702000000000
0!
#702500000000
1!
b1111111011 +
b10001001 (
1*
#703000000000
0!
#703500000000
1!
b1111110111 +
b100010011 (
1'
0*
#704000000000
0!
#704500000000
1!
b1111101110 +
b1000100110 (
1)
1*
#705000000000
0!
#705500000000
1!
b1111011100 +
b1001100 (
0'
0)
#706000000000
0!
#706500000000
1!
b1110111000 +
b10011001 (
#707000000000
0!
#707500000000
1!
b1101110001 +
b100110011 (
1'
1)
#708000000000
0!
#708500000000
1!
b1011100011 +
b1001100111 (
#709000000000
0!
#709500000000
1!
b111000111 +
b11001110 (
0*
0)
1*
#710000000000
0!
#710500000000
1!
b1110001111 +
b110011101 (
0'
0*
1*
#711000000000
0!
#711500000000
1!
b1100011110 +
b1100111011 (
1'
1)
#712000000000
0!
#712500000000
1!
b1000111100 +
b1001110110 (
#713000000000
0!
#713500000000
1!
b1111000 +
b11101100 (
0'
0*
1*
#714000000000
0!
#714500000000
1!
b11110000 +
b111011001 (
0)
0*
#715000000000
0!
#715500000000
1!
b111100000 +
b1110110010 (
1'
1)
#716000000000
0!
#716500000000
1!
b1111000000 +
b1101100101 (
0'
1*
0*
#717000000000
0!
#717500000000
1!
b1110000001 +
b1011001010 (
1'
0)
#718000000000
0!
#718500000000
1!
b1100000011 +
b110010101 (
0'
1*
#719000000000
0!
#719500000000
1!
b1000000111 +
b1100101011 (
1'
1)
#720000000000
0!
#720500000000
1!
b1110 +
b1001010110 (
0*
0)
1*
#721000000000
0!
#721500000000
1!
b11101 +
b10101101 (
0'
1)
#722000000000
0!
#722500000000
1!
b111011 +
b101011011 (
1'
0)
#723000000000
0!
#723500000000
1!
b1110110 +
b1010110110 (
1)
0*
#724000000000
0!
#724500000000
1!
b11101101 +
b101101101 (
0'
1*
#725000000000
0!
#725500000000
1!
b111011011 +
b1011011011 (
1'
0)
#726000000000
0!
#726500000000
1!
b1110110110 +
b110110111 (
0*
1)
1*
#727000000000
0!
#727500000000
1!
b1101101100 +
b1101101111 (
#728000000000
0!
#728500000000
1!
b1011011000 +
b1011011111 (
0)
0*
#729000000000
0!
#729500000000
1!
b110110001 +
b110111110 (
1*
1)
0*
#730000000000
0!
#730500000000
1!
b1101100010 +
b1101111101 (
0'
1*
0*
#731000000000
0!
#731500000000
1!
b1011000101 +
b1011111010 (
1'
1*
#732000000000
0!
#732500000000
1!
b110001010 +
b111110100 (
0'
0*
1*
#733000000000
0!
#733500000000
1!
b1100010100 +
b1111101000 (
0*
#734000000000
0!
#734500000000
1!
b1000101000 +
b1111010000 (
0)
1*
#735000000000
0!
#735500000000
1!
b1010001 +
b1110100001 (
0*
1)
1*
#736000000000
0!
#736500000000
1!
b10100010 +
b1101000010 (
1'
0)
#737000000000
0!
#737500000000
1!
b101000100 +
b1010000101 (
0'
0*
#738000000000
0!
#738500000000
1!
b1010001001 +
b100001011 (
1'
1*
0*
#739000000000
0!
#739500000000
1!
b100010011 +
b1000010110 (
1*
#740000000000
0!
#740500000000
1!
b1000100110 +
b101101 (
0'
0*
1)
#741000000000
0!
#741500000000
1!
b1001100 +
b1011010 (
1'
1*
0)
#742000000000
0!
#742500000000
1!
b10011001 +
b10110101 (
0'
1)
#743000000000
0!
#743500000000
1!
b100110010 +
b101101011 (
1'
0*
#744000000000
0!
#744500000000
1!
b1001100100 +
b1011010111 (
1*
0)
0*
#745000000000
0!
#745500000000
1!
b11001000 +
b110101110 (
1*
1)
0*
#746000000000
0!
#746500000000
1!
b110010000 +
b1101011101 (
0'
0)
#747000000000
0!
#747500000000
1!
b1100100000 +
b1010111011 (
1'
1*
1)
#748000000000
0!
#748500000000
1!
b1001000001 +
b101110110 (
#749000000000
0!
#749500000000
1!
b10000011 +
b1011101100 (
0'
0*
1*
#750000000000
0!
#750500000000
1!
b100000110 +
b111011000 (
0)
0*
#751000000000
0!
#751500000000
1!
b1000001101 +
b1110110000 (
1*
1)
0*
#752000000000
0!
#752500000000
1!
b11010 +
b1101100000 (
1*
#753000000000
0!
#753500000000
1!
b110100 +
b1011000001 (
0)
0*
#754000000000
0!
#754500000000
1!
b1101001 +
b110000010 (
1'
1*
#755000000000
0!
#755500000000
1!
b11010010 +
b1100000101 (
0'
0*
#756000000000
0!
#756500000000
1!
b110100100 +
b1000001011 (
1'
1*
#757000000000
0!
#757500000000
1!
b1101001001 +
b10110 (
0*
#758000000000
0!
#758500000000
1!
b1010010011 +
b101100 (
0'
1)
#759000000000
0!
#759500000000
1!
b100100111 +
b1011000 (
1*
0)
0*
#760000000000
0!
#760500000000
1!
b1001001111 +
b10110000 (
1*
1)
0*
#761000000000
0!
#761500000000
1!
b10011110 +
b101100000 (
1*
#762000000000
0!
#762500000000
1!
b100111101 +
b1011000000 (
0)
0*
#763000000000
0!
#763500000000
1!
b1001111011 +
b110000000 (
1*
#764000000000
0!
#764500000000
1!
b11110111 +
b1100000000 (
0*
#765000000000
0!
#765500000000
1!
b111101111 +
b1000000000 (
#766000000000
0!
#766500000000
1!
b1111011111 +
b1 (
1*
#767000000000
0!
#767500000000
1!
b1110111110 +
b10 (
1'
0*
#768000000000
0!
#768500000000
1!
b1101111100 +
b101 (
0'
1*
#769000000000
0!
#769500000000
1!
b1011111000 +
b1011 (
1'
0*
#770000000000
0!
#770500000000
1!
b111110001 +
b10111 (
1*
#771000000000
0!
#771500000000
1!
b1111100010 +
b101110 (
0*
1)
1*
#772000000000
0!
#772500000000
1!
b1111000101 +
b1011101 (
0'
0)
#773000000000
0!
#773500000000
1!
b1110001010 +
b10111011 (
1'
1)
#774000000000
0!
#774500000000
1!
b1100010101 +
b101110111 (
#775000000000
0!
#775500000000
1!
b1000101010 +
b1011101110 (
#776000000000
0!
#776500000000
1!
b1010101 +
b111011101 (
0'
0*
0)
#777000000000
0!
#777500000000
1!
b10101011 +
b1110111011 (
1'
1)
#778000000000
0!
#778500000000
1!
b101010110 +
b1101110111 (
#779000000000
0!
#779500000000
1!
b1010101101 +
b1011101111 (
1*
#780000000000
0!
#780500000000
1!
b101011010 +
b111011111 (
0*
0)
1*
#781000000000
0!
#781500000000
1!
b1010110100 +
b1110111110 (
0*
1)
1*
#782000000000
0!
#782500000000
1!
b101101000 +
b1101111100 (
0'
0*
1*
#783000000000
0!
#783500000000
1!
b1011010000 +
b1011111000 (
0*
#784000000000
0!
#784500000000
1!
b110100001 +
b111110001 (
1*
#785000000000
0!
#785500000000
1!
b1101000010 +
b1111100011 (
1'
0*
1*
#786000000000
0!
#786500000000
1!
b1010000101 +
b1111000111 (
0)
0*
#787000000000
0!
#787500000000
1!
b100001010 +
b1110001111 (
1*
#788000000000
0!
#788500000000
1!
b1000010100 +
b1100011111 (
0*
#789000000000
0!
#789500000000
1!
b101000 +
b1000111110 (
1*
1)
0*
#790000000000
0!
#790500000000
1!
b1010000 +
b1111100 (
0'
1*
#791000000000
0!
#791500000000
1!
b10100000 +
b11111000 (
#792000000000
0!
#792500000000
1!
b101000000 +
b111110000 (
#793000000000
0!
#793500000000
1!
b1010000000 +
b1111100001 (
0*
#794000000000
0!
#794500000000
1!
b100000001 +
b1111000010 (
1'
1*
0)
#795000000000
0!
#795500000000
1!
b1000000010 +
b1110000100 (
0'
0*
1*
#796000000000
0!
#796500000000
1!
b101 +
b1100001000 (
0*
#797000000000
0!
#797500000000
1!
b1011 +
b1000010000 (
#798000000000
0!
#798500000000
1!
b10110 +
b100001 (
1)
1*
#799000000000
0!
#799500000000
1!
b101101 +
b1000011 (
1'
0)
#800000000000
0!
#800500000000
1!
b1011011 +
b10000111 (
#801000000000
0!
#801500000000
1!
b10110110 +
b100001111 (
#802000000000
0!
#802500000000
1!
b101101101 +
b1000011111 (
#803000000000
0!
#803500000000
1!
b1011011011 +
b111111 (
0*
1)
1*
#804000000000
0!
#804500000000
1!
b110110111 +
b1111111 (
0*
#805000000000
0!
#805500000000
1!
b1101101111 +
b11111111 (
1*
#806000000000
0!
#806500000000
1!
b1011011110 +
b111111110 (
#807000000000
0!
#807500000000
1!
b110111100 +
b1111111101 (
0'
0*
1*
#808000000000
0!
#808500000000
1!
b1101111001 +
b1111111011 (
1'
0*
1*
#809000000000
0!
#809500000000
1!
b1011110011 +
b1111110111 (
#810000000000
0!
#810500000000
1!
b111100111 +
b1111101110 (
0*
#811000000000
0!
#811500000000
1!
b1111001111 +
b1111011100 (
0'
1*
0)
#812000000000
0!
#812500000000
1!
b1110011110 +
b1110111000 (
1)
0*
#813000000000
0!
#813500000000
1!
b1100111100 +
b1101110000 (
#814000000000
0!
#814500000000
1!
b1001111000 +
b1011100001 (
#815000000000
0!
#815500000000
1!
b11110001 +
b111000011 (
1'
1*
0)
#816000000000
0!
#816500000000
1!
b111100010 +
b1110000111 (
#817000000000
0!
#817500000000
1!
b1111000100 +
b1100001111 (
0*
#818000000000
0!
#818500000000
1!
b1110001000 +
b1000011110 (
#819000000000
0!
#819500000000
1!
b1100010001 +
b111101 (
0'
1)
#820000000000
0!
#820500000000
1!
b1000100011 +
b1111010 (
1'
1*
#821000000000
0!
#821500000000
1!
b1000111 +
b11110100 (
0'
0*
1*
#822000000000
0!
#822500000000
1!
b10001111 +
b111101001 (
#823000000000
0!
#823500000000
1!
b100011111 +
b1111010011 (
1'
0)
#824000000000
0!
#824500000000
1!
b1000111111 +
b1110100110 (
0*
1)
1*
#825000000000
0!
#825500000000
1!
b1111110 +
b1101001100 (
0'
0*
0)
#826000000000
0!
#826500000000
1!
b11111101 +
b1010011001 (
#827000000000
0!
#827500000000
1!
b111111011 +
b100110010 (
1'
1)
#828000000000
0!
#828500000000
1!
b1111110110 +
b1001100101 (
0'
1*
0*
#829000000000
0!
#829500000000
1!
b1111101100 +
b11001011 (
1'
0)
#830000000000
0!
#830500000000
1!
b1111011000 +
b110010110 (
#831000000000
0!
#831500000000
1!
b1110110001 +
b1100101100 (
0'
1)
#832000000000
0!
#832500000000
1!
b1101100011 +
b1001011000 (
0)
1*
#833000000000
0!
#833500000000
1!
b1011000111 +
b10110001 (
1)
0*
#834000000000
0!
#834500000000
1!
b110001110 +
b101100010 (
1'
1*
0*
#835000000000
0!
#835500000000
1!
b1100011101 +
b1011000101 (
0'
1*
0)
#836000000000
0!
#836500000000
1!
b1000111010 +
b110001011 (
1'
0*
#837000000000
0!
#837500000000
1!
b1110101 +
b1100010111 (
1*
#838000000000
0!
#838500000000
1!
b11101011 +
b1000101110 (
1)
0*
#839000000000
0!
#839500000000
1!
b111010110 +
b1011100 (
0'
0)
#840000000000
0!
#840500000000
1!
b1110101101 +
b10111001 (
1*
1)
0*
#841000000000
0!
#841500000000
1!
b1101011010 +
b101110010 (
1'
1*
#842000000000
0!
#842500000000
1!
b1010110101 +
b1011100101 (
0'
0*
#843000000000
0!
#843500000000
1!
b101101010 +
b111001010 (
1'
1*
0)
#844000000000
0!
#844500000000
1!
b1011010100 +
b1110010101 (
0'
0*
1*
#845000000000
0!
#845500000000
1!
b110101000 +
b1100101010 (
1'
0*
1)
#846000000000
0!
#846500000000
1!
b1101010000 +
b1001010100 (
0'
1*
0)
#847000000000
0!
#847500000000
1!
b1010100001 +
b10101000 (
1)
0*
#848000000000
0!
#848500000000
1!
b101000011 +
b101010000 (
1*
0)
0*
#849000000000
0!
#849500000000
1!
b1010000110 +
b1010100001 (
1*
1)
0*
#850000000000
0!
#850500000000
1!
b100001100 +
b101000011 (
1'
1*
0)
#851000000000
0!
#851500000000
1!
b1000011001 +
b1010000110 (
0*
#852000000000
0!
#852500000000
1!
b110011 +
b100001100 (
0'
1*
0*
#853000000000
0!
#853500000000
1!
b1100110 +
b1000011000 (
#854000000000
0!
#854500000000
1!
b11001101 +
b110001 (
1)
1*
#855000000000
0!
#855500000000
1!
b110011011 +
b1100011 (
1'
0*
#856000000000
0!
#856500000000
1!
b1100110110 +
b11000110 (
1*
0)
0*
#857000000000
0!
#857500000000
1!
b1001101100 +
b110001101 (
0'
1*
#858000000000
0!
#858500000000
1!
b11011000 +
b1100011011 (
1'
0*
1*
#859000000000
0!
#859500000000
1!
b110110000 +
b1000110111 (
1)
0*
#860000000000
0!
#860500000000
1!
b1101100000 +
b1101110 (
1*
#861000000000
0!
#861500000000
1!
b1011000001 +
b11011101 (
0'
0)
#862000000000
0!
#862500000000
1!
b110000011 +
b110111010 (
1'
0*
1)
#863000000000
0!
#863500000000
1!
b1100000110 +
b1101110100 (
0'
1*
0*
#864000000000
0!
#864500000000
1!
b1000001100 +
b1011101000 (
#865000000000
0!
#865500000000
1!
b11000 +
b111010001 (
1*
0)
0*
#866000000000
0!
#866500000000
1!
b110000 +
b1110100010 (
1'
1)
#867000000000
0!
#867500000000
1!
b1100000 +
b1101000101 (
0'
0)
#868000000000
0!
#868500000000
1!
b11000000 +
b1010001011 (
1'
1*
#869000000000
0!
#869500000000
1!
b110000000 +
b100010111 (
#870000000000
0!
#870500000000
1!
b1100000000 +
b1000101111 (
0*
1)
1*
#871000000000
0!
#871500000000
1!
b1000000001 +
b1011110 (
0)
0*
#872000000000
0!
#872500000000
1!
b11 +
b10111100 (
0'
1*
1)
#873000000000
0!
#873500000000
1!
b110 +
b101111001 (
#874000000000
0!
#874500000000
1!
b1101 +
b1011110010 (
1'
0*
#875000000000
0!
#875500000000
1!
b11011 +
b111100100 (
0'
1*
#876000000000
0!
#876500000000
1!
b110110 +
b1111001000 (
0)
0*
#877000000000
0!
#877500000000
1!
b1101101 +
b1110010001 (
#878000000000
0!
#878500000000
1!
b11011011 +
b1100100011 (
1'
1)
#879000000000
0!
#879500000000
1!
b110110110 +
b1001000110 (
0)
1*
#880000000000
0!
#880500000000
1!
b1101101101 +
b10001101 (
0'
0*
1*
#881000000000
0!
#881500000000
1!
b1011011010 +
b100011010 (
1'
0*
#882000000000
0!
#882500000000
1!
b110110101 +
b1000110100 (
0'
1*
1)
#883000000000
0!
#883500000000
1!
b1101101011 +
b1101001 (
0*
#884000000000
0!
#884500000000
1!
b1011010111 +
b11010011 (
1'
0)
#885000000000
0!
#885500000000
1!
b110101110 +
b110100110 (
1*
1)
0*
#886000000000
0!
#886500000000
1!
b1101011101 +
b1101001101 (
0'
1*
0)
#887000000000
0!
#887500000000
1!
b1010111010 +
b1010011011 (
1'
0*
#888000000000
0!
#888500000000
1!
b101110101 +
b100110111 (
1*
1)
0*
#889000000000
0!
#889500000000
1!
b1011101011 +
b1001101110 (
1*
#890000000000
0!
#890500000000
1!
b111010111 +
b11011100 (
0'
0*
0)
#891000000000
0!
#891500000000
1!
b1110101111 +
b110111000 (
1*
1)
0*
#892000000000
0!
#892500000000
1!
b1101011110 +
b1101110001 (
#893000000000
0!
#893500000000
1!
b1010111100 +
b1011100011 (
1'
1*
#894000000000
0!
#894500000000
1!
b101111000 +
b111000110 (
0*
0)
1*
#895000000000
0!
#895500000000
1!
b1011110000 +
b1110001100 (
0'
0*
1*
#896000000000
0!
#896500000000
1!
b111100001 +
b1100011000 (
0*
#897000000000
0!
#897500000000
1!
b1111000010 +
b1000110000 (
1*
1)
0*
#898000000000
0!
#898500000000
1!
b1110000101 +
b1100000 (
#899000000000
0!
#899500000000
1!
b1100001010 +
b11000001 (
0)
1*
#900000000000
0!
#900500000000
1!
b1000010101 +
b110000011 (
1'
0*
#901000000000
0!
#901500000000
1!
b101010 +
b1100000111 (
1*
#902000000000
0!
#902500000000
1!
b1010100 +
b1000001110 (
#903000000000
0!
#903500000000
1!
b10101001 +
b11101 (
0'
0*
#904000000000
0!
#904500000000
1!
b101010010 +
b111011 (
1'
1)
#905000000000
0!
#905500000000
1!
b1010100100 +
b1110110 (
1*
#906000000000
0!
#906500000000
1!
b101001000 +
b11101101 (
0'
0*
1*
#907000000000
0!
#907500000000
1!
b1010010000 +
b111011011 (
1'
0*
0)
#908000000000
0!
#908500000000
1!
b100100001 +
b1110110111 (
1*
1)
0*
#909000000000
0!
#909500000000
1!
b1001000010 +
b1101101110 (
1*
#910000000000
0!
#910500000000
1!
b10000101 +
b1011011101 (
0'
0*
0)
#911000000000
0!
#911500000000
1!
b100001011 +
b110111011 (
1'
1)
#912000000000
0!
#912500000000
1!
b1000010110 +
b1101110110 (
1*
#913000000000
0!
#913500000000
1!
b101100 +
b1011101101 (
0'
0*
1*
#914000000000
0!
#914500000000
1!
b1011001 +
b111011010 (
1'
0)
#915000000000
0!
#915500000000
1!
b10110010 +
b1110110101 (
0'
1)
#916000000000
0!
#916500000000
1!
b101100100 +
b1101101011 (
1'
0*
#917000000000
0!
#917500000000
1!
b1011001001 +
b1011010110 (
1*
0)
0*
#918000000000
0!
#918500000000
1!
b110010011 +
b110101100 (
0'
1*
1)
#919000000000
0!
#919500000000
1!
b1100100110 +
b1101011000 (
0*
0)
1*
#920000000000
0!
#920500000000
1!
b1001001100 +
b1010110000 (
1)
0*
#921000000000
0!
#921500000000
1!
b10011000 +
b101100001 (
1*
#922000000000
0!
#922500000000
1!
b100110000 +
b1011000010 (
1'
0)
#923000000000
0!
#923500000000
1!
b1001100000 +
b110000101 (
0'
0*
1*
#924000000000
0!
#924500000000
1!
b11000001 +
b1100001011 (
1'
0*
1*
#925000000000
0!
#925500000000
1!
b110000010 +
b1000010111 (
#926000000000
0!
#926500000000
1!
b1100000100 +
b101111 (
0*
1)
1*
#927000000000
0!
#927500000000
1!
b1000001000 +
b1011111 (
0)
0*
#928000000000
0!
#928500000000
1!
b10001 +
b10111110 (
1*
1)
0*
#929000000000
0!
#929500000000
1!
b100010 +
b101111100 (
0'
1*
#930000000000
0!
#930500000000
1!
b1000100 +
b1011111001 (
#931000000000
0!
#931500000000
1!
b10001001 +
b111110011 (
1'
0*
#932000000000
0!
#932500000000
1!
b100010010 +
b1111100110 (
#933000000000
0!
#933500000000
1!
b1000100100 +
b1111001100 (
0'
1*
0)
#934000000000
0!
#934500000000
1!
b1001000 +
b1110011000 (
0*
#935000000000
0!
#935500000000
1!
b10010000 +
b1100110001 (
1)
1*
#936000000000
0!
#936500000000
1!
b100100000 +
b1001100011 (
1'
0*
#937000000000
0!
#937500000000
1!
b1001000000 +
b11000111 (
1*
0)
0*
#938000000000
0!
#938500000000
1!
b10000001 +
b110001111 (
1*
#939000000000
0!
#939500000000
1!
b100000010 +
b1100011110 (
#940000000000
0!
#940500000000
1!
b1000000100 +
b1000111100 (
0'
0*
1)
#941000000000
0!
#941500000000
1!
b1000 +
b1111001 (
1*
#942000000000
0!
#942500000000
1!
b10000 +
b11110011 (
1'
0*
#943000000000
0!
#943500000000
1!
b100000 +
b111100111 (
#944000000000
0!
#944500000000
1!
b1000000 +
b1111001111 (
0)
1*
#945000000000
0!
#945500000000
1!
b10000000 +
b1110011111 (
#946000000000
0!
#946500000000
1!
b100000000 +
b1100111111 (
1)
0*
#947000000000
0!
#947500000000
1!
b1000000000 +
b1001111111 (
1*
#948000000000
0!
#948500000000
1!
b1 +
b11111110 (
0*
#949000000000
0!
#949500000000
1!
b10 +
b111111100 (
0'
1*
#950000000000
0!
#950500000000
1!
b100 +
b1111111000 (
#951000000000
0!
#951500000000
1!
b1001 +
b1111110000 (
#952000000000
0!
#952500000000
1!
b10010 +
b1111100000 (
#953000000000
0!
#953500000000
1!
b100100 +
b1111000000 (
0)
0*
#954000000000
0!
#954500000000
1!
b1001001 +
b1110000001 (
#955000000000
0!
#955500000000
1!
b10010010 +
b1100000011 (
1'
1*
#956000000000
0!
#956500000000
1!
b100100100 +
b1000000111 (
#957000000000
0!
#957500000000
1!
b1001001001 +
b1111 (
0*
#958000000000
0!
#958500000000
1!
b10010011 +
b11110 (
1*
#959000000000
0!
#959500000000
1!
b100100110 +
b111100 (
0'
1)
#960000000000
0!
#960500000000
1!
b1001001101 +
b1111000 (
0*
#961000000000
0!
#961500000000
1!
b10011010 +
b11110001 (
1*
#962000000000
0!
#962500000000
1!
b100110100 +
b111100010 (
1'
0*
#963000000000
0!
#963500000000
1!
b1001101001 +
b1111000100 (
0'
1*
0)
#964000000000
0!
#964500000000
1!
b11010011 +
b1110001000 (
0*
#965000000000
0!
#965500000000
1!
b110100110 +
b1100010001 (
#966000000000
0!
#966500000000
1!
b1101001101 +
b1000100010 (
1'
1*
1)
#967000000000
0!
#967500000000
1!
b1010011010 +
b1000101 (
0'
0)
#968000000000
0!
#968500000000
1!
b100110101 +
b10001011 (
1'
0*
1*
#969000000000
0!
#969500000000
1!
b1001101011 +
b100010110 (
0*
#970000000000
0!
#970500000000
1!
b11010111 +
b1000101101 (
0'
1*
1)
#971000000000
0!
#971500000000
1!
b110101111 +
b1011011 (
1'
0)
#972000000000
0!
#972500000000
1!
b1101011111 +
b10110111 (
0*
1)
1*
#973000000000
0!
#973500000000
1!
b1010111110 +
b101101110 (
#974000000000
0!
#974500000000
1!
b101111100 +
b1011011100 (
0'
0*
0)
#975000000000
0!
#975500000000
1!
b1011111001 +
b110111001 (
1*
1)
0*
#976000000000
0!
#976500000000
1!
b111110011 +
b1101110011 (
1'
1*
0*
#977000000000
0!
#977500000000
1!
b1111100110 +
b1011100110 (
1*
#978000000000
0!
#978500000000
1!
b1111001100 +
b111001101 (
0'
0)
#979000000000
0!
#979500000000
1!
b1110011000 +
b1110011011 (
1'
0*
#980000000000
0!
#980500000000
1!
b1100110001 +
b1100110110 (
1)
1*
#981000000000
0!
#981500000000
1!
b1001100011 +
b1001101101 (
0'
0*
#982000000000
0!
#982500000000
1!
b11000111 +
b11011011 (
1'
1*
0)
#983000000000
0!
#983500000000
1!
b110001111 +
b110110110 (
1)
0*
#984000000000
0!
#984500000000
1!
b1100011111 +
b1101101101 (
0'
1*
0*
#985000000000
0!
#985500000000
1!
b1000111110 +
b1011011010 (
1'
0)
#986000000000
0!
#986500000000
1!
b1111100 +
b110110101 (
0'
1*
1)
#987000000000
0!
#987500000000
1!
b11111001 +
b1101101010 (
1'
0*
#988000000000
0!
#988500000000
1!
b111110010 +
b1011010100 (
0'
0)
#989000000000
0!
#989500000000
1!
b1111100100 +
b110101001 (
1*
1)
0*
#990000000000
0!
#990500000000
1!
b1111001000 +
b1101010011 (
1'
0)
#991000000000
0!
#991500000000
1!
b1110010001 +
b1010100111 (
1)
1*
#992000000000
0!
#992500000000
1!
b1100100011 +
b101001111 (
0)
0*
#993000000000
0!
#993500000000
1!
b1001000111 +
b1010011111 (
#994000000000
0!
#994500000000
1!
b10001110 +
b100111110 (
1*
1)
0*
#995000000000
0!
#995500000000
1!
b100011101 +
b1001111100 (
0'
1*
#996000000000
0!
#996500000000
1!
b1000111011 +
b11111001 (
0*
#997000000000
0!
#997500000000
1!
b1110111 +
b111110010 (
1'
1*
0*
#998000000000
0!
#998500000000
1!
b11101111 +
b1111100100 (
0'
1*
#999000000000
0!
#999500000000
1!
b111011111 +
b1111001001 (
0)
0*
#1000000000000
0!
#1000500000000
1!
b1110111111 +
b1110010011 (
1'
1*
0*
#1001000000000
0!
#1001500000000
1!
b1101111110 +
b1100100110 (
1)
1*
#1002000000000
0!
#1002500000000
1!
b1011111100 +
b1001001101 (
0'
0)
#1003000000000
0!
#1003500000000
1!
b111111000 +
b10011010 (
1'
0*
1*
#1004000000000
0!
#1004500000000
1!
b1111110000 +
b100110100 (
0'
0*
1)
#1005000000000
0!
#1005500000000
1!
b1111100001 +
b1001101001 (
#1006000000000
0!
#1006500000000
1!
b1111000011 +
b11010010 (
1'
0)
#1007000000000
0!
#1007500000000
1!
b1110000111 +
b110100100 (
0'
1)
#1008000000000
0!
#1008500000000
1!
b1100001110 +
b1101001000 (
0)
1*
#1009000000000
0!
#1009500000000
1!
b1000011100 +
b1010010000 (
#1010000000000
0!
#1010500000000
1!
b111000 +
b100100000 (
0*
1)
1*
#1011000000000
0!
#1011500000000
1!
b1110000 +
b1001000000 (
0)
0*
#1012000000000
0!
#1012500000000
1!
b11100000 +
b10000001 (
#1013000000000
0!
#1013500000000
1!
b111000000 +
b100000011 (
1'
1*
#1014000000000
0!
#1014500000000
1!
b1110000000 +
b1000000110 (
0*
#1015000000000
0!
#1015500000000
1!
b1100000001 +
b1101 (
0'
1*
#1016000000000
0!
#1016500000000
1!
b1000000011 +
b11011 (
1'
0*
#1017000000000
0!
#1017500000000
1!
b111 +
b110111 (
1*
1)
0*
#1018000000000
0!
#1018500000000
1!
b1111 +
b1101111 (
#1019000000000
0!
#1019500000000
1!
b11111 +
b11011111 (
0)
1*
#1020000000000
0!
#1020500000000
1!
b111111 +
b110111111 (
1)
0*
#1021000000000
0!
#1021500000000
1!
b1111111 +
b1101111111 (
#1022000000000
0!
#1022500000000
1!
b11111111 +
b1011111111 (
#1023000000000
0!
#1023500000000
1!
b111111111 +
b111111111 (
#1024000000000
0!
#1024500000000
1!
b1111111111 +
b1111111111 (
1*
b10 $
b1 #
b11 %
b111 &
1,
#1025000000000
0!
#1025500000000
1!
0,
#1026000000000
0!
#1026500000000
1!
b1111111110 +
b1111111110 (
#1027000000000
0!
#1027500000000
1!
b1111111100 +
b1111111100 (
#1028000000000
0!
#1028500000000
1!
b1111111000 +
b1111111001 (
0'
0*
#1029000000000
0!
#1029500000000
1!
b1111110001 +
b1111110010 (
#1030000000000
0!
#1030500000000
1!
b1111100011 +
b1111100101 (
1'
1*
#1031000000000
0!
#1031500000000
1!
b1111000111 +
b1111001011 (
0'
0*
#1032000000000
0!
#1032500000000
1!
b1110001110 +
b1110010110 (
1'
0)
#1033000000000
0!
#1033500000000
1!
b1100011100 +
b1100101101 (
#1034000000000
0!
#1034500000000
1!
b1000111000 +
b1001011010 (
0'
1)
#1035000000000
0!
#1035500000000
1!
b1110001 +
b10110100 (
1'
1*
0)
#1036000000000
0!
#1036500000000
1!
b11100010 +
b101101001 (
0'
1)
#1037000000000
0!
#1037500000000
1!
b111000100 +
b1011010010 (
#1038000000000
0!
#1038500000000
1!
b1110001001 +
b110100101 (
1'
0*
0)
#1039000000000
0!
#1039500000000
1!
b1100010011 +
b1101001010 (
0'
1)
#1040000000000
0!
#1040500000000
1!
b1000100111 +
b1010010101 (
1'
0)
#1041000000000
0!
#1041500000000
1!
b1001110 +
b100101011 (
0'
1*
0*
#1042000000000
0!
#1042500000000
1!
b10011101 +
b1001010111 (
1'
1)
#1043000000000
0!
#1043500000000
1!
b100111011 +
b10101111 (
0)
1*
#1044000000000
0!
#1044500000000
1!
b1001110110 +
b101011110 (
0*
1)
1*
#1045000000000
0!
#1045500000000
1!
b11101100 +
b1010111101 (
0*
0)
1*
#1046000000000
0!
#1046500000000
1!
b111011001 +
b101111010 (
0'
1)
#1047000000000
0!
#1047500000000
1!
b1110110010 +
b1011110101 (
1'
0*
1*
#1048000000000
0!
#1048500000000
1!
b1101100101 +
b111101010 (
0'
0*
#1049000000000
0!
#1049500000000
1!
b1011001010 +
b1111010100 (
1'
1*
#1050000000000
0!
#1050500000000
1!
b110010101 +
b1110101000 (
0'
0*
0)
#1051000000000
0!
#1051500000000
1!
b1100101011 +
b1101010000 (
1*
1)
0*
#1052000000000
0!
#1052500000000
1!
b1001010111 +
b1010100000 (
0)
1*
#1053000000000
0!
#1053500000000
1!
b10101110 +
b101000001 (
0*
1)
1*
#1054000000000
0!
#1054500000000
1!
b101011101 +
b1010000011 (
0)
0*
#1055000000000
0!
#1055500000000
1!
b1010111011 +
b100000111 (
1'
1*
0*
#1056000000000
0!
#1056500000000
1!
b101110111 +
b1000001111 (
1*
#1057000000000
0!
#1057500000000
1!
b1011101111 +
b11111 (
0*
#1058000000000
0!
#1058500000000
1!
b111011110 +
b111110 (
1*
#1059000000000
0!
#1059500000000
1!
b1110111101 +
b1111101 (
0*
1)
1*
#1060000000000
0!
#1060500000000
1!
b1101111010 +
b11111010 (
0'
0*
#1061000000000
0!
#1061500000000
1!
b1011110101 +
b111110101 (
1'
1*
#1062000000000
0!
#1062500000000
1!
b111101010 +
b1111101010 (
0'
0*
1*
#1063000000000
0!
#1063500000000
1!
b1111010100 +
b1111010101 (
1'
0*
1*
#1064000000000
0!
#1064500000000
1!
b1110101000 +
b1110101010 (
0'
0)
#1065000000000
0!
#1065500000000
1!
b1101010001 +
b1101010101 (
1'
1)
#1066000000000
0!
#1066500000000
1!
b1010100011 +
b1010101011 (
0'
0)
#1067000000000
0!
#1067500000000
1!
b101000111 +
b101010110 (
1'
0*
1)
#1068000000000
0!
#1068500000000
1!
b1010001111 +
b1010101101 (
1*
0)
0*
#1069000000000
0!
#1069500000000
1!
b100011110 +
b101011010 (
0'
1*
1)
#1070000000000
0!
#1070500000000
1!
b1000111101 +
b1010110100 (
1'
0*
0)
#1071000000000
0!
#1071500000000
1!
b1111010 +
b101101000 (
0'
1*
1)
#1072000000000
0!
#1072500000000
1!
b11110100 +
b1011010000 (
#1073000000000
0!
#1073500000000
1!
b111101001 +
b110100000 (
0)
0*
#1074000000000
0!
#1074500000000
1!
b1111010010 +
b1101000001 (
1*
1)
0*
#1075000000000
0!
#1075500000000
1!
b1110100101 +
b1010000010 (
0)
1*
#1076000000000
0!
#1076500000000
1!
b1101001010 +
b100000101 (
1'
0*
#1077000000000
0!
#1077500000000
1!
b1010010101 +
b1000001010 (
0'
1*
#1078000000000
0!
#1078500000000
1!
b100101010 +
b10100 (
1'
0*
1*
#1079000000000
0!
#1079500000000
1!
b1001010100 +
b101001 (
0'
0*
1*
#1080000000000
0!
#1080500000000
1!
b10101000 +
b1010011 (
0*
1)
1*
#1081000000000
0!
#1081500000000
1!
b101010000 +
b10100111 (
1'
0)
#1082000000000
0!
#1082500000000
1!
b1010100000 +
b101001110 (
0*
1)
1*
#1083000000000
0!
#1083500000000
1!
b101000001 +
b1010011101 (
0*
0)
1*
#1084000000000
0!
#1084500000000
1!
b1010000010 +
b100111011 (
0'
0*
1*
#1085000000000
0!
#1085500000000
1!
b100000101 +
b1001110111 (
1'
0*
1)
#1086000000000
0!
#1086500000000
1!
b1000001011 +
b11101110 (
1*
#1087000000000
0!
#1087500000000
1!
b10111 +
b111011100 (
0*
#1088000000000
0!
#1088500000000
1!
b101111 +
b1110111001 (
0'
0)
#1089000000000
0!
#1089500000000
1!
b1011111 +
b1101110010 (
1)
1*
#1090000000000
0!
#1090500000000
1!
b10111111 +
b1011100100 (
1'
0*
#1091000000000
0!
#1091500000000
1!
b101111111 +
b111001000 (
0'
1*
#1092000000000
0!
#1092500000000
1!
b1011111111 +
b1110010000 (
0*
0)
1*
#1093000000000
0!
#1093500000000
1!
b111111110 +
b1100100001 (
0*
#1094000000000
0!
#1094500000000
1!
b1111111101 +
b1001000011 (
1*
1)
0*
#1095000000000
0!
#1095500000000
1!
b1111111010 +
b10000110 (
1'
0)
#1096000000000
0!
#1096500000000
1!
b1111110101 +
b100001101 (
#1097000000000
0!
#1097500000000
1!
b1111101010 +
b1000011010 (
0'
1*
#1098000000000
0!
#1098500000000
1!
b1111010101 +
b110100 (
1'
0*
#1099000000000
0!
#1099500000000
1!
b1110101010 +
b1101000 (
0'
1)
#1100000000000
0!
#1100500000000
1!
b1101010101 +
b11010001 (
#1101000000000
0!
#1101500000000
1!
b1010101010 +
b110100011 (
0)
1*
#1102000000000
0!
#1102500000000
1!
b101010101 +
b1101000110 (
1'
0*
1)
#1103000000000
0!
#1103500000000
1!
b1010101011 +
b1010001100 (
1*
0)
0*
#1104000000000
0!
#1104500000000
1!
b101010111 +
b100011001 (
0'
1*
0*
#1105000000000
0!
#1105500000000
1!
b1010101111 +
b1000110011 (
1*
#1106000000000
0!
#1106500000000
1!
b101011110 +
b1100111 (
1'
0*
1)
#1107000000000
0!
#1107500000000
1!
b1010111101 +
b11001111 (
1*
#1108000000000
0!
#1108500000000
1!
b101111010 +
b110011111 (
0*
0)
1*
#1109000000000
0!
#1109500000000
1!
b1011110100 +
b1100111110 (
0*
#1110000000000
0!
#1110500000000
1!
b111101000 +
b1001111101 (
1*
1)
0*
#1111000000000
0!
#1111500000000
1!
b1111010000 +
b11111011 (
0'
1*
0*
#1112000000000
0!
#1112500000000
1!
b1110100001 +
b111110111 (
1'
1*
#1113000000000
0!
#1113500000000
1!
b1101000011 +
b1111101111 (
#1114000000000
0!
#1114500000000
1!
b1010000111 +
b1111011110 (
#1115000000000
0!
#1115500000000
1!
b100001110 +
b1110111101 (
0*
0)
1*
#1116000000000
0!
#1116500000000
1!
b1000011101 +
b1101111011 (
0'
0*
1)
#1117000000000
0!
#1117500000000
1!
b111010 +
b1011110110 (
1'
1*
0*
#1118000000000
0!
#1118500000000
1!
b1110100 +
b111101101 (
#1119000000000
0!
#1119500000000
1!
b11101001 +
b1111011010 (
0'
1*
#1120000000000
0!
#1120500000000
1!
b111010010 +
b1110110100 (
1'
0)
#1121000000000
0!
#1121500000000
1!
b1110100100 +
b1101101001 (
0'
0*
1)
#1122000000000
0!
#1122500000000
1!
b1101001000 +
b1011010011 (
#1123000000000
0!
#1123500000000
1!
b1010010001 +
b110100111 (
1'
0)
#1124000000000
0!
#1124500000000
1!
b100100011 +
b1101001111 (
1*
1)
0*
#1125000000000
0!
#1125500000000
1!
b1001000110 +
b1010011110 (
1*
0)
0*
#1126000000000
0!
#1126500000000
1!
b10001100 +
b100111100 (
1*
#1127000000000
0!
#1127500000000
1!
b100011001 +
b1001111001 (
0'
1)
#1128000000000
0!
#1128500000000
1!
b1000110010 +
b11110010 (
0*
#1129000000000
0!
#1129500000000
1!
b1100101 +
b111100101 (
1'
1*
0*
#1130000000000
0!
#1130500000000
1!
b11001011 +
b1111001010 (
0'
1*
#1131000000000
0!
#1131500000000
1!
b110010110 +
b1110010100 (
1'
0)
#1132000000000
0!
#1132500000000
1!
b1100101101 +
b1100101000 (
0'
0*
1*
#1133000000000
0!
#1133500000000
1!
b1001011010 +
b1001010001 (
1)
0*
#1134000000000
0!
#1134500000000
1!
b10110101 +
b10100011 (
1*
0)
0*
#1135000000000
0!
#1135500000000
1!
b101101011 +
b101000111 (
1'
1)
#1136000000000
0!
#1136500000000
1!
b1011010110 +
b1010001111 (
1*
0)
0*
#1137000000000
0!
#1137500000000
1!
b110101100 +
b100011110 (
1*
#1138000000000
0!
#1138500000000
1!
b1101011001 +
b1000111101 (
0*
#1139000000000
0!
#1139500000000
1!
b1010110011 +
b1111011 (
0'
1)
#1140000000000
0!
#1140500000000
1!
b101100111 +
b11110110 (
1'
1*
0*
#1141000000000
0!
#1141500000000
1!
b1011001111 +
b111101100 (
1*
#1142000000000
0!
#1142500000000
1!
b110011110 +
b1111011000 (
0'
0*
1*
#1143000000000
0!
#1143500000000
1!
b1100111101 +
b1110110001 (
0*
0)
1*
#1144000000000
0!
#1144500000000
1!
b1001111010 +
b1101100010 (
1)
0*
#1145000000000
0!
#1145500000000
1!
b11110101 +
b1011000100 (
1'
1*
0*
#1146000000000
0!
#1146500000000
1!
b111101011 +
b110001001 (
0'
0)
#1147000000000
0!
#1147500000000
1!
b1111010110 +
b1100010010 (
1*
#1148000000000
0!
#1148500000000
1!
b1110101100 +
b1000100101 (
1'
0*
#1149000000000
0!
#1149500000000
1!
b1101011000 +
b1001011 (
0'
1)
#1150000000000
0!
#1150500000000
1!
b1010110001 +
b10010111 (
1'
0)
#1151000000000
0!
#1151500000000
1!
b101100011 +
b100101111 (
1*
#1152000000000
0!
#1152500000000
1!
b1011000110 +
b1001011110 (
0*
1)
1*
#1153000000000
0!
#1153500000000
1!
b110001100 +
b10111101 (
0*
0)
1*
#1154000000000
0!
#1154500000000
1!
b1100011001 +
b101111011 (
0'
0*
1)
#1155000000000
0!
#1155500000000
1!
b1000110011 +
b1011110111 (
1'
1*
#1156000000000
0!
#1156500000000
1!
b1100111 +
b111101111 (
0*
#1157000000000
0!
#1157500000000
1!
b11001111 +
b1111011111 (
#1158000000000
0!
#1158500000000
1!
b110011111 +
b1110111111 (
0)
1*
#1159000000000
0!
#1159500000000
1!
b1100111111 +
b1101111110 (
0*
1)
1*
#1160000000000
0!
#1160500000000
1!
b1001111110 +
b1011111101 (
#1161000000000
0!
#1161500000000
1!
b11111100 +
b111111010 (
0'
0*
1*
#1162000000000
0!
#1162500000000
1!
b111111001 +
b1111110100 (
1'
0*
#1163000000000
0!
#1163500000000
1!
b1111110010 +
b1111101001 (
0'
1*
0*
#1164000000000
0!
#1164500000000
1!
b1111100101 +
b1111010010 (
#1165000000000
0!
#1165500000000
1!
b1111001010 +
b1110100100 (
1'
0)
#1166000000000
0!
#1166500000000
1!
b1110010101 +
b1101001001 (
0'
1)
#1167000000000
0!
#1167500000000
1!
b1100101010 +
b1010010010 (
0)
1*
#1168000000000
0!
#1168500000000
1!
b1001010101 +
b100100101 (
1'
0*
#1169000000000
0!
#1169500000000
1!
b10101010 +
b1001001011 (
0'
1*
1)
#1170000000000
0!
#1170500000000
1!
b101010100 +
b10010110 (
1'
0)
#1171000000000
0!
#1171500000000
1!
b1010101001 +
b100101101 (
0*
#1172000000000
0!
#1172500000000
1!
b101010011 +
b1001011011 (
0'
1*
1)
#1173000000000
0!
#1173500000000
1!
b1010100110 +
b10110110 (
1'
0*
0)
#1174000000000
0!
#1174500000000
1!
b101001100 +
b101101100 (
1*
1)
0*
#1175000000000
0!
#1175500000000
1!
b1010011001 +
b1011011001 (
0'
1*
0*
#1176000000000
0!
#1176500000000
1!
b100110011 +
b110110010 (
1*
0)
0*
#1177000000000
0!
#1177500000000
1!
b1001100110 +
b1101100100 (
1'
1*
1)
#1178000000000
0!
#1178500000000
1!
b11001100 +
b1011001000 (
0'
0*
1*
#1179000000000
0!
#1179500000000
1!
b110011001 +
b110010000 (
0)
0*
#1180000000000
0!
#1180500000000
1!
b1100110010 +
b1100100000 (
1*
#1181000000000
0!
#1181500000000
1!
b1001100101 +
b1001000001 (
1)
0*
#1182000000000
0!
#1182500000000
1!
b11001010 +
b10000011 (
1*
0)
0*
#1183000000000
0!
#1183500000000
1!
b110010100 +
b100000110 (
1'
1*
#1184000000000
0!
#1184500000000
1!
b1100101001 +
b1000001101 (
0*
#1185000000000
0!
#1185500000000
1!
b1001010011 +
b11010 (
0'
1*
#1186000000000
0!
#1186500000000
1!
b10100111 +
b110101 (
1'
0*
1*
#1187000000000
0!
#1187500000000
1!
b101001111 +
b1101010 (
0'
1)
#1188000000000
0!
#1188500000000
1!
b1010011111 +
b11010100 (
1'
0*
1*
#1189000000000
0!
#1189500000000
1!
b100111110 +
b110101000 (
0'
0*
0)
#1190000000000
0!
#1190500000000
1!
b1001111101 +
b1101010001 (
1*
1)
0*
#1191000000000
0!
#1191500000000
1!
b11111010 +
b1010100010 (
1*
0)
0*
#1192000000000
0!
#1192500000000
1!
b111110100 +
b101000100 (
1'
1)
#1193000000000
0!
#1193500000000
1!
b1111101001 +
b1010001000 (
0'
1*
0)
#1194000000000
0!
#1194500000000
1!
b1111010011 +
b100010000 (
#1195000000000
0!
#1195500000000
1!
b1110100111 +
b1000100001 (
#1196000000000
0!
#1196500000000
1!
b1101001110 +
b1000010 (
1)
0*
#1197000000000
0!
#1197500000000
1!
b1010011100 +
b10000101 (
1'
0)
#1198000000000
0!
#1198500000000
1!
b100111000 +
b100001010 (
0'
1*
0*
#1199000000000
0!
#1199500000000
1!
b1001110000 +
b1000010100 (
1'
1*
0*
#1200000000000
0!
#1200500000000
1!
b11100001 +
b101000 (
0'
1*
0*
#1201000000000
0!
#1201500000000
1!
b111000010 +
b1010001 (
1)
1*
#1202000000000
0!
#1202500000000
1!
b1110000100 +
b10100010 (
0*
0)
1*
#1203000000000
0!
#1203500000000
1!
b1100001000 +
b101000101 (
1'
1)
#1204000000000
0!
#1204500000000
1!
b1000010001 +
b1010001010 (
0'
0)
#1205000000000
0!
#1205500000000
1!
b100011 +
b100010101 (
1'
0*
1*
#1206000000000
0!
#1206500000000
1!
b1000110 +
b1000101010 (
0'
0*
#1207000000000
0!
#1207500000000
1!
b10001101 +
b1010101 (
1'
1)
#1208000000000
0!
#1208500000000
1!
b100011011 +
b10101011 (
0'
0)
#1209000000000
0!
#1209500000000
1!
b1000110110 +
b101010111 (
1'
1*
1)
#1210000000000
0!
#1210500000000
1!
b1101100 +
b1010101111 (
0*
0)
1*
#1211000000000
0!
#1211500000000
1!
b11011001 +
b101011111 (
1)
0*
#1212000000000
0!
#1212500000000
1!
b110110010 +
b1010111111 (
0)
1*
#1213000000000
0!
#1213500000000
1!
b1101100100 +
b101111111 (
0*
1)
1*
#1214000000000
0!
#1214500000000
1!
b1011001000 +
b1011111110 (
#1215000000000
0!
#1215500000000
1!
b110010001 +
b111111101 (
0*
#1216000000000
0!
#1216500000000
1!
b1100100010 +
b1111111010 (
0'
1*
0*
#1217000000000
0!
#1217500000000
1!
b1001000101 +
b1111110101 (
1'
1*
#1218000000000
0!
#1218500000000
1!
b10001010 +
b1111101011 (
0'
0*
1*
#1219000000000
0!
#1219500000000
1!
b100010100 +
b1111010111 (
1'
0*
#1220000000000
0!
#1220500000000
1!
b1000101001 +
b1110101111 (
1*
0)
0*
#1221000000000
0!
#1221500000000
1!
b1010011 +
b1101011110 (
1*
1)
0*
#1222000000000
0!
#1222500000000
1!
b10100110 +
b1010111100 (
0)
1*
#1223000000000
0!
#1223500000000
1!
b101001101 +
b101111000 (
0'
1)
#1224000000000
0!
#1224500000000
1!
b1010011011 +
b1011110000 (
0*
#1225000000000
0!
#1225500000000
1!
b100110111 +
b111100001 (
1*
#1226000000000
0!
#1226500000000
1!
b1001101111 +
b1111000011 (
0*
#1227000000000
0!
#1227500000000
1!
b11011110 +
b1110000110 (
1'
1*
0)
#1228000000000
0!
#1228500000000
1!
b110111101 +
b1100001101 (
#1229000000000
0!
#1229500000000
1!
b1101111011 +
b1000011011 (
0'
0*
1*
#1230000000000
0!
#1230500000000
1!
b1011110111 +
b110110 (
1'
0*
#1231000000000
0!
#1231500000000
1!
b111101110 +
b1101101 (
1*
1)
0*
#1232000000000
0!
#1232500000000
1!
b1111011101 +
b11011010 (
0'
1*
0*
#1233000000000
0!
#1233500000000
1!
b1110111010 +
b110110100 (
1'
0)
#1234000000000
0!
#1234500000000
1!
b1101110101 +
b1101101000 (
0'
1)
#1235000000000
0!
#1235500000000
1!
b1011101010 +
b1011010001 (
#1236000000000
0!
#1236500000000
1!
b111010101 +
b110100010 (
1*
0)
0*
#1237000000000
0!
#1237500000000
1!
b1110101011 +
b1101000100 (
1'
1*
1)
#1238000000000
0!
#1238500000000
1!
b1101010111 +
b1010001001 (
0'
0)
#1239000000000
0!
#1239500000000
1!
b1010101110 +
b100010010 (
#1240000000000
0!
#1240500000000
1!
b101011100 +
b1000100100 (
1'
0*
1*
#1241000000000
0!
#1241500000000
1!
b1010111001 +
b1001001 (
0'
0*
1)
#1242000000000
0!
#1242500000000
1!
b101110011 +
b10010010 (
1*
0)
0*
#1243000000000
0!
#1243500000000
1!
b1011100110 +
b100100100 (
1'
1*
0*
#1244000000000
0!
#1244500000000
1!
b111001100 +
b1001001001 (
0'
1*
1)
#1245000000000
0!
#1245500000000
1!
b1110011001 +
b10010011 (
0*
0)
1*
#1246000000000
0!
#1246500000000
1!
b1100110011 +
b100100110 (
1'
0*
#1247000000000
0!
#1247500000000
1!
b1001100111 +
b1001001100 (
1)
1*
#1248000000000
0!
#1248500000000
1!
b11001110 +
b10011000 (
0'
0*
0)
#1249000000000
0!
#1249500000000
1!
b110011101 +
b100110001 (
#1250000000000
0!
#1250500000000
1!
b1100111011 +
b1001100010 (
1*
1)
0*
#1251000000000
0!
#1251500000000
1!
b1001110111 +
b11000101 (
1'
1*
#1252000000000
0!
#1252500000000
1!
b11101110 +
b110001010 (
0'
0*
0)
#1253000000000
0!
#1253500000000
1!
b111011101 +
b1100010101 (
1'
1*
#1254000000000
0!
#1254500000000
1!
b1110111011 +
b1000101011 (
0'
0*
1*
#1255000000000
0!
#1255500000000
1!
b1101110111 +
b1010111 (
1'
1)
#1256000000000
0!
#1256500000000
1!
b1011101110 +
b10101110 (
0)
0*
#1257000000000
0!
#1257500000000
1!
b111011100 +
b101011100 (
1*
1)
0*
#1258000000000
0!
#1258500000000
1!
b1110111001 +
b1010111000 (
0'
1*
0)
#1259000000000
0!
#1259500000000
1!
b1101110011 +
b101110001 (
1)
0*
#1260000000000
0!
#1260500000000
1!
b1011100111 +
b1011100010 (
#1261000000000
0!
#1261500000000
1!
b111001110 +
b111000100 (
1'
1*
0*
#1262000000000
0!
#1262500000000
1!
b1110011101 +
b1110001001 (
0'
1*
0)
#1263000000000
0!
#1263500000000
1!
b1100111010 +
b1100010011 (
#1264000000000
0!
#1264500000000
1!
b1001110101 +
b1000100111 (
1'
0*
#1265000000000
0!
#1265500000000
1!
b11101010 +
b1001110 (
1*
1)
0*
#1266000000000
0!
#1266500000000
1!
b111010100 +
b10011100 (
0)
1*
#1267000000000
0!
#1267500000000
1!
b1110101001 +
b100111000 (
0'
0*
1*
#1268000000000
0!
#1268500000000
1!
b1101010011 +
b1001110000 (
1)
0*
#1269000000000
0!
#1269500000000
1!
b1010100111 +
b11100000 (
#1270000000000
0!
#1270500000000
1!
b101001110 +
b111000000 (
1*
#1271000000000
0!
#1271500000000
1!
b1010011101 +
b1110000000 (
0*
0)
1*
#1272000000000
0!
#1272500000000
1!
b100111010 +
b1100000001 (
0*
#1273000000000
0!
#1273500000000
1!
b1001110100 +
b1000000010 (
1*
#1274000000000
0!
#1274500000000
1!
b11101000 +
b100 (
1'
0*
1*
#1275000000000
0!
#1275500000000
1!
b111010000 +
b1001 (
0'
0*
#1276000000000
0!
#1276500000000
1!
b1110100000 +
b10010 (
1*
#1277000000000
0!
#1277500000000
1!
b1101000001 +
b100101 (
1'
0*
#1278000000000
0!
#1278500000000
1!
b1010000011 +
b1001010 (
0'
1)
#1279000000000
0!
#1279500000000
1!
b100000111 +
b10010101 (
1'
1*
0)
#1280000000000
0!
#1280500000000
1!
b1000001111 +
b100101010 (
0'
0*
1*
#1281000000000
0!
#1281500000000
1!
b11110 +
b1001010101 (
1'
0*
1)
#1282000000000
0!
#1282500000000
1!
b111101 +
b10101010 (
0'
0)
#1283000000000
0!
#1283500000000
1!
b1111011 +
b101010101 (
1'
1)
#1284000000000
0!
#1284500000000
1!
b11110110 +
b1010101010 (
0'
0)
#1285000000000
0!
#1285500000000
1!
b111101101 +
b101010100 (
1'
1)
#1286000000000
0!
#1286500000000
1!
b1111011011 +
b1010101000 (
0'
1*
0)
#1287000000000
0!
#1287500000000
1!
b1110110111 +
b101010001 (
1)
0*
#1288000000000
0!
#1288500000000
1!
b1101101110 +
b1010100011 (
0)
1*
#1289000000000
0!
#1289500000000
1!
b1011011100 +
b101000110 (
1'
1)
#1290000000000
0!
#1290500000000
1!
b110111000 +
b1010001101 (
0*
0)
1*
#1291000000000
0!
#1291500000000
1!
b1101110000 +
b100011011 (
0'
0*
1*
#1292000000000
0!
#1292500000000
1!
b1011100001 +
b1000110110 (
1'
0*
#1293000000000
0!
#1293500000000
1!
b111000011 +
b1101100 (
1*
1)
0*
#1294000000000
0!
#1294500000000
1!
b1110000110 +
b11011000 (
0'
1*
0*
#1295000000000
0!
#1295500000000
1!
b1100001100 +
b110110001 (
0)
1*
#1296000000000
0!
#1296500000000
1!
b1000011000 +
b1101100011 (
1)
0*
#1297000000000
0!
#1297500000000
1!
b110001 +
b1011000110 (
1'
1*
0*
#1298000000000
0!
#1298500000000
1!
b1100010 +
b110001100 (
0)
1*
#1299000000000
0!
#1299500000000
1!
b11000100 +
b1100011001 (
0'
0*
#1300000000000
0!
#1300500000000
1!
b110001001 +
b1000110010 (
#1301000000000
0!
#1301500000000
1!
b1100010010 +
b1100101 (
1'
1*
1)
#1302000000000
0!
#1302500000000
1!
b1000100101 +
b11001010 (
0'
0*
#1303000000000
0!
#1303500000000
1!
b1001010 +
b110010100 (
1'
1*
0)
#1304000000000
0!
#1304500000000
1!
b10010100 +
b1100101001 (
0'
0*
#1305000000000
0!
#1305500000000
1!
b100101001 +
b1001010011 (
1)
1*
#1306000000000
0!
#1306500000000
1!
b1001010010 +
b10100110 (
1'
0*
0)
#1307000000000
0!
#1307500000000
1!
b10100101 +
b101001100 (
1*
1)
0*
#1308000000000
0!
#1308500000000
1!
b101001011 +
b1010011000 (
0'
0)
#1309000000000
0!
#1309500000000
1!
b1010010110 +
b100110000 (
1*
#1310000000000
0!
#1310500000000
1!
b100101100 +
b1001100000 (
0*
1)
1*
#1311000000000
0!
#1311500000000
1!
b1001011001 +
b11000000 (
0*
#1312000000000
0!
#1312500000000
1!
b10110011 +
b110000001 (
1*
0)
0*
#1313000000000
0!
#1313500000000
1!
b101100110 +
b1100000010 (
#1314000000000
0!
#1314500000000
1!
b1011001101 +
b1000000101 (
1'
1*
0*
#1315000000000
0!
#1315500000000
1!
b110011010 +
b1010 (
0'
1*
0*
#1316000000000
0!
#1316500000000
1!
b1100110100 +
b10101 (
1'
1*
0*
#1317000000000
0!
#1317500000000
1!
b1001101000 +
b101011 (
0'
1*
#1318000000000
0!
#1318500000000
1!
b11010001 +
b1010110 (
1'
0*
1)
#1319000000000
0!
#1319500000000
1!
b110100010 +
b10101100 (
0)
1*
#1320000000000
0!
#1320500000000
1!
b1101000100 +
b101011001 (
0'
0*
1)
#1321000000000
0!
#1321500000000
1!
b1010001000 +
b1010110011 (
0)
1*
#1322000000000
0!
#1322500000000
1!
b100010001 +
b101100110 (
1'
0*
1)
#1323000000000
0!
#1323500000000
1!
b1000100010 +
b1011001100 (
1*
#1324000000000
0!
#1324500000000
1!
b1000101 +
b110011001 (
0'
0*
0)
#1325000000000
0!
#1325500000000
1!
b10001011 +
b1100110010 (
#1326000000000
0!
#1326500000000
1!
b100010110 +
b1001100100 (
1'
1)
#1327000000000
0!
#1327500000000
1!
b1000101101 +
b11001001 (
0'
1*
0*
#1328000000000
0!
#1328500000000
1!
b1011010 +
b110010011 (
1*
0)
0*
#1329000000000
0!
#1329500000000
1!
b10110100 +
b1100100111 (
1'
1*
#1330000000000
0!
#1330500000000
1!
b101101001 +
b1001001111 (
1)
0*
#1331000000000
0!
#1331500000000
1!
b1011010010 +
b10011111 (
1*
0)
0*
#1332000000000
0!
#1332500000000
1!
b110100101 +
b100111111 (
1*
#1333000000000
0!
#1333500000000
1!
b1101001011 +
b1001111110 (
0*
1)
1*
#1334000000000
0!
#1334500000000
1!
b1010010111 +
b11111100 (
#1335000000000
0!
#1335500000000
1!
b100101110 +
b111111001 (
0'
0*
1*
#1336000000000
0!
#1336500000000
1!
b1001011101 +
b1111110011 (
0*
#1337000000000
0!
#1337500000000
1!
b10111010 +
b1111100111 (
1'
1*
0*
#1338000000000
0!
#1338500000000
1!
b101110100 +
b1111001110 (
#1339000000000
0!
#1339500000000
1!
b1011101001 +
b1110011101 (
1*
0)
0*
#1340000000000
0!
#1340500000000
1!
b111010011 +
b1100111010 (
0'
1*
0*
#1341000000000
0!
#1341500000000
1!
b1110100110 +
b1001110100 (
1'
1*
1)
#1342000000000
0!
#1342500000000
1!
b1101001100 +
b11101001 (
0'
0*
#1343000000000
0!
#1343500000000
1!
b1010011000 +
b111010010 (
#1344000000000
0!
#1344500000000
1!
b100110001 +
b1110100101 (
1'
1*
0)
#1345000000000
0!
#1345500000000
1!
b1001100010 +
b1101001011 (
0'
0*
1)
#1346000000000
0!
#1346500000000
1!
b11000101 +
b1010010111 (
1'
1*
0)
#1347000000000
0!
#1347500000000
1!
b110001011 +
b100101110 (
#1348000000000
0!
#1348500000000
1!
b1100010110 +
b1001011100 (
0*
1)
1*
#1349000000000
0!
#1349500000000
1!
b1000101100 +
b10111000 (
0'
0)
#1350000000000
0!
#1350500000000
1!
b1011000 +
b101110000 (
0*
1)
1*
#1351000000000
0!
#1351500000000
1!
b10110000 +
b1011100000 (
#1352000000000
0!
#1352500000000
1!
b101100000 +
b111000001 (
#1353000000000
0!
#1353500000000
1!
b1011000000 +
b1110000010 (
0*
0)
1*
#1354000000000
0!
#1354500000000
1!
b110000001 +
b1100000100 (
1'
0*
1*
#1355000000000
0!
#1355500000000
1!
b1100000010 +
b1000001001 (
0'
0*
1*
#1356000000000
0!
#1356500000000
1!
b1000000101 +
b10011 (
#1357000000000
0!
#1357500000000
1!
b1010 +
b100111 (
1'
0*
1*
#1358000000000
0!
#1358500000000
1!
b10100 +
b1001111 (
1)
0*
#1359000000000
0!
#1359500000000
1!
b101001 +
b10011110 (
0)
1*
#1360000000000
0!
#1360500000000
1!
b1010010 +
b100111101 (
#1361000000000
0!
#1361500000000
1!
b10100100 +
b1001111011 (
0'
1)
#1362000000000
0!
#1362500000000
1!
b101001001 +
b11110111 (
1'
0*
#1363000000000
0!
#1363500000000
1!
b1010010010 +
b111101110 (
1*
#1364000000000
0!
#1364500000000
1!
b100100101 +
b1111011101 (
0*
#1365000000000
0!
#1365500000000
1!
b1001001011 +
b1110111010 (
0'
1*
0)
#1366000000000
0!
#1366500000000
1!
b10010111 +
b1101110101 (
1'
0*
1)
#1367000000000
0!
#1367500000000
1!
b100101111 +
b1011101010 (
0'
1*
#1368000000000
0!
#1368500000000
1!
b1001011111 +
b111010100 (
1'
0*
1*
#1369000000000
0!
#1369500000000
1!
b10111110 +
b1110101001 (
0'
0*
0)
#1370000000000
0!
#1370500000000
1!
b101111101 +
b1101010010 (
1)
1*
#1371000000000
0!
#1371500000000
1!
b1011111011 +
b1010100101 (
1'
0*
0)
#1372000000000
0!
#1372500000000
1!
b111110111 +
b101001010 (
0'
1*
1)
#1373000000000
0!
#1373500000000
1!
b1111101111 +
b1010010100 (
1'
0*
0)
#1374000000000
0!
#1374500000000
1!
b1111011110 +
b100101001 (
0'
1*
#1375000000000
0!
#1375500000000
1!
b1110111100 +
b1001010010 (
1)
0*
#1376000000000
0!
#1376500000000
1!
b1101111000 +
b10100100 (
1'
0)
#1377000000000
0!
#1377500000000
1!
b1011110001 +
b101001001 (
0'
1)
#1378000000000
0!
#1378500000000
1!
b111100011 +
b1010010011 (
1*
0)
0*
#1379000000000
0!
#1379500000000
1!
b1111000110 +
b100100111 (
1'
1*
0*
#1380000000000
0!
#1380500000000
1!
b1110001100 +
b1001001110 (
1)
1*
#1381000000000
0!
#1381500000000
1!
b1100011000 +
b10011101 (
0)
0*
#1382000000000
0!
#1382500000000
1!
b1000110001 +
b100111010 (
0'
1*
#1383000000000
0!
#1383500000000
1!
b1100011 +
b1001110101 (
1'
0*
1)
#1384000000000
0!
#1384500000000
1!
b11000110 +
b11101011 (
0'
1*
#1385000000000
0!
#1385500000000
1!
b110001101 +
b111010111 (
1'
0*
#1386000000000
0!
#1386500000000
1!
b1100011011 +
b1110101110 (
1*
0)
0*
#1387000000000
0!
#1387500000000
1!
b1000110111 +
b1101011100 (
1)
1*
#1388000000000
0!
#1388500000000
1!
b1101110 +
b1010111001 (
0'
0*
0)
#1389000000000
0!
#1389500000000
1!
b11011101 +
b101110011 (
1)
1*
#1390000000000
0!
#1390500000000
1!
b110111011 +
b1011100111 (
1'
0*
#1391000000000
0!
#1391500000000
1!
b1101110110 +
b111001111 (
1*
#1392000000000
0!
#1392500000000
1!
b1011101100 +
b1110011110 (
0)
0*
#1393000000000
0!
#1393500000000
1!
b111011000 +
b1100111101 (
1*
#1394000000000
0!
#1394500000000
1!
b1110110000 +
b1001111010 (
0'
0*
1)
#1395000000000
0!
#1395500000000
1!
b1101100001 +
b11110101 (
1'
1*
#1396000000000
0!
#1396500000000
1!
b1011000011 +
b111101011 (
0'
0*
#1397000000000
0!
#1397500000000
1!
b110000111 +
b1111010110 (
1'
1*
0*
#1398000000000
0!
#1398500000000
1!
b1100001111 +
b1110101101 (
1*
0)
0*
#1399000000000
0!
#1399500000000
1!
b1000011110 +
b1101011011 (
0'
1)
#1400000000000
0!
#1400500000000
1!
b111100 +
b1010110111 (
1'
1*
0)
#1401000000000
0!
#1401500000000
1!
b1111001 +
b101101111 (
1)
0*
#1402000000000
0!
#1402500000000
1!
b11110010 +
b1011011110 (
#1403000000000
0!
#1403500000000
1!
b111100100 +
b110111100 (
0)
1*
#1404000000000
0!
#1404500000000
1!
b1111001001 +
b1101111000 (
0'
0*
1)
#1405000000000
0!
#1405500000000
1!
b1110010011 +
b1011110001 (
#1406000000000
0!
#1406500000000
1!
b1100100111 +
b111100011 (
#1407000000000
0!
#1407500000000
1!
b1001001110 +
b1111000110 (
1'
1*
#1408000000000
0!
#1408500000000
1!
b10011100 +
b1110001101 (
0*
0)
1*
#1409000000000
0!
#1409500000000
1!
b100111001 +
b1100011010 (
0'
0*
#1410000000000
0!
#1410500000000
1!
b1001110010 +
b1000110101 (
1'
1*
0*
#1411000000000
0!
#1411500000000
1!
b11100101 +
b1101011 (
0'
1*
1)
#1412000000000
0!
#1412500000000
1!
b111001011 +
b11010110 (
1'
0*
#1413000000000
0!
#1413500000000
1!
b1110010110 +
b110101101 (
1*
0)
0*
#1414000000000
0!
#1414500000000
1!
b1100101100 +
b1101011010 (
0'
1)
#1415000000000
0!
#1415500000000
1!
b1001011000 +
b1010110101 (
1'
0)
#1416000000000
0!
#1416500000000
1!
b10110001 +
b101101010 (
0'
1*
1)
#1417000000000
0!
#1417500000000
1!
b101100010 +
b1011010101 (
1'
0*
#1418000000000
0!
#1418500000000
1!
b1011000100 +
b110101011 (
0'
1*
0)
#1419000000000
0!
#1419500000000
1!
b110001000 +
b1101010110 (
1'
0*
1)
#1420000000000
0!
#1420500000000
1!
b1100010000 +
b1010101100 (
1*
0)
0*
#1421000000000
0!
#1421500000000
1!
b1000100001 +
b101011000 (
0'
1)
#1422000000000
0!
#1422500000000
1!
b1000011 +
b1010110001 (
1*
0)
0*
#1423000000000
0!
#1423500000000
1!
b10000110 +
b101100011 (
1)
1*
#1424000000000
0!
#1424500000000
1!
b100001101 +
b1011000111 (
1'
0*
#1425000000000
0!
#1425500000000
1!
b1000011011 +
b110001110 (
1*
0)
0*
#1426000000000
0!
#1426500000000
1!
b110111 +
b1100011100 (
1*
#1427000000000
0!
#1427500000000
1!
b1101111 +
b1000111001 (
0'
0*
#1428000000000
0!
#1428500000000
1!
b11011111 +
b1110010 (
1)
1*
#1429000000000
0!
#1429500000000
1!
b110111111 +
b11100100 (
1'
0*
#1430000000000
0!
#1430500000000
1!
b1101111111 +
b111001001 (
0'
1*
0*
#1431000000000
0!
#1431500000000
1!
b1011111110 +
b1110010010 (
0)
1*
#1432000000000
0!
#1432500000000
1!
b111111100 +
b1100100100 (
1'
0*
1*
#1433000000000
0!
#1433500000000
1!
b1111111001 +
b1001001000 (
0'
0*
1)
#1434000000000
0!
#1434500000000
1!
b1111110011 +
b10010001 (
0)
1*
#1435000000000
0!
#1435500000000
1!
b1111100111 +
b100100011 (
#1436000000000
0!
#1436500000000
1!
b1111001110 +
b1001000111 (
1'
1)
#1437000000000
0!
#1437500000000
1!
b1110011100 +
b10001111 (
0)
0*
#1438000000000
0!
#1438500000000
1!
b1100111000 +
b100011111 (
#1439000000000
0!
#1439500000000
1!
b1001110001 +
b1000111111 (
#1440000000000
0!
#1440500000000
1!
b11100011 +
b1111110 (
1*
1)
0*
#1441000000000
0!
#1441500000000
1!
b111000110 +
b11111101 (
#1442000000000
0!
#1442500000000
1!
b1110001101 +
b111111011 (
0'
1*
0*
#1443000000000
0!
#1443500000000
1!
b1100011010 +
b1111110110 (
1'
1*
#1444000000000
0!
#1444500000000
1!
b1000110101 +
b1111101100 (
#1445000000000
0!
#1445500000000
1!
b1101010 +
b1111011001 (
0'
0*
1*
#1446000000000
0!
#1446500000000
1!
b11010100 +
b1110110011 (
0)
0*
#1447000000000
0!
#1447500000000
1!
b110101001 +
b1101100111 (
1'
1)
#1448000000000
0!
#1448500000000
1!
b1101010010 +
b1011001111 (
1*
#1449000000000
0!
#1449500000000
1!
b1010100101 +
b110011110 (
0)
0*
#1450000000000
0!
#1450500000000
1!
b101001010 +
b1100111100 (
1*
#1451000000000
0!
#1451500000000
1!
b1010010100 +
b1001111000 (
0'
0*
1)
#1452000000000
0!
#1452500000000
1!
b100101000 +
b11110000 (
1*
#1453000000000
0!
#1453500000000
1!
b1001010000 +
b111100000 (
0*
#1454000000000
0!
#1454500000000
1!
b10100001 +
b1111000001 (
1*
#1455000000000
0!
#1455500000000
1!
b101000010 +
b1110000011 (
0)
0*
#1456000000000
0!
#1456500000000
1!
b1010000100 +
b1100000110 (
1'
1*
0*
#1457000000000
0!
#1457500000000
1!
b100001000 +
b1000001100 (
1*
#1458000000000
0!
#1458500000000
1!
b1000010000 +
b11000 (
0'
0*
1*
#1459000000000
0!
#1459500000000
1!
b100001 +
b110000 (
0*
#1460000000000
0!
#1460500000000
1!
b1000010 +
b1100001 (
1)
1*
#1461000000000
0!
#1461500000000
1!
b10000100 +
b11000011 (
#1462000000000
0!
#1462500000000
1!
b100001001 +
b110000110 (
1'
0)
#1463000000000
0!
#1463500000000
1!
b1000010010 +
b1100001100 (
0*
#1464000000000
0!
#1464500000000
1!
b100101 +
b1000011001 (
0'
1*
0*
#1465000000000
0!
#1465500000000
1!
b1001011 +
b110011 (
#1466000000000
0!
#1466500000000
1!
b10010110 +
b1100110 (
1'
1)
#1467000000000
0!
#1467500000000
1!
b100101101 +
b11001101 (
#1468000000000
0!
#1468500000000
1!
b1001011011 +
b110011010 (
0'
1*
0)
#1469000000000
0!
#1469500000000
1!
b10110111 +
b1100110101 (
1'
0*
1*
#1470000000000
0!
#1470500000000
1!
b101101111 +
b1001101010 (
0'
1)
#1471000000000
0!
#1471500000000
1!
b1011011111 +
b11010101 (
1'
0*
1*
#1472000000000
0!
#1472500000000
1!
b110111110 +
b110101010 (
0'
0*
0)
#1473000000000
0!
#1473500000000
1!
b1101111101 +
b1101010100 (
1'
1*
1)
#1474000000000
0!
#1474500000000
1!
b1011111010 +
b1010101001 (
0'
0)
#1475000000000
0!
#1475500000000
1!
b111110101 +
b101010011 (
0*
1)
1*
#1476000000000
0!
#1476500000000
1!
b1111101011 +
b1010100110 (
1'
0*
0)
#1477000000000
0!
#1477500000000
1!
b1111010111 +
b101001101 (
1)
1*
#1478000000000
0!
#1478500000000
1!
b1110101110 +
b1010011010 (
0'
0)
#1479000000000
0!
#1479500000000
1!
b1101011100 +
b100110101 (
1'
0*
#1480000000000
0!
#1480500000000
1!
b1010111000 +
b1001101011 (
0'
1)
#1481000000000
0!
#1481500000000
1!
b101110001 +
b11010111 (
1'
1*
0*
#1482000000000
0!
#1482500000000
1!
b1011100010 +
b110101111 (
1*
0)
0*
#1483000000000
0!
#1483500000000
1!
b111000101 +
b1101011111 (
1*
1)
0*
#1484000000000
0!
#1484500000000
1!
b1110001011 +
b1010111110 (
1*
0)
0*
#1485000000000
0!
#1485500000000
1!
b1100010111 +
b101111101 (
1)
1*
#1486000000000
0!
#1486500000000
1!
b1000101110 +
b1011111011 (
0'
0*
#1487000000000
0!
#1487500000000
1!
b1011100 +
b111110110 (
1'
1*
0*
#1488000000000
0!
#1488500000000
1!
b10111001 +
b1111101101 (
#1489000000000
0!
#1489500000000
1!
b101110010 +
b1111011011 (
0'
1*
#1490000000000
0!
#1490500000000
1!
b1011100100 +
b1110110110 (
1'
0*
0)
#1491000000000
0!
#1491500000000
1!
b111001000 +
b1101101100 (
1*
1)
0*
#1492000000000
0!
#1492500000000
1!
b1110010000 +
b1011011000 (
0'
1*
0*
#1493000000000
0!
#1493500000000
1!
b1100100001 +
b110110000 (
0)
1*
#1494000000000
0!
#1494500000000
1!
b1001000011 +
b1101100001 (
1)
0*
#1495000000000
0!
#1495500000000
1!
b10000111 +
b1011000011 (
1*
#1496000000000
0!
#1496500000000
1!
b100001111 +
b110000111 (
1'
0)
#1497000000000
0!
#1497500000000
1!
b1000011111 +
b1100001110 (
0*
#1498000000000
0!
#1498500000000
1!
b111110 +
b1000011100 (
1*
#1499000000000
0!
#1499500000000
1!
b1111101 +
b111000 (
0'
0*
#1500000000000
0!
#1500500000000
1!
b11111011 +
b1110001 (
1)
1*
#1501000000000
0!
#1501500000000
1!
b111110110 +
b11100011 (
#1502000000000
0!
#1502500000000
1!
b1111101101 +
b111000111 (
1'
0*
1*
#1503000000000
0!
#1503500000000
1!
b1111011010 +
b1110001110 (
0)
0*
#1504000000000
0!
#1504500000000
1!
b1110110101 +
b1100011101 (
#1505000000000
0!
#1505500000000
1!
b1101101010 +
b1000111011 (
0'
1*
#1506000000000
0!
#1506500000000
1!
b1011010101 +
b1110111 (
1'
1)
#1507000000000
0!
#1507500000000
1!
b110101010 +
b11101111 (
0*
#1508000000000
0!
#1508500000000
1!
b1101010100 +
b111011110 (
1*
#1509000000000
0!
#1509500000000
1!
b1010101000 +
b1110111100 (
0)
0*
#1510000000000
0!
#1510500000000
1!
b101010001 +
b1101111001 (
0'
1*
1)
#1511000000000
0!
#1511500000000
1!
b1010100010 +
b1011110011 (
0*
#1512000000000
0!
#1512500000000
1!
b101000101 +
b111100110 (
1'
1*
0*
#1513000000000
0!
#1513500000000
1!
b1010001011 +
b1111001101 (
1*
#1514000000000
0!
#1514500000000
1!
b100010111 +
b1110011010 (
0'
0*
0)
#1515000000000
0!
#1515500000000
1!
b1000101111 +
b1100110100 (
1'
1*
0*
#1516000000000
0!
#1516500000000
1!
b1011110 +
b1001101000 (
0'
1*
1)
#1517000000000
0!
#1517500000000
1!
b10111101 +
b11010000 (
#1518000000000
0!
#1518500000000
1!
b101111011 +
b110100001 (
0)
0*
#1519000000000
0!
#1519500000000
1!
b1011110110 +
b1101000011 (
1*
1)
0*
#1520000000000
0!
#1520500000000
1!
b111101100 +
b1010000111 (
1'
1*
0)
#1521000000000
0!
#1521500000000
1!
b1111011001 +
b100001110 (
0*
#1522000000000
0!
#1522500000000
1!
b1110110011 +
b1000011101 (
#1523000000000
0!
#1523500000000
1!
b1101100111 +
b111010 (
0'
1*
#1524000000000
0!
#1524500000000
1!
b1011001110 +
b1110100 (
1'
1)
#1525000000000
0!
#1525500000000
1!
b110011100 +
b11101000 (
0'
0*
1*
#1526000000000
0!
#1526500000000
1!
b1100111001 +
b111010000 (
0*
#1527000000000
0!
#1527500000000
1!
b1001110011 +
b1110100000 (
0)
1*
#1528000000000
0!
#1528500000000
1!
b11100111 +
b1101000000 (
0*
1)
1*
#1529000000000
0!
#1529500000000
1!
b111001111 +
b1010000000 (
0)
0*
#1530000000000
0!
#1530500000000
1!
b1110011111 +
b100000000 (
1*
#1531000000000
0!
#1531500000000
1!
b1100111110 +
b1000000001 (
#1532000000000
0!
#1532500000000
1!
b1001111100 +
b11 (
#1533000000000
0!
#1533500000000
1!
b11111000 +
b111 (
1'
0*
1*
#1534000000000
0!
#1534500000000
1!
b111110000 +
b1110 (
#1535000000000
0!
#1535500000000
1!
b1111100000 +
b11100 (
0*
#1536000000000
0!
#1536500000000
1!
b1111000001 +
b111001 (
0'
1*
#1537000000000
0!
#1537500000000
1!
b1110000011 +
b1110011 (
1)
0*
#1538000000000
0!
#1538500000000
1!
b1100000111 +
b11100110 (
1'
1*
#1539000000000
0!
#1539500000000
1!
b1000001110 +
b111001100 (
#1540000000000
0!
#1540500000000
1!
b11100 +
b1110011001 (
0'
0*
0)
#1541000000000
0!
#1541500000000
1!
b111001 +
b1100110011 (
#1542000000000
0!
#1542500000000
1!
b1110010 +
b1001100110 (
1'
1)
#1543000000000
0!
#1543500000000
1!
b11100100 +
b11001100 (
#1544000000000
0!
#1544500000000
1!
b111001001 +
b110011000 (
0'
0)
#1545000000000
0!
#1545500000000
1!
b1110010010 +
b1100110000 (
1*
#1546000000000
0!
#1546500000000
1!
b1100100101 +
b1001100001 (
1)
0*
#1547000000000
0!
#1547500000000
1!
b1001001010 +
b11000010 (
#1548000000000
0!
#1548500000000
1!
b10010101 +
b110000100 (
1'
1*
0)
#1549000000000
0!
#1549500000000
1!
b100101011 +
b1100001001 (
0'
0*
#1550000000000
0!
#1550500000000
1!
b1001010110 +
b1000010010 (
1*
#1551000000000
0!
#1551500000000
1!
b10101100 +
b100100 (
1'
0*
1*
#1552000000000
0!
#1552500000000
1!
b101011001 +
b1001000 (
0'
1)
#1553000000000
0!
#1553500000000
1!
b1010110010 +
b10010000 (
0*
0)
1*
#1554000000000
0!
#1554500000000
1!
b101100101 +
b100100001 (
0*
#1555000000000
0!
#1555500000000
1!
b1011001011 +
b1001000010 (
1*
1)
0*
#1556000000000
0!
#1556500000000
1!
b110010111 +
b10000100 (
1'
1*
0)
#1557000000000
0!
#1557500000000
1!
b1100101111 +
b100001000 (
0'
0*
1*
#1558000000000
0!
#1558500000000
1!
b1001011110 +
b1000010001 (
#1559000000000
0!
#1559500000000
1!
b10111100 +
b100011 (
0*
#1560000000000
0!
#1560500000000
1!
b101111001 +
b1000110 (
1'
1)
#1561000000000
0!
#1561500000000
1!
b1011110010 +
b10001100 (
1*
0)
0*
#1562000000000
0!
#1562500000000
1!
b111100101 +
b100011000 (
0'
1*
0*
#1563000000000
0!
#1563500000000
1!
b1111001011 +
b1000110001 (
1*
#1564000000000
0!
#1564500000000
1!
b1110010111 +
b1100010 (
1)
0*
#1565000000000
0!
#1565500000000
1!
b1100101110 +
b11000100 (
1'
1*
#1566000000000
0!
#1566500000000
1!
b1001011100 +
b110001000 (
0'
0)
#1567000000000
0!
#1567500000000
1!
b10111000 +
b1100010000 (
0*
#1568000000000
0!
#1568500000000
1!
b101110000 +
b1000100000 (
#1569000000000
0!
#1569500000000
1!
b1011100000 +
b1000000 (
1*
1)
0*
#1570000000000
0!
#1570500000000
1!
b111000001 +
b10000000 (
1*
0)
0*
#1571000000000
0!
#1571500000000
1!
b1110000010 +
b100000001 (
1*
#1572000000000
0!
#1572500000000
1!
b1100000101 +
b1000000011 (
#1573000000000
0!
#1573500000000
1!
b1000001010 +
b110 (
1'
0*
#1574000000000
0!
#1574500000000
1!
b10101 +
b1100 (
1*
#1575000000000
0!
#1575500000000
1!
b101011 +
b11001 (
0'
0*
#1576000000000
0!
#1576500000000
1!
b1010110 +
b110010 (
#1577000000000
0!
#1577500000000
1!
b10101101 +
b1100100 (
1'
1)
#1578000000000
0!
#1578500000000
1!
b101011011 +
b11001000 (
0'
1*
#1579000000000
0!
#1579500000000
1!
b1010110110 +
b110010001 (
0*
0)
1*
#1580000000000
0!
#1580500000000
1!
b101101100 +
b1100100010 (
0*
#1581000000000
0!
#1581500000000
1!
b1011011001 +
b1001000100 (
1'
1*
1)
#1582000000000
0!
#1582500000000
1!
b110110011 +
b10001000 (
0'
0*
0)
#1583000000000
0!
#1583500000000
1!
b1101100110 +
b100010001 (
1*
#1584000000000
0!
#1584500000000
1!
b1011001100 +
b1000100011 (
#1585000000000
0!
#1585500000000
1!
b110011000 +
b1000111 (
1'
0*
1)
#1586000000000
0!
#1586500000000
1!
b1100110000 +
b10001110 (
1*
0)
0*
#1587000000000
0!
#1587500000000
1!
b1001100001 +
b100011101 (
#1588000000000
0!
#1588500000000
1!
b11000011 +
b1000111010 (
0'
1*
0*
#1589000000000
0!
#1589500000000
1!
b110000110 +
b1110101 (
1'
1)
#1590000000000
0!
#1590500000000
1!
b1100001101 +
b11101010 (
0'
1*
0*
#1591000000000
0!
#1591500000000
1!
b1000011010 +
b111010101 (
1'
1*
#1592000000000
0!
#1592500000000
1!
b110101 +
b1110101011 (
0'
0*
0)
#1593000000000
0!
#1593500000000
1!
b1101011 +
b1101010111 (
1'
1)
#1594000000000
0!
#1594500000000
1!
b11010110 +
b1010101110 (
0)
1*
#1595000000000
0!
#1595500000000
1!
b110101101 +
b101011101 (
1)
0*
#1596000000000
0!
#1596500000000
1!
b1101011011 +
b1010111010 (
0'
1*
0)
#1597000000000
0!
#1597500000000
1!
b1010110111 +
b101110100 (
1'
1)
#1598000000000
0!
#1598500000000
1!
b101101110 +
b1011101001 (
0'
0*
1*
#1599000000000
0!
#1599500000000
1!
b1011011101 +
b111010011 (
0*
#1600000000000
0!
#1600500000000
1!
b110111010 +
b1110100111 (
1'
1*
0)
#1601000000000
0!
#1601500000000
1!
b1101110100 +
b1101001110 (
0*
1)
1*
#1602000000000
0!
#1602500000000
1!
b1011101000 +
b1010011100 (
0)
0*
#1603000000000
0!
#1603500000000
1!
b111010001 +
b100111001 (
0'
1*
0*
#1604000000000
0!
#1604500000000
1!
b1110100010 +
b1001110010 (
1*
1)
0*
#1605000000000
0!
#1605500000000
1!
b1101000101 +
b11100101 (
1'
1*
#1606000000000
0!
#1606500000000
1!
b1010001010 +
b111001011 (
0'
0*
#1607000000000
0!
#1607500000000
1!
b100010101 +
b1110010111 (
1'
1*
0)
#1608000000000
0!
#1608500000000
1!
b1000101011 +
b1100101111 (
0*
#1609000000000
0!
#1609500000000
1!
b1010111 +
b1001011111 (
1*
1)
0*
#1610000000000
0!
#1610500000000
1!
b10101111 +
b10111111 (
0)
1*
#1611000000000
0!
#1611500000000
1!
b101011111 +
b101111110 (
1)
0*
#1612000000000
0!
#1612500000000
1!
b1010111111 +
b1011111100 (
1*
#1613000000000
0!
#1613500000000
1!
b101111110 +
b111111000 (
0'
0*
1*
#1614000000000
0!
#1614500000000
1!
b1011111101 +
b1111110001 (
0*
#1615000000000
0!
#1615500000000
1!
b111111010 +
b1111100010 (
1*
#1616000000000
0!
#1616500000000
1!
b1111110100 +
b1111000101 (
1'
0*
1*
#1617000000000
0!
#1617500000000
1!
b1111101000 +
b1110001010 (
0'
0)
#1618000000000
0!
#1618500000000
1!
b1111010001 +
b1100010100 (
1'
0*
#1619000000000
0!
#1619500000000
1!
b1110100011 +
b1000101001 (
0'
1*
#1620000000000
0!
#1620500000000
1!
b1101000111 +
b1010010 (
1)
0*
#1621000000000
0!
#1621500000000
1!
b1010001110 +
b10100101 (
1'
0)
#1622000000000
0!
#1622500000000
1!
b100011100 +
b101001011 (
0'
1*
1)
#1623000000000
0!
#1623500000000
1!
b1000111001 +
b1010010110 (
1'
0*
0)
#1624000000000
0!
#1624500000000
1!
b1110011 +
b100101100 (
1*
#1625000000000
0!
#1625500000000
1!
b11100110 +
b1001011001 (
0'
1)
#1626000000000
0!
#1626500000000
1!
b111001101 +
b10110011 (
0)
0*
#1627000000000
0!
#1627500000000
1!
b1110011011 +
b101100111 (
1'
1*
1)
#1628000000000
0!
#1628500000000
1!
b1100110111 +
b1011001110 (
#1629000000000
0!
#1629500000000
1!
b1001101110 +
b110011100 (
0)
0*
#1630000000000
0!
#1630500000000
1!
b11011100 +
b1100111001 (
0'
1*
0*
#1631000000000
0!
#1631500000000
1!
b110111001 +
b1001110011 (
1)
1*
#1632000000000
0!
#1632500000000
1!
b1101110010 +
b11100111 (
1'
0*
1*
#1633000000000
0!
#1633500000000
1!
b1011100101 +
b111001110 (
#1634000000000
0!
#1634500000000
1!
b111001010 +
b1110011100 (
0*
0)
1*
#1635000000000
0!
#1635500000000
1!
b1110010100 +
b1100111000 (
0'
0*
1*
#1636000000000
0!
#1636500000000
1!
b1100101000 +
b1001110001 (
1)
0*
#1637000000000
0!
#1637500000000
1!
b1001010001 +
b11100010 (
#1638000000000
0!
#1638500000000
1!
b10100011 +
b111000101 (
1'
1*
0*
#1639000000000
0!
#1639500000000
1!
b101000110 +
b1110001011 (
0'
0)
#1640000000000
0!
#1640500000000
1!
b1010001101 +
b1100010110 (
1'
1*
0*
#1641000000000
0!
#1641500000000
1!
b100011010 +
b1000101100 (
1*
#1642000000000
0!
#1642500000000
1!
b1000110100 +
b1011001 (
0'
0*
1)
#1643000000000
0!
#1643500000000
1!
b1101000 +
b10110010 (
1*
0)
0*
#1644000000000
0!
#1644500000000
1!
b11010000 +
b101100101 (
1'
1)
#1645000000000
0!
#1645500000000
1!
b110100000 +
b1011001011 (
0'
1*
#1646000000000
0!
#1646500000000
1!
b1101000000 +
b110010111 (
1'
0*
0)
#1647000000000
0!
#1647500000000
1!
b1010000001 +
b1100101110 (
#1648000000000
0!
#1648500000000
1!
b100000011 +
b1001011101 (
1*
1)
0*
#1649000000000
0!
#1649500000000
1!
b1000000110 +
b10111010 (
0'
1*
0)
#1650000000000
0!
#1650500000000
1!
b1100 +
b101110101 (
1'
0*
1)
#1651000000000
0!
#1651500000000
1!
b11001 +
b1011101011 (
0'
1*
#1652000000000
0!
#1652500000000
1!
b110010 +
b111010110 (
1'
0*
#1653000000000
0!
#1653500000000
1!
b1100100 +
b1110101100 (
0)
1*
#1654000000000
0!
#1654500000000
1!
b11001001 +
b1101011001 (
0'
1)
#1655000000000
0!
#1655500000000
1!
b110010010 +
b1010110010 (
0)
0*
#1656000000000
0!
#1656500000000
1!
b1100100100 +
b101100100 (
1'
1*
1)
#1657000000000
0!
#1657500000000
1!
b1001001000 +
b1011001001 (
0'
0*
#1658000000000
0!
#1658500000000
1!
b10010001 +
b110010010 (
1*
0)
0*
#1659000000000
0!
#1659500000000
1!
b100100010 +
b1100100101 (
1'
1*
#1660000000000
0!
#1660500000000
1!
b1001000100 +
b1001001010 (
0'
0*
1)
#1661000000000
0!
#1661500000000
1!
b10001000 +
b10010100 (
1'
1*
0)
#1662000000000
0!
#1662500000000
1!
b100010000 +
b100101000 (
0'
0*
#1663000000000
0!
#1663500000000
1!
b1000100000 +
b1001010000 (
1*
1)
0*
#1664000000000
0!
#1664500000000
1!
b1000001 +
b10100001 (
1*
0)
0*
#1665000000000
0!
#1665500000000
1!
b10000010 +
b101000010 (
1)
1*
#1666000000000
0!
#1666500000000
1!
b100000100 +
b1010000100 (
1'
0)
#1667000000000
0!
#1667500000000
1!
b1000001001 +
b100001001 (
0'
0*
1*
#1668000000000
0!
#1668500000000
1!
b10011 +
b1000010011 (
0*
#1669000000000
0!
#1669500000000
1!
b100110 +
b100110 (
1'
1*
#1670000000000
0!
#1670500000000
1!
b1001101 +
b1001101 (
1)
0*
#1671000000000
0!
#1671500000000
1!
b10011011 +
b10011011 (
0'
0)
#1672000000000
0!
#1672500000000
1!
b100110110 +
b100110110 (
1'
1*
#1673000000000
0!
#1673500000000
1!
b1001101101 +
b1001101100 (
0*
1)
1*
#1674000000000
0!
#1674500000000
1!
b11011010 +
b11011001 (
0'
0*
1*
#1675000000000
0!
#1675500000000
1!
b110110100 +
b110110011 (
0)
0*
#1676000000000
0!
#1676500000000
1!
b1101101001 +
b1101100110 (
1'
1*
1)
#1677000000000
0!
#1677500000000
1!
b1011010011 +
b1011001101 (
#1678000000000
0!
#1678500000000
1!
b110100111 +
b110011011 (
0'
0*
0)
#1679000000000
0!
#1679500000000
1!
b1101001111 +
b1100110111 (
1'
1*
0*
#1680000000000
0!
#1680500000000
1!
b1010011110 +
b1001101111 (
1)
1*
#1681000000000
0!
#1681500000000
1!
b100111100 +
b11011110 (
0*
#1682000000000
0!
#1682500000000
1!
b1001111001 +
b110111101 (
1*
0)
0*
#1683000000000
0!
#1683500000000
1!
b11110011 +
b1101111010 (
0'
1*
1)
#1684000000000
0!
#1684500000000
1!
b111100110 +
b1011110100 (
1'
0*
#1685000000000
0!
#1685500000000
1!
b1111001101 +
b111101000 (
0'
1*
0*
#1686000000000
0!
#1686500000000
1!
b1110011010 +
b1111010001 (
#1687000000000
0!
#1687500000000
1!
b1100110101 +
b1110100011 (
0)
1*
#1688000000000
0!
#1688500000000
1!
b1001101010 +
b1101000111 (
1'
1)
#1689000000000
0!
#1689500000000
1!
b11010101 +
b1010001110 (
0*
0)
1*
#1690000000000
0!
#1690500000000
1!
b110101011 +
b100011100 (
#1691000000000
0!
#1691500000000
1!
b1101010110 +
b1000111000 (
0'
0*
1*
#1692000000000
0!
#1692500000000
1!
b1010101100 +
b1110000 (
1)
0*
#1693000000000
0!
#1693500000000
1!
b101011000 +
b11100001 (
1*
#1694000000000
0!
#1694500000000
1!
b1010110000 +
b111000010 (
0*
#1695000000000
0!
#1695500000000
1!
b101100001 +
b1110000101 (
1'
1*
0)
#1696000000000
0!
#1696500000000
1!
b1011000010 +
b1100001010 (
0'
0*
1*
#1697000000000
0!
#1697500000000
1!
b110000101 +
b1000010101 (
1'
0*
1*
#1698000000000
0!
#1698500000000
1!
b1100001011 +
b101010 (
0'
0*
1*
#1699000000000
0!
#1699500000000
1!
b1000010111 +
b1010100 (
1'
1)
#1700000000000
0!
#1700500000000
1!
b101110 +
b10101001 (
0'
0*
0)
#1701000000000
0!
#1701500000000
1!
b1011101 +
b101010010 (
1)
1*
#1702000000000
0!
#1702500000000
1!
b10111011 +
b1010100100 (
1'
0)
#1703000000000
0!
#1703500000000
1!
b101110110 +
b101001000 (
0'
1)
#1704000000000
0!
#1704500000000
1!
b1011101101 +
b1010010001 (
0*
0)
1*
#1705000000000
0!
#1705500000000
1!
b111011010 +
b100100010 (
0*
#1706000000000
0!
#1706500000000
1!
b1110110100 +
b1001000101 (
1'
1*
1)
#1707000000000
0!
#1707500000000
1!
b1101101000 +
b10001010 (
0'
0)
#1708000000000
0!
#1708500000000
1!
b1011010001 +
b100010100 (
1'
0*
#1709000000000
0!
#1709500000000
1!
b110100011 +
b1000101000 (
0'
1*
0*
#1710000000000
0!
#1710500000000
1!
b1101000110 +
b1010000 (
1*
1)
0*
#1711000000000
0!
#1711500000000
1!
b1010001100 +
b10100000 (
0)
1*
#1712000000000
0!
#1712500000000
1!
b100011000 +
b101000000 (
0*
1)
1*
#1713000000000
0!
#1713500000000
1!
b1000110000 +
b1010000001 (
0*
0)
1*
#1714000000000
0!
#1714500000000
1!
b1100001 +
b100000010 (
0*
#1715000000000
0!
#1715500000000
1!
b11000010 +
b1000000100 (
1'
1*
#1716000000000
0!
#1716500000000
1!
b110000100 +
b1000 (
0'
0*
#1717000000000
0!
#1717500000000
1!
b1100001001 +
b10000 (
1*
#1718000000000
0!
#1718500000000
1!
b1000010011 +
b100000 (
#1719000000000
0!
#1719500000000
1!
b100111 +
b1000001 (
0*
1)
1*
#1720000000000
0!
#1720500000000
1!
b1001111 +
b10000010 (
0)
0*
#1721000000000
0!
#1721500000000
1!
b10011111 +
b100000100 (
1'
1*
#1722000000000
0!
#1722500000000
1!
b100111111 +
b1000001000 (
0'
0*
#1723000000000
0!
#1723500000000
1!
b1001111111 +
b10001 (
1*
#1724000000000
0!
#1724500000000
1!
b11111110 +
b100010 (
0*
#1725000000000
0!
#1725500000000
1!
b111111101 +
b1000100 (
1'
1)
#1726000000000
0!
#1726500000000
1!
b1111111011 +
b10001001 (
0'
1*
0)
#1727000000000
0!
#1727500000000
1!
b1111110111 +
b100010011 (
#1728000000000
0!
#1728500000000
1!
b1111101110 +
b1000100110 (
1'
0*
#1729000000000
0!
#1729500000000
1!
b1111011100 +
b1001100 (
1)
1*
#1730000000000
0!
#1730500000000
1!
b1110111000 +
b10011001 (
0'
0)
#1731000000000
0!
#1731500000000
1!
b1101110001 +
b100110011 (
#1732000000000
0!
#1732500000000
1!
b1011100011 +
b1001100111 (
1'
1)
#1733000000000
0!
#1733500000000
1!
b111000111 +
b11001110 (
0*
#1734000000000
0!
#1734500000000
1!
b1110001111 +
b110011101 (
1*
0)
0*
#1735000000000
0!
#1735500000000
1!
b1100011110 +
b1100111011 (
0'
1*
#1736000000000
0!
#1736500000000
1!
b1000111100 +
b1001110110 (
1'
1)
#1737000000000
0!
#1737500000000
1!
b1111000 +
b11101100 (
0*
#1738000000000
0!
#1738500000000
1!
b11110000 +
b111011001 (
0'
1*
#1739000000000
0!
#1739500000000
1!
b111100000 +
b1110110010 (
0)
0*
#1740000000000
0!
#1740500000000
1!
b1111000000 +
b1101100101 (
1'
1*
1)
#1741000000000
0!
#1741500000000
1!
b1110000001 +
b1011001010 (
0'
0*
#1742000000000
0!
#1742500000000
1!
b1100000011 +
b110010101 (
1'
0)
#1743000000000
0!
#1743500000000
1!
b1000000111 +
b1100101011 (
0'
1*
#1744000000000
0!
#1744500000000
1!
b1110 +
b1001010110 (
1'
0*
1)
#1745000000000
0!
#1745500000000
1!
b11101 +
b10101101 (
0)
1*
#1746000000000
0!
#1746500000000
1!
b111011 +
b101011011 (
0'
1)
#1747000000000
0!
#1747500000000
1!
b1110110 +
b1010110110 (
1'
0)
#1748000000000
0!
#1748500000000
1!
b11101101 +
b101101101 (
1)
0*
#1749000000000
0!
#1749500000000
1!
b111011011 +
b1011011011 (
0'
1*
#1750000000000
0!
#1750500000000
1!
b1110110110 +
b110110111 (
1'
0*
0)
#1751000000000
0!
#1751500000000
1!
b1101101100 +
b1101101111 (
1)
1*
#1752000000000
0!
#1752500000000
1!
b1011011000 +
b1011011111 (
#1753000000000
0!
#1753500000000
1!
b110110001 +
b110111110 (
0*
0)
1*
#1754000000000
0!
#1754500000000
1!
b1101100010 +
b1101111101 (
0*
1)
1*
#1755000000000
0!
#1755500000000
1!
b1011000101 +
b1011111010 (
0'
0*
#1756000000000
0!
#1756500000000
1!
b110001010 +
b111110100 (
1'
1*
0*
#1757000000000
0!
#1757500000000
1!
b1100010100 +
b1111101000 (
0'
1*
0*
#1758000000000
0!
#1758500000000
1!
b1000101000 +
b1111010000 (
#1759000000000
0!
#1759500000000
1!
b1010001 +
b1110100001 (
1*
0)
0*
#1760000000000
0!
#1760500000000
1!
b10100010 +
b1101000010 (
1)
1*
#1761000000000
0!
#1761500000000
1!
b101000100 +
b1010000101 (
1'
0)
#1762000000000
0!
#1762500000000
1!
b1010001001 +
b100001011 (
0'
0*
1*
#1763000000000
0!
#1763500000000
1!
b100010011 +
b1000010110 (
1'
0*
1*
#1764000000000
0!
#1764500000000
1!
b1000100110 +
b101101 (
0*
#1765000000000
0!
#1765500000000
1!
b1001100 +
b1011010 (
0'
1*
1)
#1766000000000
0!
#1766500000000
1!
b10011001 +
b10110101 (
1'
0)
#1767000000000
0!
#1767500000000
1!
b100110010 +
b101101011 (
0'
1)
#1768000000000
0!
#1768500000000
1!
b1001100100 +
b1011010111 (
1'
0*
1*
#1769000000000
0!
#1769500000000
1!
b11001000 +
b110101110 (
0*
0)
1*
#1770000000000
0!
#1770500000000
1!
b110010000 +
b1101011101 (
1)
0*
#1771000000000
0!
#1771500000000
1!
b1100100000 +
b1010111011 (
0'
1*
0)
#1772000000000
0!
#1772500000000
1!
b1001000001 +
b101110110 (
1'
1)
#1773000000000
0!
#1773500000000
1!
b10000011 +
b1011101100 (
0*
#1774000000000
0!
#1774500000000
1!
b100000110 +
b111011000 (
0'
1*
#1775000000000
0!
#1775500000000
1!
b1000001101 +
b1110110000 (
0*
0)
1*
#1776000000000
0!
#1776500000000
1!
b11010 +
b1101100000 (
0*
1)
1*
#1777000000000
0!
#1777500000000
1!
b110100 +
b1011000001 (
#1778000000000
0!
#1778500000000
1!
b1101001 +
b110000010 (
0)
0*
#1779000000000
0!
#1779500000000
1!
b11010010 +
b1100000101 (
1'
1*
#1780000000000
0!
#1780500000000
1!
b110100100 +
b1000001011 (
0'
0*
#1781000000000
0!
#1781500000000
1!
b1101001001 +
b10110 (
1'
1*
0*
#1782000000000
0!
#1782500000000
1!
b1010010011 +
b101100 (
#1783000000000
0!
#1783500000000
1!
b100100111 +
b1011000 (
0'
1*
1)
#1784000000000
0!
#1784500000000
1!
b1001001111 +
b10110000 (
0*
0)
1*
#1785000000000
0!
#1785500000000
1!
b10011110 +
b101100000 (
0*
1)
1*
#1786000000000
0!
#1786500000000
1!
b100111101 +
b1011000000 (
#1787000000000
0!
#1787500000000
1!
b1001111011 +
b110000000 (
0*
0)
1*
#1788000000000
0!
#1788500000000
1!
b11110111 +
b1100000000 (
0*
#1789000000000
0!
#1789500000000
1!
b111101111 +
b1000000000 (
#1790000000000
0!
#1790500000000
1!
b1111011111 +
b1 (
1*
#1791000000000
0!
#1791500000000
1!
b1110111110 +
b10 (
#1792000000000
0!
#1792500000000
1!
b1101111100 +
b101 (
1'
0*
#1793000000000
0!
#1793500000000
1!
b1011111000 +
b1011 (
0'
1*
#1794000000000
0!
#1794500000000
1!
b111110001 +
b10111 (
1'
0*
1*
#1795000000000
0!
#1795500000000
1!
b1111100010 +
b101110 (
0*
#1796000000000
0!
#1796500000000
1!
b1111000101 +
b1011101 (
1)
1*
#1797000000000
0!
#1797500000000
1!
b1110001010 +
b10111011 (
0'
0)
#1798000000000
0!
#1798500000000
1!
b1100010101 +
b101110111 (
1'
1)
#1799000000000
0!
#1799500000000
1!
b1000101010 +
b1011101110 (
#1800000000000
0!
#1800500000000
1!
b1010101 +
b111011101 (
0*
#1801000000000
0!
#1801500000000
1!
b10101011 +
b1110111011 (
0'
0)
#1802000000000
0!
#1802500000000
1!
b101010110 +
b1101110111 (
1'
1)
#1803000000000
0!
#1803500000000
1!
b1010101101 +
b1011101111 (
1*
#1804000000000
0!
#1804500000000
1!
b101011010 +
b111011111 (
0*
#1805000000000
0!
#1805500000000
1!
b1010110100 +
b1110111110 (
1*
0)
0*
#1806000000000
0!
#1806500000000
1!
b101101000 +
b1101111100 (
1*
1)
0*
#1807000000000
0!
#1807500000000
1!
b1011010000 +
b1011111000 (
0'
1*
0*
#1808000000000
0!
#1808500000000
1!
b110100001 +
b111110001 (
1*
#1809000000000
0!
#1809500000000
1!
b1101000010 +
b1111100011 (
0*
#1810000000000
0!
#1810500000000
1!
b1010000101 +
b1111000111 (
1'
1*
#1811000000000
0!
#1811500000000
1!
b100001010 +
b1110001111 (
0*
0)
1*
#1812000000000
0!
#1812500000000
1!
b1000010100 +
b1100011111 (
0*
#1813000000000
0!
#1813500000000
1!
b101000 +
b1000111110 (
1*
#1814000000000
0!
#1814500000000
1!
b1010000 +
b1111100 (
1)
0*
#1815000000000
0!
#1815500000000
1!
b10100000 +
b11111000 (
0'
1*
#1816000000000
0!
#1816500000000
1!
b101000000 +
b111110000 (
#1817000000000
0!
#1817500000000
1!
b1010000000 +
b1111100001 (
0*
#1818000000000
0!
#1818500000000
1!
b100000001 +
b1111000010 (
1*
#1819000000000
0!
#1819500000000
1!
b1000000010 +
b1110000100 (
1'
0*
0)
#1820000000000
0!
#1820500000000
1!
b101 +
b1100001000 (
0'
1*
0*
#1821000000000
0!
#1821500000000
1!
b1011 +
b1000010000 (
#1822000000000
0!
#1822500000000
1!
b10110 +
b100001 (
#1823000000000
0!
#1823500000000
1!
b101101 +
b1000011 (
1)
1*
#1824000000000
0!
#1824500000000
1!
b1011011 +
b10000111 (
1'
0)
#1825000000000
0!
#1825500000000
1!
b10110110 +
b100001111 (
#1826000000000
0!
#1826500000000
1!
b101101101 +
b1000011111 (
#1827000000000
0!
#1827500000000
1!
b1011011011 +
b111111 (
0*
#1828000000000
0!
#1828500000000
1!
b110110111 +
b1111111 (
1*
1)
0*
#1829000000000
0!
#1829500000000
1!
b1101101111 +
b11111111 (
1*
#1830000000000
0!
#1830500000000
1!
b1011011110 +
b111111110 (
#1831000000000
0!
#1831500000000
1!
b110111100 +
b1111111101 (
0*
#1832000000000
0!
#1832500000000
1!
b1101111001 +
b1111111011 (
0'
1*
0*
#1833000000000
0!
#1833500000000
1!
b1011110011 +
b1111110111 (
1'
1*
#1834000000000
0!
#1834500000000
1!
b111100111 +
b1111101110 (
0*
#1835000000000
0!
#1835500000000
1!
b1111001111 +
b1111011100 (
1*
#1836000000000
0!
#1836500000000
1!
b1110011110 +
b1110111000 (
0'
0)
#1837000000000
0!
#1837500000000
1!
b1100111100 +
b1101110000 (
1)
0*
#1838000000000
0!
#1838500000000
1!
b1001111000 +
b1011100001 (
#1839000000000
0!
#1839500000000
1!
b11110001 +
b111000011 (
1*
#1840000000000
0!
#1840500000000
1!
b111100010 +
b1110000111 (
1'
0)
#1841000000000
0!
#1841500000000
1!
b1111000100 +
b1100001111 (
0*
#1842000000000
0!
#1842500000000
1!
b1110001000 +
b1000011110 (
#1843000000000
0!
#1843500000000
1!
b1100010001 +
b111101 (
#1844000000000
0!
#1844500000000
1!
b1000100011 +
b1111010 (
0'
1)
#1845000000000
0!
#1845500000000
1!
b1000111 +
b11110100 (
1'
1*
0*
#1846000000000
0!
#1846500000000
1!
b10001111 +
b111101001 (
0'
1*
#1847000000000
0!
#1847500000000
1!
b100011111 +
b1111010011 (
#1848000000000
0!
#1848500000000
1!
b1000111111 +
b1110100110 (
1'
0*
0)
#1849000000000
0!
#1849500000000
1!
b1111110 +
b1101001100 (
1*
1)
0*
#1850000000000
0!
#1850500000000
1!
b11111101 +
b1010011001 (
0'
0)
#1851000000000
0!
#1851500000000
1!
b111111011 +
b100110010 (
#1852000000000
0!
#1852500000000
1!
b1111110110 +
b1001100101 (
1'
1*
1)
#1853000000000
0!
#1853500000000
1!
b1111101100 +
b11001011 (
0'
0*
#1854000000000
0!
#1854500000000
1!
b1111011000 +
b110010110 (
1'
0)
#1855000000000
0!
#1855500000000
1!
b1110110001 +
b1100101100 (
#1856000000000
0!
#1856500000000
1!
b1101100011 +
b1001011000 (
0'
1)
#1857000000000
0!
#1857500000000
1!
b1011000111 +
b10110001 (
0)
1*
#1858000000000
0!
#1858500000000
1!
b110001110 +
b101100010 (
0*
1)
1*
#1859000000000
0!
#1859500000000
1!
b1100011101 +
b1011000101 (
1'
0*
1*
#1860000000000
0!
#1860500000000
1!
b1000111010 +
b110001011 (
0'
0)
#1861000000000
0!
#1861500000000
1!
b1110101 +
b1100010111 (
1'
0*
1*
#1862000000000
0!
#1862500000000
1!
b11101011 +
b1000101110 (
#1863000000000
0!
#1863500000000
1!
b111010110 +
b1011100 (
1)
0*
#1864000000000
0!
#1864500000000
1!
b1110101101 +
b10111001 (
0'
1*
0)
#1865000000000
0!
#1865500000000
1!
b1101011010 +
b101110010 (
1)
0*
#1866000000000
0!
#1866500000000
1!
b1010110101 +
b1011100101 (
1'
1*
#1867000000000
0!
#1867500000000
1!
b101101010 +
b111001010 (
0'
0*
1*
#1868000000000
0!
#1868500000000
1!
b1011010100 +
b1110010101 (
1'
0*
0)
#1869000000000
0!
#1869500000000
1!
b110101000 +
b1100101010 (
0'
1*
0*
#1870000000000
0!
#1870500000000
1!
b1101010000 +
b1001010100 (
1'
1*
1)
#1871000000000
0!
#1871500000000
1!
b1010100001 +
b10101000 (
0'
0)
#1872000000000
0!
#1872500000000
1!
b101000011 +
b101010000 (
0*
1)
1*
#1873000000000
0!
#1873500000000
1!
b1010000110 +
b1010100001 (
0*
0)
1*
#1874000000000
0!
#1874500000000
1!
b100001100 +
b101000011 (
0*
1)
1*
#1875000000000
0!
#1875500000000
1!
b1000011001 +
b1010000110 (
1'
0*
0)
#1876000000000
0!
#1876500000000
1!
b110011 +
b100001100 (
1*
#1877000000000
0!
#1877500000000
1!
b1100110 +
b1000011000 (
0'
0*
#1878000000000
0!
#1878500000000
1!
b11001101 +
b110001 (
#1879000000000
0!
#1879500000000
1!
b110011011 +
b1100011 (
1)
1*
#1880000000000
0!
#1880500000000
1!
b1100110110 +
b11000110 (
1'
0*
1*
#1881000000000
0!
#1881500000000
1!
b1001101100 +
b110001101 (
0)
0*
#1882000000000
0!
#1882500000000
1!
b11011000 +
b1100011011 (
0'
1*
0*
#1883000000000
0!
#1883500000000
1!
b110110000 +
b1000110111 (
1'
1*
#1884000000000
0!
#1884500000000
1!
b1101100000 +
b1101110 (
0*
1)
1*
#1885000000000
0!
#1885500000000
1!
b1011000001 +
b11011101 (
#1886000000000
0!
#1886500000000
1!
b110000011 +
b110111010 (
0'
0*
0)
#1887000000000
0!
#1887500000000
1!
b1100000110 +
b1101110100 (
1'
1*
1)
#1888000000000
0!
#1888500000000
1!
b1000001100 +
b1011101000 (
0'
0*
#1889000000000
0!
#1889500000000
1!
b11000 +
b111010001 (
1*
#1890000000000
0!
#1890500000000
1!
b110000 +
b1110100010 (
0)
0*
#1891000000000
0!
#1891500000000
1!
b1100000 +
b1101000101 (
1'
1)
#1892000000000
0!
#1892500000000
1!
b11000000 +
b1010001011 (
0'
0)
#1893000000000
0!
#1893500000000
1!
b110000000 +
b100010111 (
1'
1*
#1894000000000
0!
#1894500000000
1!
b1100000000 +
b1000101111 (
0*
#1895000000000
0!
#1895500000000
1!
b1000000001 +
b1011110 (
1)
1*
#1896000000000
0!
#1896500000000
1!
b11 +
b10111100 (
0*
0)
1*
#1897000000000
0!
#1897500000000
1!
b110 +
b101111001 (
0'
1)
#1898000000000
0!
#1898500000000
1!
b1101 +
b1011110010 (
#1899000000000
0!
#1899500000000
1!
b11011 +
b111100100 (
1'
0*
#1900000000000
0!
#1900500000000
1!
b110110 +
b1111001000 (
0'
1*
#1901000000000
0!
#1901500000000
1!
b1101101 +
b1110010001 (
0)
0*
#1902000000000
0!
#1902500000000
1!
b11011011 +
b1100100011 (
#1903000000000
0!
#1903500000000
1!
b110110110 +
b1001000110 (
1'
1)
#1904000000000
0!
#1904500000000
1!
b1101101101 +
b10001101 (
1*
0)
0*
#1905000000000
0!
#1905500000000
1!
b1011011010 +
b100011010 (
0'
1*
#1906000000000
0!
#1906500000000
1!
b110110101 +
b1000110100 (
1'
0*
1*
#1907000000000
0!
#1907500000000
1!
b1101101011 +
b1101001 (
0'
0*
1)
#1908000000000
0!
#1908500000000
1!
b1011010111 +
b11010011 (
#1909000000000
0!
#1909500000000
1!
b110101110 +
b110100110 (
1'
1*
0)
#1910000000000
0!
#1910500000000
1!
b1101011101 +
b1101001101 (
0*
1)
1*
#1911000000000
0!
#1911500000000
1!
b1010111010 +
b1010011011 (
0'
0)
#1912000000000
0!
#1912500000000
1!
b101110101 +
b100110111 (
1'
0*
1*
#1913000000000
0!
#1913500000000
1!
b1011101011 +
b1001101110 (
0*
1)
1*
#1914000000000
0!
#1914500000000
1!
b111010111 +
b11011100 (
0*
#1915000000000
0!
#1915500000000
1!
b1110101111 +
b110111000 (
0'
1*
0)
#1916000000000
0!
#1916500000000
1!
b1101011110 +
b1101110001 (
1)
0*
#1917000000000
0!
#1917500000000
1!
b1010111100 +
b1011100011 (
#1918000000000
0!
#1918500000000
1!
b101111000 +
b111000110 (
1'
1*
0*
#1919000000000
0!
#1919500000000
1!
b1011110000 +
b1110001100 (
1*
0)
0*
#1920000000000
0!
#1920500000000
1!
b111100001 +
b1100011000 (
0'
1*
0*
#1921000000000
0!
#1921500000000
1!
b1111000010 +
b1000110000 (
1*
#1922000000000
0!
#1922500000000
1!
b1110000101 +
b1100000 (
1)
0*
#1923000000000
0!
#1923500000000
1!
b1100001010 +
b11000001 (
#1924000000000
0!
#1924500000000
1!
b1000010101 +
b110000011 (
0)
1*
#1925000000000
0!
#1925500000000
1!
b101010 +
b1100000111 (
1'
0*
1*
#1926000000000
0!
#1926500000000
1!
b1010100 +
b1000001110 (
#1927000000000
0!
#1927500000000
1!
b10101001 +
b11101 (
#1928000000000
0!
#1928500000000
1!
b101010010 +
b111011 (
0'
0*
#1929000000000
0!
#1929500000000
1!
b1010100100 +
b1110110 (
1'
1*
1)
#1930000000000
0!
#1930500000000
1!
b101001000 +
b11101101 (
0*
#1931000000000
0!
#1931500000000
1!
b1010010000 +
b111011011 (
0'
1*
0*
#1932000000000
0!
#1932500000000
1!
b100100001 +
b1110110111 (
1'
1*
0)
#1933000000000
0!
#1933500000000
1!
b1001000010 +
b1101101110 (
0*
1)
1*
#1934000000000
0!
#1934500000000
1!
b10000101 +
b1011011101 (
0*
#1935000000000
0!
#1935500000000
1!
b100001011 +
b110111011 (
0'
0)
#1936000000000
0!
#1936500000000
1!
b1000010110 +
b1101110110 (
1'
1*
1)
#1937000000000
0!
#1937500000000
1!
b101100 +
b1011101101 (
0*
#1938000000000
0!
#1938500000000
1!
b1011001 +
b111011010 (
0'
1*
#1939000000000
0!
#1939500000000
1!
b10110010 +
b1110110101 (
1'
0)
#1940000000000
0!
#1940500000000
1!
b101100100 +
b1101101011 (
0'
1)
#1941000000000
0!
#1941500000000
1!
b1011001001 +
b1011010110 (
1'
0*
1*
#1942000000000
0!
#1942500000000
1!
b110010011 +
b110101100 (
0*
0)
1*
#1943000000000
0!
#1943500000000
1!
b1100100110 +
b1101011000 (
0'
0*
1)
#1944000000000
0!
#1944500000000
1!
b1001001100 +
b1010110000 (
0)
1*
#1945000000000
0!
#1945500000000
1!
b10011000 +
b101100001 (
0*
1)
1*
#1946000000000
0!
#1946500000000
1!
b100110000 +
b1011000010 (
#1947000000000
0!
#1947500000000
1!
b1001100000 +
b110000101 (
1'
0*
0)
#1948000000000
0!
#1948500000000
1!
b11000001 +
b1100001011 (
0'
1*
0*
#1949000000000
0!
#1949500000000
1!
b110000010 +
b1000010111 (
1'
1*
#1950000000000
0!
#1950500000000
1!
b1100000100 +
b101111 (
0*
#1951000000000
0!
#1951500000000
1!
b1000001000 +
b1011111 (
1)
1*
#1952000000000
0!
#1952500000000
1!
b10001 +
b10111110 (
0*
0)
1*
#1953000000000
0!
#1953500000000
1!
b100010 +
b101111100 (
1)
0*
#1954000000000
0!
#1954500000000
1!
b1000100 +
b1011111001 (
0'
1*
#1955000000000
0!
#1955500000000
1!
b10001001 +
b111110011 (
#1956000000000
0!
#1956500000000
1!
b100010010 +
b1111100110 (
1'
0*
#1957000000000
0!
#1957500000000
1!
b1000100100 +
b1111001100 (
1*
#1958000000000
0!
#1958500000000
1!
b1001000 +
b1110011000 (
0'
0*
0)
#1959000000000
0!
#1959500000000
1!
b10010000 +
b1100110001 (
#1960000000000
0!
#1960500000000
1!
b100100000 +
b1001100011 (
1)
1*
#1961000000000
0!
#1961500000000
1!
b1001000000 +
b11000111 (
1'
0*
1*
#1962000000000
0!
#1962500000000
1!
b10000001 +
b110001111 (
0*
0)
1*
#1963000000000
0!
#1963500000000
1!
b100000010 +
b1100011110 (
#1964000000000
0!
#1964500000000
1!
b1000000100 +
b1000111100 (
0*
#1965000000000
0!
#1965500000000
1!
b1000 +
b1111001 (
0'
1*
1)
#1966000000000
0!
#1966500000000
1!
b10000 +
b11110011 (
#1967000000000
0!
#1967500000000
1!
b100000 +
b111100111 (
1'
0*
#1968000000000
0!
#1968500000000
1!
b1000000 +
b1111001111 (
#1969000000000
0!
#1969500000000
1!
b10000000 +
b1110011111 (
0)
1*
#1970000000000
0!
#1970500000000
1!
b100000000 +
b1100111111 (
#1971000000000
0!
#1971500000000
1!
b1000000000 +
b1001111111 (
0*
1)
1*
#1972000000000
0!
#1972500000000
1!
b1 +
b11111110 (
0*
#1973000000000
0!
#1973500000000
1!
b10 +
b111111100 (
#1974000000000
0!
#1974500000000
1!
b100 +
b1111111000 (
0'
1*
#1975000000000
0!
#1975500000000
1!
b1001 +
b1111110000 (
#1976000000000
0!
#1976500000000
1!
b10010 +
b1111100000 (
#1977000000000
0!
#1977500000000
1!
b100100 +
b1111000000 (
#1978000000000
0!
#1978500000000
1!
b1001001 +
b1110000001 (
0)
0*
#1979000000000
0!
#1979500000000
1!
b10010010 +
b1100000011 (
#1980000000000
0!
#1980500000000
1!
b100100100 +
b1000000111 (
1'
1*
#1981000000000
0!
#1981500000000
1!
b1001001001 +
b1111 (
0*
#1982000000000
0!
#1982500000000
1!
b10010011 +
b11110 (
1*
#1983000000000
0!
#1983500000000
1!
b100100110 +
b111100 (
#1984000000000
0!
#1984500000000
1!
b1001001101 +
b1111000 (
0'
0*
1)
#1985000000000
0!
#1985500000000
1!
b10011010 +
b11110001 (
1*
#1986000000000
0!
#1986500000000
1!
b100110100 +
b111100010 (
#1987000000000
0!
#1987500000000
1!
b1001101001 +
b1111000100 (
1'
0*
1*
#1988000000000
0!
#1988500000000
1!
b11010011 +
b1110001000 (
0'
0*
0)
#1989000000000
0!
#1989500000000
1!
b110100110 +
b1100010001 (
#1990000000000
0!
#1990500000000
1!
b1101001101 +
b1000100010 (
1*
#1991000000000
0!
#1991500000000
1!
b1010011010 +
b1000101 (
1'
1)
#1992000000000
0!
#1992500000000
1!
b100110101 +
b10001011 (
0'
0*
0)
#1993000000000
0!
#1993500000000
1!
b1001101011 +
b100010110 (
1'
1*
0*
#1994000000000
0!
#1994500000000
1!
b11010111 +
b1000101101 (
1*
#1995000000000
0!
#1995500000000
1!
b110101111 +
b1011011 (
0'
1)
#1996000000000
0!
#1996500000000
1!
b1101011111 +
b10110111 (
1'
0*
0)
#1997000000000
0!
#1997500000000
1!
b1010111110 +
b101101110 (
1)
1*
#1998000000000
0!
#1998500000000
1!
b101111100 +
b1011011100 (
0*
#1999000000000
0!
#1999500000000
1!
b1011111001 +
b110111001 (
0'
1*
0)
#2000000000000
0!
#2000500000000
1!
b111110011 +
b1101110011 (
0*
1)
1*
#2001000000000
0!
#2001500000000
1!
b1111100110 +
b1011100110 (
1'
0*
1*
#2002000000000
0!
#2002500000000
1!
b1111001100 +
b111001101 (
#2003000000000
0!
#2003500000000
1!
b1110011000 +
b1110011011 (
0'
0)
#2004000000000
0!
#2004500000000
1!
b1100110001 +
b1100110110 (
1'
0*
#2005000000000
0!
#2005500000000
1!
b1001100011 +
b1001101101 (
1)
1*
#2006000000000
0!
#2006500000000
1!
b11000111 +
b11011011 (
0'
0*
1*
#2007000000000
0!
#2007500000000
1!
b110001111 +
b110110110 (
1'
0)
#2008000000000
0!
#2008500000000
1!
b1100011111 +
b1101101101 (
0*
1)
1*
#2009000000000
0!
#2009500000000
1!
b1000111110 +
b1011011010 (
0'
0*
#2010000000000
0!
#2010500000000
1!
b1111100 +
b110110101 (
1'
1*
0)
#2011000000000
0!
#2011500000000
1!
b11111001 +
b1101101010 (
0'
1)
#2012000000000
0!
#2012500000000
1!
b111110010 +
b1011010100 (
1'
0*
#2013000000000
0!
#2013500000000
1!
b1111100100 +
b110101001 (
0'
1*
0)
#2014000000000
0!
#2014500000000
1!
b1111001000 +
b1101010011 (
1)
0*
#2015000000000
0!
#2015500000000
1!
b1110010001 +
b1010100111 (
1'
0)
#2016000000000
0!
#2016500000000
1!
b1100100011 +
b101001111 (
1)
1*
#2017000000000
0!
#2017500000000
1!
b1001000111 +
b1010011111 (
0)
0*
#2018000000000
0!
#2018500000000
1!
b10001110 +
b100111110 (
1*
#2019000000000
0!
#2019500000000
1!
b100011101 +
b1001111100 (
1)
0*
#2020000000000
0!
#2020500000000
1!
b1000111011 +
b11111001 (
0'
1*
0*
#2021000000000
0!
#2021500000000
1!
b1110111 +
b111110010 (
1*
#2022000000000
0!
#2022500000000
1!
b11101111 +
b1111100100 (
1'
0*
#2023000000000
0!
#2023500000000
1!
b111011111 +
b1111001001 (
0'
1*
#2024000000000
0!
#2024500000000
1!
b1110111111 +
b1110010011 (
0*
0)
1*
#2025000000000
0!
#2025500000000
1!
b1101111110 +
b1100100110 (
1'
0*
#2026000000000
0!
#2026500000000
1!
b1011111100 +
b1001001101 (
1)
1*
#2027000000000
0!
#2027500000000
1!
b111111000 +
b10011010 (
0'
0*
0)
#2028000000000
0!
#2028500000000
1!
b1111110000 +
b100110100 (
1'
1*
0*
#2029000000000
0!
#2029500000000
1!
b1111100001 +
b1001101001 (
0'
1)
#2030000000000
0!
#2030500000000
1!
b1111000011 +
b11010010 (
#2031000000000
0!
#2031500000000
1!
b1110000111 +
b110100100 (
1'
0)
#2032000000000
0!
#2032500000000
1!
b1100001110 +
b1101001000 (
0'
1)
#2033000000000
0!
#2033500000000
1!
b1000011100 +
b1010010000 (
0)
1*
#2034000000000
0!
#2034500000000
1!
b111000 +
b100100000 (
0*
#2035000000000
0!
#2035500000000
1!
b1110000 +
b1001000000 (
1)
1*
#2036000000000
0!
#2036500000000
1!
b11100000 +
b10000001 (
0)
0*
#2037000000000
0!
#2037500000000
1!
b111000000 +
b100000011 (
#2038000000000
0!
#2038500000000
1!
b1110000000 +
b1000000110 (
1'
1*
0*
#2039000000000
0!
#2039500000000
1!
b1100000001 +
b1101 (
#2040000000000
0!
#2040500000000
1!
b1000000011 +
b11011 (
0'
1*
#2041000000000
0!
#2041500000000
1!
b111 +
b110111 (
1'
0*
1*
#2042000000000
0!
#2042500000000
1!
b1111 +
b1101111 (
1)
0*
#2043000000000
0!
#2043500000000
1!
b11111 +
b11011111 (
#2044000000000
0!
#2044500000000
1!
b111111 +
b110111111 (
0)
1*
#2045000000000
0!
#2045500000000
1!
b1111111 +
b1101111111 (
1)
0*
#2046000000000
0!
#2046500000000
1!
b11111111 +
b1011111111 (
#2047000000000
0!
#2047500000000
1!
b111111111 +
b111111111 (
#2048000000000
0!
#2048500000000
1!
b1111111111 +
b1111111111 (
1*
#2049000000000
0!
#2049500000000
1!
b1111111110 +
b1111111110 (
b11 $
b10 #
b100 %
b1000 &
1,
#2050000000000
0!
#2050500000000
1!
b1111111111 +
b1111111111 (
0,
#2051000000000
0!
#2051500000000
1!
b1111111110 +
b1111111110 (
#2052000000000
0!
#2052500000000
1!
b1111111100 +
b1111111100 (
#2053000000000
0!
#2053500000000
1!
b1111111000 +
b1111111001 (
#2054000000000
0!
#2054500000000
1!
b1111110001 +
b1111110010 (
0'
0*
#2055000000000
0!
#2055500000000
1!
b1111100011 +
b1111100101 (
#2056000000000
0!
#2056500000000
1!
b1111000111 +
b1111001011 (
1'
1*
#2057000000000
0!
#2057500000000
1!
b1110001110 +
b1110010110 (
0'
0*
#2058000000000
0!
#2058500000000
1!
b1100011100 +
b1100101101 (
1'
0)
#2059000000000
0!
#2059500000000
1!
b1000111000 +
b1001011010 (
#2060000000000
0!
#2060500000000
1!
b1110001 +
b10110100 (
0'
1*
1)
#2061000000000
0!
#2061500000000
1!
b11100010 +
b101101001 (
1'
0)
#2062000000000
0!
#2062500000000
1!
b111000100 +
b1011010010 (
0'
1)
#2063000000000
0!
#2063500000000
1!
b1110001001 +
b110100101 (
0*
#2064000000000
0!
#2064500000000
1!
b1100010011 +
b1101001010 (
1'
0)
#2065000000000
0!
#2065500000000
1!
b1000100111 +
b1010010101 (
0'
1)
#2066000000000
0!
#2066500000000
1!
b1001110 +
b100101011 (
1'
1*
0)
#2067000000000
0!
#2067500000000
1!
b10011101 +
b1001010111 (
0'
0*
#2068000000000
0!
#2068500000000
1!
b100111011 +
b10101111 (
1'
1)
#2069000000000
0!
#2069500000000
1!
b1001110110 +
b101011110 (
1*
0)
0*
#2070000000000
0!
#2070500000000
1!
b11101100 +
b1010111101 (
1*
1)
0*
#2071000000000
0!
#2071500000000
1!
b111011001 +
b101111010 (
0)
1*
#2072000000000
0!
#2072500000000
1!
b1110110010 +
b1011110101 (
0'
0*
1)
#2073000000000
0!
#2073500000000
1!
b1101100101 +
b111101010 (
1'
1*
#2074000000000
0!
#2074500000000
1!
b1011001010 +
b1111010100 (
0'
0*
#2075000000000
0!
#2075500000000
1!
b110010101 +
b1110101000 (
1'
1*
0*
#2076000000000
0!
#2076500000000
1!
b1100101011 +
b1101010000 (
0'
1*
0)
#2077000000000
0!
#2077500000000
1!
b1001010111 +
b1010100000 (
1)
0*
#2078000000000
0!
#2078500000000
1!
b10101110 +
b101000001 (
1*
0)
0*
#2079000000000
0!
#2079500000000
1!
b101011101 +
b1010000011 (
1)
1*
#2080000000000
0!
#2080500000000
1!
b1010111011 +
b100000111 (
0*
0)
1*
#2081000000000
0!
#2081500000000
1!
b101110111 +
b1000001111 (
1'
0*
1*
#2082000000000
0!
#2082500000000
1!
b1011101111 +
b11111 (
0*
#2083000000000
0!
#2083500000000
1!
b111011110 +
b111110 (
1*
#2084000000000
0!
#2084500000000
1!
b1110111101 +
b1111101 (
0*
#2085000000000
0!
#2085500000000
1!
b1101111010 +
b11111010 (
1)
1*
#2086000000000
0!
#2086500000000
1!
b1011110101 +
b111110101 (
0'
0*
#2087000000000
0!
#2087500000000
1!
b111101010 +
b1111101010 (
1'
1*
0*
#2088000000000
0!
#2088500000000
1!
b1111010100 +
b1111010101 (
0'
1*
0*
#2089000000000
0!
#2089500000000
1!
b1110101000 +
b1110101010 (
1'
1*
#2090000000000
0!
#2090500000000
1!
b1101010001 +
b1101010101 (
0'
0)
#2091000000000
0!
#2091500000000
1!
b1010100011 +
b1010101011 (
1'
1)
#2092000000000
0!
#2092500000000
1!
b101000111 +
b101010110 (
0'
0*
0)
#2093000000000
0!
#2093500000000
1!
b1010001111 +
b1010101101 (
1'
1*
1)
#2094000000000
0!
#2094500000000
1!
b100011110 +
b101011010 (
0*
0)
1*
#2095000000000
0!
#2095500000000
1!
b1000111101 +
b1010110100 (
0'
0*
1)
#2096000000000
0!
#2096500000000
1!
b1111010 +
b101101000 (
1'
1*
0)
#2097000000000
0!
#2097500000000
1!
b11110100 +
b1011010000 (
0'
1)
#2098000000000
0!
#2098500000000
1!
b111101001 +
b110100000 (
#2099000000000
0!
#2099500000000
1!
b1111010010 +
b1101000001 (
0*
0)
1*
#2100000000000
0!
#2100500000000
1!
b1110100101 +
b1010000010 (
1)
0*
#2101000000000
0!
#2101500000000
1!
b1101001010 +
b100000101 (
0)
1*
#2102000000000
0!
#2102500000000
1!
b1010010101 +
b1000001010 (
1'
0*
#2103000000000
0!
#2103500000000
1!
b100101010 +
b10100 (
0'
1*
0*
#2104000000000
0!
#2104500000000
1!
b1001010100 +
b101001 (
1'
1*
0*
#2105000000000
0!
#2105500000000
1!
b10101000 +
b1010011 (
0'
1*
0*
#2106000000000
0!
#2106500000000
1!
b101010000 +
b10100111 (
1)
1*
#2107000000000
0!
#2107500000000
1!
b1010100000 +
b101001110 (
1'
0*
0)
#2108000000000
0!
#2108500000000
1!
b101000001 +
b1010011101 (
1*
1)
0*
#2109000000000
0!
#2109500000000
1!
b1010000010 +
b100111011 (
1*
0)
0*
#2110000000000
0!
#2110500000000
1!
b100000101 +
b1001110111 (
0'
1*
0*
#2111000000000
0!
#2111500000000
1!
b1000001011 +
b11101110 (
1'
1*
1)
#2112000000000
0!
#2112500000000
1!
b10111 +
b111011100 (
0*
#2113000000000
0!
#2113500000000
1!
b101111 +
b1110111001 (
#2114000000000
0!
#2114500000000
1!
b1011111 +
b1101110010 (
0'
0)
#2115000000000
0!
#2115500000000
1!
b10111111 +
b1011100100 (
1)
1*
#2116000000000
0!
#2116500000000
1!
b101111111 +
b111001000 (
1'
0*
#2117000000000
0!
#2117500000000
1!
b1011111111 +
b1110010000 (
0'
1*
0*
#2118000000000
0!
#2118500000000
1!
b111111110 +
b1100100001 (
1*
0)
0*
#2119000000000
0!
#2119500000000
1!
b1111111101 +
b1001000011 (
1*
#2120000000000
0!
#2120500000000
1!
b1111111010 +
b10000110 (
1)
0*
#2121000000000
0!
#2121500000000
1!
b1111110101 +
b100001101 (
1'
0)
#2122000000000
0!
#2122500000000
1!
b1111101010 +
b1000011010 (
#2123000000000
0!
#2123500000000
1!
b1111010101 +
b110100 (
0'
1*
#2124000000000
0!
#2124500000000
1!
b1110101010 +
b1101000 (
1'
0*
#2125000000000
0!
#2125500000000
1!
b1101010101 +
b11010001 (
0'
1)
#2126000000000
0!
#2126500000000
1!
b1010101010 +
b110100011 (
#2127000000000
0!
#2127500000000
1!
b101010101 +
b1101000110 (
1*
0)
0*
#2128000000000
0!
#2128500000000
1!
b1010101011 +
b1010001100 (
1'
1*
1)
#2129000000000
0!
#2129500000000
1!
b101010111 +
b100011001 (
0*
0)
1*
#2130000000000
0!
#2130500000000
1!
b1010101111 +
b1000110011 (
0'
0*
1*
#2131000000000
0!
#2131500000000
1!
b101011110 +
b1100111 (
0*
#2132000000000
0!
#2132500000000
1!
b1010111101 +
b11001111 (
1'
1*
1)
#2133000000000
0!
#2133500000000
1!
b101111010 +
b110011111 (
0*
#2134000000000
0!
#2134500000000
1!
b1011110100 +
b1100111110 (
1*
0)
0*
#2135000000000
0!
#2135500000000
1!
b111101000 +
b1001111101 (
1*
#2136000000000
0!
#2136500000000
1!
b1111010000 +
b11111011 (
0*
1)
1*
#2137000000000
0!
#2137500000000
1!
b1110100001 +
b111110111 (
0'
0*
#2138000000000
0!
#2138500000000
1!
b1101000011 +
b1111101111 (
1'
1*
#2139000000000
0!
#2139500000000
1!
b1010000111 +
b1111011110 (
#2140000000000
0!
#2140500000000
1!
b100001110 +
b1110111101 (
0*
#2141000000000
0!
#2141500000000
1!
b1000011101 +
b1101111011 (
1*
0)
0*
#2142000000000
0!
#2142500000000
1!
b111010 +
b1011110110 (
0'
1*
1)
#2143000000000
0!
#2143500000000
1!
b1110100 +
b111101101 (
1'
0*
#2144000000000
0!
#2144500000000
1!
b11101001 +
b1111011010 (
#2145000000000
0!
#2145500000000
1!
b111010010 +
b1110110100 (
0'
1*
#2146000000000
0!
#2146500000000
1!
b1110100100 +
b1101101001 (
1'
0*
0)
#2147000000000
0!
#2147500000000
1!
b1101001000 +
b1011010011 (
0'
1)
#2148000000000
0!
#2148500000000
1!
b1010010001 +
b110100111 (
#2149000000000
0!
#2149500000000
1!
b100100011 +
b1101001111 (
1'
1*
0)
#2150000000000
0!
#2150500000000
1!
b1001000110 +
b1010011110 (
0*
1)
1*
#2151000000000
0!
#2151500000000
1!
b10001100 +
b100111100 (
0*
0)
1*
#2152000000000
0!
#2152500000000
1!
b100011001 +
b1001111001 (
#2153000000000
0!
#2153500000000
1!
b1000110010 +
b11110010 (
0'
0*
1)
#2154000000000
0!
#2154500000000
1!
b1100101 +
b111100101 (
1*
#2155000000000
0!
#2155500000000
1!
b11001011 +
b1111001010 (
1'
0*
#2156000000000
0!
#2156500000000
1!
b110010110 +
b1110010100 (
0'
1*
#2157000000000
0!
#2157500000000
1!
b1100101101 +
b1100101000 (
1'
0*
0)
#2158000000000
0!
#2158500000000
1!
b1001011010 +
b1001010001 (
0'
1*
#2159000000000
0!
#2159500000000
1!
b10110101 +
b10100011 (
0*
1)
1*
#2160000000000
0!
#2160500000000
1!
b101101011 +
b101000111 (
0)
0*
#2161000000000
0!
#2161500000000
1!
b1011010110 +
b1010001111 (
1'
1*
1)
#2162000000000
0!
#2162500000000
1!
b110101100 +
b100011110 (
0*
0)
1*
#2163000000000
0!
#2163500000000
1!
b1101011001 +
b1000111101 (
0*
#2164000000000
0!
#2164500000000
1!
b1010110011 +
b1111011 (
#2165000000000
0!
#2165500000000
1!
b101100111 +
b11110110 (
0'
1*
1)
#2166000000000
0!
#2166500000000
1!
b1011001111 +
b111101100 (
1'
0*
1*
#2167000000000
0!
#2167500000000
1!
b110011110 +
b1111011000 (
0*
#2168000000000
0!
#2168500000000
1!
b1100111101 +
b1110110001 (
0'
1*
0*
#2169000000000
0!
#2169500000000
1!
b1001111010 +
b1101100010 (
0)
1*
#2170000000000
0!
#2170500000000
1!
b11110101 +
b1011000100 (
0*
1)
1*
#2171000000000
0!
#2171500000000
1!
b111101011 +
b110001001 (
1'
0*
#2172000000000
0!
#2172500000000
1!
b1111010110 +
b1100010010 (
0'
1*
0)
#2173000000000
0!
#2173500000000
1!
b1110101100 +
b1000100101 (
#2174000000000
0!
#2174500000000
1!
b1101011000 +
b1001011 (
1'
0*
#2175000000000
0!
#2175500000000
1!
b1010110001 +
b10010111 (
0'
1)
#2176000000000
0!
#2176500000000
1!
b101100011 +
b100101111 (
1'
1*
0)
#2177000000000
0!
#2177500000000
1!
b1011000110 +
b1001011110 (
0*
#2178000000000
0!
#2178500000000
1!
b110001100 +
b10111101 (
1*
1)
0*
#2179000000000
0!
#2179500000000
1!
b1100011001 +
b101111011 (
1*
0)
0*
#2180000000000
0!
#2180500000000
1!
b1000110011 +
b1011110111 (
0'
1)
#2181000000000
0!
#2181500000000
1!
b1100111 +
b111101111 (
1'
1*
0*
#2182000000000
0!
#2182500000000
1!
b11001111 +
b1111011111 (
#2183000000000
0!
#2183500000000
1!
b110011111 +
b1110111111 (
#2184000000000
0!
#2184500000000
1!
b1100111111 +
b1101111110 (
1*
0)
0*
#2185000000000
0!
#2185500000000
1!
b1001111110 +
b1011111101 (
1)
1*
#2186000000000
0!
#2186500000000
1!
b11111100 +
b111111010 (
0*
#2187000000000
0!
#2187500000000
1!
b111111001 +
b1111110100 (
0'
1*
#2188000000000
0!
#2188500000000
1!
b1111110010 +
b1111101001 (
1'
0*
1*
#2189000000000
0!
#2189500000000
1!
b1111100101 +
b1111010010 (
0'
0*
#2190000000000
0!
#2190500000000
1!
b1111001010 +
b1110100100 (
#2191000000000
0!
#2191500000000
1!
b1110010101 +
b1101001001 (
1'
0)
#2192000000000
0!
#2192500000000
1!
b1100101010 +
b1010010010 (
0'
1)
#2193000000000
0!
#2193500000000
1!
b1001010101 +
b100100101 (
0)
1*
#2194000000000
0!
#2194500000000
1!
b10101010 +
b1001001011 (
1'
0*
1*
#2195000000000
0!
#2195500000000
1!
b101010100 +
b10010110 (
0'
1)
#2196000000000
0!
#2196500000000
1!
b1010101001 +
b100101101 (
1'
0*
0)
#2197000000000
0!
#2197500000000
1!
b101010011 +
b1001011011 (
1*
#2198000000000
0!
#2198500000000
1!
b1010100110 +
b10110110 (
0'
0*
1)
#2199000000000
0!
#2199500000000
1!
b101001100 +
b101101100 (
1'
1*
0)
#2200000000000
0!
#2200500000000
1!
b1010011001 +
b1011011001 (
0*
1)
1*
#2201000000000
0!
#2201500000000
1!
b100110011 +
b110110010 (
0'
0*
1*
#2202000000000
0!
#2202500000000
1!
b1001100110 +
b1101100100 (
0*
0)
1*
#2203000000000
0!
#2203500000000
1!
b11001100 +
b1011001000 (
1'
0*
1)
#2204000000000
0!
#2204500000000
1!
b110011001 +
b110010000 (
0'
1*
#2205000000000
0!
#2205500000000
1!
b1100110010 +
b1100100000 (
0*
0)
1*
#2206000000000
0!
#2206500000000
1!
b1001100101 +
b1001000001 (
#2207000000000
0!
#2207500000000
1!
b11001010 +
b10000011 (
0*
1)
1*
#2208000000000
0!
#2208500000000
1!
b110010100 +
b100000110 (
0)
0*
#2209000000000
0!
#2209500000000
1!
b1100101001 +
b1000001101 (
1'
1*
0*
#2210000000000
0!
#2210500000000
1!
b1001010011 +
b11010 (
#2211000000000
0!
#2211500000000
1!
b10100111 +
b110101 (
0'
1*
0*
#2212000000000
0!
#2212500000000
1!
b101001111 +
b1101010 (
1'
1*
#2213000000000
0!
#2213500000000
1!
b1010011111 +
b11010100 (
0'
0*
1)
#2214000000000
0!
#2214500000000
1!
b100111110 +
b110101000 (
1'
1*
0*
#2215000000000
0!
#2215500000000
1!
b1001111101 +
b1101010001 (
0'
1*
0)
#2216000000000
0!
#2216500000000
1!
b11111010 +
b1010100010 (
0*
1)
1*
#2217000000000
0!
#2217500000000
1!
b111110100 +
b101000100 (
0)
0*
#2218000000000
0!
#2218500000000
1!
b1111101001 +
b1010001000 (
1'
1*
1)
#2219000000000
0!
#2219500000000
1!
b1111010011 +
b100010000 (
0'
0)
#2220000000000
0!
#2220500000000
1!
b1110100111 +
b1000100001 (
#2221000000000
0!
#2221500000000
1!
b1101001110 +
b1000010 (
#2222000000000
0!
#2222500000000
1!
b1010011100 +
b10000101 (
1)
0*
#2223000000000
0!
#2223500000000
1!
b100111000 +
b100001010 (
1'
1*
0)
#2224000000000
0!
#2224500000000
1!
b1001110000 +
b1000010100 (
0'
0*
1*
#2225000000000
0!
#2225500000000
1!
b11100001 +
b101000 (
1'
0*
1*
#2226000000000
0!
#2226500000000
1!
b111000010 +
b1010001 (
0'
0*
#2227000000000
0!
#2227500000000
1!
b1110000100 +
b10100010 (
1*
1)
0*
#2228000000000
0!
#2228500000000
1!
b1100001000 +
b101000101 (
0)
1*
#2229000000000
0!
#2229500000000
1!
b1000010001 +
b1010001010 (
1'
1)
#2230000000000
0!
#2230500000000
1!
b100011 +
b100010101 (
0'
0*
0)
#2231000000000
0!
#2231500000000
1!
b1000110 +
b1000101010 (
1'
1*
#2232000000000
0!
#2232500000000
1!
b10001101 +
b1010101 (
0'
0*
#2233000000000
0!
#2233500000000
1!
b100011011 +
b10101011 (
1'
1)
#2234000000000
0!
#2234500000000
1!
b1000110110 +
b101010111 (
0'
1*
0)
#2235000000000
0!
#2235500000000
1!
b1101100 +
b1010101111 (
1'
0*
1)
#2236000000000
0!
#2236500000000
1!
b11011001 +
b101011111 (
0)
1*
#2237000000000
0!
#2237500000000
1!
b110110010 +
b1010111111 (
1)
0*
#2238000000000
0!
#2238500000000
1!
b1101100100 +
b101111111 (
1*
0)
0*
#2239000000000
0!
#2239500000000
1!
b1011001000 +
b1011111110 (
1)
1*
#2240000000000
0!
#2240500000000
1!
b110010001 +
b111111101 (
0*
#2241000000000
0!
#2241500000000
1!
b1100100010 +
b1111111010 (
1*
#2242000000000
0!
#2242500000000
1!
b1001000101 +
b1111110101 (
0'
0*
#2243000000000
0!
#2243500000000
1!
b10001010 +
b1111101011 (
1'
1*
0*
#2244000000000
0!
#2244500000000
1!
b100010100 +
b1111010111 (
0'
1*
#2245000000000
0!
#2245500000000
1!
b1000101001 +
b1110101111 (
1'
0*
1*
#2246000000000
0!
#2246500000000
1!
b1010011 +
b1101011110 (
0*
0)
1*
#2247000000000
0!
#2247500000000
1!
b10100110 +
b1010111100 (
1)
0*
#2248000000000
0!
#2248500000000
1!
b101001101 +
b101111000 (
0)
1*
#2249000000000
0!
#2249500000000
1!
b1010011011 +
b1011110000 (
0'
0*
1)
#2250000000000
0!
#2250500000000
1!
b100110111 +
b111100001 (
1*
#2251000000000
0!
#2251500000000
1!
b1001101111 +
b1111000011 (
0*
#2252000000000
0!
#2252500000000
1!
b11011110 +
b1110000110 (
1*
#2253000000000
0!
#2253500000000
1!
b110111101 +
b1100001101 (
1'
0)
#2254000000000
0!
#2254500000000
1!
b1101111011 +
b1000011011 (
0*
#2255000000000
0!
#2255500000000
1!
b1011110111 +
b110110 (
0'
1*
#2256000000000
0!
#2256500000000
1!
b111101110 +
b1101101 (
1'
0*
1*
#2257000000000
0!
#2257500000000
1!
b1111011101 +
b11011010 (
0*
1)
1*
#2258000000000
0!
#2258500000000
1!
b1110111010 +
b110110100 (
0'
0*
#2259000000000
0!
#2259500000000
1!
b1101110101 +
b1101101000 (
1'
0)
#2260000000000
0!
#2260500000000
1!
b1011101010 +
b1011010001 (
0'
1)
#2261000000000
0!
#2261500000000
1!
b111010101 +
b110100010 (
1*
#2262000000000
0!
#2262500000000
1!
b1110101011 +
b1101000100 (
0*
0)
1*
#2263000000000
0!
#2263500000000
1!
b1101010111 +
b1010001001 (
1'
1)
#2264000000000
0!
#2264500000000
1!
b1010101110 +
b100010010 (
0'
0)
#2265000000000
0!
#2265500000000
1!
b101011100 +
b1000100100 (
0*
#2266000000000
0!
#2266500000000
1!
b1010111001 +
b1001001 (
1'
1*
0*
#2267000000000
0!
#2267500000000
1!
b101110011 +
b10010010 (
0'
1*
1)
#2268000000000
0!
#2268500000000
1!
b1011100110 +
b100100100 (
0*
0)
1*
#2269000000000
0!
#2269500000000
1!
b111001100 +
b1001001001 (
1'
0*
1*
#2270000000000
0!
#2270500000000
1!
b1110011001 +
b10010011 (
0'
0*
1)
#2271000000000
0!
#2271500000000
1!
b1100110011 +
b100100110 (
0)
1*
#2272000000000
0!
#2272500000000
1!
b1001100111 +
b1001001100 (
1'
0*
#2273000000000
0!
#2273500000000
1!
b11001110 +
b10011000 (
1*
1)
0*
#2274000000000
0!
#2274500000000
1!
b110011101 +
b100110001 (
0'
0)
#2275000000000
0!
#2275500000000
1!
b1100111011 +
b1001100010 (
1*
#2276000000000
0!
#2276500000000
1!
b1001110111 +
b11000101 (
1)
0*
#2277000000000
0!
#2277500000000
1!
b11101110 +
b110001010 (
1'
1*
0*
#2278000000000
0!
#2278500000000
1!
b111011101 +
b1100010101 (
0'
0)
#2279000000000
0!
#2279500000000
1!
b1110111011 +
b1000101011 (
1'
1*
0*
#2280000000000
0!
#2280500000000
1!
b1101110111 +
b1010111 (
0'
1*
#2281000000000
0!
#2281500000000
1!
b1011101110 +
b10101110 (
1'
1)
#2282000000000
0!
#2282500000000
1!
b111011100 +
b101011100 (
0*
0)
1*
#2283000000000
0!
#2283500000000
1!
b1110111001 +
b1010111000 (
0*
1)
1*
#2284000000000
0!
#2284500000000
1!
b1101110011 +
b101110001 (
0'
0)
#2285000000000
0!
#2285500000000
1!
b1011100111 +
b1011100010 (
1)
0*
#2286000000000
0!
#2286500000000
1!
b111001110 +
b111000100 (
1*
#2287000000000
0!
#2287500000000
1!
b1110011101 +
b1110001001 (
1'
0*
1*
#2288000000000
0!
#2288500000000
1!
b1100111010 +
b1100010011 (
0'
0)
#2289000000000
0!
#2289500000000
1!
b1001110101 +
b1000100111 (
#2290000000000
0!
#2290500000000
1!
b11101010 +
b1001110 (
1'
0*
1*
#2291000000000
0!
#2291500000000
1!
b111010100 +
b10011100 (
1)
0*
#2292000000000
0!
#2292500000000
1!
b1110101001 +
b100111000 (
1*
0)
0*
#2293000000000
0!
#2293500000000
1!
b1101010011 +
b1001110000 (
0'
1*
#2294000000000
0!
#2294500000000
1!
b1010100111 +
b11100000 (
1)
0*
#2295000000000
0!
#2295500000000
1!
b101001110 +
b111000000 (
1*
#2296000000000
0!
#2296500000000
1!
b1010011101 +
b1110000000 (
0*
#2297000000000
0!
#2297500000000
1!
b100111010 +
b1100000001 (
1*
0)
0*
#2298000000000
0!
#2298500000000
1!
b1001110100 +
b1000000010 (
1*
#2299000000000
0!
#2299500000000
1!
b11101000 +
b100 (
0*
#2300000000000
0!
#2300500000000
1!
b111010000 +
b1001 (
1'
1*
#2301000000000
0!
#2301500000000
1!
b1110100000 +
b10010 (
0'
0*
1*
#2302000000000
0!
#2302500000000
1!
b1101000001 +
b100101 (
#2303000000000
0!
#2303500000000
1!
b1010000011 +
b1001010 (
1'
0*
#2304000000000
0!
#2304500000000
1!
b100000111 +
b10010101 (
0'
1*
1)
#2305000000000
0!
#2305500000000
1!
b1000001111 +
b100101010 (
1'
0*
0)
#2306000000000
0!
#2306500000000
1!
b11110 +
b1001010101 (
0'
1*
0*
#2307000000000
0!
#2307500000000
1!
b111101 +
b10101010 (
1'
1)
#2308000000000
0!
#2308500000000
1!
b1111011 +
b101010101 (
0'
0)
#2309000000000
0!
#2309500000000
1!
b11110110 +
b1010101010 (
1'
1)
#2310000000000
0!
#2310500000000
1!
b111101101 +
b101010100 (
0'
0)
#2311000000000
0!
#2311500000000
1!
b1111011011 +
b1010101000 (
1'
1*
1)
#2312000000000
0!
#2312500000000
1!
b1110110111 +
b101010001 (
0'
0)
#2313000000000
0!
#2313500000000
1!
b1101101110 +
b1010100011 (
1)
0*
#2314000000000
0!
#2314500000000
1!
b1011011100 +
b101000110 (
0)
1*
#2315000000000
0!
#2315500000000
1!
b110111000 +
b1010001101 (
1'
0*
1)
#2316000000000
0!
#2316500000000
1!
b1101110000 +
b100011011 (
1*
0)
0*
#2317000000000
0!
#2317500000000
1!
b1011100001 +
b1000110110 (
0'
1*
#2318000000000
0!
#2318500000000
1!
b111000011 +
b1101100 (
1'
0*
1*
#2319000000000
0!
#2319500000000
1!
b1110000110 +
b11011000 (
0*
1)
1*
#2320000000000
0!
#2320500000000
1!
b1100001100 +
b110110001 (
0'
0*
#2321000000000
0!
#2321500000000
1!
b1000011000 +
b1101100011 (
0)
1*
#2322000000000
0!
#2322500000000
1!
b110001 +
b1011000110 (
0*
1)
1*
#2323000000000
0!
#2323500000000
1!
b1100010 +
b110001100 (
1'
0*
#2324000000000
0!
#2324500000000
1!
b11000100 +
b1100011001 (
0)
1*
#2325000000000
0!
#2325500000000
1!
b110001001 +
b1000110010 (
0'
0*
#2326000000000
0!
#2326500000000
1!
b1100010010 +
b1100101 (
1*
#2327000000000
0!
#2327500000000
1!
b1000100101 +
b11001010 (
1'
1)
#2328000000000
0!
#2328500000000
1!
b1001010 +
b110010100 (
0'
0*
1*
#2329000000000
0!
#2329500000000
1!
b10010100 +
b1100101001 (
1'
0)
#2330000000000
0!
#2330500000000
1!
b100101001 +
b1001010011 (
0'
0*
#2331000000000
0!
#2331500000000
1!
b1001010010 +
b10100110 (
1*
1)
0*
#2332000000000
0!
#2332500000000
1!
b10100101 +
b101001100 (
1'
1*
0)
#2333000000000
0!
#2333500000000
1!
b101001011 +
b1010011000 (
1)
0*
#2334000000000
0!
#2334500000000
1!
b1010010110 +
b100110000 (
0'
1*
0)
#2335000000000
0!
#2335500000000
1!
b100101100 +
b1001100000 (
0*
#2336000000000
0!
#2336500000000
1!
b1001011001 +
b11000000 (
1*
1)
0*
#2337000000000
0!
#2337500000000
1!
b10110011 +
b110000001 (
1*
#2338000000000
0!
#2338500000000
1!
b101100110 +
b1100000010 (
0)
0*
#2339000000000
0!
#2339500000000
1!
b1011001101 +
b1000000101 (
1*
#2340000000000
0!
#2340500000000
1!
b110011010 +
b1010 (
1'
0*
1*
#2341000000000
0!
#2341500000000
1!
b1100110100 +
b10101 (
0'
0*
1*
#2342000000000
0!
#2342500000000
1!
b1001101000 +
b101011 (
1'
0*
#2343000000000
0!
#2343500000000
1!
b11010001 +
b1010110 (
0'
1*
0*
#2344000000000
0!
#2344500000000
1!
b110100010 +
b10101100 (
1'
1)
#2345000000000
0!
#2345500000000
1!
b1101000100 +
b101011001 (
1*
0)
0*
#2346000000000
0!
#2346500000000
1!
b1010001000 +
b1010110011 (
0'
1)
#2347000000000
0!
#2347500000000
1!
b100010001 +
b101100110 (
1*
0)
0*
#2348000000000
0!
#2348500000000
1!
b1000100010 +
b1011001100 (
1'
1*
1)
#2349000000000
0!
#2349500000000
1!
b1000101 +
b110011001 (
0*
#2350000000000
0!
#2350500000000
1!
b10001011 +
b1100110010 (
0'
0)
#2351000000000
0!
#2351500000000
1!
b100010110 +
b1001100100 (
#2352000000000
0!
#2352500000000
1!
b1000101101 +
b11001001 (
1'
1*
1)
#2353000000000
0!
#2353500000000
1!
b1011010 +
b110010011 (
0'
0*
1*
#2354000000000
0!
#2354500000000
1!
b10110100 +
b1100100111 (
0)
0*
#2355000000000
0!
#2355500000000
1!
b101101001 +
b1001001111 (
1'
1*
#2356000000000
0!
#2356500000000
1!
b1011010010 +
b10011111 (
0*
1)
1*
#2357000000000
0!
#2357500000000
1!
b110100101 +
b100111111 (
0*
0)
1*
#2358000000000
0!
#2358500000000
1!
b1101001011 +
b1001111110 (
0*
#2359000000000
0!
#2359500000000
1!
b1010010111 +
b11111100 (
1)
1*
#2360000000000
0!
#2360500000000
1!
b100101110 +
b111111001 (
0*
#2361000000000
0!
#2361500000000
1!
b1001011101 +
b1111110011 (
0'
1*
0*
#2362000000000
0!
#2362500000000
1!
b10111010 +
b1111100111 (
1*
#2363000000000
0!
#2363500000000
1!
b101110100 +
b1111001110 (
1'
0*
#2364000000000
0!
#2364500000000
1!
b1011101001 +
b1110011101 (
1*
#2365000000000
0!
#2365500000000
1!
b111010011 +
b1100111010 (
0*
0)
1*
#2366000000000
0!
#2366500000000
1!
b1110100110 +
b1001110100 (
0'
0*
1*
#2367000000000
0!
#2367500000000
1!
b1101001100 +
b11101001 (
1'
1)
#2368000000000
0!
#2368500000000
1!
b1010011000 +
b111010010 (
0'
0*
#2369000000000
0!
#2369500000000
1!
b100110001 +
b1110100101 (
1*
#2370000000000
0!
#2370500000000
1!
b1001100010 +
b1101001011 (
1'
0*
0)
#2371000000000
0!
#2371500000000
1!
b11000101 +
b1010010111 (
0'
1*
1)
#2372000000000
0!
#2372500000000
1!
b110001011 +
b100101110 (
1'
0)
#2373000000000
0!
#2373500000000
1!
b1100010110 +
b1001011100 (
0*
#2374000000000
0!
#2374500000000
1!
b1000101100 +
b10111000 (
1)
1*
#2375000000000
0!
#2375500000000
1!
b1011000 +
b101110000 (
0'
0*
0)
#2376000000000
0!
#2376500000000
1!
b10110000 +
b1011100000 (
1)
1*
#2377000000000
0!
#2377500000000
1!
b101100000 +
b111000001 (
#2378000000000
0!
#2378500000000
1!
b1011000000 +
b1110000010 (
0*
#2379000000000
0!
#2379500000000
1!
b110000001 +
b1100000100 (
1*
0)
0*
#2380000000000
0!
#2380500000000
1!
b1100000010 +
b1000001001 (
1'
1*
0*
#2381000000000
0!
#2381500000000
1!
b1000000101 +
b10011 (
0'
1*
#2382000000000
0!
#2382500000000
1!
b1010 +
b100111 (
0*
#2383000000000
0!
#2383500000000
1!
b10100 +
b1001111 (
1'
1*
#2384000000000
0!
#2384500000000
1!
b101001 +
b10011110 (
1)
0*
#2385000000000
0!
#2385500000000
1!
b1010010 +
b100111101 (
0)
1*
#2386000000000
0!
#2386500000000
1!
b10100100 +
b1001111011 (
#2387000000000
0!
#2387500000000
1!
b101001001 +
b11110111 (
0'
1)
#2388000000000
0!
#2388500000000
1!
b1010010010 +
b111101110 (
1'
0*
1*
#2389000000000
0!
#2389500000000
1!
b100100101 +
b1111011101 (
0*
#2390000000000
0!
#2390500000000
1!
b1001001011 +
b1110111010 (
1*
#2391000000000
0!
#2391500000000
1!
b10010111 +
b1101110101 (
0'
0*
0)
#2392000000000
0!
#2392500000000
1!
b100101111 +
b1011101010 (
1'
1)
#2393000000000
0!
#2393500000000
1!
b1001011111 +
b111010100 (
0'
1*
0*
#2394000000000
0!
#2394500000000
1!
b10111110 +
b1110101001 (
1'
1*
0*
#2395000000000
0!
#2395500000000
1!
b101111101 +
b1101010010 (
0'
0)
#2396000000000
0!
#2396500000000
1!
b1011111011 +
b1010100101 (
1*
1)
0*
#2397000000000
0!
#2397500000000
1!
b111110111 +
b101001010 (
1'
1*
0)
#2398000000000
0!
#2398500000000
1!
b1111101111 +
b1010010100 (
0'
0*
1)
#2399000000000
0!
#2399500000000
1!
b1111011110 +
b100101001 (
1'
0)
#2400000000000
0!
#2400500000000
1!
b1110111100 +
b1001010010 (
0'
1*
#2401000000000
0!
#2401500000000
1!
b1101111000 +
b10100100 (
1)
0*
#2402000000000
0!
#2402500000000
1!
b1011110001 +
b101001001 (
1'
0)
#2403000000000
0!
#2403500000000
1!
b111100011 +
b1010010011 (
0'
1*
1)
#2404000000000
0!
#2404500000000
1!
b1111000110 +
b100100111 (
0*
0)
1*
#2405000000000
0!
#2405500000000
1!
b1110001100 +
b1001001110 (
1'
0*
#2406000000000
0!
#2406500000000
1!
b1100011000 +
b10011101 (
1)
1*
#2407000000000
0!
#2407500000000
1!
b1000110001 +
b100111010 (
0)
0*
#2408000000000
0!
#2408500000000
1!
b1100011 +
b1001110101 (
0'
1*
0*
#2409000000000
0!
#2409500000000
1!
b11000110 +
b11101011 (
1'
1)
#2410000000000
0!
#2410500000000
1!
b110001101 +
b111010111 (
0'
1*
#2411000000000
0!
#2411500000000
1!
b1100011011 +
b1110101110 (
1'
0*
1*
#2412000000000
0!
#2412500000000
1!
b1000110111 +
b1101011100 (
0)
0*
#2413000000000
0!
#2413500000000
1!
b1101110 +
b1010111001 (
1*
1)
0*
#2414000000000
0!
#2414500000000
1!
b11011101 +
b101110011 (
0'
0)
#2415000000000
0!
#2415500000000
1!
b110111011 +
b1011100111 (
1)
1*
#2416000000000
0!
#2416500000000
1!
b1101110110 +
b111001111 (
1'
0*
1*
#2417000000000
0!
#2417500000000
1!
b1011101100 +
b1110011110 (
#2418000000000
0!
#2418500000000
1!
b111011000 +
b1100111101 (
0*
0)
1*
#2419000000000
0!
#2419500000000
1!
b1110110000 +
b1001111010 (
0*
#2420000000000
0!
#2420500000000
1!
b1101100001 +
b11110101 (
0'
1)
#2421000000000
0!
#2421500000000
1!
b1011000011 +
b111101011 (
1'
1*
#2422000000000
0!
#2422500000000
1!
b110000111 +
b1111010110 (
0'
0*
1*
#2423000000000
0!
#2423500000000
1!
b1100001111 +
b1110101101 (
1'
0*
1*
#2424000000000
0!
#2424500000000
1!
b1000011110 +
b1101011011 (
0)
0*
#2425000000000
0!
#2425500000000
1!
b111100 +
b1010110111 (
0'
1*
1)
#2426000000000
0!
#2426500000000
1!
b1111001 +
b101101111 (
1'
0)
#2427000000000
0!
#2427500000000
1!
b11110010 +
b1011011110 (
1)
0*
#2428000000000
0!
#2428500000000
1!
b111100100 +
b110111100 (
#2429000000000
0!
#2429500000000
1!
b1111001001 +
b1101111000 (
1*
0)
0*
#2430000000000
0!
#2430500000000
1!
b1110010011 +
b1011110001 (
0'
1)
#2431000000000
0!
#2431500000000
1!
b1100100111 +
b111100011 (
#2432000000000
0!
#2432500000000
1!
b1001001110 +
b1111000110 (
#2433000000000
0!
#2433500000000
1!
b10011100 +
b1110001101 (
1'
1*
0*
#2434000000000
0!
#2434500000000
1!
b100111001 +
b1100011010 (
0)
1*
#2435000000000
0!
#2435500000000
1!
b1001110010 +
b1000110101 (
0'
0*
1*
#2436000000000
0!
#2436500000000
1!
b11100101 +
b1101011 (
1'
0*
1*
#2437000000000
0!
#2437500000000
1!
b111001011 +
b11010110 (
0'
1)
#2438000000000
0!
#2438500000000
1!
b1110010110 +
b110101101 (
1'
0*
1*
#2439000000000
0!
#2439500000000
1!
b1100101100 +
b1101011010 (
0)
0*
#2440000000000
0!
#2440500000000
1!
b1001011000 +
b1010110101 (
0'
1)
#2441000000000
0!
#2441500000000
1!
b10110001 +
b101101010 (
1'
1*
0)
#2442000000000
0!
#2442500000000
1!
b101100010 +
b1011010101 (
0'
1)
#2443000000000
0!
#2443500000000
1!
b1011000100 +
b110101011 (
1'
0*
1*
#2444000000000
0!
#2444500000000
1!
b110001000 +
b1101010110 (
0'
0*
0)
#2445000000000
0!
#2445500000000
1!
b1100010000 +
b1010101100 (
1'
1*
1)
#2446000000000
0!
#2446500000000
1!
b1000100001 +
b101011000 (
0)
0*
#2447000000000
0!
#2447500000000
1!
b1000011 +
b1010110001 (
0'
1*
1)
#2448000000000
0!
#2448500000000
1!
b10000110 +
b101100011 (
0)
0*
#2449000000000
0!
#2449500000000
1!
b100001101 +
b1011000111 (
1)
1*
#2450000000000
0!
#2450500000000
1!
b1000011011 +
b110001110 (
1'
0*
1*
#2451000000000
0!
#2451500000000
1!
b110111 +
b1100011100 (
0*
0)
1*
#2452000000000
0!
#2452500000000
1!
b1101111 +
b1000111001 (
#2453000000000
0!
#2453500000000
1!
b11011111 +
b1110010 (
0'
0*
#2454000000000
0!
#2454500000000
1!
b110111111 +
b11100100 (
1)
1*
#2455000000000
0!
#2455500000000
1!
b1101111111 +
b111001001 (
1'
0*
1*
#2456000000000
0!
#2456500000000
1!
b1011111110 +
b1110010010 (
0'
0*
#2457000000000
0!
#2457500000000
1!
b111111100 +
b1100100100 (
1*
0)
0*
#2458000000000
0!
#2458500000000
1!
b1111111001 +
b1001001000 (
1'
1*
0*
#2459000000000
0!
#2459500000000
1!
b1111110011 +
b10010001 (
0'
1)
#2460000000000
0!
#2460500000000
1!
b1111100111 +
b100100011 (
0)
1*
#2461000000000
0!
#2461500000000
1!
b1111001110 +
b1001000111 (
#2462000000000
0!
#2462500000000
1!
b1110011100 +
b10001111 (
1'
1)
#2463000000000
0!
#2463500000000
1!
b1100111000 +
b100011111 (
0)
0*
#2464000000000
0!
#2464500000000
1!
b1001110001 +
b1000111111 (
#2465000000000
0!
#2465500000000
1!
b11100011 +
b1111110 (
1*
#2466000000000
0!
#2466500000000
1!
b111000110 +
b11111101 (
1)
0*
#2467000000000
0!
#2467500000000
1!
b1110001101 +
b111111011 (
1*
#2468000000000
0!
#2468500000000
1!
b1100011010 +
b1111110110 (
0'
0*
#2469000000000
0!
#2469500000000
1!
b1000110101 +
b1111101100 (
1'
1*
#2470000000000
0!
#2470500000000
1!
b1101010 +
b1111011001 (
0*
#2471000000000
0!
#2471500000000
1!
b11010100 +
b1110110011 (
0'
1*
#2472000000000
0!
#2472500000000
1!
b110101001 +
b1101100111 (
0)
0*
#2473000000000
0!
#2473500000000
1!
b1101010010 +
b1011001111 (
1'
1*
1)
#2474000000000
0!
#2474500000000
1!
b1010100101 +
b110011110 (
#2475000000000
0!
#2475500000000
1!
b101001010 +
b1100111100 (
0*
0)
1*
#2476000000000
0!
#2476500000000
1!
b1010010100 +
b1001111000 (
0*
#2477000000000
0!
#2477500000000
1!
b100101000 +
b11110000 (
0'
1*
1)
#2478000000000
0!
#2478500000000
1!
b1001010000 +
b111100000 (
0*
#2479000000000
0!
#2479500000000
1!
b10100001 +
b1111000001 (
1*
#2480000000000
0!
#2480500000000
1!
b101000010 +
b1110000011 (
#2481000000000
0!
#2481500000000
1!
b1010000100 +
b1100000110 (
0*
0)
1*
#2482000000000
0!
#2482500000000
1!
b100001000 +
b1000001100 (
1'
0*
1*
#2483000000000
0!
#2483500000000
1!
b1000010000 +
b11000 (
0*
#2484000000000
0!
#2484500000000
1!
b100001 +
b110000 (
0'
1*
0*
#2485000000000
0!
#2485500000000
1!
b1000010 +
b1100001 (
#2486000000000
0!
#2486500000000
1!
b10000100 +
b11000011 (
1)
1*
#2487000000000
0!
#2487500000000
1!
b100001001 +
b110000110 (
#2488000000000
0!
#2488500000000
1!
b1000010010 +
b1100001100 (
1'
0*
0)
#2489000000000
0!
#2489500000000
1!
b100101 +
b1000011001 (
1*
#2490000000000
0!
#2490500000000
1!
b1001011 +
b110011 (
0'
0*
#2491000000000
0!
#2491500000000
1!
b10010110 +
b1100110 (
#2492000000000
0!
#2492500000000
1!
b100101101 +
b11001101 (
1'
1)
#2493000000000
0!
#2493500000000
1!
b1001011011 +
b110011010 (
1*
#2494000000000
0!
#2494500000000
1!
b10110111 +
b1100110101 (
0'
0*
0)
#2495000000000
0!
#2495500000000
1!
b101101111 +
b1001101010 (
1'
1*
#2496000000000
0!
#2496500000000
1!
b1011011111 +
b11010101 (
0'
0*
1)
#2497000000000
0!
#2497500000000
1!
b110111110 +
b110101010 (
1'
1*
0*
#2498000000000
0!
#2498500000000
1!
b1101111101 +
b1101010100 (
0'
1*
0)
#2499000000000
0!
#2499500000000
1!
b1011111010 +
b1010101001 (
1'
1)
#2500000000000
0!
#2500500000000
1!
b111110101 +
b101010011 (
0'
0*
0)
#2501000000000
0!
#2501500000000
1!
b1111101011 +
b1010100110 (
1*
1)
0*
#2502000000000
0!
#2502500000000
1!
b1111010111 +
b101001101 (
1'
0)
#2503000000000
0!
#2503500000000
1!
b1110101110 +
b1010011010 (
1)
1*
#2504000000000
0!
#2504500000000
1!
b1101011100 +
b100110101 (
0'
0)
#2505000000000
0!
#2505500000000
1!
b1010111000 +
b1001101011 (
1'
0*
#2506000000000
0!
#2506500000000
1!
b101110001 +
b11010111 (
0'
1*
1)
#2507000000000
0!
#2507500000000
1!
b1011100010 +
b110101111 (
1'
0*
1*
#2508000000000
0!
#2508500000000
1!
b111000101 +
b1101011111 (
0*
0)
1*
#2509000000000
0!
#2509500000000
1!
b1110001011 +
b1010111110 (
0*
1)
1*
#2510000000000
0!
#2510500000000
1!
b1100010111 +
b101111101 (
0)
0*
#2511000000000
0!
#2511500000000
1!
b1000101110 +
b1011111011 (
1)
1*
#2512000000000
0!
#2512500000000
1!
b1011100 +
b111110110 (
0'
0*
1*
#2513000000000
0!
#2513500000000
1!
b10111001 +
b1111101101 (
1'
0*
#2514000000000
0!
#2514500000000
1!
b101110010 +
b1111011011 (
#2515000000000
0!
#2515500000000
1!
b1011100100 +
b1110110110 (
0'
1*
0*
#2516000000000
0!
#2516500000000
1!
b111001000 +
b1101101100 (
1'
1*
0)
#2517000000000
0!
#2517500000000
1!
b1110010000 +
b1011011000 (
0*
1)
1*
#2518000000000
0!
#2518500000000
1!
b1100100001 +
b110110000 (
0'
0*
#2519000000000
0!
#2519500000000
1!
b1001000011 +
b1101100001 (
0)
1*
#2520000000000
0!
#2520500000000
1!
b10000111 +
b1011000011 (
0*
1)
1*
#2521000000000
0!
#2521500000000
1!
b100001111 +
b110000111 (
#2522000000000
0!
#2522500000000
1!
b1000011111 +
b1100001110 (
1'
0*
0)
#2523000000000
0!
#2523500000000
1!
b111110 +
b1000011100 (
1*
#2524000000000
0!
#2524500000000
1!
b1111101 +
b111000 (
#2525000000000
0!
#2525500000000
1!
b11111011 +
b1110001 (
0'
0*
#2526000000000
0!
#2526500000000
1!
b111110110 +
b11100011 (
1)
1*
#2527000000000
0!
#2527500000000
1!
b1111101101 +
b111000111 (
0*
#2528000000000
0!
#2528500000000
1!
b1111011010 +
b1110001110 (
1'
1*
#2529000000000
0!
#2529500000000
1!
b1110110101 +
b1100011101 (
0)
0*
#2530000000000
0!
#2530500000000
1!
b1101101010 +
b1000111011 (
#2531000000000
0!
#2531500000000
1!
b1011010101 +
b1110111 (
0'
1*
#2532000000000
0!
#2532500000000
1!
b110101010 +
b11101111 (
1'
0*
1)
#2533000000000
0!
#2533500000000
1!
b1101010100 +
b111011110 (
1*
#2534000000000
0!
#2534500000000
1!
b1010101000 +
b1110111100 (
#2535000000000
0!
#2535500000000
1!
b101010001 +
b1101111001 (
0*
0)
1*
#2536000000000
0!
#2536500000000
1!
b1010100010 +
b1011110011 (
0'
0*
1)
#2537000000000
0!
#2537500000000
1!
b101000101 +
b111100110 (
1*
#2538000000000
0!
#2538500000000
1!
b1010001011 +
b1111001101 (
1'
0*
1*
#2539000000000
0!
#2539500000000
1!
b100010111 +
b1110011010 (
0*
#2540000000000
0!
#2540500000000
1!
b1000101111 +
b1100110100 (
0'
1*
0)
#2541000000000
0!
#2541500000000
1!
b1011110 +
b1001101000 (
1'
0*
1*
#2542000000000
0!
#2542500000000
1!
b10111101 +
b11010000 (
0'
1)
#2543000000000
0!
#2543500000000
1!
b101111011 +
b110100001 (
#2544000000000
0!
#2544500000000
1!
b1011110110 +
b1101000011 (
0*
0)
1*
#2545000000000
0!
#2545500000000
1!
b111101100 +
b1010000111 (
0*
1)
1*
#2546000000000
0!
#2546500000000
1!
b1111011001 +
b100001110 (
1'
0*
0)
#2547000000000
0!
#2547500000000
1!
b1110110011 +
b1000011101 (
#2548000000000
0!
#2548500000000
1!
b1101100111 +
b111010 (
#2549000000000
0!
#2549500000000
1!
b1011001110 +
b1110100 (
0'
1*
#2550000000000
0!
#2550500000000
1!
b110011100 +
b11101000 (
1'
0*
1)
#2551000000000
0!
#2551500000000
1!
b1100111001 +
b111010000 (
0'
1*
0*
#2552000000000
0!
#2552500000000
1!
b1001110011 +
b1110100000 (
#2553000000000
0!
#2553500000000
1!
b11100111 +
b1101000000 (
1*
0)
0*
#2554000000000
0!
#2554500000000
1!
b111001111 +
b1010000000 (
1)
1*
#2555000000000
0!
#2555500000000
1!
b1110011111 +
b100000000 (
0*
0)
1*
#2556000000000
0!
#2556500000000
1!
b1100111110 +
b1000000001 (
#2557000000000
0!
#2557500000000
1!
b1001111100 +
b11 (
#2558000000000
0!
#2558500000000
1!
b11111000 +
b111 (
0*
#2559000000000
0!
#2559500000000
1!
b111110000 +
b1110 (
1'
1*
#2560000000000
0!
#2560500000000
1!
b1111100000 +
b11100 (
0*
#2561000000000
0!
#2561500000000
1!
b1111000001 +
b111001 (
#2562000000000
0!
#2562500000000
1!
b1110000011 +
b1110011 (
0'
1*
#2563000000000
0!
#2563500000000
1!
b1100000111 +
b11100110 (
1)
0*
#2564000000000
0!
#2564500000000
1!
b1000001110 +
b111001100 (
1'
1*
#2565000000000
0!
#2565500000000
1!
b11100 +
b1110011001 (
0*
#2566000000000
0!
#2566500000000
1!
b111001 +
b1100110011 (
0'
0)
#2567000000000
0!
#2567500000000
1!
b1110010 +
b1001100110 (
#2568000000000
0!
#2568500000000
1!
b11100100 +
b11001100 (
1'
1)
#2569000000000
0!
#2569500000000
1!
b111001001 +
b110011000 (
#2570000000000
0!
#2570500000000
1!
b1110010010 +
b1100110000 (
0'
1*
0)
#2571000000000
0!
#2571500000000
1!
b1100100101 +
b1001100001 (
#2572000000000
0!
#2572500000000
1!
b1001001010 +
b11000010 (
1)
0*
#2573000000000
0!
#2573500000000
1!
b10010101 +
b110000100 (
1*
#2574000000000
0!
#2574500000000
1!
b100101011 +
b1100001001 (
1'
0)
#2575000000000
0!
#2575500000000
1!
b1001010110 +
b1000010010 (
0'
0*
1*
#2576000000000
0!
#2576500000000
1!
b10101100 +
b100100 (
0*
#2577000000000
0!
#2577500000000
1!
b101011001 +
b1001000 (
1'
1*
#2578000000000
0!
#2578500000000
1!
b1010110010 +
b10010000 (
0'
0*
1)
#2579000000000
0!
#2579500000000
1!
b101100101 +
b100100001 (
1*
0)
0*
#2580000000000
0!
#2580500000000
1!
b1011001011 +
b1001000010 (
1*
#2581000000000
0!
#2581500000000
1!
b110010111 +
b10000100 (
0*
1)
1*
#2582000000000
0!
#2582500000000
1!
b1100101111 +
b100001000 (
1'
0*
0)
#2583000000000
0!
#2583500000000
1!
b1001011110 +
b1000010001 (
0'
1*
#2584000000000
0!
#2584500000000
1!
b10111100 +
b100011 (
0*
#2585000000000
0!
#2585500000000
1!
b101111001 +
b1000110 (
#2586000000000
0!
#2586500000000
1!
b1011110010 +
b10001100 (
1'
1*
1)
#2587000000000
0!
#2587500000000
1!
b111100101 +
b100011000 (
0*
0)
1*
#2588000000000
0!
#2588500000000
1!
b1111001011 +
b1000110001 (
0'
0*
1*
#2589000000000
0!
#2589500000000
1!
b1110010111 +
b1100010 (
#2590000000000
0!
#2590500000000
1!
b1100101110 +
b11000100 (
1)
0*
#2591000000000
0!
#2591500000000
1!
b1001011100 +
b110001000 (
1'
1*
#2592000000000
0!
#2592500000000
1!
b10111000 +
b1100010000 (
0'
0*
0)
#2593000000000
0!
#2593500000000
1!
b101110000 +
b1000100000 (
#2594000000000
0!
#2594500000000
1!
b1011100000 +
b1000000 (
1*
#2595000000000
0!
#2595500000000
1!
b111000001 +
b10000000 (
0*
1)
1*
#2596000000000
0!
#2596500000000
1!
b1110000010 +
b100000001 (
0*
0)
1*
#2597000000000
0!
#2597500000000
1!
b1100000101 +
b1000000011 (
#2598000000000
0!
#2598500000000
1!
b1000001010 +
b110 (
#2599000000000
0!
#2599500000000
1!
b10101 +
b1100 (
1'
0*
1*
#2600000000000
0!
#2600500000000
1!
b101011 +
b11001 (
#2601000000000
0!
#2601500000000
1!
b1010110 +
b110010 (
0'
0*
#2602000000000
0!
#2602500000000
1!
b10101101 +
b1100100 (
#2603000000000
0!
#2603500000000
1!
b101011011 +
b11001000 (
1'
1)
#2604000000000
0!
#2604500000000
1!
b1010110110 +
b110010001 (
0'
1*
0*
#2605000000000
0!
#2605500000000
1!
b101101100 +
b1100100010 (
1*
0)
0*
#2606000000000
0!
#2606500000000
1!
b1011011001 +
b1001000100 (
1*
#2607000000000
0!
#2607500000000
1!
b110110011 +
b10001000 (
1'
0*
1)
#2608000000000
0!
#2608500000000
1!
b1101100110 +
b100010001 (
0'
1*
0)
#2609000000000
0!
#2609500000000
1!
b1011001100 +
b1000100011 (
#2610000000000
0!
#2610500000000
1!
b110011000 +
b1000111 (
0*
#2611000000000
0!
#2611500000000
1!
b1100110000 +
b10001110 (
1'
1*
1)
#2612000000000
0!
#2612500000000
1!
b1001100001 +
b100011101 (
0)
0*
#2613000000000
0!
#2613500000000
1!
b11000011 +
b1000111010 (
1*
#2614000000000
0!
#2614500000000
1!
b110000110 +
b1110101 (
0'
0*
#2615000000000
0!
#2615500000000
1!
b1100001101 +
b11101010 (
1'
1*
1)
#2616000000000
0!
#2616500000000
1!
b1000011010 +
b111010101 (
0'
0*
#2617000000000
0!
#2617500000000
1!
b110101 +
b1110101011 (
1'
1*
0*
#2618000000000
0!
#2618500000000
1!
b1101011 +
b1101010111 (
0'
0)
#2619000000000
0!
#2619500000000
1!
b11010110 +
b1010101110 (
1'
1)
#2620000000000
0!
#2620500000000
1!
b110101101 +
b101011101 (
0)
1*
#2621000000000
0!
#2621500000000
1!
b1101011011 +
b1010111010 (
0*
1)
1*
#2622000000000
0!
#2622500000000
1!
b1010110111 +
b101110100 (
0'
0)
#2623000000000
0!
#2623500000000
1!
b101101110 +
b1011101001 (
1'
0*
1)
#2624000000000
0!
#2624500000000
1!
b1011011101 +
b111010011 (
0'
1*
0*
#2625000000000
0!
#2625500000000
1!
b110111010 +
b1110100111 (
1*
#2626000000000
0!
#2626500000000
1!
b1101110100 +
b1101001110 (
1'
0*
0)
#2627000000000
0!
#2627500000000
1!
b1011101000 +
b1010011100 (
1)
1*
#2628000000000
0!
#2628500000000
1!
b111010001 +
b100111001 (
0*
0)
1*
#2629000000000
0!
#2629500000000
1!
b1110100010 +
b1001110010 (
0'
0*
1*
#2630000000000
0!
#2630500000000
1!
b1101000101 +
b11100101 (
1)
0*
#2631000000000
0!
#2631500000000
1!
b1010001010 +
b111001011 (
1'
1*
#2632000000000
0!
#2632500000000
1!
b100010101 +
b1110010111 (
0'
0*
1*
#2633000000000
0!
#2633500000000
1!
b1000101011 +
b1100101111 (
1'
0*
0)
#2634000000000
0!
#2634500000000
1!
b1010111 +
b1001011111 (
1*
#2635000000000
0!
#2635500000000
1!
b10101111 +
b10111111 (
1)
0*
#2636000000000
0!
#2636500000000
1!
b101011111 +
b101111110 (
0)
1*
#2637000000000
0!
#2637500000000
1!
b1010111111 +
b1011111100 (
0*
1)
1*
#2638000000000
0!
#2638500000000
1!
b101111110 +
b111111000 (
0*
#2639000000000
0!
#2639500000000
1!
b1011111101 +
b1111110001 (
0'
1*
0*
#2640000000000
0!
#2640500000000
1!
b111111010 +
b1111100010 (
1*
#2641000000000
0!
#2641500000000
1!
b1111110100 +
b1111000101 (
0*
#2642000000000
0!
#2642500000000
1!
b1111101000 +
b1110001010 (
1'
1*
#2643000000000
0!
#2643500000000
1!
b1111010001 +
b1100010100 (
0'
0)
#2644000000000
0!
#2644500000000
1!
b1110100011 +
b1000101001 (
1'
0*
#2645000000000
0!
#2645500000000
1!
b1101000111 +
b1010010 (
0'
1*
#2646000000000
0!
#2646500000000
1!
b1010001110 +
b10100101 (
1)
0*
#2647000000000
0!
#2647500000000
1!
b100011100 +
b101001011 (
1'
1*
0)
#2648000000000
0!
#2648500000000
1!
b1000111001 +
b1010010110 (
0'
0*
1)
#2649000000000
0!
#2649500000000
1!
b1110011 +
b100101100 (
1'
1*
0)
#2650000000000
0!
#2650500000000
1!
b11100110 +
b1001011001 (
#2651000000000
0!
#2651500000000
1!
b111001101 +
b10110011 (
0'
1)
#2652000000000
0!
#2652500000000
1!
b1110011011 +
b101100111 (
0*
0)
1*
#2653000000000
0!
#2653500000000
1!
b1100110111 +
b1011001110 (
1'
1)
#2654000000000
0!
#2654500000000
1!
b1001101110 +
b110011100 (
#2655000000000
0!
#2655500000000
1!
b11011100 +
b1100111001 (
0*
0)
1*
#2656000000000
0!
#2656500000000
1!
b110111001 +
b1001110011 (
0'
0*
#2657000000000
0!
#2657500000000
1!
b1101110010 +
b11100111 (
1*
1)
0*
#2658000000000
0!
#2658500000000
1!
b1011100101 +
b111001110 (
1'
1*
#2659000000000
0!
#2659500000000
1!
b111001010 +
b1110011100 (
0*
#2660000000000
0!
#2660500000000
1!
b1110010100 +
b1100111000 (
1*
0)
0*
#2661000000000
0!
#2661500000000
1!
b1100101000 +
b1001110001 (
0'
1*
#2662000000000
0!
#2662500000000
1!
b1001010001 +
b11100010 (
1)
0*
#2663000000000
0!
#2663500000000
1!
b10100011 +
b111000101 (
1*
#2664000000000
0!
#2664500000000
1!
b101000110 +
b1110001011 (
1'
0*
#2665000000000
0!
#2665500000000
1!
b1010001101 +
b1100010110 (
0'
1*
0)
#2666000000000
0!
#2666500000000
1!
b100011010 +
b1000101100 (
1'
0*
1*
#2667000000000
0!
#2667500000000
1!
b1000110100 +
b1011001 (
0*
#2668000000000
0!
#2668500000000
1!
b1101000 +
b10110010 (
0'
1*
1)
#2669000000000
0!
#2669500000000
1!
b11010000 +
b101100101 (
0)
0*
#2670000000000
0!
#2670500000000
1!
b110100000 +
b1011001011 (
1'
1)
#2671000000000
0!
#2671500000000
1!
b1101000000 +
b110010111 (
0'
1*
0*
#2672000000000
0!
#2672500000000
1!
b1010000001 +
b1100101110 (
1'
0)
#2673000000000
0!
#2673500000000
1!
b100000011 +
b1001011101 (
1*
#2674000000000
0!
#2674500000000
1!
b1000000110 +
b10111010 (
0*
1)
1*
#2675000000000
0!
#2675500000000
1!
b1100 +
b101110101 (
0'
0*
0)
#2676000000000
0!
#2676500000000
1!
b11001 +
b1011101011 (
1'
1)
#2677000000000
0!
#2677500000000
1!
b110010 +
b111010110 (
0'
1*
#2678000000000
0!
#2678500000000
1!
b1100100 +
b1110101100 (
1'
0*
#2679000000000
0!
#2679500000000
1!
b11001001 +
b1101011001 (
0)
1*
#2680000000000
0!
#2680500000000
1!
b110010010 +
b1010110010 (
0'
1)
#2681000000000
0!
#2681500000000
1!
b1100100100 +
b101100100 (
0*
0)
1*
#2682000000000
0!
#2682500000000
1!
b1001001000 +
b1011001001 (
1'
1)
#2683000000000
0!
#2683500000000
1!
b10010001 +
b110010010 (
0'
0*
1*
#2684000000000
0!
#2684500000000
1!
b100100010 +
b1100100101 (
0)
0*
#2685000000000
0!
#2685500000000
1!
b1001000100 +
b1001001010 (
1'
1*
0*
#2686000000000
0!
#2686500000000
1!
b10001000 +
b10010100 (
0'
1*
1)
#2687000000000
0!
#2687500000000
1!
b100010000 +
b100101000 (
1'
0)
#2688000000000
0!
#2688500000000
1!
b1000100000 +
b1001010000 (
0'
0*
1*
#2689000000000
0!
#2689500000000
1!
b1000001 +
b10100001 (
0*
1)
1*
#2690000000000
0!
#2690500000000
1!
b10000010 +
b101000010 (
0)
0*
#2691000000000
0!
#2691500000000
1!
b100000100 +
b1010000100 (
1)
1*
#2692000000000
0!
#2692500000000
1!
b1000001001 +
b100001001 (
1'
0*
0)
#2693000000000
0!
#2693500000000
1!
b10011 +
b1000010011 (
0'
1*
0*
#2694000000000
0!
#2694500000000
1!
b100110 +
b100110 (
#2695000000000
0!
#2695500000000
1!
b1001101 +
b1001101 (
1'
1*
#2696000000000
0!
#2696500000000
1!
b10011011 +
b10011011 (
1)
0*
#2697000000000
0!
#2697500000000
1!
b100110110 +
b100110110 (
0'
0)
#2698000000000
0!
#2698500000000
1!
b1001101101 +
b1001101100 (
1'
1*
0*
#2699000000000
0!
#2699500000000
1!
b11011010 +
b11011001 (
1*
1)
0*
#2700000000000
0!
#2700500000000
1!
b110110100 +
b110110011 (
0'
1*
#2701000000000
0!
#2701500000000
1!
b1101101001 +
b1101100110 (
0*
0)
1*
#2702000000000
0!
#2702500000000
1!
b1011010011 +
b1011001101 (
1'
1)
#2703000000000
0!
#2703500000000
1!
b110100111 +
b110011011 (
0*
#2704000000000
0!
#2704500000000
1!
b1101001111 +
b1100110111 (
0'
1*
0)
#2705000000000
0!
#2705500000000
1!
b1010011110 +
b1001101111 (
1'
0*
#2706000000000
0!
#2706500000000
1!
b100111100 +
b11011110 (
1*
1)
0*
#2707000000000
0!
#2707500000000
1!
b1001111001 +
b110111101 (
1*
#2708000000000
0!
#2708500000000
1!
b11110011 +
b1101111010 (
0*
0)
1*
#2709000000000
0!
#2709500000000
1!
b111100110 +
b1011110100 (
0'
1)
#2710000000000
0!
#2710500000000
1!
b1111001101 +
b111101000 (
1'
0*
1*
#2711000000000
0!
#2711500000000
1!
b1110011010 +
b1111010001 (
0'
0*
#2712000000000
0!
#2712500000000
1!
b1100110101 +
b1110100011 (
#2713000000000
0!
#2713500000000
1!
b1001101010 +
b1101000111 (
0)
1*
#2714000000000
0!
#2714500000000
1!
b11010101 +
b1010001110 (
1'
0*
1)
#2715000000000
0!
#2715500000000
1!
b110101011 +
b100011100 (
0)
1*
#2716000000000
0!
#2716500000000
1!
b1101010110 +
b1000111000 (
0*
#2717000000000
0!
#2717500000000
1!
b1010101100 +
b1110000 (
0'
1*
#2718000000000
0!
#2718500000000
1!
b101011000 +
b11100001 (
0*
1)
1*
#2719000000000
0!
#2719500000000
1!
b1010110000 +
b111000010 (
0*
#2720000000000
0!
#2720500000000
1!
b101100001 +
b1110000101 (
1*
#2721000000000
0!
#2721500000000
1!
b1011000010 +
b1100001010 (
1'
0*
0)
#2722000000000
0!
#2722500000000
1!
b110000101 +
b1000010101 (
0'
1*
0*
#2723000000000
0!
#2723500000000
1!
b1100001011 +
b101010 (
1'
1*
0*
#2724000000000
0!
#2724500000000
1!
b1000010111 +
b1010100 (
0'
1*
#2725000000000
0!
#2725500000000
1!
b101110 +
b10101001 (
1'
0*
1)
#2726000000000
0!
#2726500000000
1!
b1011101 +
b101010010 (
0'
0)
#2727000000000
0!
#2727500000000
1!
b10111011 +
b1010100100 (
1)
1*
#2728000000000
0!
#2728500000000
1!
b101110110 +
b101001000 (
1'
0)
#2729000000000
0!
#2729500000000
1!
b1011101101 +
b1010010001 (
0'
0*
1)
#2730000000000
0!
#2730500000000
1!
b111011010 +
b100100010 (
1*
0)
0*
#2731000000000
0!
#2731500000000
1!
b1110110100 +
b1001000101 (
1*
#2732000000000
0!
#2732500000000
1!
b1101101000 +
b10001010 (
1'
1)
#2733000000000
0!
#2733500000000
1!
b1011010001 +
b100010100 (
0'
0)
#2734000000000
0!
#2734500000000
1!
b110100011 +
b1000101000 (
1'
0*
1*
#2735000000000
0!
#2735500000000
1!
b1101000110 +
b1010000 (
0'
0*
1*
#2736000000000
0!
#2736500000000
1!
b1010001100 +
b10100000 (
1)
0*
#2737000000000
0!
#2737500000000
1!
b100011000 +
b101000000 (
1*
0)
0*
#2738000000000
0!
#2738500000000
1!
b1000110000 +
b1010000001 (
1*
1)
0*
#2739000000000
0!
#2739500000000
1!
b1100001 +
b100000010 (
1*
0)
0*
#2740000000000
0!
#2740500000000
1!
b11000010 +
b1000000100 (
#2741000000000
0!
#2741500000000
1!
b110000100 +
b1000 (
1'
1*
#2742000000000
0!
#2742500000000
1!
b1100001001 +
b10000 (
0'
0*
1*
#2743000000000
0!
#2743500000000
1!
b1000010011 +
b100000 (
#2744000000000
0!
#2744500000000
1!
b100111 +
b1000001 (
0*
#2745000000000
0!
#2745500000000
1!
b1001111 +
b10000010 (
1)
1*
#2746000000000
0!
#2746500000000
1!
b10011111 +
b100000100 (
0)
0*
#2747000000000
0!
#2747500000000
1!
b100111111 +
b1000001000 (
1'
1*
#2748000000000
0!
#2748500000000
1!
b1001111111 +
b10001 (
0'
0*
1*
#2749000000000
0!
#2749500000000
1!
b11111110 +
b100010 (
0*
#2750000000000
0!
#2750500000000
1!
b111111101 +
b1000100 (
#2751000000000
0!
#2751500000000
1!
b1111111011 +
b10001001 (
1'
1*
1)
#2752000000000
0!
#2752500000000
1!
b1111110111 +
b100010011 (
0'
0)
#2753000000000
0!
#2753500000000
1!
b1111101110 +
b1000100110 (
#2754000000000
0!
#2754500000000
1!
b1111011100 +
b1001100 (
1'
0*
#2755000000000
0!
#2755500000000
1!
b1110111000 +
b10011001 (
1)
1*
#2756000000000
0!
#2756500000000
1!
b1101110001 +
b100110011 (
0'
0)
#2757000000000
0!
#2757500000000
1!
b1011100011 +
b1001100111 (
#2758000000000
0!
#2758500000000
1!
b111000111 +
b11001110 (
1'
0*
1)
#2759000000000
0!
#2759500000000
1!
b1110001111 +
b110011101 (
1*
#2760000000000
0!
#2760500000000
1!
b1100011110 +
b1100111011 (
0)
0*
#2761000000000
0!
#2761500000000
1!
b1000111100 +
b1001110110 (
0'
1*
#2762000000000
0!
#2762500000000
1!
b1111000 +
b11101100 (
1'
0*
1)
#2763000000000
0!
#2763500000000
1!
b11110000 +
b111011001 (
#2764000000000
0!
#2764500000000
1!
b111100000 +
b1110110010 (
0'
1*
#2765000000000
0!
#2765500000000
1!
b1111000000 +
b1101100101 (
0*
0)
1*
#2766000000000
0!
#2766500000000
1!
b1110000001 +
b1011001010 (
1'
1)
#2767000000000
0!
#2767500000000
1!
b1100000011 +
b110010101 (
0'
0*
#2768000000000
0!
#2768500000000
1!
b1000000111 +
b1100101011 (
1'
0)
#2769000000000
0!
#2769500000000
1!
b1110 +
b1001010110 (
0'
1*
0*
#2770000000000
0!
#2770500000000
1!
b11101 +
b10101101 (
1'
1)
#2771000000000
0!
#2771500000000
1!
b111011 +
b101011011 (
0)
1*
#2772000000000
0!
#2772500000000
1!
b1110110 +
b1010110110 (
0'
1)
#2773000000000
0!
#2773500000000
1!
b11101101 +
b101101101 (
1'
0)
#2774000000000
0!
#2774500000000
1!
b111011011 +
b1011011011 (
1)
0*
#2775000000000
0!
#2775500000000
1!
b1110110110 +
b110110111 (
0'
1*
0*
#2776000000000
0!
#2776500000000
1!
b1101101100 +
b1101101111 (
1'
0)
#2777000000000
0!
#2777500000000
1!
b1011011000 +
b1011011111 (
1)
1*
#2778000000000
0!
#2778500000000
1!
b110110001 +
b110111110 (
0*
#2779000000000
0!
#2779500000000
1!
b1101100010 +
b1101111101 (
1*
0)
0*
#2780000000000
0!
#2780500000000
1!
b1011000101 +
b1011111010 (
1)
1*
#2781000000000
0!
#2781500000000
1!
b110001010 +
b111110100 (
0'
0*
1*
#2782000000000
0!
#2782500000000
1!
b1100010100 +
b1111101000 (
1'
0*
1*
#2783000000000
0!
#2783500000000
1!
b1000101000 +
b1111010000 (
0'
0*
#2784000000000
0!
#2784500000000
1!
b1010001 +
b1110100001 (
1*
#2785000000000
0!
#2785500000000
1!
b10100010 +
b1101000010 (
0)
0*
#2786000000000
0!
#2786500000000
1!
b101000100 +
b1010000101 (
1)
1*
#2787000000000
0!
#2787500000000
1!
b1010001001 +
b100001011 (
1'
0*
0)
#2788000000000
0!
#2788500000000
1!
b100010011 +
b1000010110 (
0'
1*
0*
#2789000000000
0!
#2789500000000
1!
b1000100110 +
b101101 (
1'
1*
0*
#2790000000000
0!
#2790500000000
1!
b1001100 +
b1011010 (
1*
#2791000000000
0!
#2791500000000
1!
b10011001 +
b10110101 (
0'
1)
#2792000000000
0!
#2792500000000
1!
b100110010 +
b101101011 (
1'
0)
#2793000000000
0!
#2793500000000
1!
b1001100100 +
b1011010111 (
0'
0*
1)
#2794000000000
0!
#2794500000000
1!
b11001000 +
b110101110 (
1'
1*
0*
#2795000000000
0!
#2795500000000
1!
b110010000 +
b1101011101 (
0)
1*
#2796000000000
0!
#2796500000000
1!
b1100100000 +
b1010111011 (
0*
1)
1*
#2797000000000
0!
#2797500000000
1!
b1001000001 +
b101110110 (
0'
0)
#2798000000000
0!
#2798500000000
1!
b10000011 +
b1011101100 (
1'
0*
1)
#2799000000000
0!
#2799500000000
1!
b100000110 +
b111011000 (
#2800000000000
0!
#2800500000000
1!
b1000001101 +
b1110110000 (
0'
1*
0*
#2801000000000
0!
#2801500000000
1!
b11010 +
b1101100000 (
1*
0)
0*
#2802000000000
0!
#2802500000000
1!
b110100 +
b1011000001 (
1)
1*
#2803000000000
0!
#2803500000000
1!
b1101001 +
b110000010 (
#2804000000000
0!
#2804500000000
1!
b11010010 +
b1100000101 (
0)
0*
#2805000000000
0!
#2805500000000
1!
b110100100 +
b1000001011 (
1'
1*
#2806000000000
0!
#2806500000000
1!
b1101001001 +
b10110 (
0'
0*
1*
#2807000000000
0!
#2807500000000
1!
b1010010011 +
b101100 (
1'
0*
#2808000000000
0!
#2808500000000
1!
b100100111 +
b1011000 (
1*
#2809000000000
0!
#2809500000000
1!
b1001001111 +
b10110000 (
0'
0*
1)
#2810000000000
0!
#2810500000000
1!
b10011110 +
b101100000 (
1*
0)
0*
#2811000000000
0!
#2811500000000
1!
b100111101 +
b1011000000 (
1)
1*
#2812000000000
0!
#2812500000000
1!
b1001111011 +
b110000000 (
0*
#2813000000000
0!
#2813500000000
1!
b11110111 +
b1100000000 (
1*
0)
0*
#2814000000000
0!
#2814500000000
1!
b111101111 +
b1000000000 (
#2815000000000
0!
#2815500000000
1!
b1111011111 +
b1 (
1*
#2816000000000
0!
#2816500000000
1!
b1110111110 +
b10 (
#2817000000000
0!
#2817500000000
1!
b1101111100 +
b101 (
#2818000000000
0!
#2818500000000
1!
b1011111000 +
b1011 (
1'
0*
#2819000000000
0!
#2819500000000
1!
b111110001 +
b10111 (
0'
1*
0*
#2820000000000
0!
#2820500000000
1!
b1111100010 +
b101110 (
1'
1*
0*
#2821000000000
0!
#2821500000000
1!
b1111000101 +
b1011101 (
#2822000000000
0!
#2822500000000
1!
b1110001010 +
b10111011 (
1)
1*
#2823000000000
0!
#2823500000000
1!
b1100010101 +
b101110111 (
0'
0)
#2824000000000
0!
#2824500000000
1!
b1000101010 +
b1011101110 (
1'
1)
#2825000000000
0!
#2825500000000
1!
b1010101 +
b111011101 (
0*
#2826000000000
0!
#2826500000000
1!
b10101011 +
b1110111011 (
#2827000000000
0!
#2827500000000
1!
b101010110 +
b1101110111 (
0'
0)
#2828000000000
0!
#2828500000000
1!
b1010101101 +
b1011101111 (
1'
1*
1)
#2829000000000
0!
#2829500000000
1!
b101011010 +
b111011111 (
0*
#2830000000000
0!
#2830500000000
1!
b1010110100 +
b1110111110 (
1*
#2831000000000
0!
#2831500000000
1!
b101101000 +
b1101111100 (
0*
0)
1*
#2832000000000
0!
#2832500000000
1!
b1011010000 +
b1011111000 (
0*
1)
1*
#2833000000000
0!
#2833500000000
1!
b110100001 +
b111110001 (
0'
0*
1*
#2834000000000
0!
#2834500000000
1!
b1101000010 +
b1111100011 (
0*
#2835000000000
0!
#2835500000000
1!
b1010000101 +
b1111000111 (
#2836000000000
0!
#2836500000000
1!
b100001010 +
b1110001111 (
1'
1*
0*
#2837000000000
0!
#2837500000000
1!
b1000010100 +
b1100011111 (
1*
0)
0*
#2838000000000
0!
#2838500000000
1!
b101000 +
b1000111110 (
1*
#2839000000000
0!
#2839500000000
1!
b1010000 +
b1111100 (
#2840000000000
0!
#2840500000000
1!
b10100000 +
b11111000 (
1)
0*
#2841000000000
0!
#2841500000000
1!
b101000000 +
b111110000 (
0'
1*
#2842000000000
0!
#2842500000000
1!
b1010000000 +
b1111100001 (
0*
#2843000000000
0!
#2843500000000
1!
b100000001 +
b1111000010 (
1*
#2844000000000
0!
#2844500000000
1!
b1000000010 +
b1110000100 (
0*
#2845000000000
0!
#2845500000000
1!
b101 +
b1100001000 (
1'
1*
0)
#2846000000000
0!
#2846500000000
1!
b1011 +
b1000010000 (
0'
0*
#2847000000000
0!
#2847500000000
1!
b10110 +
b100001 (
#2848000000000
0!
#2848500000000
1!
b101101 +
b1000011 (
#2849000000000
0!
#2849500000000
1!
b1011011 +
b10000111 (
1)
1*
#2850000000000
0!
#2850500000000
1!
b10110110 +
b100001111 (
1'
0)
#2851000000000
0!
#2851500000000
1!
b101101101 +
b1000011111 (
#2852000000000
0!
#2852500000000
1!
b1011011011 +
b111111 (
0*
#2853000000000
0!
#2853500000000
1!
b110110111 +
b1111111 (
1*
#2854000000000
0!
#2854500000000
1!
b1101101111 +
b11111111 (
0*
1)
1*
#2855000000000
0!
#2855500000000
1!
b1011011110 +
b111111110 (
#2856000000000
0!
#2856500000000
1!
b110111100 +
b1111111101 (
0*
#2857000000000
0!
#2857500000000
1!
b1101111001 +
b1111111011 (
1*
#2858000000000
0!
#2858500000000
1!
b1011110011 +
b1111110111 (
0'
0*
#2859000000000
0!
#2859500000000
1!
b111100111 +
b1111101110 (
1'
1*
0*
#2860000000000
0!
#2860500000000
1!
b1111001111 +
b1111011100 (
1*
#2861000000000
0!
#2861500000000
1!
b1110011110 +
b1110111000 (
#2862000000000
0!
#2862500000000
1!
b1100111100 +
b1101110000 (
0'
0)
#2863000000000
0!
#2863500000000
1!
b1001111000 +
b1011100001 (
1)
0*
#2864000000000
0!
#2864500000000
1!
b11110001 +
b111000011 (
1*
#2865000000000
0!
#2865500000000
1!
b111100010 +
b1110000111 (
#2866000000000
0!
#2866500000000
1!
b1111000100 +
b1100001111 (
1'
0*
0)
#2867000000000
0!
#2867500000000
1!
b1110001000 +
b1000011110 (
#2868000000000
0!
#2868500000000
1!
b1100010001 +
b111101 (
#2869000000000
0!
#2869500000000
1!
b1000100011 +
b1111010 (
#2870000000000
0!
#2870500000000
1!
b1000111 +
b11110100 (
0'
1*
1)
#2871000000000
0!
#2871500000000
1!
b10001111 +
b111101001 (
1'
0*
#2872000000000
0!
#2872500000000
1!
b100011111 +
b1111010011 (
0'
1*
#2873000000000
0!
#2873500000000
1!
b1000111111 +
b1110100110 (
0*
#2874000000000
0!
#2874500000000
1!
b1111110 +
b1101001100 (
1'
1*
0)
#2875000000000
0!
#2875500000000
1!
b11111101 +
b1010011001 (
1)
0*
#2876000000000
0!
#2876500000000
1!
b111111011 +
b100110010 (
0'
0)
#2877000000000
0!
#2877500000000
1!
b1111110110 +
b1001100101 (
1*
#2878000000000
0!
#2878500000000
1!
b1111101100 +
b11001011 (
1'
1)
#2879000000000
0!
#2879500000000
1!
b1111011000 +
b110010110 (
0'
0*
#2880000000000
0!
#2880500000000
1!
b1110110001 +
b1100101100 (
1'
0)
#2881000000000
0!
#2881500000000
1!
b1101100011 +
b1001011000 (
#2882000000000
0!
#2882500000000
1!
b1011000111 +
b10110001 (
0'
1)
#2883000000000
0!
#2883500000000
1!
b110001110 +
b101100010 (
1*
0)
0*
#2884000000000
0!
#2884500000000
1!
b1100011101 +
b1011000101 (
1*
1)
0*
#2885000000000
0!
#2885500000000
1!
b1000111010 +
b110001011 (
1'
1*
#2886000000000
0!
#2886500000000
1!
b1110101 +
b1100010111 (
0'
0*
0)
#2887000000000
0!
#2887500000000
1!
b11101011 +
b1000101110 (
1'
1*
#2888000000000
0!
#2888500000000
1!
b111010110 +
b1011100 (
#2889000000000
0!
#2889500000000
1!
b1110101101 +
b10111001 (
0*
1)
1*
#2890000000000
0!
#2890500000000
1!
b1101011010 +
b101110010 (
0'
0)
#2891000000000
0!
#2891500000000
1!
b1010110101 +
b1011100101 (
1)
0*
#2892000000000
0!
#2892500000000
1!
b101101010 +
b111001010 (
1'
1*
0*
#2893000000000
0!
#2893500000000
1!
b1011010100 +
b1110010101 (
0'
1*
0*
#2894000000000
0!
#2894500000000
1!
b110101000 +
b1100101010 (
1'
1*
0)
#2895000000000
0!
#2895500000000
1!
b1101010000 +
b1001010100 (
0'
0*
1*
#2896000000000
0!
#2896500000000
1!
b1010100001 +
b10101000 (
1'
1)
#2897000000000
0!
#2897500000000
1!
b101000011 +
b101010000 (
0'
0*
0)
#2898000000000
0!
#2898500000000
1!
b1010000110 +
b1010100001 (
1*
1)
0*
#2899000000000
0!
#2899500000000
1!
b100001100 +
b101000011 (
1*
0)
0*
#2900000000000
0!
#2900500000000
1!
b1000011001 +
b1010000110 (
1*
1)
0*
#2901000000000
0!
#2901500000000
1!
b110011 +
b100001100 (
1'
1*
0)
#2902000000000
0!
#2902500000000
1!
b1100110 +
b1000011000 (
#2903000000000
0!
#2903500000000
1!
b11001101 +
b110001 (
0'
0*
#2904000000000
0!
#2904500000000
1!
b110011011 +
b1100011 (
#2905000000000
0!
#2905500000000
1!
b1100110110 +
b11000110 (
1*
1)
0*
#2906000000000
0!
#2906500000000
1!
b1001101100 +
b110001101 (
1'
1*
#2907000000000
0!
#2907500000000
1!
b11011000 +
b1100011011 (
0*
0)
1*
#2908000000000
0!
#2908500000000
1!
b110110000 +
b1000110111 (
0'
0*
#2909000000000
0!
#2909500000000
1!
b1101100000 +
b1101110 (
1'
1*
0*
#2910000000000
0!
#2910500000000
1!
b1011000001 +
b11011101 (
1)
1*
#2911000000000
0!
#2911500000000
1!
b110000011 +
b110111010 (
0*
#2912000000000
0!
#2912500000000
1!
b1100000110 +
b1101110100 (
0'
1*
0)
#2913000000000
0!
#2913500000000
1!
b1000001100 +
b1011101000 (
1'
1)
#2914000000000
0!
#2914500000000
1!
b11000 +
b111010001 (
0'
0*
1*
#2915000000000
0!
#2915500000000
1!
b110000 +
b1110100010 (
#2916000000000
0!
#2916500000000
1!
b1100000 +
b1101000101 (
0)
0*
#2917000000000
0!
#2917500000000
1!
b11000000 +
b1010001011 (
1'
1)
#2918000000000
0!
#2918500000000
1!
b110000000 +
b100010111 (
0'
0)
#2919000000000
0!
#2919500000000
1!
b1100000000 +
b1000101111 (
1'
1*
0*
#2920000000000
0!
#2920500000000
1!
b1000000001 +
b1011110 (
#2921000000000
0!
#2921500000000
1!
b11 +
b10111100 (
1*
1)
0*
#2922000000000
0!
#2922500000000
1!
b110 +
b101111001 (
0)
1*
#2923000000000
0!
#2923500000000
1!
b1101 +
b1011110010 (
0'
1)
#2924000000000
0!
#2924500000000
1!
b11011 +
b111100100 (
#2925000000000
0!
#2925500000000
1!
b110110 +
b1111001000 (
1'
0*
#2926000000000
0!
#2926500000000
1!
b1101101 +
b1110010001 (
0'
1*
#2927000000000
0!
#2927500000000
1!
b11011011 +
b1100100011 (
0)
0*
#2928000000000
0!
#2928500000000
1!
b110110110 +
b1001000110 (
#2929000000000
0!
#2929500000000
1!
b1101101101 +
b10001101 (
1'
1*
1)
#2930000000000
0!
#2930500000000
1!
b1011011010 +
b100011010 (
0)
0*
#2931000000000
0!
#2931500000000
1!
b110110101 +
b1000110100 (
0'
1*
0*
#2932000000000
0!
#2932500000000
1!
b1101101011 +
b1101001 (
1'
1*
0*
#2933000000000
0!
#2933500000000
1!
b1011010111 +
b11010011 (
0'
1)
#2934000000000
0!
#2934500000000
1!
b110101110 +
b110100110 (
1*
#2935000000000
0!
#2935500000000
1!
b1101011101 +
b1101001101 (
1'
0*
0)
#2936000000000
0!
#2936500000000
1!
b1010111010 +
b1010011011 (
1)
1*
#2937000000000
0!
#2937500000000
1!
b101110101 +
b100110111 (
0'
0*
0)
#2938000000000
0!
#2938500000000
1!
b1011101011 +
b1001101110 (
1'
1*
0*
#2939000000000
0!
#2939500000000
1!
b111010111 +
b11011100 (
1*
1)
0*
#2940000000000
0!
#2940500000000
1!
b1110101111 +
b110111000 (
1*
#2941000000000
0!
#2941500000000
1!
b1101011110 +
b1101110001 (
0'
0)
#2942000000000
0!
#2942500000000
1!
b1010111100 +
b1011100011 (
1)
0*
#2943000000000
0!
#2943500000000
1!
b101111000 +
b111000110 (
1*
#2944000000000
0!
#2944500000000
1!
b1011110000 +
b1110001100 (
1'
0*
1*
#2945000000000
0!
#2945500000000
1!
b111100001 +
b1100011000 (
0*
0)
1*
#2946000000000
0!
#2946500000000
1!
b1111000010 +
b1000110000 (
0'
0*
1*
#2947000000000
0!
#2947500000000
1!
b1110000101 +
b1100000 (
#2948000000000
0!
#2948500000000
1!
b1100001010 +
b11000001 (
1)
0*
#2949000000000
0!
#2949500000000
1!
b1000010101 +
b110000011 (
#2950000000000
0!
#2950500000000
1!
b101010 +
b1100000111 (
1*
0)
0*
#2951000000000
0!
#2951500000000
1!
b1010100 +
b1000001110 (
1'
1*
#2952000000000
0!
#2952500000000
1!
b10101001 +
b11101 (
#2953000000000
0!
#2953500000000
1!
b101010010 +
b111011 (
#2954000000000
0!
#2954500000000
1!
b1010100100 +
b1110110 (
0'
0*
1*
#2955000000000
0!
#2955500000000
1!
b101001000 +
b11101101 (
1'
0*
1)
#2956000000000
0!
#2956500000000
1!
b1010010000 +
b111011011 (
1*
#2957000000000
0!
#2957500000000
1!
b100100001 +
b1110110111 (
0'
0*
1*
#2958000000000
0!
#2958500000000
1!
b1001000010 +
b1101101110 (
1'
0*
0)
#2959000000000
0!
#2959500000000
1!
b10000101 +
b1011011101 (
1*
1)
0*
#2960000000000
0!
#2960500000000
1!
b100001011 +
b110111011 (
#2961000000000
0!
#2961500000000
1!
b1000010110 +
b1101110110 (
0'
1*
0)
#2962000000000
0!
#2962500000000
1!
b101100 +
b1011101101 (
1'
0*
1)
#2963000000000
0!
#2963500000000
1!
b1011001 +
b111011010 (
#2964000000000
0!
#2964500000000
1!
b10110010 +
b1110110101 (
0'
1*
#2965000000000
0!
#2965500000000
1!
b101100100 +
b1101101011 (
1'
0)
#2966000000000
0!
#2966500000000
1!
b1011001001 +
b1011010110 (
0'
0*
1)
#2967000000000
0!
#2967500000000
1!
b110010011 +
b110101100 (
1'
1*
0*
#2968000000000
0!
#2968500000000
1!
b1100100110 +
b1101011000 (
1*
0)
0*
#2969000000000
0!
#2969500000000
1!
b1001001100 +
b1010110000 (
0'
1)
#2970000000000
0!
#2970500000000
1!
b10011000 +
b101100001 (
1*
0)
0*
#2971000000000
0!
#2971500000000
1!
b100110000 +
b1011000010 (
1)
1*
#2972000000000
0!
#2972500000000
1!
b1001100000 +
b110000101 (
0*
#2973000000000
0!
#2973500000000
1!
b11000001 +
b1100001011 (
1'
1*
0)
#2974000000000
0!
#2974500000000
1!
b110000010 +
b1000010111 (
0'
0*
#2975000000000
0!
#2975500000000
1!
b1100000100 +
b101111 (
1'
1*
0*
#2976000000000
0!
#2976500000000
1!
b1000001000 +
b1011111 (
#2977000000000
0!
#2977500000000
1!
b10001 +
b10111110 (
1*
1)
0*
#2978000000000
0!
#2978500000000
1!
b100010 +
b101111100 (
0)
1*
#2979000000000
0!
#2979500000000
1!
b1000100 +
b1011111001 (
1)
0*
#2980000000000
0!
#2980500000000
1!
b10001001 +
b111110011 (
0'
1*
#2981000000000
0!
#2981500000000
1!
b100010010 +
b1111100110 (
#2982000000000
0!
#2982500000000
1!
b1000100100 +
b1111001100 (
1'
0*
1*
#2983000000000
0!
#2983500000000
1!
b1001000 +
b1110011000 (
0*
#2984000000000
0!
#2984500000000
1!
b10010000 +
b1100110001 (
0'
0)
#2985000000000
0!
#2985500000000
1!
b100100000 +
b1001100011 (
#2986000000000
0!
#2986500000000
1!
b1001000000 +
b11000111 (
1*
1)
0*
#2987000000000
0!
#2987500000000
1!
b10000001 +
b110001111 (
1'
1*
0*
#2988000000000
0!
#2988500000000
1!
b100000010 +
b1100011110 (
0)
1*
#2989000000000
0!
#2989500000000
1!
b1000000100 +
b1000111100 (
0*
#2990000000000
0!
#2990500000000
1!
b1000 +
b1111001 (
1*
#2991000000000
0!
#2991500000000
1!
b10000 +
b11110011 (
0'
1)
#2992000000000
0!
#2992500000000
1!
b100000 +
b111100111 (
#2993000000000
0!
#2993500000000
1!
b1000000 +
b1111001111 (
1'
0*
#2994000000000
0!
#2994500000000
1!
b10000000 +
b1110011111 (
#2995000000000
0!
#2995500000000
1!
b100000000 +
b1100111111 (
0)
1*
#2996000000000
0!
#2996500000000
1!
b1000000000 +
b1001111111 (
0*
#2997000000000
0!
#2997500000000
1!
b1 +
b11111110 (
1*
1)
0*
#2998000000000
0!
#2998500000000
1!
b10 +
b111111100 (
#2999000000000
0!
#2999500000000
1!
b100 +
b1111111000 (
#3000000000000
0!
#3000500000000
1!
b1001 +
b1111110000 (
0'
1*
#3001000000000
0!
#3001500000000
1!
b10010 +
b1111100000 (
#3002000000000
0!
#3002500000000
1!
b100100 +
b1111000000 (
#3003000000000
0!
#3003500000000
1!
b1001001 +
b1110000001 (
#3004000000000
0!
#3004500000000
1!
b10010010 +
b1100000011 (
0)
0*
#3005000000000
0!
#3005500000000
1!
b100100100 +
b1000000111 (
#3006000000000
0!
#3006500000000
1!
b1001001001 +
b1111 (
1'
1*
0*
#3007000000000
0!
#3007500000000
1!
b10010011 +
b11110 (
1*
#3008000000000
0!
#3008500000000
1!
b100100110 +
b111100 (
#3009000000000
0!
#3009500000000
1!
b1001001101 +
b1111000 (
0*
#3010000000000
0!
#3010500000000
1!
b10011010 +
b11110001 (
0'
1*
1)
#3011000000000
0!
#3011500000000
1!
b100110100 +
b111100010 (
#3012000000000
0!
#3012500000000
1!
b1001101001 +
b1111000100 (
0*
#3013000000000
0!
#3013500000000
1!
b11010011 +
b1110001000 (
1'
1*
0*
#3014000000000
0!
#3014500000000
1!
b110100110 +
b1100010001 (
0'
0)
#3015000000000
0!
#3015500000000
1!
b1101001101 +
b1000100010 (
1*
#3016000000000
0!
#3016500000000
1!
b1010011010 +
b1000101 (
#3017000000000
0!
#3017500000000
1!
b100110101 +
b10001011 (
1'
0*
1)
#3018000000000
0!
#3018500000000
1!
b1001101011 +
b100010110 (
0'
1*
0)
#3019000000000
0!
#3019500000000
1!
b11010111 +
b1000101101 (
1'
0*
1*
#3020000000000
0!
#3020500000000
1!
b110101111 +
b1011011 (
#3021000000000
0!
#3021500000000
1!
b1101011111 +
b10110111 (
0'
0*
1)
#3022000000000
0!
#3022500000000
1!
b1010111110 +
b101101110 (
1'
0)
#3023000000000
0!
#3023500000000
1!
b101111100 +
b1011011100 (
1*
1)
0*
#3024000000000
0!
#3024500000000
1!
b1011111001 +
b110111001 (
1*
#3025000000000
0!
#3025500000000
1!
b111110011 +
b1101110011 (
0'
0*
0)
#3026000000000
0!
#3026500000000
1!
b1111100110 +
b1011100110 (
1*
1)
0*
#3027000000000
0!
#3027500000000
1!
b1111001100 +
b111001101 (
1'
1*
#3028000000000
0!
#3028500000000
1!
b1110011000 +
b1110011011 (
#3029000000000
0!
#3029500000000
1!
b1100110001 +
b1100110110 (
0'
0)
#3030000000000
0!
#3030500000000
1!
b1001100011 +
b1001101101 (
1'
0*
#3031000000000
0!
#3031500000000
1!
b11000111 +
b11011011 (
1*
1)
0*
#3032000000000
0!
#3032500000000
1!
b110001111 +
b110110110 (
0'
1*
#3033000000000
0!
#3033500000000
1!
b1100011111 +
b1101101101 (
1'
0*
0)
#3034000000000
0!
#3034500000000
1!
b1000111110 +
b1011011010 (
1)
1*
#3035000000000
0!
#3035500000000
1!
b1111100 +
b110110101 (
0'
0*
1*
#3036000000000
0!
#3036500000000
1!
b11111001 +
b1101101010 (
1'
0)
#3037000000000
0!
#3037500000000
1!
b111110010 +
b1011010100 (
0'
1)
#3038000000000
0!
#3038500000000
1!
b1111100100 +
b110101001 (
1'
0*
1*
#3039000000000
0!
#3039500000000
1!
b1111001000 +
b1101010011 (
0'
0)
#3040000000000
0!
#3040500000000
1!
b1110010001 +
b1010100111 (
1)
0*
#3041000000000
0!
#3041500000000
1!
b1100100011 +
b101001111 (
1'
0)
#3042000000000
0!
#3042500000000
1!
b1001000111 +
b1010011111 (
1)
1*
#3043000000000
0!
#3043500000000
1!
b10001110 +
b100111110 (
0*
0)
1*
#3044000000000
0!
#3044500000000
1!
b100011101 +
b1001111100 (
#3045000000000
0!
#3045500000000
1!
b1000111011 +
b11111001 (
0*
1)
1*
#3046000000000
0!
#3046500000000
1!
b1110111 +
b111110010 (
0'
0*
1*
#3047000000000
0!
#3047500000000
1!
b11101111 +
b1111100100 (
#3048000000000
0!
#3048500000000
1!
b111011111 +
b1111001001 (
1'
0*
#3049000000000
0!
#3049500000000
1!
b1110111111 +
b1110010011 (
0'
1*
0*
#3050000000000
0!
#3050500000000
1!
b1101111110 +
b1100100110 (
0)
1*
#3051000000000
0!
#3051500000000
1!
b1011111100 +
b1001001101 (
1'
0*
#3052000000000
0!
#3052500000000
1!
b111111000 +
b10011010 (
1*
1)
0*
#3053000000000
0!
#3053500000000
1!
b1111110000 +
b100110100 (
0'
1*
0)
#3054000000000
0!
#3054500000000
1!
b1111100001 +
b1001101001 (
1'
0*
#3055000000000
0!
#3055500000000
1!
b1111000011 +
b11010010 (
0'
1)
#3056000000000
0!
#3056500000000
1!
b1110000111 +
b110100100 (
#3057000000000
0!
#3057500000000
1!
b1100001110 +
b1101001000 (
1'
0)
#3058000000000
0!
#3058500000000
1!
b1000011100 +
b1010010000 (
0'
1)
#3059000000000
0!
#3059500000000
1!
b111000 +
b100100000 (
1*
0)
0*
#3060000000000
0!
#3060500000000
1!
b1110000 +
b1001000000 (
#3061000000000
0!
#3061500000000
1!
b11100000 +
b10000001 (
1)
1*
#3062000000000
0!
#3062500000000
1!
b111000000 +
b100000011 (
0)
0*
#3063000000000
0!
#3063500000000
1!
b1110000000 +
b1000000110 (
1*
#3064000000000
0!
#3064500000000
1!
b1100000001 +
b1101 (
1'
0*
#3065000000000
0!
#3065500000000
1!
b1000000011 +
b11011 (
#3066000000000
0!
#3066500000000
1!
b111 +
b110111 (
0'
1*
0*
#3067000000000
0!
#3067500000000
1!
b1111 +
b1101111 (
1'
1*
#3068000000000
0!
#3068500000000
1!
b11111 +
b11011111 (
1)
0*
#3069000000000
0!
#3069500000000
1!
b111111 +
b110111111 (
#3070000000000
0!
#3070500000000
1!
b1111111 +
b1101111111 (
0)
1*
#3071000000000
0!
#3071500000000
1!
b11111111 +
b1011111111 (
1)
0*
#3072000000000
0!
#3072500000000
1!
b111111111 +
b111111111 (
#3073000000000
0!
#3073500000000
1!
b1111111111 +
b1111111111 (
1*
#3074000000000
0!
#3074500000000
1!
b1111111110 +
b1111111110 (
b101 $
b100 #
b1 %
b1001 &
0'
0*
1,
#3075000000000
0!
#3075500000000
1!
b1111111111 +
b1111111111 (
1'
1*
0,
#3076000000000
0!
#3076500000000
1!
b1111111110 +
b1111111110 (
0'
0*
#3077000000000
0!
#3077500000000
1!
b1111111100 +
b1111111100 (
#3078000000000
0!
#3078500000000
1!
b1111111000 +
b1111111001 (
1'
1*
#3079000000000
0!
#3079500000000
1!
b1111110001 +
b1111110010 (
0'
0*
#3080000000000
0!
#3080500000000
1!
b1111100011 +
b1111100101 (
1'
1*
#3081000000000
0!
#3081500000000
1!
b1111000111 +
b1111001011 (
#3082000000000
0!
#3082500000000
1!
b1110001110 +
b1110010110 (
0'
0*
#3083000000000
0!
#3083500000000
1!
b1100011100 +
b1100101101 (
1'
1*
#3084000000000
0!
#3084500000000
1!
b1000111000 +
b1001011010 (
0'
0)
#3085000000000
0!
#3085500000000
1!
b1110001 +
b10110100 (
0*
#3086000000000
0!
#3086500000000
1!
b11100010 +
b101101001 (
1'
1)
#3087000000000
0!
#3087500000000
1!
b111000100 +
b1011010010 (
0'
0)
#3088000000000
0!
#3088500000000
1!
b1110001001 +
b110100101 (
1'
1*
1)
#3089000000000
0!
#3089500000000
1!
b1100010011 +
b1101001010 (
0'
0*
#3090000000000
0!
#3090500000000
1!
b1000100111 +
b1010010101 (
1'
0)
#3091000000000
0!
#3091500000000
1!
b1001110 +
b100101011 (
1*
1)
0*
#3092000000000
0!
#3092500000000
1!
b10011101 +
b1001010111 (
0)
1*
#3093000000000
0!
#3093500000000
1!
b100111011 +
b10101111 (
#3094000000000
0!
#3094500000000
1!
b1001110110 +
b101011110 (
0'
0*
1)
#3095000000000
0!
#3095500000000
1!
b11101100 +
b1010111101 (
1'
1*
0)
#3096000000000
0!
#3096500000000
1!
b111011001 +
b101111010 (
0'
1)
#3097000000000
0!
#3097500000000
1!
b1110110010 +
b1011110101 (
1'
0*
0)
#3098000000000
0!
#3098500000000
1!
b1101100101 +
b111101010 (
0'
1)
#3099000000000
0!
#3099500000000
1!
b1011001010 +
b1111010100 (
#3100000000000
0!
#3100500000000
1!
b110010101 +
b1110101000 (
1*
#3101000000000
0!
#3101500000000
1!
b1100101011 +
b1101010000 (
0*
#3102000000000
0!
#3102500000000
1!
b1001010111 +
b1010100000 (
0)
1*
#3103000000000
0!
#3103500000000
1!
b10101110 +
b101000001 (
1'
0*
1)
#3104000000000
0!
#3104500000000
1!
b101011101 +
b1010000011 (
0)
1*
#3105000000000
0!
#3105500000000
1!
b1010111011 +
b100000111 (
0*
1)
1*
#3106000000000
0!
#3106500000000
1!
b101110111 +
b1000001111 (
0*
0)
1*
#3107000000000
0!
#3107500000000
1!
b1011101111 +
b11111 (
0*
#3108000000000
0!
#3108500000000
1!
b111011110 +
b111110 (
0'
1*
0*
#3109000000000
0!
#3109500000000
1!
b1110111101 +
b1111101 (
1'
1*
0*
#3110000000000
0!
#3110500000000
1!
b1101111010 +
b11111010 (
0'
1*
#3111000000000
0!
#3111500000000
1!
b1011110101 +
b111110101 (
1'
1)
#3112000000000
0!
#3112500000000
1!
b111101010 +
b1111101010 (
0'
0*
1*
#3113000000000
0!
#3113500000000
1!
b1111010100 +
b1111010101 (
1'
0*
1*
#3114000000000
0!
#3114500000000
1!
b1110101000 +
b1110101010 (
0'
0*
#3115000000000
0!
#3115500000000
1!
b1101010001 +
b1101010101 (
1'
1*
#3116000000000
0!
#3116500000000
1!
b1010100011 +
b1010101011 (
0)
0*
#3117000000000
0!
#3117500000000
1!
b101000111 +
b101010110 (
0'
1*
1)
#3118000000000
0!
#3118500000000
1!
b1010001111 +
b1010101101 (
1'
0*
0)
#3119000000000
0!
#3119500000000
1!
b100011110 +
b101011010 (
0'
1*
1)
#3120000000000
0!
#3120500000000
1!
b1000111101 +
b1010110100 (
0*
0)
1*
#3121000000000
0!
#3121500000000
1!
b1111010 +
b101101000 (
0*
1)
1*
#3122000000000
0!
#3122500000000
1!
b11110100 +
b1011010000 (
0)
0*
#3123000000000
0!
#3123500000000
1!
b111101001 +
b110100000 (
1)
1*
#3124000000000
0!
#3124500000000
1!
b1111010010 +
b1101000001 (
1'
0*
1*
#3125000000000
0!
#3125500000000
1!
b1110100101 +
b1010000010 (
0'
0)
#3126000000000
0!
#3126500000000
1!
b1101001010 +
b100000101 (
1'
1)
#3127000000000
0!
#3127500000000
1!
b1010010101 +
b1000001010 (
0'
0)
#3128000000000
0!
#3128500000000
1!
b100101010 +
b10100 (
0*
#3129000000000
0!
#3129500000000
1!
b1001010100 +
b101001 (
1'
1*
0*
#3130000000000
0!
#3130500000000
1!
b10101000 +
b1010011 (
1*
#3131000000000
0!
#3131500000000
1!
b101010000 +
b10100111 (
#3132000000000
0!
#3132500000000
1!
b1010100000 +
b101001110 (
0'
0*
1)
#3133000000000
0!
#3133500000000
1!
b101000001 +
b1010011101 (
1'
1*
0)
#3134000000000
0!
#3134500000000
1!
b1010000010 +
b100111011 (
0*
1)
1*
#3135000000000
0!
#3135500000000
1!
b100000101 +
b1001110111 (
0*
0)
1*
#3136000000000
0!
#3136500000000
1!
b1000001011 +
b11101110 (
0'
0*
1*
#3137000000000
0!
#3137500000000
1!
b10111 +
b111011100 (
0*
1)
1*
#3138000000000
0!
#3138500000000
1!
b101111 +
b1110111001 (
1'
0*
#3139000000000
0!
#3139500000000
1!
b1011111 +
b1101110010 (
0'
1*
#3140000000000
0!
#3140500000000
1!
b10111111 +
b1011100100 (
0)
0*
#3141000000000
0!
#3141500000000
1!
b101111111 +
b111001000 (
1)
1*
#3142000000000
0!
#3142500000000
1!
b1011111111 +
b1110010000 (
0*
#3143000000000
0!
#3143500000000
1!
b111111110 +
b1100100001 (
1'
1*
0*
#3144000000000
0!
#3144500000000
1!
b1111111101 +
b1001000011 (
1*
0)
0*
#3145000000000
0!
#3145500000000
1!
b1111111010 +
b10000110 (
0'
1*
#3146000000000
0!
#3146500000000
1!
b1111110101 +
b100001101 (
1'
1)
#3147000000000
0!
#3147500000000
1!
b1111101010 +
b1000011010 (
0'
0)
#3148000000000
0!
#3148500000000
1!
b1111010101 +
b110100 (
#3149000000000
0!
#3149500000000
1!
b1110101010 +
b1101000 (
#3150000000000
0!
#3150500000000
1!
b1101010101 +
b11010001 (
1'
0*
#3151000000000
0!
#3151500000000
1!
b1010101010 +
b110100011 (
1)
1*
#3152000000000
0!
#3152500000000
1!
b101010101 +
b1101000110 (
0'
0*
1*
#3153000000000
0!
#3153500000000
1!
b1010101011 +
b1010001100 (
0*
0)
1*
#3154000000000
0!
#3154500000000
1!
b101010111 +
b100011001 (
1'
0*
1)
#3155000000000
0!
#3155500000000
1!
b1010101111 +
b1000110011 (
1*
0)
0*
#3156000000000
0!
#3156500000000
1!
b101011110 +
b1100111 (
1*
#3157000000000
0!
#3157500000000
1!
b1010111101 +
b11001111 (
0*
#3158000000000
0!
#3158500000000
1!
b101111010 +
b110011111 (
1*
1)
0*
#3159000000000
0!
#3159500000000
1!
b1011110100 +
b1100111110 (
0'
1*
0*
#3160000000000
0!
#3160500000000
1!
b111101000 +
b1001111101 (
1'
1*
0)
#3161000000000
0!
#3161500000000
1!
b1111010000 +
b11111011 (
0*
#3162000000000
0!
#3162500000000
1!
b1110100001 +
b111110111 (
1)
1*
#3163000000000
0!
#3163500000000
1!
b1101000011 +
b1111101111 (
#3164000000000
0!
#3164500000000
1!
b1010000111 +
b1111011110 (
0'
0*
#3165000000000
0!
#3165500000000
1!
b100001110 +
b1110111101 (
1'
1*
0*
#3166000000000
0!
#3166500000000
1!
b1000011101 +
b1101111011 (
1*
#3167000000000
0!
#3167500000000
1!
b111010 +
b1011110110 (
0'
0*
0)
#3168000000000
0!
#3168500000000
1!
b1110100 +
b111101101 (
1'
1)
#3169000000000
0!
#3169500000000
1!
b11101001 +
b1111011010 (
0'
1*
#3170000000000
0!
#3170500000000
1!
b111010010 +
b1110110100 (
#3171000000000
0!
#3171500000000
1!
b1110100100 +
b1101101001 (
1'
0*
1*
#3172000000000
0!
#3172500000000
1!
b1101001000 +
b1011010011 (
0)
0*
#3173000000000
0!
#3173500000000
1!
b1010010001 +
b110100111 (
1)
1*
#3174000000000
0!
#3174500000000
1!
b100100011 +
b1101001111 (
0*
#3175000000000
0!
#3175500000000
1!
b1001000110 +
b1010011110 (
0'
1*
0)
#3176000000000
0!
#3176500000000
1!
b10001100 +
b100111100 (
0*
1)
1*
#3177000000000
0!
#3177500000000
1!
b100011001 +
b1001111001 (
1'
0)
#3178000000000
0!
#3178500000000
1!
b1000110010 +
b11110010 (
0'
0*
1*
#3179000000000
0!
#3179500000000
1!
b1100101 +
b111100101 (
1'
0*
1)
#3180000000000
0!
#3180500000000
1!
b11001011 +
b1111001010 (
0'
1*
#3181000000000
0!
#3181500000000
1!
b110010110 +
b1110010100 (
#3182000000000
0!
#3182500000000
1!
b1100101101 +
b1100101000 (
0*
#3183000000000
0!
#3183500000000
1!
b1001011010 +
b1001010001 (
1'
0)
#3184000000000
0!
#3184500000000
1!
b10110101 +
b10100011 (
1*
#3185000000000
0!
#3185500000000
1!
b101101011 +
b101000111 (
1)
0*
#3186000000000
0!
#3186500000000
1!
b1011010110 +
b1010001111 (
1*
0)
0*
#3187000000000
0!
#3187500000000
1!
b110101100 +
b100011110 (
0'
1*
1)
#3188000000000
0!
#3188500000000
1!
b1101011001 +
b1000111101 (
1'
0*
0)
#3189000000000
0!
#3189500000000
1!
b1010110011 +
b1111011 (
#3190000000000
0!
#3190500000000
1!
b101100111 +
b11110110 (
0'
1*
0*
#3191000000000
0!
#3191500000000
1!
b1011001111 +
b111101100 (
1*
1)
0*
#3192000000000
0!
#3192500000000
1!
b110011110 +
b1111011000 (
1*
#3193000000000
0!
#3193500000000
1!
b1100111101 +
b1110110001 (
1'
0*
1*
#3194000000000
0!
#3194500000000
1!
b1001111010 +
b1101100010 (
0'
0*
#3195000000000
0!
#3195500000000
1!
b11110101 +
b1011000100 (
1*
0)
0*
#3196000000000
0!
#3196500000000
1!
b111101011 +
b110001001 (
1'
1)
#3197000000000
0!
#3197500000000
1!
b1111010110 +
b1100010010 (
0'
1*
0*
#3198000000000
0!
#3198500000000
1!
b1110101100 +
b1000100101 (
1'
0)
#3199000000000
0!
#3199500000000
1!
b1101011000 +
b1001011 (
#3200000000000
0!
#3200500000000
1!
b1010110001 +
b10010111 (
#3201000000000
0!
#3201500000000
1!
b101100011 +
b100101111 (
1*
1)
0*
#3202000000000
0!
#3202500000000
1!
b1011000110 +
b1001011110 (
0'
1*
0)
#3203000000000
0!
#3203500000000
1!
b110001100 +
b10111101 (
1'
0*
1*
#3204000000000
0!
#3204500000000
1!
b1100011001 +
b101111011 (
0*
1)
1*
#3205000000000
0!
#3205500000000
1!
b1000110011 +
b1011110111 (
0)
0*
#3206000000000
0!
#3206500000000
1!
b1100111 +
b111101111 (
1*
1)
0*
#3207000000000
0!
#3207500000000
1!
b11001111 +
b1111011111 (
#3208000000000
0!
#3208500000000
1!
b110011111 +
b1110111111 (
#3209000000000
0!
#3209500000000
1!
b1100111111 +
b1101111110 (
0'
1*
0*
#3210000000000
0!
#3210500000000
1!
b1001111110 +
b1011111101 (
1'
0)
#3211000000000
0!
#3211500000000
1!
b11111100 +
b111111010 (
0'
1*
1)
#3212000000000
0!
#3212500000000
1!
b111111001 +
b1111110100 (
#3213000000000
0!
#3213500000000
1!
b1111110010 +
b1111101001 (
1'
0*
1*
#3214000000000
0!
#3214500000000
1!
b1111100101 +
b1111010010 (
0'
0*
#3215000000000
0!
#3215500000000
1!
b1111001010 +
b1110100100 (
#3216000000000
0!
#3216500000000
1!
b1110010101 +
b1101001001 (
1'
1*
#3217000000000
0!
#3217500000000
1!
b1100101010 +
b1010010010 (
0'
0)
#3218000000000
0!
#3218500000000
1!
b1001010101 +
b100100101 (
1'
1)
#3219000000000
0!
#3219500000000
1!
b10101010 +
b1001001011 (
0*
0)
1*
#3220000000000
0!
#3220500000000
1!
b101010100 +
b10010110 (
0'
0*
#3221000000000
0!
#3221500000000
1!
b1010101001 +
b100101101 (
1'
1*
1)
#3222000000000
0!
#3222500000000
1!
b101010011 +
b1001011011 (
0*
0)
1*
#3223000000000
0!
#3223500000000
1!
b1010100110 +
b10110110 (
0'
0*
1*
#3224000000000
0!
#3224500000000
1!
b101001100 +
b101101100 (
0*
1)
1*
#3225000000000
0!
#3225500000000
1!
b1010011001 +
b1011011001 (
1'
0*
0)
#3226000000000
0!
#3226500000000
1!
b100110011 +
b110110010 (
0'
1*
1)
#3227000000000
0!
#3227500000000
1!
b1001100110 +
b1101100100 (
0*
#3228000000000
0!
#3228500000000
1!
b11001100 +
b1011001000 (
1*
0)
0*
#3229000000000
0!
#3229500000000
1!
b110011001 +
b110010000 (
1)
1*
#3230000000000
0!
#3230500000000
1!
b1100110010 +
b1100100000 (
0*
#3231000000000
0!
#3231500000000
1!
b1001100101 +
b1001000001 (
1'
0)
#3232000000000
0!
#3232500000000
1!
b11001010 +
b10000011 (
1*
#3233000000000
0!
#3233500000000
1!
b110010100 +
b100000110 (
0'
1)
#3234000000000
0!
#3234500000000
1!
b1100101001 +
b1000001101 (
1'
0*
0)
#3235000000000
0!
#3235500000000
1!
b1001010011 +
b11010 (
0'
1*
#3236000000000
0!
#3236500000000
1!
b10100111 +
b110101 (
1'
0*
1*
#3237000000000
0!
#3237500000000
1!
b101001111 +
b1101010 (
0'
0*
#3238000000000
0!
#3238500000000
1!
b1010011111 +
b11010100 (
1*
#3239000000000
0!
#3239500000000
1!
b100111110 +
b110101000 (
0*
1)
1*
#3240000000000
0!
#3240500000000
1!
b1001111101 +
b1101010001 (
1'
0*
1*
#3241000000000
0!
#3241500000000
1!
b11111010 +
b1010100010 (
0'
0*
0)
#3242000000000
0!
#3242500000000
1!
b111110100 +
b101000100 (
1)
1*
#3243000000000
0!
#3243500000000
1!
b1111101001 +
b1010001000 (
0*
0)
1*
#3244000000000
0!
#3244500000000
1!
b1111010011 +
b100010000 (
1)
0*
#3245000000000
0!
#3245500000000
1!
b1110100111 +
b1000100001 (
1'
0)
#3246000000000
0!
#3246500000000
1!
b1101001110 +
b1000010 (
0'
1*
#3247000000000
0!
#3247500000000
1!
b1010011100 +
b10000101 (
1'
0*
#3248000000000
0!
#3248500000000
1!
b100111000 +
b100001010 (
0'
1*
1)
#3249000000000
0!
#3249500000000
1!
b1001110000 +
b1000010100 (
0*
0)
1*
#3250000000000
0!
#3250500000000
1!
b11100001 +
b101000 (
0*
#3251000000000
0!
#3251500000000
1!
b111000010 +
b1010001 (
1'
1*
#3252000000000
0!
#3252500000000
1!
b1110000100 +
b10100010 (
0'
0*
1*
#3253000000000
0!
#3253500000000
1!
b1100001000 +
b101000101 (
1'
1)
#3254000000000
0!
#3254500000000
1!
b1000010001 +
b1010001010 (
0'
0)
#3255000000000
0!
#3255500000000
1!
b100011 +
b100010101 (
1'
0*
1)
#3256000000000
0!
#3256500000000
1!
b1000110 +
b1000101010 (
0'
0)
#3257000000000
0!
#3257500000000
1!
b10001101 +
b1010101 (
1'
1*
#3258000000000
0!
#3258500000000
1!
b100011011 +
b10101011 (
#3259000000000
0!
#3259500000000
1!
b1000110110 +
b101010111 (
0*
1)
1*
#3260000000000
0!
#3260500000000
1!
b1101100 +
b1010101111 (
0*
0)
1*
#3261000000000
0!
#3261500000000
1!
b11011001 +
b101011111 (
1)
0*
#3262000000000
0!
#3262500000000
1!
b110110010 +
b1010111111 (
0)
1*
#3263000000000
0!
#3263500000000
1!
b1101100100 +
b101111111 (
0*
1)
1*
#3264000000000
0!
#3264500000000
1!
b1011001000 +
b1011111110 (
0'
0)
#3265000000000
0!
#3265500000000
1!
b110010001 +
b111111101 (
1'
0*
1)
#3266000000000
0!
#3266500000000
1!
b1100100010 +
b1111111010 (
0'
1*
0*
#3267000000000
0!
#3267500000000
1!
b1001000101 +
b1111110101 (
1'
1*
#3268000000000
0!
#3268500000000
1!
b10001010 +
b1111101011 (
0*
#3269000000000
0!
#3269500000000
1!
b100010100 +
b1111010111 (
#3270000000000
0!
#3270500000000
1!
b1000101001 +
b1110101111 (
1*
#3271000000000
0!
#3271500000000
1!
b1010011 +
b1101011110 (
0'
0*
1*
#3272000000000
0!
#3272500000000
1!
b10100110 +
b1010111100 (
0)
0*
#3273000000000
0!
#3273500000000
1!
b101001101 +
b101111000 (
1)
1*
#3274000000000
0!
#3274500000000
1!
b1010011011 +
b1011110000 (
0*
0)
1*
#3275000000000
0!
#3275500000000
1!
b100110111 +
b111100001 (
1'
0*
1)
#3276000000000
0!
#3276500000000
1!
b1001101111 +
b1111000011 (
1*
#3277000000000
0!
#3277500000000
1!
b11011110 +
b1110000110 (
0'
0*
1*
#3278000000000
0!
#3278500000000
1!
b110111101 +
b1100001101 (
1'
0*
#3279000000000
0!
#3279500000000
1!
b1101111011 +
b1000011011 (
1*
0)
0*
#3280000000000
0!
#3280500000000
1!
b1011110111 +
b110110 (
0'
1*
#3281000000000
0!
#3281500000000
1!
b111101110 +
b1101101 (
1'
0*
1*
#3282000000000
0!
#3282500000000
1!
b1111011101 +
b11011010 (
0'
0*
1*
#3283000000000
0!
#3283500000000
1!
b1110111010 +
b110110100 (
1)
0*
#3284000000000
0!
#3284500000000
1!
b1101110101 +
b1101101000 (
#3285000000000
0!
#3285500000000
1!
b1011101010 +
b1011010001 (
1'
0)
#3286000000000
0!
#3286500000000
1!
b111010101 +
b110100010 (
0'
1*
1)
#3287000000000
0!
#3287500000000
1!
b1110101011 +
b1101000100 (
0*
#3288000000000
0!
#3288500000000
1!
b1101010111 +
b1010001001 (
1'
0)
#3289000000000
0!
#3289500000000
1!
b1010101110 +
b100010010 (
0'
1)
#3290000000000
0!
#3290500000000
1!
b101011100 +
b1000100100 (
1*
0)
0*
#3291000000000
0!
#3291500000000
1!
b1010111001 +
b1001001 (
1'
1*
0*
#3292000000000
0!
#3292500000000
1!
b101110011 +
b10010010 (
0'
1*
0*
#3293000000000
0!
#3293500000000
1!
b1011100110 +
b100100100 (
1*
1)
0*
#3294000000000
0!
#3294500000000
1!
b111001100 +
b1001001001 (
1'
1*
0)
#3295000000000
0!
#3295500000000
1!
b1110011001 +
b10010011 (
0*
#3296000000000
0!
#3296500000000
1!
b1100110011 +
b100100110 (
0'
1)
#3297000000000
0!
#3297500000000
1!
b1001100111 +
b1001001100 (
0)
1*
#3298000000000
0!
#3298500000000
1!
b11001110 +
b10011000 (
0*
#3299000000000
0!
#3299500000000
1!
b110011101 +
b100110001 (
1'
1)
#3300000000000
0!
#3300500000000
1!
b1100111011 +
b1001100010 (
0'
1*
0)
#3301000000000
0!
#3301500000000
1!
b1001110111 +
b11000101 (
1'
0*
#3302000000000
0!
#3302500000000
1!
b11101110 +
b110001010 (
0'
1*
1)
#3303000000000
0!
#3303500000000
1!
b111011101 +
b1100010101 (
1'
0*
#3304000000000
0!
#3304500000000
1!
b1110111011 +
b1000101011 (
1*
0)
0*
#3305000000000
0!
#3305500000000
1!
b1101110111 +
b1010111 (
#3306000000000
0!
#3306500000000
1!
b1011101110 +
b10101110 (
0'
1*
#3307000000000
0!
#3307500000000
1!
b111011100 +
b101011100 (
0*
1)
1*
#3308000000000
0!
#3308500000000
1!
b1110111001 +
b1010111000 (
0*
0)
1*
#3309000000000
0!
#3309500000000
1!
b1101110011 +
b101110001 (
1'
1)
#3310000000000
0!
#3310500000000
1!
b1011100111 +
b1011100010 (
0'
0)
#3311000000000
0!
#3311500000000
1!
b111001110 +
b111000100 (
0*
1)
1*
#3312000000000
0!
#3312500000000
1!
b1110011101 +
b1110001001 (
1'
0*
1*
#3313000000000
0!
#3313500000000
1!
b1100111010 +
b1100010011 (
#3314000000000
0!
#3314500000000
1!
b1001110101 +
b1000100111 (
0)
0*
#3315000000000
0!
#3315500000000
1!
b11101010 +
b1001110 (
0'
1*
0*
#3316000000000
0!
#3316500000000
1!
b111010100 +
b10011100 (
#3317000000000
0!
#3317500000000
1!
b1110101001 +
b100111000 (
1*
1)
0*
#3318000000000
0!
#3318500000000
1!
b1101010011 +
b1001110000 (
0)
1*
#3319000000000
0!
#3319500000000
1!
b1010100111 +
b11100000 (
#3320000000000
0!
#3320500000000
1!
b101001110 +
b111000000 (
0*
1)
1*
#3321000000000
0!
#3321500000000
1!
b1010011101 +
b1110000000 (
0*
#3322000000000
0!
#3322500000000
1!
b100111010 +
b1100000001 (
1'
1*
0*
#3323000000000
0!
#3323500000000
1!
b1001110100 +
b1000000010 (
0'
1*
0)
#3324000000000
0!
#3324500000000
1!
b11101000 +
b100 (
0*
#3325000000000
0!
#3325500000000
1!
b111010000 +
b1001 (
1'
1*
#3326000000000
0!
#3326500000000
1!
b1110100000 +
b10010 (
0'
0*
1*
#3327000000000
0!
#3327500000000
1!
b1101000001 +
b100101 (
1'
0*
#3328000000000
0!
#3328500000000
1!
b1010000011 +
b1001010 (
0'
1*
#3329000000000
0!
#3329500000000
1!
b100000111 +
b10010101 (
1'
0*
1*
#3330000000000
0!
#3330500000000
1!
b1000001111 +
b100101010 (
0'
0*
1)
#3331000000000
0!
#3331500000000
1!
b11110 +
b1001010101 (
1'
1*
0)
#3332000000000
0!
#3332500000000
1!
b111101 +
b10101010 (
0'
0*
#3333000000000
0!
#3333500000000
1!
b1111011 +
b101010101 (
1'
1)
#3334000000000
0!
#3334500000000
1!
b11110110 +
b1010101010 (
0'
0)
#3335000000000
0!
#3335500000000
1!
b111101101 +
b101010100 (
1)
1*
#3336000000000
0!
#3336500000000
1!
b1111011011 +
b1010101000 (
0*
0)
1*
#3337000000000
0!
#3337500000000
1!
b1110110111 +
b101010001 (
1'
1)
#3338000000000
0!
#3338500000000
1!
b1101101110 +
b1010100011 (
0)
0*
#3339000000000
0!
#3339500000000
1!
b1011011100 +
b101000110 (
0'
1)
#3340000000000
0!
#3340500000000
1!
b110111000 +
b1010001101 (
1'
1*
0)
#3341000000000
0!
#3341500000000
1!
b1101110000 +
b100011011 (
0*
1)
1*
#3342000000000
0!
#3342500000000
1!
b1011100001 +
b1000110110 (
0'
0)
#3343000000000
0!
#3343500000000
1!
b111000011 +
b1101100 (
0*
#3344000000000
0!
#3344500000000
1!
b1110000110 +
b11011000 (
1*
#3345000000000
0!
#3345500000000
1!
b1100001100 +
b110110001 (
1'
1)
#3346000000000
0!
#3346500000000
1!
b1000011000 +
b1101100011 (
#3347000000000
0!
#3347500000000
1!
b110001 +
b1011000110 (
0'
0*
0)
#3348000000000
0!
#3348500000000
1!
b1100010 +
b110001100 (
1)
1*
#3349000000000
0!
#3349500000000
1!
b11000100 +
b1100011001 (
1'
0*
#3350000000000
0!
#3350500000000
1!
b110001001 +
b1000110010 (
0'
0)
#3351000000000
0!
#3351500000000
1!
b1100010010 +
b1100101 (
1'
1*
0*
#3352000000000
0!
#3352500000000
1!
b1000100101 +
b11001010 (
0'
1*
#3353000000000
0!
#3353500000000
1!
b1001010 +
b110010100 (
0*
1)
1*
#3354000000000
0!
#3354500000000
1!
b10010100 +
b1100101001 (
1'
0*
#3355000000000
0!
#3355500000000
1!
b100101001 +
b1001010011 (
0)
1*
#3356000000000
0!
#3356500000000
1!
b1001010010 +
b10100110 (
0'
0*
1*
#3357000000000
0!
#3357500000000
1!
b10100101 +
b101001100 (
0*
1)
1*
#3358000000000
0!
#3358500000000
1!
b101001011 +
b1010011000 (
0)
0*
#3359000000000
0!
#3359500000000
1!
b1010010110 +
b100110000 (
1*
1)
0*
#3360000000000
0!
#3360500000000
1!
b100101100 +
b1001100000 (
1*
0)
0*
#3361000000000
0!
#3361500000000
1!
b1001011001 +
b11000000 (
1*
#3362000000000
0!
#3362500000000
1!
b10110011 +
b110000001 (
1'
0*
1)
#3363000000000
0!
#3363500000000
1!
b101100110 +
b1100000010 (
0'
1*
#3364000000000
0!
#3364500000000
1!
b1011001101 +
b1000000101 (
1'
0*
0)
#3365000000000
0!
#3365500000000
1!
b110011010 +
b1010 (
0'
1*
0*
#3366000000000
0!
#3366500000000
1!
b1100110100 +
b10101 (
1'
1*
0*
#3367000000000
0!
#3367500000000
1!
b1001101000 +
b101011 (
#3368000000000
0!
#3368500000000
1!
b11010001 +
b1010110 (
0'
1*
0*
#3369000000000
0!
#3369500000000
1!
b110100010 +
b10101100 (
#3370000000000
0!
#3370500000000
1!
b1101000100 +
b101011001 (
1'
1*
1)
#3371000000000
0!
#3371500000000
1!
b1010001000 +
b1010110011 (
0)
0*
#3372000000000
0!
#3372500000000
1!
b100010001 +
b101100110 (
0'
1*
1)
#3373000000000
0!
#3373500000000
1!
b1000100010 +
b1011001100 (
0*
0)
1*
#3374000000000
0!
#3374500000000
1!
b1000101 +
b110011001 (
1'
0*
1)
#3375000000000
0!
#3375500000000
1!
b10001011 +
b1100110010 (
0'
1*
#3376000000000
0!
#3376500000000
1!
b100010110 +
b1001100100 (
0)
0*
#3377000000000
0!
#3377500000000
1!
b1000101101 +
b11001001 (
1'
1*
0*
#3378000000000
0!
#3378500000000
1!
b1011010 +
b110010011 (
1*
1)
0*
#3379000000000
0!
#3379500000000
1!
b10110100 +
b1100100111 (
#3380000000000
0!
#3380500000000
1!
b101101001 +
b1001001111 (
0)
1*
#3381000000000
0!
#3381500000000
1!
b1011010010 +
b10011111 (
0*
#3382000000000
0!
#3382500000000
1!
b110100101 +
b100111111 (
1*
1)
0*
#3383000000000
0!
#3383500000000
1!
b1101001011 +
b1001111110 (
0'
1*
0)
#3384000000000
0!
#3384500000000
1!
b1010010111 +
b11111100 (
#3385000000000
0!
#3385500000000
1!
b100101110 +
b111111001 (
1'
0*
1)
#3386000000000
0!
#3386500000000
1!
b1001011101 +
b1111110011 (
1*
#3387000000000
0!
#3387500000000
1!
b10111010 +
b1111100111 (
0*
#3388000000000
0!
#3388500000000
1!
b101110100 +
b1111001110 (
0'
1*
#3389000000000
0!
#3389500000000
1!
b1011101001 +
b1110011101 (
1'
0*
1*
#3390000000000
0!
#3390500000000
1!
b111010011 +
b1100111010 (
0'
0*
1*
#3391000000000
0!
#3391500000000
1!
b1110100110 +
b1001110100 (
0*
0)
1*
#3392000000000
0!
#3392500000000
1!
b1101001100 +
b11101001 (
1'
0*
#3393000000000
0!
#3393500000000
1!
b1010011000 +
b111010010 (
0'
1)
#3394000000000
0!
#3394500000000
1!
b100110001 +
b1110100101 (
1'
1*
0*
#3395000000000
0!
#3395500000000
1!
b1001100010 +
b1101001011 (
1*
#3396000000000
0!
#3396500000000
1!
b11000101 +
b1010010111 (
0*
0)
1*
#3397000000000
0!
#3397500000000
1!
b110001011 +
b100101110 (
0'
1)
#3398000000000
0!
#3398500000000
1!
b1100010110 +
b1001011100 (
0*
0)
1*
#3399000000000
0!
#3399500000000
1!
b1000101100 +
b10111000 (
#3400000000000
0!
#3400500000000
1!
b1011000 +
b101110000 (
0*
1)
1*
#3401000000000
0!
#3401500000000
1!
b10110000 +
b1011100000 (
0)
0*
#3402000000000
0!
#3402500000000
1!
b101100000 +
b111000001 (
1'
1)
#3403000000000
0!
#3403500000000
1!
b1011000000 +
b1110000010 (
0'
1*
0*
#3404000000000
0!
#3404500000000
1!
b110000001 +
b1100000100 (
1*
#3405000000000
0!
#3405500000000
1!
b1100000010 +
b1000001001 (
1'
0*
0)
#3406000000000
0!
#3406500000000
1!
b1000000101 +
b10011 (
#3407000000000
0!
#3407500000000
1!
b1010 +
b100111 (
1*
#3408000000000
0!
#3408500000000
1!
b10100 +
b1001111 (
#3409000000000
0!
#3409500000000
1!
b101001 +
b10011110 (
0'
0*
#3410000000000
0!
#3410500000000
1!
b1010010 +
b100111101 (
1'
1)
#3411000000000
0!
#3411500000000
1!
b10100100 +
b1001111011 (
0)
1*
#3412000000000
0!
#3412500000000
1!
b101001001 +
b11110111 (
#3413000000000
0!
#3413500000000
1!
b1010010010 +
b111101110 (
0'
0*
1)
#3414000000000
0!
#3414500000000
1!
b100100101 +
b1111011101 (
1'
1*
0*
#3415000000000
0!
#3415500000000
1!
b1001001011 +
b1110111010 (
0'
1*
0*
#3416000000000
0!
#3416500000000
1!
b10010111 +
b1101110101 (
1'
1*
0*
#3417000000000
0!
#3417500000000
1!
b100101111 +
b1011101010 (
0'
0)
#3418000000000
0!
#3418500000000
1!
b1001011111 +
b111010100 (
1*
1)
0*
#3419000000000
0!
#3419500000000
1!
b10111110 +
b1110101001 (
1'
1*
0*
#3420000000000
0!
#3420500000000
1!
b101111101 +
b1101010010 (
0'
1*
#3421000000000
0!
#3421500000000
1!
b1011111011 +
b1010100101 (
1'
0*
0)
#3422000000000
0!
#3422500000000
1!
b111110111 +
b101001010 (
0'
1*
1)
#3423000000000
0!
#3423500000000
1!
b1111101111 +
b1010010100 (
0*
0)
1*
#3424000000000
0!
#3424500000000
1!
b1111011110 +
b100101001 (
1'
1)
#3425000000000
0!
#3425500000000
1!
b1110111100 +
b1001010010 (
0'
0)
#3426000000000
0!
#3426500000000
1!
b1101111000 +
b10100100 (
#3427000000000
0!
#3427500000000
1!
b1011110001 +
b101001001 (
1'
1)
#3428000000000
0!
#3428500000000
1!
b111100011 +
b1010010011 (
0*
0)
1*
#3429000000000
0!
#3429500000000
1!
b1111000110 +
b100100111 (
0*
1)
1*
#3430000000000
0!
#3430500000000
1!
b1110001100 +
b1001001110 (
0'
0)
#3431000000000
0!
#3431500000000
1!
b1100011000 +
b10011101 (
1'
0*
#3432000000000
0!
#3432500000000
1!
b1000110001 +
b100111010 (
0'
1)
#3433000000000
0!
#3433500000000
1!
b1100011 +
b1001110101 (
1'
1*
0)
#3434000000000
0!
#3434500000000
1!
b11000110 +
b11101011 (
#3435000000000
0!
#3435500000000
1!
b110001101 +
b111010111 (
1)
0*
#3436000000000
0!
#3436500000000
1!
b1100011011 +
b1110101110 (
0'
1*
0*
#3437000000000
0!
#3437500000000
1!
b1000110111 +
b1101011100 (
#3438000000000
0!
#3438500000000
1!
b1101110 +
b1010111001 (
1'
1*
0)
#3439000000000
0!
#3439500000000
1!
b11011101 +
b101110011 (
1)
0*
#3440000000000
0!
#3440500000000
1!
b110111011 +
b1011100111 (
0)
1*
#3441000000000
0!
#3441500000000
1!
b1101110110 +
b111001111 (
0*
1)
1*
#3442000000000
0!
#3442500000000
1!
b1011101100 +
b1110011110 (
0'
0*
#3443000000000
0!
#3443500000000
1!
b111011000 +
b1100111101 (
1'
1*
0*
#3444000000000
0!
#3444500000000
1!
b1110110000 +
b1001111010 (
0'
1*
0)
#3445000000000
0!
#3445500000000
1!
b1101100001 +
b11110101 (
1'
0*
#3446000000000
0!
#3446500000000
1!
b1011000011 +
b111101011 (
1)
1*
#3447000000000
0!
#3447500000000
1!
b110000111 +
b1111010110 (
0'
0*
1*
#3448000000000
0!
#3448500000000
1!
b1100001111 +
b1110101101 (
1'
0*
1*
#3449000000000
0!
#3449500000000
1!
b1000011110 +
b1101011011 (
#3450000000000
0!
#3450500000000
1!
b111100 +
b1010110111 (
0*
0)
1*
#3451000000000
0!
#3451500000000
1!
b1111001 +
b101101111 (
1)
0*
#3452000000000
0!
#3452500000000
1!
b11110010 +
b1011011110 (
0'
0)
#3453000000000
0!
#3453500000000
1!
b111100100 +
b110111100 (
1)
1*
#3454000000000
0!
#3454500000000
1!
b1111001001 +
b1101111000 (
0*
#3455000000000
0!
#3455500000000
1!
b1110010011 +
b1011110001 (
1'
0)
#3456000000000
0!
#3456500000000
1!
b1100100111 +
b111100011 (
1)
1*
#3457000000000
0!
#3457500000000
1!
b1001001110 +
b1111000110 (
0'
0*
#3458000000000
0!
#3458500000000
1!
b10011100 +
b1110001101 (
1'
1*
0*
#3459000000000
0!
#3459500000000
1!
b100111001 +
b1100011010 (
0'
1*
#3460000000000
0!
#3460500000000
1!
b1001110010 +
b1000110101 (
1'
0*
0)
#3461000000000
0!
#3461500000000
1!
b11100101 +
b1101011 (
1*
#3462000000000
0!
#3462500000000
1!
b111001011 +
b11010110 (
0'
0*
#3463000000000
0!
#3463500000000
1!
b1110010110 +
b110101101 (
1'
1*
1)
#3464000000000
0!
#3464500000000
1!
b1100101100 +
b1101011010 (
0'
0*
#3465000000000
0!
#3465500000000
1!
b1001011000 +
b1010110101 (
1'
0)
#3466000000000
0!
#3466500000000
1!
b10110001 +
b101101010 (
0'
1*
1)
#3467000000000
0!
#3467500000000
1!
b101100010 +
b1011010101 (
1'
0)
#3468000000000
0!
#3468500000000
1!
b1011000100 +
b110101011 (
0*
1)
1*
#3469000000000
0!
#3469500000000
1!
b110001000 +
b1101010110 (
0'
0*
1*
#3470000000000
0!
#3470500000000
1!
b1100010000 +
b1010101100 (
0*
0)
1*
#3471000000000
0!
#3471500000000
1!
b1000100001 +
b101011000 (
1)
0*
#3472000000000
0!
#3472500000000
1!
b1000011 +
b1010110001 (
1'
1*
0)
#3473000000000
0!
#3473500000000
1!
b10000110 +
b101100011 (
1)
0*
#3474000000000
0!
#3474500000000
1!
b100001101 +
b1011000111 (
0)
1*
#3475000000000
0!
#3475500000000
1!
b1000011011 +
b110001110 (
0'
0*
1)
#3476000000000
0!
#3476500000000
1!
b110111 +
b1100011100 (
1*
#3477000000000
0!
#3477500000000
1!
b1101111 +
b1000111001 (
1'
0)
#3478000000000
0!
#3478500000000
1!
b11011111 +
b1110010 (
0'
0*
#3479000000000
0!
#3479500000000
1!
b110111111 +
b11100100 (
#3480000000000
0!
#3480500000000
1!
b1101111111 +
b111001001 (
1'
1*
1)
#3481000000000
0!
#3481500000000
1!
b1011111110 +
b1110010010 (
0'
0*
#3482000000000
0!
#3482500000000
1!
b111111100 +
b1100100100 (
1*
#3483000000000
0!
#3483500000000
1!
b1111111001 +
b1001001000 (
0*
0)
1*
#3484000000000
0!
#3484500000000
1!
b1111110011 +
b10010001 (
1'
0*
#3485000000000
0!
#3485500000000
1!
b1111100111 +
b100100011 (
1)
1*
#3486000000000
0!
#3486500000000
1!
b1111001110 +
b1001000111 (
0)
0*
#3487000000000
0!
#3487500000000
1!
b1110011100 +
b10001111 (
#3488000000000
0!
#3488500000000
1!
b1100111000 +
b100011111 (
1)
1*
#3489000000000
0!
#3489500000000
1!
b1001110001 +
b1000111111 (
0)
0*
#3490000000000
0!
#3490500000000
1!
b11100011 +
b1111110 (
0'
1*
0*
#3491000000000
0!
#3491500000000
1!
b111000110 +
b11111101 (
1'
1*
#3492000000000
0!
#3492500000000
1!
b1110001101 +
b111111011 (
0*
1)
1*
#3493000000000
0!
#3493500000000
1!
b1100011010 +
b1111110110 (
0'
0*
#3494000000000
0!
#3494500000000
1!
b1000110101 +
b1111101100 (
#3495000000000
0!
#3495500000000
1!
b1101010 +
b1111011001 (
1'
1*
0*
#3496000000000
0!
#3496500000000
1!
b11010100 +
b1110110011 (
#3497000000000
0!
#3497500000000
1!
b110101001 +
b1101100111 (
#3498000000000
0!
#3498500000000
1!
b1101010010 +
b1011001111 (
1*
0)
0*
#3499000000000
0!
#3499500000000
1!
b1010100101 +
b110011110 (
0'
1)
#3500000000000
0!
#3500500000000
1!
b101001010 +
b1100111100 (
1*
#3501000000000
0!
#3501500000000
1!
b1010010100 +
b1001111000 (
0*
0)
1*
#3502000000000
0!
#3502500000000
1!
b100101000 +
b11110000 (
0*
#3503000000000
0!
#3503500000000
1!
b1001010000 +
b111100000 (
1*
1)
0*
#3504000000000
0!
#3504500000000
1!
b10100001 +
b1111000001 (
1'
1*
0*
#3505000000000
0!
#3505500000000
1!
b101000010 +
b1110000011 (
#3506000000000
0!
#3506500000000
1!
b1010000100 +
b1100000110 (
0'
1*
0*
#3507000000000
0!
#3507500000000
1!
b100001000 +
b1000001100 (
1*
0)
0*
#3508000000000
0!
#3508500000000
1!
b1000010000 +
b11000 (
1*
#3509000000000
0!
#3509500000000
1!
b100001 +
b110000 (
0*
#3510000000000
0!
#3510500000000
1!
b1000010 +
b1100001 (
1'
1*
#3511000000000
0!
#3511500000000
1!
b10000100 +
b11000011 (
#3512000000000
0!
#3512500000000
1!
b100001001 +
b110000110 (
0'
1)
#3513000000000
0!
#3513500000000
1!
b1000010010 +
b1100001100 (
0*
#3514000000000
0!
#3514500000000
1!
b100101 +
b1000011001 (
1'
1*
0)
#3515000000000
0!
#3515500000000
1!
b1001011 +
b110011 (
#3516000000000
0!
#3516500000000
1!
b10010110 +
b1100110 (
0'
0*
#3517000000000
0!
#3517500000000
1!
b100101101 +
b11001101 (
1'
1*
#3518000000000
0!
#3518500000000
1!
b1001011011 +
b110011010 (
0'
0*
1)
#3519000000000
0!
#3519500000000
1!
b10110111 +
b1100110101 (
1'
1*
0*
#3520000000000
0!
#3520500000000
1!
b101101111 +
b1001101010 (
0'
0)
#3521000000000
0!
#3521500000000
1!
b1011011111 +
b11010101 (
1'
1*
0*
#3522000000000
0!
#3522500000000
1!
b110111110 +
b110101010 (
0'
1*
1)
#3523000000000
0!
#3523500000000
1!
b1101111101 +
b1101010100 (
0*
#3524000000000
0!
#3524500000000
1!
b1011111010 +
b1010101001 (
1'
0)
#3525000000000
0!
#3525500000000
1!
b111110101 +
b101010011 (
1*
1)
0*
#3526000000000
0!
#3526500000000
1!
b1111101011 +
b1010100110 (
0'
1*
0)
#3527000000000
0!
#3527500000000
1!
b1111010111 +
b101001101 (
1'
1)
#3528000000000
0!
#3528500000000
1!
b1110101110 +
b1010011010 (
0'
0)
#3529000000000
0!
#3529500000000
1!
b1101011100 +
b100110101 (
1'
1)
#3530000000000
0!
#3530500000000
1!
b1010111000 +
b1001101011 (
0)
0*
#3531000000000
0!
#3531500000000
1!
b101110001 +
b11010111 (
1*
#3532000000000
0!
#3532500000000
1!
b1011100010 +
b110101111 (
0*
1)
1*
#3533000000000
0!
#3533500000000
1!
b111000101 +
b1101011111 (
0*
#3534000000000
0!
#3534500000000
1!
b1110001011 +
b1010111110 (
0'
1*
0)
#3535000000000
0!
#3535500000000
1!
b1100010111 +
b101111101 (
1'
1)
#3536000000000
0!
#3536500000000
1!
b1000101110 +
b1011111011 (
0)
0*
#3537000000000
0!
#3537500000000
1!
b1011100 +
b111110110 (
0'
1*
1)
#3538000000000
0!
#3538500000000
1!
b10111001 +
b1111101101 (
1'
0*
#3539000000000
0!
#3539500000000
1!
b101110010 +
b1111011011 (
#3540000000000
0!
#3540500000000
1!
b1011100100 +
b1110110110 (
0'
1*
0*
#3541000000000
0!
#3541500000000
1!
b111001000 +
b1101101100 (
1*
#3542000000000
0!
#3542500000000
1!
b1110010000 +
b1011011000 (
0*
0)
1*
#3543000000000
0!
#3543500000000
1!
b1100100001 +
b110110000 (
1)
0*
#3544000000000
0!
#3544500000000
1!
b1001000011 +
b1101100001 (
1'
1*
#3545000000000
0!
#3545500000000
1!
b10000111 +
b1011000011 (
0*
0)
1*
#3546000000000
0!
#3546500000000
1!
b100001111 +
b110000111 (
1)
0*
#3547000000000
0!
#3547500000000
1!
b1000011111 +
b1100001110 (
0'
1*
0*
#3548000000000
0!
#3548500000000
1!
b111110 +
b1000011100 (
1*
0)
0*
#3549000000000
0!
#3549500000000
1!
b1111101 +
b111000 (
#3550000000000
0!
#3550500000000
1!
b11111011 +
b1110001 (
1'
1*
#3551000000000
0!
#3551500000000
1!
b111110110 +
b11100011 (
#3552000000000
0!
#3552500000000
1!
b1111101101 +
b111000111 (
0*
1)
1*
#3553000000000
0!
#3553500000000
1!
b1111011010 +
b1110001110 (
0'
0*
#3554000000000
0!
#3554500000000
1!
b1110110101 +
b1100011101 (
1'
1*
#3555000000000
0!
#3555500000000
1!
b1101101010 +
b1000111011 (
0)
0*
#3556000000000
0!
#3556500000000
1!
b1011010101 +
b1110111 (
#3557000000000
0!
#3557500000000
1!
b110101010 +
b11101111 (
1*
#3558000000000
0!
#3558500000000
1!
b1101010100 +
b111011110 (
0'
0*
1)
#3559000000000
0!
#3559500000000
1!
b1010101000 +
b1110111100 (
#3560000000000
0!
#3560500000000
1!
b101010001 +
b1101111001 (
1'
1*
0*
#3561000000000
0!
#3561500000000
1!
b1010100010 +
b1011110011 (
1*
0)
0*
#3562000000000
0!
#3562500000000
1!
b101000101 +
b111100110 (
0'
1*
1)
#3563000000000
0!
#3563500000000
1!
b1010001011 +
b1111001101 (
1'
0*
1*
#3564000000000
0!
#3564500000000
1!
b100010111 +
b1110011010 (
0'
0*
1*
#3565000000000
0!
#3565500000000
1!
b1000101111 +
b1100110100 (
0*
#3566000000000
0!
#3566500000000
1!
b1011110 +
b1001101000 (
1*
0)
0*
#3567000000000
0!
#3567500000000
1!
b10111101 +
b11010000 (
#3568000000000
0!
#3568500000000
1!
b101111011 +
b110100001 (
1'
1)
#3569000000000
0!
#3569500000000
1!
b1011110110 +
b1101000011 (
1*
#3570000000000
0!
#3570500000000
1!
b111101100 +
b1010000111 (
0*
0)
1*
#3571000000000
0!
#3571500000000
1!
b1111011001 +
b100001110 (
0'
0*
1)
#3572000000000
0!
#3572500000000
1!
b1110110011 +
b1000011101 (
1'
0)
#3573000000000
0!
#3573500000000
1!
b1101100111 +
b111010 (
0'
1*
#3574000000000
0!
#3574500000000
1!
b1011001110 +
b1110100 (
#3575000000000
0!
#3575500000000
1!
b110011100 +
b11101000 (
0*
#3576000000000
0!
#3576500000000
1!
b1100111001 +
b111010000 (
1*
1)
0*
#3577000000000
0!
#3577500000000
1!
b1001110011 +
b1110100000 (
#3578000000000
0!
#3578500000000
1!
b11100111 +
b1101000000 (
1*
#3579000000000
0!
#3579500000000
1!
b111001111 +
b1010000000 (
0)
0*
#3580000000000
0!
#3580500000000
1!
b1110011111 +
b100000000 (
1*
1)
0*
#3581000000000
0!
#3581500000000
1!
b1100111110 +
b1000000001 (
1'
0)
#3582000000000
0!
#3582500000000
1!
b1001111100 +
b11 (
#3583000000000
0!
#3583500000000
1!
b11111000 +
b111 (
1*
#3584000000000
0!
#3584500000000
1!
b111110000 +
b1110 (
0'
0*
#3585000000000
0!
#3585500000000
1!
b1111100000 +
b11100 (
1*
#3586000000000
0!
#3586500000000
1!
b1111000001 +
b111001 (
1'
0*
#3587000000000
0!
#3587500000000
1!
b1110000011 +
b1110011 (
#3588000000000
0!
#3588500000000
1!
b1100000111 +
b11100110 (
0'
1*
#3589000000000
0!
#3589500000000
1!
b1000001110 +
b111001100 (
1)
0*
#3590000000000
0!
#3590500000000
1!
b11100 +
b1110011001 (
1'
1*
0*
#3591000000000
0!
#3591500000000
1!
b111001 +
b1100110011 (
#3592000000000
0!
#3592500000000
1!
b1110010 +
b1001100110 (
0'
0)
#3593000000000
0!
#3593500000000
1!
b11100100 +
b11001100 (
#3594000000000
0!
#3594500000000
1!
b111001001 +
b110011000 (
1)
1*
#3595000000000
0!
#3595500000000
1!
b1110010010 +
b1100110000 (
0*
#3596000000000
0!
#3596500000000
1!
b1100100101 +
b1001100001 (
1'
0)
#3597000000000
0!
#3597500000000
1!
b1001001010 +
b11000010 (
0'
1*
#3598000000000
0!
#3598500000000
1!
b10010101 +
b110000100 (
0*
1)
1*
#3599000000000
0!
#3599500000000
1!
b100101011 +
b1100001001 (
1'
0*
#3600000000000
0!
#3600500000000
1!
b1001010110 +
b1000010010 (
0'
1*
0)
#3601000000000
0!
#3601500000000
1!
b10101100 +
b100100 (
0*
#3602000000000
0!
#3602500000000
1!
b101011001 +
b1001000 (
#3603000000000
0!
#3603500000000
1!
b1010110010 +
b10010000 (
1*
#3604000000000
0!
#3604500000000
1!
b101100101 +
b100100001 (
1'
0*
1)
#3605000000000
0!
#3605500000000
1!
b1011001011 +
b1001000010 (
0'
1*
0)
#3606000000000
0!
#3606500000000
1!
b110010111 +
b10000100 (
0*
#3607000000000
0!
#3607500000000
1!
b1100101111 +
b100001000 (
1*
1)
0*
#3608000000000
0!
#3608500000000
1!
b1001011110 +
b1000010001 (
1'
0)
#3609000000000
0!
#3609500000000
1!
b10111100 +
b100011 (
1*
#3610000000000
0!
#3610500000000
1!
b101111001 +
b1000110 (
0'
0*
#3611000000000
0!
#3611500000000
1!
b1011110010 +
b10001100 (
1*
#3612000000000
0!
#3612500000000
1!
b111100101 +
b100011000 (
0*
1)
1*
#3613000000000
0!
#3613500000000
1!
b1111001011 +
b1000110001 (
1'
0*
0)
#3614000000000
0!
#3614500000000
1!
b1110010111 +
b1100010 (
0'
1*
#3615000000000
0!
#3615500000000
1!
b1100101110 +
b11000100 (
#3616000000000
0!
#3616500000000
1!
b1001011100 +
b110001000 (
1)
0*
#3617000000000
0!
#3617500000000
1!
b10111000 +
b1100010000 (
1*
#3618000000000
0!
#3618500000000
1!
b101110000 +
b1000100000 (
0)
0*
#3619000000000
0!
#3619500000000
1!
b1011100000 +
b1000000 (
1*
#3620000000000
0!
#3620500000000
1!
b111000001 +
b10000000 (
0*
#3621000000000
0!
#3621500000000
1!
b1110000010 +
b100000001 (
1'
1*
1)
#3622000000000
0!
#3622500000000
1!
b1100000101 +
b1000000011 (
0)
0*
#3623000000000
0!
#3623500000000
1!
b1000001010 +
b110 (
0'
1*
#3624000000000
0!
#3624500000000
1!
b10101 +
b1100 (
0*
#3625000000000
0!
#3625500000000
1!
b101011 +
b11001 (
1'
1*
#3626000000000
0!
#3626500000000
1!
b1010110 +
b110010 (
0'
0*
#3627000000000
0!
#3627500000000
1!
b10101101 +
b1100100 (
#3628000000000
0!
#3628500000000
1!
b101011011 +
b11001000 (
#3629000000000
0!
#3629500000000
1!
b1010110110 +
b110010001 (
1'
1*
1)
#3630000000000
0!
#3630500000000
1!
b101101100 +
b1100100010 (
0'
0*
1*
#3631000000000
0!
#3631500000000
1!
b1011011001 +
b1001000100 (
0*
0)
1*
#3632000000000
0!
#3632500000000
1!
b110110011 +
b10001000 (
0*
#3633000000000
0!
#3633500000000
1!
b1101100110 +
b100010001 (
1'
1*
1)
#3634000000000
0!
#3634500000000
1!
b1011001100 +
b1000100011 (
0)
0*
#3635000000000
0!
#3635500000000
1!
b110011000 +
b1000111 (
1*
#3636000000000
0!
#3636500000000
1!
b1100110000 +
b10001110 (
0'
0*
1*
#3637000000000
0!
#3637500000000
1!
b1001100001 +
b100011101 (
1'
1)
#3638000000000
0!
#3638500000000
1!
b11000011 +
b1000111010 (
0'
0*
0)
#3639000000000
0!
#3639500000000
1!
b110000110 +
b1110101 (
1'
1*
#3640000000000
0!
#3640500000000
1!
b1100001101 +
b11101010 (
0'
0*
1*
#3641000000000
0!
#3641500000000
1!
b1000011010 +
b111010101 (
1'
1)
#3642000000000
0!
#3642500000000
1!
b110101 +
b1110101011 (
0*
#3643000000000
0!
#3643500000000
1!
b1101011 +
b1101010111 (
#3644000000000
0!
#3644500000000
1!
b11010110 +
b1010101110 (
0'
0)
#3645000000000
0!
#3645500000000
1!
b110101101 +
b101011101 (
1'
1)
#3646000000000
0!
#3646500000000
1!
b1101011011 +
b1010111010 (
0'
1*
0)
#3647000000000
0!
#3647500000000
1!
b1010110111 +
b101110100 (
1)
0*
#3648000000000
0!
#3648500000000
1!
b101101110 +
b1011101001 (
1'
1*
0)
#3649000000000
0!
#3649500000000
1!
b1011011101 +
b111010011 (
0*
1)
1*
#3650000000000
0!
#3650500000000
1!
b110111010 +
b1110100111 (
0*
#3651000000000
0!
#3651500000000
1!
b1101110100 +
b1101001110 (
0'
1*
0*
#3652000000000
0!
#3652500000000
1!
b1011101000 +
b1010011100 (
0)
1*
#3653000000000
0!
#3653500000000
1!
b111010001 +
b100111001 (
1'
0*
1)
#3654000000000
0!
#3654500000000
1!
b1110100010 +
b1001110010 (
0'
1*
0)
#3655000000000
0!
#3655500000000
1!
b1101000101 +
b11100101 (
1'
0*
#3656000000000
0!
#3656500000000
1!
b1010001010 +
b111001011 (
1)
1*
#3657000000000
0!
#3657500000000
1!
b100010101 +
b1110010111 (
0*
#3658000000000
0!
#3658500000000
1!
b1000101011 +
b1100101111 (
1*
#3659000000000
0!
#3659500000000
1!
b1010111 +
b1001011111 (
0*
0)
1*
#3660000000000
0!
#3660500000000
1!
b10101111 +
b10111111 (
#3661000000000
0!
#3661500000000
1!
b101011111 +
b101111110 (
0'
1)
#3662000000000
0!
#3662500000000
1!
b1010111111 +
b1011111100 (
0*
0)
1*
#3663000000000
0!
#3663500000000
1!
b101111110 +
b111111000 (
0*
1)
1*
#3664000000000
0!
#3664500000000
1!
b1011111101 +
b1111110001 (
1'
0*
1*
#3665000000000
0!
#3665500000000
1!
b111111010 +
b1111100010 (
0'
0*
1*
#3666000000000
0!
#3666500000000
1!
b1111110100 +
b1111000101 (
1'
0*
1*
#3667000000000
0!
#3667500000000
1!
b1111101000 +
b1110001010 (
0'
0*
#3668000000000
0!
#3668500000000
1!
b1111010001 +
b1100010100 (
#3669000000000
0!
#3669500000000
1!
b1110100011 +
b1000101001 (
1'
0)
#3670000000000
0!
#3670500000000
1!
b1101000111 +
b1010010 (
0'
1*
#3671000000000
0!
#3671500000000
1!
b1010001110 +
b10100101 (
1'
0*
#3672000000000
0!
#3672500000000
1!
b100011100 +
b101001011 (
1*
1)
0*
#3673000000000
0!
#3673500000000
1!
b1000111001 +
b1010010110 (
0'
1*
0)
#3674000000000
0!
#3674500000000
1!
b1110011 +
b100101100 (
0*
1)
1*
#3675000000000
0!
#3675500000000
1!
b11100110 +
b1001011001 (
1'
0)
#3676000000000
0!
#3676500000000
1!
b111001101 +
b10110011 (
#3677000000000
0!
#3677500000000
1!
b1110011011 +
b101100111 (
0*
1)
1*
#3678000000000
0!
#3678500000000
1!
b1100110111 +
b1011001110 (
0'
0)
#3679000000000
0!
#3679500000000
1!
b1001101110 +
b110011100 (
1)
0*
#3680000000000
0!
#3680500000000
1!
b11011100 +
b1100111001 (
1'
1*
0*
#3681000000000
0!
#3681500000000
1!
b110111001 +
b1001110011 (
0)
1*
#3682000000000
0!
#3682500000000
1!
b1101110010 +
b11100111 (
0*
#3683000000000
0!
#3683500000000
1!
b1011100101 +
b111001110 (
0'
1)
#3684000000000
0!
#3684500000000
1!
b111001010 +
b1110011100 (
1*
#3685000000000
0!
#3685500000000
1!
b1110010100 +
b1100111000 (
0*
#3686000000000
0!
#3686500000000
1!
b1100101000 +
b1001110001 (
1'
0)
#3687000000000
0!
#3687500000000
1!
b1001010001 +
b11100010 (
0'
1*
#3688000000000
0!
#3688500000000
1!
b10100011 +
b111000101 (
1'
0*
1)
#3689000000000
0!
#3689500000000
1!
b101000110 +
b1110001011 (
#3690000000000
0!
#3690500000000
1!
b1010001101 +
b1100010110 (
0'
1*
0*
#3691000000000
0!
#3691500000000
1!
b100011010 +
b1000101100 (
1*
0)
0*
#3692000000000
0!
#3692500000000
1!
b1000110100 +
b1011001 (
1'
1*
0*
#3693000000000
0!
#3693500000000
1!
b1101000 +
b10110010 (
0'
1*
0*
#3694000000000
0!
#3694500000000
1!
b11010000 +
b101100101 (
1'
1)
#3695000000000
0!
#3695500000000
1!
b110100000 +
b1011001011 (
0)
1*
#3696000000000
0!
#3696500000000
1!
b1101000000 +
b110010111 (
0*
1)
1*
#3697000000000
0!
#3697500000000
1!
b1010000001 +
b1100101110 (
0'
0*
#3698000000000
0!
#3698500000000
1!
b100000011 +
b1001011101 (
1'
1*
0)
#3699000000000
0!
#3699500000000
1!
b1000000110 +
b10111010 (
0'
0*
1*
#3700000000000
0!
#3700500000000
1!
b1100 +
b101110101 (
1'
0*
1)
#3701000000000
0!
#3701500000000
1!
b11001 +
b1011101011 (
0)
1*
#3702000000000
0!
#3702500000000
1!
b110010 +
b111010110 (
0'
1)
#3703000000000
0!
#3703500000000
1!
b1100100 +
b1110101100 (
#3704000000000
0!
#3704500000000
1!
b11001001 +
b1101011001 (
1'
0*
#3705000000000
0!
#3705500000000
1!
b110010010 +
b1010110010 (
0'
0)
#3706000000000
0!
#3706500000000
1!
b1100100100 +
b101100100 (
1*
1)
0*
#3707000000000
0!
#3707500000000
1!
b1001001000 +
b1011001001 (
1'
0)
#3708000000000
0!
#3708500000000
1!
b10010001 +
b110010010 (
0'
1*
1)
#3709000000000
0!
#3709500000000
1!
b100100010 +
b1100100101 (
1'
0*
#3710000000000
0!
#3710500000000
1!
b1001000100 +
b1001001010 (
0'
1*
0)
#3711000000000
0!
#3711500000000
1!
b10001000 +
b10010100 (
0*
#3712000000000
0!
#3712500000000
1!
b100010000 +
b100101000 (
1)
1*
#3713000000000
0!
#3713500000000
1!
b1000100000 +
b1001010000 (
0*
0)
1*
#3714000000000
0!
#3714500000000
1!
b1000001 +
b10100001 (
1'
0*
1*
#3715000000000
0!
#3715500000000
1!
b10000010 +
b101000010 (
0'
1)
#3716000000000
0!
#3716500000000
1!
b100000100 +
b1010000100 (
0)
0*
#3717000000000
0!
#3717500000000
1!
b1000001001 +
b100001001 (
1'
1*
1)
#3718000000000
0!
#3718500000000
1!
b10011 +
b1000010011 (
0*
0)
1*
#3719000000000
0!
#3719500000000
1!
b100110 +
b100110 (
0'
0*
#3720000000000
0!
#3720500000000
1!
b1001101 +
b1001101 (
1'
1*
#3721000000000
0!
#3721500000000
1!
b10011011 +
b10011011 (
#3722000000000
0!
#3722500000000
1!
b100110110 +
b100110110 (
0'
1)
#3723000000000
0!
#3723500000000
1!
b1001101101 +
b1001101100 (
0*
0)
1*
#3724000000000
0!
#3724500000000
1!
b11011010 +
b11011001 (
1'
0*
1*
#3725000000000
0!
#3725500000000
1!
b110110100 +
b110110011 (
1)
0*
#3726000000000
0!
#3726500000000
1!
b1101101001 +
b1101100110 (
0'
1*
0*
#3727000000000
0!
#3727500000000
1!
b1011010011 +
b1011001101 (
1'
0)
#3728000000000
0!
#3728500000000
1!
b110100111 +
b110011011 (
1*
1)
0*
#3729000000000
0!
#3729500000000
1!
b1101001111 +
b1100110111 (
1*
#3730000000000
0!
#3730500000000
1!
b1010011110 +
b1001101111 (
0)
0*
#3731000000000
0!
#3731500000000
1!
b100111100 +
b11011110 (
0'
1*
0*
#3732000000000
0!
#3732500000000
1!
b1001111001 +
b110111101 (
1'
1*
1)
#3733000000000
0!
#3733500000000
1!
b11110011 +
b1101111010 (
0'
0*
1*
#3734000000000
0!
#3734500000000
1!
b111100110 +
b1011110100 (
0)
0*
#3735000000000
0!
#3735500000000
1!
b1111001101 +
b111101000 (
1*
1)
0*
#3736000000000
0!
#3736500000000
1!
b1110011010 +
b1111010001 (
1'
1*
#3737000000000
0!
#3737500000000
1!
b1100110101 +
b1110100011 (
#3738000000000
0!
#3738500000000
1!
b1001101010 +
b1101000111 (
#3739000000000
0!
#3739500000000
1!
b11010101 +
b1010001110 (
0'
0*
0)
#3740000000000
0!
#3740500000000
1!
b110101011 +
b100011100 (
1)
1*
#3741000000000
0!
#3741500000000
1!
b1101010110 +
b1000111000 (
0*
0)
1*
#3742000000000
0!
#3742500000000
1!
b1010101100 +
b1110000 (
#3743000000000
0!
#3743500000000
1!
b101011000 +
b11100001 (
1'
0*
1*
#3744000000000
0!
#3744500000000
1!
b1010110000 +
b111000010 (
0'
0*
1)
#3745000000000
0!
#3745500000000
1!
b101100001 +
b1110000101 (
1'
1*
0*
#3746000000000
0!
#3746500000000
1!
b1011000010 +
b1100001010 (
0'
1*
0*
#3747000000000
0!
#3747500000000
1!
b110000101 +
b1000010101 (
1'
1*
0)
#3748000000000
0!
#3748500000000
1!
b1100001011 +
b101010 (
0'
0*
1*
#3749000000000
0!
#3749500000000
1!
b1000010111 +
b1010100 (
#3750000000000
0!
#3750500000000
1!
b101110 +
b10101001 (
1'
0*
1*
#3751000000000
0!
#3751500000000
1!
b1011101 +
b101010010 (
0'
1)
#3752000000000
0!
#3752500000000
1!
b10111011 +
b1010100100 (
0)
0*
#3753000000000
0!
#3753500000000
1!
b101110110 +
b101001000 (
1)
1*
#3754000000000
0!
#3754500000000
1!
b1011101101 +
b1010010001 (
1'
0*
0)
#3755000000000
0!
#3755500000000
1!
b111011010 +
b100100010 (
0'
1*
1)
#3756000000000
0!
#3756500000000
1!
b1110110100 +
b1001000101 (
1'
0*
0)
#3757000000000
0!
#3757500000000
1!
b1101101000 +
b10001010 (
0'
1*
#3758000000000
0!
#3758500000000
1!
b1011010001 +
b100010100 (
1)
0*
#3759000000000
0!
#3759500000000
1!
b110100011 +
b1000101000 (
1*
0)
0*
#3760000000000
0!
#3760500000000
1!
b1101000110 +
b1010000 (
1*
#3761000000000
0!
#3761500000000
1!
b1010001100 +
b10100000 (
#3762000000000
0!
#3762500000000
1!
b100011000 +
b101000000 (
0*
1)
1*
#3763000000000
0!
#3763500000000
1!
b1000110000 +
b1010000001 (
1'
0*
0)
#3764000000000
0!
#3764500000000
1!
b1100001 +
b100000010 (
0'
1*
1)
#3765000000000
0!
#3765500000000
1!
b11000010 +
b1000000100 (
0)
0*
#3766000000000
0!
#3766500000000
1!
b110000100 +
b1000 (
#3767000000000
0!
#3767500000000
1!
b1100001001 +
b10000 (
1*
#3768000000000
0!
#3768500000000
1!
b1000010011 +
b100000 (
#3769000000000
0!
#3769500000000
1!
b100111 +
b1000001 (
1'
0*
1*
#3770000000000
0!
#3770500000000
1!
b1001111 +
b10000010 (
0'
0*
#3771000000000
0!
#3771500000000
1!
b10011111 +
b100000100 (
1)
1*
#3772000000000
0!
#3772500000000
1!
b100111111 +
b1000001000 (
0)
0*
#3773000000000
0!
#3773500000000
1!
b1001111111 +
b10001 (
1'
1*
0*
#3774000000000
0!
#3774500000000
1!
b11111110 +
b100010 (
0'
1*
0*
#3775000000000
0!
#3775500000000
1!
b111111101 +
b1000100 (
#3776000000000
0!
#3776500000000
1!
b1111111011 +
b10001001 (
1'
1*
0*
#3777000000000
0!
#3777500000000
1!
b1111110111 +
b100010011 (
1)
1*
#3778000000000
0!
#3778500000000
1!
b1111101110 +
b1000100110 (
0'
0)
#3779000000000
0!
#3779500000000
1!
b1111011100 +
b1001100 (
#3780000000000
0!
#3780500000000
1!
b1110111000 +
b10011001 (
1'
0*
#3781000000000
0!
#3781500000000
1!
b1101110001 +
b100110011 (
1)
1*
#3782000000000
0!
#3782500000000
1!
b1011100011 +
b1001100111 (
0)
0*
#3783000000000
0!
#3783500000000
1!
b111000111 +
b11001110 (
0'
1*
0*
#3784000000000
0!
#3784500000000
1!
b1110001111 +
b110011101 (
1'
1*
1)
#3785000000000
0!
#3785500000000
1!
b1100011110 +
b1100111011 (
#3786000000000
0!
#3786500000000
1!
b1000111100 +
b1001110110 (
0'
0)
#3787000000000
0!
#3787500000000
1!
b1111000 +
b11101100 (
0*
#3788000000000
0!
#3788500000000
1!
b11110000 +
b111011001 (
1'
1)
#3789000000000
0!
#3789500000000
1!
b111100000 +
b1110110010 (
0'
1*
#3790000000000
0!
#3790500000000
1!
b1111000000 +
b1101100101 (
1'
0*
1*
#3791000000000
0!
#3791500000000
1!
b1110000001 +
b1011001010 (
0'
0)
#3792000000000
0!
#3792500000000
1!
b1100000011 +
b110010101 (
1'
1)
#3793000000000
0!
#3793500000000
1!
b1000000111 +
b1100101011 (
#3794000000000
0!
#3794500000000
1!
b1110 +
b1001010110 (
0'
0*
0)
#3795000000000
0!
#3795500000000
1!
b11101 +
b10101101 (
1'
1*
#3796000000000
0!
#3796500000000
1!
b111011 +
b101011011 (
1)
0*
#3797000000000
0!
#3797500000000
1!
b1110110 +
b1010110110 (
0'
0)
#3798000000000
0!
#3798500000000
1!
b11101101 +
b101101101 (
1'
1)
#3799000000000
0!
#3799500000000
1!
b111011011 +
b1011011011 (
0)
1*
#3800000000000
0!
#3800500000000
1!
b1110110110 +
b110110111 (
0*
1)
1*
#3801000000000
0!
#3801500000000
1!
b1101101100 +
b1101101111 (
#3802000000000
0!
#3802500000000
1!
b1011011000 +
b1011011111 (
0)
0*
#3803000000000
0!
#3803500000000
1!
b110110001 +
b110111110 (
0'
1*
1)
#3804000000000
0!
#3804500000000
1!
b1101100010 +
b1101111101 (
1'
0*
1*
#3805000000000
0!
#3805500000000
1!
b1011000101 +
b1011111010 (
0'
0)
#3806000000000
0!
#3806500000000
1!
b110001010 +
b111110100 (
0*
1)
1*
#3807000000000
0!
#3807500000000
1!
b1100010100 +
b1111101000 (
0*
#3808000000000
0!
#3808500000000
1!
b1000101000 +
b1111010000 (
#3809000000000
0!
#3809500000000
1!
b1010001 +
b1110100001 (
1'
1*
0*
#3810000000000
0!
#3810500000000
1!
b10100010 +
b1101000010 (
0'
1*
#3811000000000
0!
#3811500000000
1!
b101000100 +
b1010000101 (
1'
0)
#3812000000000
0!
#3812500000000
1!
b1010001001 +
b100001011 (
0*
1)
1*
#3813000000000
0!
#3813500000000
1!
b100010011 +
b1000010110 (
0'
0*
0)
#3814000000000
0!
#3814500000000
1!
b1000100110 +
b101101 (
1'
1*
0*
#3815000000000
0!
#3815500000000
1!
b1001100 +
b1011010 (
0'
1*
0*
#3816000000000
0!
#3816500000000
1!
b10011001 +
b10110101 (
1'
1*
#3817000000000
0!
#3817500000000
1!
b100110010 +
b101101011 (
1)
0*
#3818000000000
0!
#3818500000000
1!
b1001100100 +
b1011010111 (
1*
0)
0*
#3819000000000
0!
#3819500000000
1!
b11001000 +
b110101110 (
0'
1*
1)
#3820000000000
0!
#3820500000000
1!
b110010000 +
b1101011101 (
1'
0*
#3821000000000
0!
#3821500000000
1!
b1100100000 +
b1010111011 (
1*
0)
0*
#3822000000000
0!
#3822500000000
1!
b1001000001 +
b101110110 (
0'
1)
#3823000000000
0!
#3823500000000
1!
b10000011 +
b1011101100 (
1*
0)
0*
#3824000000000
0!
#3824500000000
1!
b100000110 +
b111011000 (
1)
1*
#3825000000000
0!
#3825500000000
1!
b1000001101 +
b1110110000 (
0*
#3826000000000
0!
#3826500000000
1!
b11010 +
b1101100000 (
1*
#3827000000000
0!
#3827500000000
1!
b110100 +
b1011000001 (
1'
0)
#3828000000000
0!
#3828500000000
1!
b1101001 +
b110000010 (
0'
1)
#3829000000000
0!
#3829500000000
1!
b11010010 +
b1100000101 (
1'
0*
#3830000000000
0!
#3830500000000
1!
b110100100 +
b1000001011 (
0)
1*
#3831000000000
0!
#3831500000000
1!
b1101001001 +
b10110 (
0'
0*
1*
#3832000000000
0!
#3832500000000
1!
b1010010011 +
b101100 (
#3833000000000
0!
#3833500000000
1!
b100100111 +
b1011000 (
0*
#3834000000000
0!
#3834500000000
1!
b1001001111 +
b10110000 (
1*
#3835000000000
0!
#3835500000000
1!
b10011110 +
b101100000 (
0*
1)
1*
#3836000000000
0!
#3836500000000
1!
b100111101 +
b1011000000 (
0)
0*
#3837000000000
0!
#3837500000000
1!
b1001111011 +
b110000000 (
1*
1)
0*
#3838000000000
0!
#3838500000000
1!
b11110111 +
b1100000000 (
1*
#3839000000000
0!
#3839500000000
1!
b111101111 +
b1000000000 (
0)
0*
#3840000000000
0!
#3840500000000
1!
b1111011111 +
b1 (
1'
1*
0*
#3841000000000
0!
#3841500000000
1!
b1110111110 +
b10 (
0'
1*
#3842000000000
0!
#3842500000000
1!
b1101111100 +
b101 (
1'
0*
#3843000000000
0!
#3843500000000
1!
b1011111000 +
b1011 (
#3844000000000
0!
#3844500000000
1!
b111110001 +
b10111 (
1*
#3845000000000
0!
#3845500000000
1!
b1111100010 +
b101110 (
0'
0*
1*
#3846000000000
0!
#3846500000000
1!
b1111000101 +
b1011101 (
1'
0*
#3847000000000
0!
#3847500000000
1!
b1110001010 +
b10111011 (
#3848000000000
0!
#3848500000000
1!
b1100010101 +
b101110111 (
1)
1*
#3849000000000
0!
#3849500000000
1!
b1000101010 +
b1011101110 (
0'
0)
#3850000000000
0!
#3850500000000
1!
b1010101 +
b111011101 (
1'
0*
1)
#3851000000000
0!
#3851500000000
1!
b10101011 +
b1110111011 (
#3852000000000
0!
#3852500000000
1!
b101010110 +
b1101110111 (
#3853000000000
0!
#3853500000000
1!
b1010101101 +
b1011101111 (
1*
0)
0*
#3854000000000
0!
#3854500000000
1!
b101011010 +
b111011111 (
1*
1)
0*
#3855000000000
0!
#3855500000000
1!
b1010110100 +
b1110111110 (
0'
1*
0*
#3856000000000
0!
#3856500000000
1!
b101101000 +
b1101111100 (
1*
#3857000000000
0!
#3857500000000
1!
b1011010000 +
b1011111000 (
0*
0)
1*
#3858000000000
0!
#3858500000000
1!
b110100001 +
b111110001 (
1'
0*
1)
#3859000000000
0!
#3859500000000
1!
b1101000010 +
b1111100011 (
1*
#3860000000000
0!
#3860500000000
1!
b1010000101 +
b1111000111 (
#3861000000000
0!
#3861500000000
1!
b100001010 +
b1110001111 (
0*
#3862000000000
0!
#3862500000000
1!
b1000010100 +
b1100011111 (
1*
#3863000000000
0!
#3863500000000
1!
b101000 +
b1000111110 (
0'
0*
0)
#3864000000000
0!
#3864500000000
1!
b1010000 +
b1111100 (
#3865000000000
0!
#3865500000000
1!
b10100000 +
b11111000 (
#3866000000000
0!
#3866500000000
1!
b101000000 +
b111110000 (
1)
1*
#3867000000000
0!
#3867500000000
1!
b1010000000 +
b1111100001 (
1'
0*
1*
#3868000000000
0!
#3868500000000
1!
b100000001 +
b1111000010 (
0'
0*
1*
#3869000000000
0!
#3869500000000
1!
b1000000010 +
b1110000100 (
0*
#3870000000000
0!
#3870500000000
1!
b101 +
b1100001000 (
1*
#3871000000000
0!
#3871500000000
1!
b1011 +
b1000010000 (
0)
0*
#3872000000000
0!
#3872500000000
1!
b10110 +
b100001 (
1'
1*
#3873000000000
0!
#3873500000000
1!
b101101 +
b1000011 (
#3874000000000
0!
#3874500000000
1!
b1011011 +
b10000111 (
#3875000000000
0!
#3875500000000
1!
b10110110 +
b100001111 (
1)
0*
#3876000000000
0!
#3876500000000
1!
b101101101 +
b1000011111 (
0)
1*
#3877000000000
0!
#3877500000000
1!
b1011011011 +
b111111 (
0*
#3878000000000
0!
#3878500000000
1!
b110110111 +
b1111111 (
1*
#3879000000000
0!
#3879500000000
1!
b1101101111 +
b11111111 (
0*
#3880000000000
0!
#3880500000000
1!
b1011011110 +
b111111110 (
0'
1)
#3881000000000
0!
#3881500000000
1!
b110111100 +
b1111111101 (
1'
1*
0*
#3882000000000
0!
#3882500000000
1!
b1101111001 +
b1111111011 (
1*
#3883000000000
0!
#3883500000000
1!
b1011110011 +
b1111110111 (
#3884000000000
0!
#3884500000000
1!
b111100111 +
b1111101110 (
0'
0*
1*
#3885000000000
0!
#3885500000000
1!
b1111001111 +
b1111011100 (
0*
#3886000000000
0!
#3886500000000
1!
b1110011110 +
b1110111000 (
#3887000000000
0!
#3887500000000
1!
b1100111100 +
b1101110000 (
#3888000000000
0!
#3888500000000
1!
b1001111000 +
b1011100001 (
1'
0)
#3889000000000
0!
#3889500000000
1!
b11110001 +
b111000011 (
1*
1)
0*
#3890000000000
0!
#3890500000000
1!
b111100010 +
b1110000111 (
#3891000000000
0!
#3891500000000
1!
b1111000100 +
b1100001111 (
1*
#3892000000000
0!
#3892500000000
1!
b1110001000 +
b1000011110 (
0'
0)
#3893000000000
0!
#3893500000000
1!
b1100010001 +
b111101 (
1'
0*
#3894000000000
0!
#3894500000000
1!
b1000100011 +
b1111010 (
0'
1*
#3895000000000
0!
#3895500000000
1!
b1000111 +
b11110100 (
0*
#3896000000000
0!
#3896500000000
1!
b10001111 +
b111101001 (
1'
1)
#3897000000000
0!
#3897500000000
1!
b100011111 +
b1111010011 (
#3898000000000
0!
#3898500000000
1!
b1000111111 +
b1110100110 (
0'
1*
0*
#3899000000000
0!
#3899500000000
1!
b1111110 +
b1101001100 (
1*
#3900000000000
0!
#3900500000000
1!
b11111101 +
b1010011001 (
1'
0)
#3901000000000
0!
#3901500000000
1!
b111111011 +
b100110010 (
0'
1)
#3902000000000
0!
#3902500000000
1!
b1111110110 +
b1001100101 (
1'
0*
0)
#3903000000000
0!
#3903500000000
1!
b1111101100 +
b11001011 (
#3904000000000
0!
#3904500000000
1!
b1111011000 +
b110010110 (
0'
1)
#3905000000000
0!
#3905500000000
1!
b1110110001 +
b1100101100 (
#3906000000000
0!
#3906500000000
1!
b1101100011 +
b1001011000 (
0)
1*
#3907000000000
0!
#3907500000000
1!
b1011000111 +
b10110001 (
1'
0*
#3908000000000
0!
#3908500000000
1!
b110001110 +
b101100010 (
0'
1*
1)
#3909000000000
0!
#3909500000000
1!
b1100011101 +
b1011000101 (
1'
0*
0)
#3910000000000
0!
#3910500000000
1!
b1000111010 +
b110001011 (
1)
1*
#3911000000000
0!
#3911500000000
1!
b1110101 +
b1100010111 (
0*
#3912000000000
0!
#3912500000000
1!
b11101011 +
b1000101110 (
0'
0)
#3913000000000
0!
#3913500000000
1!
b111010110 +
b1011100 (
#3914000000000
0!
#3914500000000
1!
b1110101101 +
b10111001 (
1'
1*
0*
#3915000000000
0!
#3915500000000
1!
b1101011010 +
b101110010 (
0'
1)
#3916000000000
0!
#3916500000000
1!
b1010110101 +
b1011100101 (
1'
0)
#3917000000000
0!
#3917500000000
1!
b101101010 +
b111001010 (
0'
1*
1)
#3918000000000
0!
#3918500000000
1!
b1011010100 +
b1110010101 (
1'
0*
1*
#3919000000000
0!
#3919500000000
1!
b110101000 +
b1100101010 (
0'
0*
1*
#3920000000000
0!
#3920500000000
1!
b1101010000 +
b1001010100 (
0*
0)
1*
#3921000000000
0!
#3921500000000
1!
b1010100001 +
b10101000 (
#3922000000000
0!
#3922500000000
1!
b101000011 +
b101010000 (
0*
1)
1*
#3923000000000
0!
#3923500000000
1!
b1010000110 +
b1010100001 (
1'
0*
0)
#3924000000000
0!
#3924500000000
1!
b100001100 +
b101000011 (
1*
1)
0*
#3925000000000
0!
#3925500000000
1!
b1000011001 +
b1010000110 (
0'
1*
0)
#3926000000000
0!
#3926500000000
1!
b110011 +
b100001100 (
0*
1)
1*
#3927000000000
0!
#3927500000000
1!
b1100110 +
b1000011000 (
0)
0*
#3928000000000
0!
#3928500000000
1!
b11001101 +
b110001 (
1'
1*
#3929000000000
0!
#3929500000000
1!
b110011011 +
b1100011 (
#3930000000000
0!
#3930500000000
1!
b1100110110 +
b11000110 (
0'
0*
1*
#3931000000000
0!
#3931500000000
1!
b1001101100 +
b110001101 (
1'
1)
#3932000000000
0!
#3932500000000
1!
b11011000 +
b1100011011 (
0*
#3933000000000
0!
#3933500000000
1!
b110110000 +
b1000110111 (
0)
1*
#3934000000000
0!
#3934500000000
1!
b1101100000 +
b1101110 (
0'
0*
1*
#3935000000000
0!
#3935500000000
1!
b1011000001 +
b11011101 (
1'
0*
#3936000000000
0!
#3936500000000
1!
b110000011 +
b110111010 (
0'
1*
1)
#3937000000000
0!
#3937500000000
1!
b1100000110 +
b1101110100 (
0*
#3938000000000
0!
#3938500000000
1!
b1000001100 +
b1011101000 (
0)
1*
#3939000000000
0!
#3939500000000
1!
b11000 +
b111010001 (
1'
0*
1)
#3940000000000
0!
#3940500000000
1!
b110000 +
b1110100010 (
0'
1*
#3941000000000
0!
#3941500000000
1!
b1100000 +
b1101000101 (
1'
0*
#3942000000000
0!
#3942500000000
1!
b11000000 +
b1010001011 (
0)
1*
#3943000000000
0!
#3943500000000
1!
b110000000 +
b100010111 (
1)
0*
#3944000000000
0!
#3944500000000
1!
b1100000000 +
b1000101111 (
1*
0)
0*
#3945000000000
0!
#3945500000000
1!
b1000000001 +
b1011110 (
0'
1*
#3946000000000
0!
#3946500000000
1!
b11 +
b10111100 (
0*
#3947000000000
0!
#3947500000000
1!
b110 +
b101111001 (
1'
1)
#3948000000000
0!
#3948500000000
1!
b1101 +
b1011110010 (
0'
0)
#3949000000000
0!
#3949500000000
1!
b11011 +
b111100100 (
1)
1*
#3950000000000
0!
#3950500000000
1!
b110110 +
b1111001000 (
#3951000000000
0!
#3951500000000
1!
b1101101 +
b1110010001 (
1'
0*
#3952000000000
0!
#3952500000000
1!
b11011011 +
b1100100011 (
#3953000000000
0!
#3953500000000
1!
b110110110 +
b1001000110 (
0'
0)
#3954000000000
0!
#3954500000000
1!
b1101101101 +
b10001101 (
1'
1*
0*
#3955000000000
0!
#3955500000000
1!
b1011011010 +
b100011010 (
0'
1)
#3956000000000
0!
#3956500000000
1!
b110110101 +
b1000110100 (
1*
0)
0*
#3957000000000
0!
#3957500000000
1!
b1101101011 +
b1101001 (
1'
1*
0*
#3958000000000
0!
#3958500000000
1!
b1011010111 +
b11010011 (
#3959000000000
0!
#3959500000000
1!
b110101110 +
b110100110 (
0'
1*
1)
#3960000000000
0!
#3960500000000
1!
b1101011101 +
b1101001101 (
1'
0*
1*
#3961000000000
0!
#3961500000000
1!
b1010111010 +
b1010011011 (
0)
0*
#3962000000000
0!
#3962500000000
1!
b101110101 +
b100110111 (
1*
1)
0*
#3963000000000
0!
#3963500000000
1!
b1011101011 +
b1001101110 (
0'
1*
0)
#3964000000000
0!
#3964500000000
1!
b111010111 +
b11011100 (
0*
#3965000000000
0!
#3965500000000
1!
b1110101111 +
b110111000 (
1*
1)
0*
#3966000000000
0!
#3966500000000
1!
b1101011110 +
b1101110001 (
1'
1*
#3967000000000
0!
#3967500000000
1!
b1010111100 +
b1011100011 (
0)
0*
#3968000000000
0!
#3968500000000
1!
b101111000 +
b111000110 (
0'
1*
1)
#3969000000000
0!
#3969500000000
1!
b1011110000 +
b1110001100 (
0*
#3970000000000
0!
#3970500000000
1!
b111100001 +
b1100011000 (
1*
#3971000000000
0!
#3971500000000
1!
b1111000010 +
b1000110000 (
0*
0)
1*
#3972000000000
0!
#3972500000000
1!
b1110000101 +
b1100000 (
#3973000000000
0!
#3973500000000
1!
b1100001010 +
b11000001 (
1'
0*
#3974000000000
0!
#3974500000000
1!
b1000010101 +
b110000011 (
1)
1*
#3975000000000
0!
#3975500000000
1!
b101010 +
b1100000111 (
0*
#3976000000000
0!
#3976500000000
1!
b1010100 +
b1000001110 (
0'
0)
#3977000000000
0!
#3977500000000
1!
b10101001 +
b11101 (
1'
1*
#3978000000000
0!
#3978500000000
1!
b101010010 +
b111011 (
#3979000000000
0!
#3979500000000
1!
b1010100100 +
b1110110 (
0'
0*
1*
#3980000000000
0!
#3980500000000
1!
b101001000 +
b11101101 (
1'
0*
1*
#3981000000000
0!
#3981500000000
1!
b1010010000 +
b111011011 (
0*
1)
1*
#3982000000000
0!
#3982500000000
1!
b100100001 +
b1110110111 (
0*
#3983000000000
0!
#3983500000000
1!
b1001000010 +
b1101101110 (
0'
1*
0*
#3984000000000
0!
#3984500000000
1!
b10000101 +
b1011011101 (
1'
1*
0)
#3985000000000
0!
#3985500000000
1!
b100001011 +
b110111011 (
1)
0*
#3986000000000
0!
#3986500000000
1!
b1000010110 +
b1101110110 (
0'
1*
0*
#3987000000000
0!
#3987500000000
1!
b101100 +
b1011101101 (
1'
1*
0)
#3988000000000
0!
#3988500000000
1!
b1011001 +
b111011010 (
0'
1)
#3989000000000
0!
#3989500000000
1!
b10110010 +
b1110110101 (
1'
0*
#3990000000000
0!
#3990500000000
1!
b101100100 +
b1101101011 (
#3991000000000
0!
#3991500000000
1!
b1011001001 +
b1011010110 (
0'
1*
0)
#3992000000000
0!
#3992500000000
1!
b110010011 +
b110101100 (
0*
1)
1*
#3993000000000
0!
#3993500000000
1!
b1100100110 +
b1101011000 (
0*
#3994000000000
0!
#3994500000000
1!
b1001001100 +
b1010110000 (
0)
1*
#3995000000000
0!
#3995500000000
1!
b10011000 +
b101100001 (
1'
0*
1)
#3996000000000
0!
#3996500000000
1!
b100110000 +
b1011000010 (
0'
0)
#3997000000000
0!
#3997500000000
1!
b1001100000 +
b110000101 (
1'
1*
1)
#3998000000000
0!
#3998500000000
1!
b11000001 +
b1100001011 (
0*
#3999000000000
0!
#3999500000000
1!
b110000010 +
b1000010111 (
0)
1*
#4000000000000
0!
#4000500000000
1!
b1100000100 +
b101111 (
0*
#4001000000000
0!
#4001500000000
1!
b1000001000 +
b1011111 (
#4002000000000
0!
#4002500000000
1!
b10001 +
b10111110 (
0'
1*
0*
#4003000000000
0!
#4003500000000
1!
b100010 +
b101111100 (
1)
1*
#4004000000000
0!
#4004500000000
1!
b1000100 +
b1011111001 (
1'
0)
#4005000000000
0!
#4005500000000
1!
b10001001 +
b111110011 (
1)
0*
#4006000000000
0!
#4006500000000
1!
b100010010 +
b1111100110 (
0'
1*
#4007000000000
0!
#4007500000000
1!
b1000100100 +
b1111001100 (
0*
#4008000000000
0!
#4008500000000
1!
b1001000 +
b1110011000 (
1*
#4009000000000
0!
#4009500000000
1!
b10010000 +
b1100110001 (
1'
0*
#4010000000000
0!
#4010500000000
1!
b100100000 +
b1001100011 (
0)
1*
#4011000000000
0!
#4011500000000
1!
b1001000000 +
b11000111 (
0*
#4012000000000
0!
#4012500000000
1!
b10000001 +
b110001111 (
1*
1)
0*
#4013000000000
0!
#4013500000000
1!
b100000010 +
b1100011110 (
0'
1*
#4014000000000
0!
#4014500000000
1!
b1000000100 +
b1000111100 (
0*
0)
1*
#4015000000000
0!
#4015500000000
1!
b1000 +
b1111001 (
1'
0*
1*
#4016000000000
0!
#4016500000000
1!
b10000 +
b11110011 (
#4017000000000
0!
#4017500000000
1!
b100000 +
b111100111 (
1)
0*
#4018000000000
0!
#4018500000000
1!
b1000000 +
b1111001111 (
#4019000000000
0!
#4019500000000
1!
b10000000 +
b1110011111 (
#4020000000000
0!
#4020500000000
1!
b100000000 +
b1100111111 (
#4021000000000
0!
#4021500000000
1!
b1000000000 +
b1001111111 (
1*
0)
0*
#4022000000000
0!
#4022500000000
1!
b1 +
b11111110 (
0'
1*
0*
#4023000000000
0!
#4023500000000
1!
b10 +
b111111100 (
1)
1*
#4024000000000
0!
#4024500000000
1!
b100 +
b1111111000 (
#4025000000000
0!
#4025500000000
1!
b1001 +
b1111110000 (
#4026000000000
0!
#4026500000000
1!
b10010 +
b1111100000 (
#4027000000000
0!
#4027500000000
1!
b100100 +
b1111000000 (
#4028000000000
0!
#4028500000000
1!
b1001001 +
b1110000001 (
1'
0*
#4029000000000
0!
#4029500000000
1!
b10010010 +
b1100000011 (
#4030000000000
0!
#4030500000000
1!
b100100100 +
b1000000111 (
0)
1*
#4031000000000
0!
#4031500000000
1!
b1001001001 +
b1111 (
0*
#4032000000000
0!
#4032500000000
1!
b10010011 +
b11110 (
0'
1*
0*
#4033000000000
0!
#4033500000000
1!
b100100110 +
b111100 (
#4034000000000
0!
#4034500000000
1!
b1001001101 +
b1111000 (
1*
#4035000000000
0!
#4035500000000
1!
b10011010 +
b11110001 (
1'
0*
1*
#4036000000000
0!
#4036500000000
1!
b100110100 +
b111100010 (
0'
1)
#4037000000000
0!
#4037500000000
1!
b1001101001 +
b1111000100 (
0*
#4038000000000
0!
#4038500000000
1!
b11010011 +
b1110001000 (
1*
#4039000000000
0!
#4039500000000
1!
b110100110 +
b1100010001 (
1'
0*
#4040000000000
0!
#4040500000000
1!
b1101001101 +
b1000100010 (
0'
1*
0)
#4041000000000
0!
#4041500000000
1!
b1010011010 +
b1000101 (
1'
0*
#4042000000000
0!
#4042500000000
1!
b100110101 +
b10001011 (
1*
#4043000000000
0!
#4043500000000
1!
b1001101011 +
b100010110 (
0'
0*
1)
#4044000000000
0!
#4044500000000
1!
b11010111 +
b1000101101 (
1'
1*
0)
#4045000000000
0!
#4045500000000
1!
b110101111 +
b1011011 (
#4046000000000
0!
#4046500000000
1!
b1101011111 +
b10110111 (
0*
#4047000000000
0!
#4047500000000
1!
b1010111110 +
b101101110 (
0'
1)
#4048000000000
0!
#4048500000000
1!
b101111100 +
b1011011100 (
1*
0)
0*
#4049000000000
0!
#4049500000000
1!
b1011111001 +
b110111001 (
1'
1*
1)
#4050000000000
0!
#4050500000000
1!
b111110011 +
b1101110011 (
0*
#4051000000000
0!
#4051500000000
1!
b1111100110 +
b1011100110 (
0'
1*
0)
#4052000000000
0!
#4052500000000
1!
b1111001100 +
b111001101 (
1'
1)
#4053000000000
0!
#4053500000000
1!
b1110011000 +
b1110011011 (
#4054000000000
0!
#4054500000000
1!
b1100110001 +
b1100110110 (
0'
0*
#4055000000000
0!
#4055500000000
1!
b1001100011 +
b1001101101 (
1'
0)
#4056000000000
0!
#4056500000000
1!
b11000111 +
b11011011 (
1*
#4057000000000
0!
#4057500000000
1!
b110001111 +
b110110110 (
0'
1)
#4058000000000
0!
#4058500000000
1!
b1100011111 +
b1101101101 (
1'
0*
1*
#4059000000000
0!
#4059500000000
1!
b1000111110 +
b1011011010 (
0'
0)
#4060000000000
0!
#4060500000000
1!
b1111100 +
b110110101 (
1'
0*
1)
#4061000000000
0!
#4061500000000
1!
b11111001 +
b1101101010 (
0'
1*
#4062000000000
0!
#4062500000000
1!
b111110010 +
b1011010100 (
0)
0*
#4063000000000
0!
#4063500000000
1!
b1111100100 +
b110101001 (
1'
1*
1)
#4064000000000
0!
#4064500000000
1!
b1111001000 +
b1101010011 (
#4065000000000
0!
#4065500000000
1!
b1110010001 +
b1010100111 (
0)
0*
#4066000000000
0!
#4066500000000
1!
b1100100011 +
b101001111 (
1)
1*
#4067000000000
0!
#4067500000000
1!
b1001000111 +
b1010011111 (
0)
0*
#4068000000000
0!
#4068500000000
1!
b10001110 +
b100111110 (
0'
1*
1)
#4069000000000
0!
#4069500000000
1!
b100011101 +
b1001111100 (
0)
0*
#4070000000000
0!
#4070500000000
1!
b1000111011 +
b11111001 (
1'
1*
0*
#4071000000000
0!
#4071500000000
1!
b1110111 +
b111110010 (
0'
1*
1)
#4072000000000
0!
#4072500000000
1!
b11101111 +
b1111100100 (
#4073000000000
0!
#4073500000000
1!
b111011111 +
b1111001001 (
1'
0*
#4074000000000
0!
#4074500000000
1!
b1110111111 +
b1110010011 (
1*
#4075000000000
0!
#4075500000000
1!
b1101111110 +
b1100100110 (
0'
0*
#4076000000000
0!
#4076500000000
1!
b1011111100 +
b1001001101 (
1'
0)
#4077000000000
0!
#4077500000000
1!
b111111000 +
b10011010 (
0'
1*
0*
#4078000000000
0!
#4078500000000
1!
b1111110000 +
b100110100 (
1*
1)
0*
#4079000000000
0!
#4079500000000
1!
b1111100001 +
b1001101001 (
1'
0)
#4080000000000
0!
#4080500000000
1!
b1111000011 +
b11010010 (
0'
1*
#4081000000000
0!
#4081500000000
1!
b1110000111 +
b110100100 (
1)
0*
#4082000000000
0!
#4082500000000
1!
b1100001110 +
b1101001000 (
#4083000000000
0!
#4083500000000
1!
b1000011100 +
b1010010000 (
0)
1*
#4084000000000
0!
#4084500000000
1!
b111000 +
b100100000 (
0*
1)
1*
#4085000000000
0!
#4085500000000
1!
b1110000 +
b1001000000 (
0)
0*
#4086000000000
0!
#4086500000000
1!
b11100000 +
b10000001 (
1'
1*
#4087000000000
0!
#4087500000000
1!
b111000000 +
b100000011 (
1)
0*
#4088000000000
0!
#4088500000000
1!
b1110000000 +
b1000000110 (
0'
1*
0)
#4089000000000
0!
#4089500000000
1!
b1100000001 +
b1101 (
1'
0*
#4090000000000
0!
#4090500000000
1!
b1000000011 +
b11011 (
#4091000000000
0!
#4091500000000
1!
b111 +
b110111 (
1*
#4092000000000
0!
#4092500000000
1!
b1111 +
b1101111 (
#4093000000000
0!
#4093500000000
1!
b11111 +
b11011111 (
#4094000000000
0!
#4094500000000
1!
b111111 +
b110111111 (
1)
0*
#4095000000000
0!
#4095500000000
1!
b1111111 +
b1101111111 (
#4096000000000
0!
#4096500000000
1!
b11111111 +
b1011111111 (
0)
1*
#4097000000000
0!
#4097500000000
1!
b111111111 +
b111111111 (
1)
0*
#4098000000000
0!
#4098500000000
1!
b1111111111 +
b1111111111 (
1*
#4099000000000
0!
#4099500000000
1!
b1111111110 +
b1111111110 (
0'
0*
b1010 $
b1001 #
b10 %
b11 &
1'
1*
1,
#4100000000000
0!
#4100500000000
1!
b1111111111 +
b1111111111 (
0,
#4101000000000
0!
#4101500000000
1!
b1111111110 +
b1111111110 (
#4102000000000
0!
#4102500000000
1!
b1111111100 +
b1111111100 (
0'
0*
#4103000000000
0!
#4103500000000
1!
b1111111000 +
b1111111001 (
0)
1*
#4104000000000
0!
#4104500000000
1!
b1111110001 +
b1111110010 (
1'
0*
#4105000000000
0!
#4105500000000
1!
b1111100011 +
b1111100101 (
0'
1)
#4106000000000
0!
#4106500000000
1!
b1111000111 +
b1111001011 (
1'
0)
#4107000000000
0!
#4107500000000
1!
b1110001110 +
b1110010110 (
1)
1*
#4108000000000
0!
#4108500000000
1!
b1100011100 +
b1100101101 (
0'
0*
#4109000000000
0!
#4109500000000
1!
b1000111000 +
b1001011010 (
1'
0)
#4110000000000
0!
#4110500000000
1!
b1110001 +
b10110100 (
0'
1*
1)
#4111000000000
0!
#4111500000000
1!
b11100010 +
b101101001 (
0)
0*
#4112000000000
0!
#4112500000000
1!
b111000100 +
b1011010010 (
1'
1*
#4113000000000
0!
#4113500000000
1!
b1110001001 +
b110100101 (
0'
0*
1)
#4114000000000
0!
#4114500000000
1!
b1100010011 +
b1101001010 (
1'
0)
#4115000000000
0!
#4115500000000
1!
b1000100111 +
b1010010101 (
0'
1)
#4116000000000
0!
#4116500000000
1!
b1001110 +
b100101011 (
1'
1*
0)
#4117000000000
0!
#4117500000000
1!
b10011101 +
b1001010111 (
1)
0*
#4118000000000
0!
#4118500000000
1!
b100111011 +
b10101111 (
#4119000000000
0!
#4119500000000
1!
b1001110110 +
b101011110 (
1*
#4120000000000
0!
#4120500000000
1!
b11101100 +
b1010111101 (
0'
0*
1*
#4121000000000
0!
#4121500000000
1!
b111011001 +
b101111010 (
1'
0)
#4122000000000
0!
#4122500000000
1!
b1110110010 +
b1011110101 (
0'
0*
1)
#4123000000000
0!
#4123500000000
1!
b1101100101 +
b111101010 (
1'
0)
#4124000000000
0!
#4124500000000
1!
b1011001010 +
b1111010100 (
0'
1)
#4125000000000
0!
#4125500000000
1!
b110010101 +
b1110101000 (
1*
0)
0*
#4126000000000
0!
#4126500000000
1!
b1100101011 +
b1101010000 (
1*
#4127000000000
0!
#4127500000000
1!
b1001010111 +
b1010100000 (
#4128000000000
0!
#4128500000000
1!
b10101110 +
b101000001 (
0*
#4129000000000
0!
#4129500000000
1!
b101011101 +
b1010000011 (
1'
1*
#4130000000000
0!
#4130500000000
1!
b1010111011 +
b100000111 (
0*
1)
1*
#4131000000000
0!
#4131500000000
1!
b101110111 +
b1000001111 (
0*
#4132000000000
0!
#4132500000000
1!
b1011101111 +
b11111 (
1*
#4133000000000
0!
#4133500000000
1!
b111011110 +
b111110 (
0*
#4134000000000
0!
#4134500000000
1!
b1110111101 +
b1111101 (
0'
1*
0*
#4135000000000
0!
#4135500000000
1!
b1101111010 +
b11111010 (
1'
0)
#4136000000000
0!
#4136500000000
1!
b1011110101 +
b111110101 (
0'
1)
#4137000000000
0!
#4137500000000
1!
b111101010 +
b1111101010 (
1'
1*
0)
#4138000000000
0!
#4138500000000
1!
b1111010100 +
b1111010101 (
0'
0*
1)
#4139000000000
0!
#4139500000000
1!
b1110101000 +
b1110101010 (
1'
0)
#4140000000000
0!
#4140500000000
1!
b1101010001 +
b1101010101 (
0'
1)
#4141000000000
0!
#4141500000000
1!
b1010100011 +
b1010101011 (
1'
0)
#4142000000000
0!
#4142500000000
1!
b101000111 +
b101010110 (
1*
1)
0*
#4143000000000
0!
#4143500000000
1!
b1010001111 +
b1010101101 (
0'
1*
0*
#4144000000000
0!
#4144500000000
1!
b100011110 +
b101011010 (
1'
1*
0)
#4145000000000
0!
#4145500000000
1!
b1000111101 +
b1010110100 (
0'
0*
1)
#4146000000000
0!
#4146500000000
1!
b1111010 +
b101101000 (
1*
0)
0*
#4147000000000
0!
#4147500000000
1!
b11110100 +
b1011010000 (
#4148000000000
0!
#4148500000000
1!
b111101001 +
b110100000 (
#4149000000000
0!
#4149500000000
1!
b1111010010 +
b1101000001 (
1*
#4150000000000
0!
#4150500000000
1!
b1110100101 +
b1010000010 (
1'
0*
#4151000000000
0!
#4151500000000
1!
b1101001010 +
b100000101 (
0'
1)
#4152000000000
0!
#4152500000000
1!
b1010010101 +
b1000001010 (
1'
0)
#4153000000000
0!
#4153500000000
1!
b100101010 +
b10100 (
0'
1*
1)
#4154000000000
0!
#4154500000000
1!
b1001010100 +
b101001 (
0*
0)
1*
#4155000000000
0!
#4155500000000
1!
b10101000 +
b1010011 (
1'
0*
1*
#4156000000000
0!
#4156500000000
1!
b101010000 +
b10100111 (
1)
0*
#4157000000000
0!
#4157500000000
1!
b1010100000 +
b101001110 (
1*
#4158000000000
0!
#4158500000000
1!
b101000001 +
b1010011101 (
0'
0*
1*
#4159000000000
0!
#4159500000000
1!
b1010000010 +
b100111011 (
1'
0*
0)
#4160000000000
0!
#4160500000000
1!
b100000101 +
b1001110111 (
1*
1)
0*
#4161000000000
0!
#4161500000000
1!
b1000001011 +
b11101110 (
1*
#4162000000000
0!
#4162500000000
1!
b10111 +
b111011100 (
0'
0*
1*
#4163000000000
0!
#4163500000000
1!
b101111 +
b1110111001 (
0)
0*
#4164000000000
0!
#4164500000000
1!
b1011111 +
b1101110010 (
1'
1*
#4165000000000
0!
#4165500000000
1!
b10111111 +
b1011100100 (
0'
1)
#4166000000000
0!
#4166500000000
1!
b101111111 +
b111001000 (
0)
0*
#4167000000000
0!
#4167500000000
1!
b1011111111 +
b1110010000 (
1*
#4168000000000
0!
#4168500000000
1!
b111111110 +
b1100100001 (
0*
#4169000000000
0!
#4169500000000
1!
b1111111101 +
b1001000011 (
1'
1*
0*
#4170000000000
0!
#4170500000000
1!
b1111111010 +
b10000110 (
1)
1*
#4171000000000
0!
#4171500000000
1!
b1111110101 +
b100001101 (
0'
0*
#4172000000000
0!
#4172500000000
1!
b1111101010 +
b1000011010 (
1'
0)
#4173000000000
0!
#4173500000000
1!
b1111010101 +
b110100 (
0'
1)
#4174000000000
0!
#4174500000000
1!
b1110101010 +
b1101000 (
0)
1*
#4175000000000
0!
#4175500000000
1!
b1101010101 +
b11010001 (
#4176000000000
0!
#4176500000000
1!
b1010101010 +
b110100011 (
1'
0*
#4177000000000
0!
#4177500000000
1!
b101010101 +
b1101000110 (
1*
1)
0*
#4178000000000
0!
#4178500000000
1!
b1010101011 +
b1010001100 (
0'
1*
0*
#4179000000000
0!
#4179500000000
1!
b101010111 +
b100011001 (
1*
0)
0*
#4180000000000
0!
#4180500000000
1!
b1010101111 +
b1000110011 (
1'
1*
0*
#4181000000000
0!
#4181500000000
1!
b101011110 +
b1100111 (
1*
1)
0*
#4182000000000
0!
#4182500000000
1!
b1010111101 +
b11001111 (
1*
#4183000000000
0!
#4183500000000
1!
b101111010 +
b110011111 (
0*
#4184000000000
0!
#4184500000000
1!
b1011110100 +
b1100111110 (
1*
#4185000000000
0!
#4185500000000
1!
b111101000 +
b1001111101 (
0'
0*
1*
#4186000000000
0!
#4186500000000
1!
b1111010000 +
b11111011 (
1'
0*
0)
#4187000000000
0!
#4187500000000
1!
b1110100001 +
b111110111 (
1)
1*
#4188000000000
0!
#4188500000000
1!
b1101000011 +
b1111101111 (
#4189000000000
0!
#4189500000000
1!
b1010000111 +
b1111011110 (
#4190000000000
0!
#4190500000000
1!
b100001110 +
b1110111101 (
0'
0*
1*
#4191000000000
0!
#4191500000000
1!
b1000011101 +
b1101111011 (
1'
0*
0)
#4192000000000
0!
#4192500000000
1!
b111010 +
b1011110110 (
1*
1)
0*
#4193000000000
0!
#4193500000000
1!
b1110100 +
b111101101 (
0'
1*
#4194000000000
0!
#4194500000000
1!
b11101001 +
b1111011010 (
1'
0)
#4195000000000
0!
#4195500000000
1!
b111010010 +
b1110110100 (
0'
1)
#4196000000000
0!
#4196500000000
1!
b1110100100 +
b1101101001 (
0*
0)
1*
#4197000000000
0!
#4197500000000
1!
b1101001000 +
b1011010011 (
1'
0*
#4198000000000
0!
#4198500000000
1!
b1010010001 +
b110100111 (
1)
1*
#4199000000000
0!
#4199500000000
1!
b100100011 +
b1101001111 (
0*
#4200000000000
0!
#4200500000000
1!
b1001000110 +
b1010011110 (
1*
#4201000000000
0!
#4201500000000
1!
b10001100 +
b100111100 (
0'
0*
1*
#4202000000000
0!
#4202500000000
1!
b100011001 +
b1001111001 (
0)
0*
#4203000000000
0!
#4203500000000
1!
b1000110010 +
b11110010 (
1'
1*
0*
#4204000000000
0!
#4204500000000
1!
b1100101 +
b111100101 (
0'
1*
1)
#4205000000000
0!
#4205500000000
1!
b11001011 +
b1111001010 (
1'
0)
#4206000000000
0!
#4206500000000
1!
b110010110 +
b1110010100 (
0'
1)
#4207000000000
0!
#4207500000000
1!
b1100101101 +
b1100101000 (
0*
0)
1*
#4208000000000
0!
#4208500000000
1!
b1001011010 +
b1001010001 (
#4209000000000
0!
#4209500000000
1!
b10110101 +
b10100011 (
1'
0*
1*
#4210000000000
0!
#4210500000000
1!
b101101011 +
b101000111 (
1)
0*
#4211000000000
0!
#4211500000000
1!
b1011010110 +
b1010001111 (
1*
#4212000000000
0!
#4212500000000
1!
b110101100 +
b100011110 (
0*
#4213000000000
0!
#4213500000000
1!
b1101011001 +
b1000111101 (
0'
1*
0*
#4214000000000
0!
#4214500000000
1!
b1010110011 +
b1111011 (
1'
0)
#4215000000000
0!
#4215500000000
1!
b101100111 +
b11110110 (
1*
1)
0*
#4216000000000
0!
#4216500000000
1!
b1011001111 +
b111101100 (
0'
1*
0*
#4217000000000
0!
#4217500000000
1!
b110011110 +
b1111011000 (
1*
0)
0*
#4218000000000
0!
#4218500000000
1!
b1100111101 +
b1110110001 (
1*
#4219000000000
0!
#4219500000000
1!
b1001111010 +
b1101100010 (
1'
0*
#4220000000000
0!
#4220500000000
1!
b11110101 +
b1011000100 (
0'
1*
1)
#4221000000000
0!
#4221500000000
1!
b111101011 +
b110001001 (
0)
0*
#4222000000000
0!
#4222500000000
1!
b1111010110 +
b1100010010 (
1'
1*
0*
#4223000000000
0!
#4223500000000
1!
b1110101100 +
b1000100101 (
0'
1)
#4224000000000
0!
#4224500000000
1!
b1101011000 +
b1001011 (
1'
0)
#4225000000000
0!
#4225500000000
1!
b1010110001 +
b10010111 (
1)
1*
#4226000000000
0!
#4226500000000
1!
b101100011 +
b100101111 (
0*
#4227000000000
0!
#4227500000000
1!
b1011000110 +
b1001011110 (
1*
#4228000000000
0!
#4228500000000
1!
b110001100 +
b10111101 (
0'
0*
1*
#4229000000000
0!
#4229500000000
1!
b1100011001 +
b101111011 (
1'
0*
0)
#4230000000000
0!
#4230500000000
1!
b1000110011 +
b1011110111 (
1)
1*
#4231000000000
0!
#4231500000000
1!
b1100111 +
b111101111 (
0*
#4232000000000
0!
#4232500000000
1!
b11001111 +
b1111011111 (
#4233000000000
0!
#4233500000000
1!
b110011111 +
b1110111111 (
#4234000000000
0!
#4234500000000
1!
b1100111111 +
b1101111110 (
1*
#4235000000000
0!
#4235500000000
1!
b1001111110 +
b1011111101 (
0'
0*
#4236000000000
0!
#4236500000000
1!
b11111100 +
b111111010 (
1'
1*
0)
#4237000000000
0!
#4237500000000
1!
b111111001 +
b1111110100 (
0'
1)
#4238000000000
0!
#4238500000000
1!
b1111110010 +
b1111101001 (
0*
0)
1*
#4239000000000
0!
#4239500000000
1!
b1111100101 +
b1111010010 (
1'
0*
#4240000000000
0!
#4240500000000
1!
b1111001010 +
b1110100100 (
0'
1)
#4241000000000
0!
#4241500000000
1!
b1110010101 +
b1101001001 (
0)
1*
#4242000000000
0!
#4242500000000
1!
b1100101010 +
b1010010010 (
1'
0*
#4243000000000
0!
#4243500000000
1!
b1001010101 +
b100100101 (
0'
1)
#4244000000000
0!
#4244500000000
1!
b10101010 +
b1001001011 (
1'
1*
0)
#4245000000000
0!
#4245500000000
1!
b101010100 +
b10010110 (
1)
0*
#4246000000000
0!
#4246500000000
1!
b1010101001 +
b100101101 (
0'
1*
0*
#4247000000000
0!
#4247500000000
1!
b101010011 +
b1001011011 (
1'
1*
0)
#4248000000000
0!
#4248500000000
1!
b1010100110 +
b10110110 (
0*
1)
1*
#4249000000000
0!
#4249500000000
1!
b101001100 +
b101101100 (
0'
0*
1*
#4250000000000
0!
#4250500000000
1!
b1010011001 +
b1011011001 (
0*
0)
1*
#4251000000000
0!
#4251500000000
1!
b100110011 +
b110110010 (
1'
0*
1*
#4252000000000
0!
#4252500000000
1!
b1001100110 +
b1101100100 (
0'
0*
1)
#4253000000000
0!
#4253500000000
1!
b11001100 +
b1011001000 (
1*
0)
0*
#4254000000000
0!
#4254500000000
1!
b110011001 +
b110010000 (
#4255000000000
0!
#4255500000000
1!
b1100110010 +
b1100100000 (
1*
#4256000000000
0!
#4256500000000
1!
b1001100101 +
b1001000001 (
#4257000000000
0!
#4257500000000
1!
b11001010 +
b10000011 (
1'
0*
1*
#4258000000000
0!
#4258500000000
1!
b110010100 +
b100000110 (
1)
0*
#4259000000000
0!
#4259500000000
1!
b1100101001 +
b1000001101 (
0'
1*
0*
#4260000000000
0!
#4260500000000
1!
b1001010011 +
b11010 (
1'
0)
#4261000000000
0!
#4261500000000
1!
b10100111 +
b110101 (
0'
1*
1)
#4262000000000
0!
#4262500000000
1!
b101001111 +
b1101010 (
1'
0)
#4263000000000
0!
#4263500000000
1!
b1010011111 +
b11010100 (
0'
0*
1)
#4264000000000
0!
#4264500000000
1!
b100111110 +
b110101000 (
1*
0)
0*
#4265000000000
0!
#4265500000000
1!
b1001111101 +
b1101010001 (
1*
#4266000000000
0!
#4266500000000
1!
b11111010 +
b1010100010 (
1'
0*
1*
#4267000000000
0!
#4267500000000
1!
b111110100 +
b101000100 (
0'
1)
#4268000000000
0!
#4268500000000
1!
b1111101001 +
b1010001000 (
0*
0)
1*
#4269000000000
0!
#4269500000000
1!
b1111010011 +
b100010000 (
#4270000000000
0!
#4270500000000
1!
b1110100111 +
b1000100001 (
#4271000000000
0!
#4271500000000
1!
b1101001110 +
b1000010 (
1'
0*
#4272000000000
0!
#4272500000000
1!
b1010011100 +
b10000101 (
0'
1)
#4273000000000
0!
#4273500000000
1!
b100111000 +
b100001010 (
1'
1*
0)
#4274000000000
0!
#4274500000000
1!
b1001110000 +
b1000010100 (
0'
0*
1)
#4275000000000
0!
#4275500000000
1!
b11100001 +
b101000 (
1*
0)
0*
#4276000000000
0!
#4276500000000
1!
b111000010 +
b1010001 (
#4277000000000
0!
#4277500000000
1!
b1110000100 +
b10100010 (
1'
1*
0*
#4278000000000
0!
#4278500000000
1!
b1100001000 +
b101000101 (
0'
1)
#4279000000000
0!
#4279500000000
1!
b1000010001 +
b1010001010 (
1'
0)
#4280000000000
0!
#4280500000000
1!
b100011 +
b100010101 (
0'
1*
1)
#4281000000000
0!
#4281500000000
1!
b1000110 +
b1000101010 (
1'
0)
#4282000000000
0!
#4282500000000
1!
b10001101 +
b1010101 (
0'
1)
#4283000000000
0!
#4283500000000
1!
b100011011 +
b10101011 (
1'
0)
#4284000000000
0!
#4284500000000
1!
b1000110110 +
b101010111 (
0*
1)
1*
#4285000000000
0!
#4285500000000
1!
b1101100 +
b1010101111 (
0*
#4286000000000
0!
#4286500000000
1!
b11011001 +
b101011111 (
#4287000000000
0!
#4287500000000
1!
b110110010 +
b1010111111 (
#4288000000000
0!
#4288500000000
1!
b1101100100 +
b101111111 (
1*
#4289000000000
0!
#4289500000000
1!
b1011001000 +
b1011111110 (
#4290000000000
0!
#4290500000000
1!
b110010001 +
b111111101 (
0'
0*
1*
#4291000000000
0!
#4291500000000
1!
b1100100010 +
b1111111010 (
1'
0*
0)
#4292000000000
0!
#4292500000000
1!
b1001000101 +
b1111110101 (
0'
1)
#4293000000000
0!
#4293500000000
1!
b10001010 +
b1111101011 (
1'
1*
0)
#4294000000000
0!
#4294500000000
1!
b100010100 +
b1111010111 (
1)
0*
#4295000000000
0!
#4295500000000
1!
b1000101001 +
b1110101111 (
1*
#4296000000000
0!
#4296500000000
1!
b1010011 +
b1101011110 (
0*
#4297000000000
0!
#4297500000000
1!
b10100110 +
b1010111100 (
0'
1*
#4298000000000
0!
#4298500000000
1!
b101001101 +
b101111000 (
0)
0*
#4299000000000
0!
#4299500000000
1!
b1010011011 +
b1011110000 (
1*
#4300000000000
0!
#4300500000000
1!
b100110111 +
b111100001 (
0*
#4301000000000
0!
#4301500000000
1!
b1001101111 +
b1111000011 (
1'
1*
0*
#4302000000000
0!
#4302500000000
1!
b11011110 +
b1110000110 (
1*
1)
0*
#4303000000000
0!
#4303500000000
1!
b110111101 +
b1100001101 (
0'
1*
#4304000000000
0!
#4304500000000
1!
b1101111011 +
b1000011011 (
1'
0*
0)
#4305000000000
0!
#4305500000000
1!
b1011110111 +
b110110 (
1)
1*
#4306000000000
0!
#4306500000000
1!
b111101110 +
b1101101 (
0'
0*
1*
#4307000000000
0!
#4307500000000
1!
b1111011101 +
b11011010 (
1'
0*
0)
#4308000000000
0!
#4308500000000
1!
b1110111010 +
b110110100 (
0'
1)
#4309000000000
0!
#4309500000000
1!
b1101110101 +
b1101101000 (
0)
1*
#4310000000000
0!
#4310500000000
1!
b1011101010 +
b1011010001 (
#4311000000000
0!
#4311500000000
1!
b111010101 +
b110100010 (
1'
0*
1*
#4312000000000
0!
#4312500000000
1!
b1110101011 +
b1101000100 (
0'
0*
1)
#4313000000000
0!
#4313500000000
1!
b1101010111 +
b1010001001 (
0)
1*
#4314000000000
0!
#4314500000000
1!
b1010101110 +
b100010010 (
1'
0*
#4315000000000
0!
#4315500000000
1!
b101011100 +
b1000100100 (
0'
1*
1)
#4316000000000
0!
#4316500000000
1!
b1010111001 +
b1001001 (
0*
0)
1*
#4317000000000
0!
#4317500000000
1!
b101110011 +
b10010010 (
1'
0*
1*
#4318000000000
0!
#4318500000000
1!
b1011100110 +
b100100100 (
0'
0*
1)
#4319000000000
0!
#4319500000000
1!
b111001100 +
b1001001001 (
1*
0)
0*
#4320000000000
0!
#4320500000000
1!
b1110011001 +
b10010011 (
1'
1*
0*
#4321000000000
0!
#4321500000000
1!
b1100110011 +
b100100110 (
1)
1*
#4322000000000
0!
#4322500000000
1!
b1001100111 +
b1001001100 (
0'
0*
#4323000000000
0!
#4323500000000
1!
b11001110 +
b10011000 (
1*
0)
0*
#4324000000000
0!
#4324500000000
1!
b110011101 +
b100110001 (
#4325000000000
0!
#4325500000000
1!
b1100111011 +
b1001100010 (
1'
1*
0*
#4326000000000
0!
#4326500000000
1!
b1001110111 +
b11000101 (
0'
1)
#4327000000000
0!
#4327500000000
1!
b11101110 +
b110001010 (
1'
1*
0)
#4328000000000
0!
#4328500000000
1!
b111011101 +
b1100010101 (
0'
1)
#4329000000000
0!
#4329500000000
1!
b1110111011 +
b1000101011 (
1'
0*
0)
#4330000000000
0!
#4330500000000
1!
b1101110111 +
b1010111 (
1)
1*
#4331000000000
0!
#4331500000000
1!
b1011101110 +
b10101110 (
#4332000000000
0!
#4332500000000
1!
b111011100 +
b101011100 (
0'
0*
1*
#4333000000000
0!
#4333500000000
1!
b1110111001 +
b1010111000 (
0*
0)
1*
#4334000000000
0!
#4334500000000
1!
b1101110011 +
b101110001 (
#4335000000000
0!
#4335500000000
1!
b1011100111 +
b1011100010 (
1'
0*
#4336000000000
0!
#4336500000000
1!
b111001110 +
b111000100 (
0'
1*
1)
#4337000000000
0!
#4337500000000
1!
b1110011101 +
b1110001001 (
0*
0)
1*
#4338000000000
0!
#4338500000000
1!
b1100111010 +
b1100010011 (
1'
0*
#4339000000000
0!
#4339500000000
1!
b1001110101 +
b1000100111 (
1)
1*
#4340000000000
0!
#4340500000000
1!
b11101010 +
b1001110 (
0*
#4341000000000
0!
#4341500000000
1!
b111010100 +
b10011100 (
0'
1*
#4342000000000
0!
#4342500000000
1!
b1110101001 +
b100111000 (
0*
0)
1*
#4343000000000
0!
#4343500000000
1!
b1101010011 +
b1001110000 (
#4344000000000
0!
#4344500000000
1!
b1010100111 +
b11100000 (
#4345000000000
0!
#4345500000000
1!
b101001110 +
b111000000 (
0*
#4346000000000
0!
#4346500000000
1!
b1010011101 +
b1110000000 (
1*
#4347000000000
0!
#4347500000000
1!
b100111010 +
b1100000001 (
0*
#4348000000000
0!
#4348500000000
1!
b1001110100 +
b1000000010 (
1'
1*
0*
#4349000000000
0!
#4349500000000
1!
b11101000 +
b100 (
0'
1*
1)
#4350000000000
0!
#4350500000000
1!
b111010000 +
b1001 (
0)
0*
#4351000000000
0!
#4351500000000
1!
b1110100000 +
b10010 (
1'
1*
0*
#4352000000000
0!
#4352500000000
1!
b1101000001 +
b100101 (
0'
1)
#4353000000000
0!
#4353500000000
1!
b1010000011 +
b1001010 (
1'
0)
#4354000000000
0!
#4354500000000
1!
b100000111 +
b10010101 (
0'
1*
1)
#4355000000000
0!
#4355500000000
1!
b1000001111 +
b100101010 (
1'
0*
0)
#4356000000000
0!
#4356500000000
1!
b11110 +
b1001010101 (
0'
1*
1)
#4357000000000
0!
#4357500000000
1!
b111101 +
b10101010 (
1'
0)
#4358000000000
0!
#4358500000000
1!
b1111011 +
b101010101 (
0'
1)
#4359000000000
0!
#4359500000000
1!
b11110110 +
b1010101010 (
1'
0)
#4360000000000
0!
#4360500000000
1!
b111101101 +
b101010100 (
0'
1)
#4361000000000
0!
#4361500000000
1!
b1111011011 +
b1010101000 (
0*
0)
1*
#4362000000000
0!
#4362500000000
1!
b1110110111 +
b101010001 (
#4363000000000
0!
#4363500000000
1!
b1101101110 +
b1010100011 (
1'
0*
#4364000000000
0!
#4364500000000
1!
b1011011100 +
b101000110 (
1)
1*
#4365000000000
0!
#4365500000000
1!
b110111000 +
b1010001101 (
0'
0*
1*
#4366000000000
0!
#4366500000000
1!
b1101110000 +
b100011011 (
1'
0*
0)
#4367000000000
0!
#4367500000000
1!
b1011100001 +
b1000110110 (
1)
1*
#4368000000000
0!
#4368500000000
1!
b111000011 +
b1101100 (
0'
0*
1*
#4369000000000
0!
#4369500000000
1!
b1110000110 +
b11011000 (
0*
0)
1*
#4370000000000
0!
#4370500000000
1!
b1100001100 +
b110110001 (
#4371000000000
0!
#4371500000000
1!
b1000011000 +
b1101100011 (
1'
0*
#4372000000000
0!
#4372500000000
1!
b110001 +
b1011000110 (
1*
1)
0*
#4373000000000
0!
#4373500000000
1!
b1100010 +
b110001100 (
0'
1*
#4374000000000
0!
#4374500000000
1!
b11000100 +
b1100011001 (
0)
0*
#4375000000000
0!
#4375500000000
1!
b110001001 +
b1000110010 (
1'
1*
#4376000000000
0!
#4376500000000
1!
b1100010010 +
b1100101 (
0'
0*
1)
#4377000000000
0!
#4377500000000
1!
b1000100101 +
b11001010 (
1'
0)
#4378000000000
0!
#4378500000000
1!
b1001010 +
b110010100 (
0'
1*
1)
#4379000000000
0!
#4379500000000
1!
b10010100 +
b1100101001 (
0)
0*
#4380000000000
0!
#4380500000000
1!
b100101001 +
b1001010011 (
1'
1*
#4381000000000
0!
#4381500000000
1!
b1001010010 +
b10100110 (
0*
1)
1*
#4382000000000
0!
#4382500000000
1!
b10100101 +
b101001100 (
0'
0*
1*
#4383000000000
0!
#4383500000000
1!
b101001011 +
b1010011000 (
0)
0*
#4384000000000
0!
#4384500000000
1!
b1010010110 +
b100110000 (
1*
#4385000000000
0!
#4385500000000
1!
b100101100 +
b1001100000 (
0*
#4386000000000
0!
#4386500000000
1!
b1001011001 +
b11000000 (
1*
#4387000000000
0!
#4387500000000
1!
b10110011 +
b110000001 (
0*
#4388000000000
0!
#4388500000000
1!
b101100110 +
b1100000010 (
1'
1*
#4389000000000
0!
#4389500000000
1!
b1011001101 +
b1000000101 (
0'
0*
1)
#4390000000000
0!
#4390500000000
1!
b110011010 +
b1010 (
1'
1*
0)
#4391000000000
0!
#4391500000000
1!
b1100110100 +
b10101 (
0'
0*
1)
#4392000000000
0!
#4392500000000
1!
b1001101000 +
b101011 (
1'
0)
#4393000000000
0!
#4393500000000
1!
b11010001 +
b1010110 (
1*
1)
0*
#4394000000000
0!
#4394500000000
1!
b110100010 +
b10101100 (
0'
1*
#4395000000000
0!
#4395500000000
1!
b1101000100 +
b101011001 (
0*
0)
1*
#4396000000000
0!
#4396500000000
1!
b1010001000 +
b1010110011 (
1'
0*
#4397000000000
0!
#4397500000000
1!
b100010001 +
b101100110 (
1*
1)
0*
#4398000000000
0!
#4398500000000
1!
b1000100010 +
b1011001100 (
0'
1*
0*
#4399000000000
0!
#4399500000000
1!
b1000101 +
b110011001 (
1*
0)
0*
#4400000000000
0!
#4400500000000
1!
b10001011 +
b1100110010 (
1'
1*
#4401000000000
0!
#4401500000000
1!
b100010110 +
b1001100100 (
0'
1)
#4402000000000
0!
#4402500000000
1!
b1000101101 +
b11001001 (
0*
0)
1*
#4403000000000
0!
#4403500000000
1!
b1011010 +
b110010011 (
1'
0*
1*
#4404000000000
0!
#4404500000000
1!
b10110100 +
b1100100111 (
1)
0*
#4405000000000
0!
#4405500000000
1!
b101101001 +
b1001001111 (
#4406000000000
0!
#4406500000000
1!
b1011010010 +
b10011111 (
1*
#4407000000000
0!
#4407500000000
1!
b110100101 +
b100111111 (
0*
#4408000000000
0!
#4408500000000
1!
b1101001011 +
b1001111110 (
1*
#4409000000000
0!
#4409500000000
1!
b1010010111 +
b11111100 (
0'
0*
#4410000000000
0!
#4410500000000
1!
b100101110 +
b111111001 (
1*
0)
0*
#4411000000000
0!
#4411500000000
1!
b1001011101 +
b1111110011 (
1'
1*
0*
#4412000000000
0!
#4412500000000
1!
b10111010 +
b1111100111 (
1*
1)
0*
#4413000000000
0!
#4413500000000
1!
b101110100 +
b1111001110 (
#4414000000000
0!
#4414500000000
1!
b1011101001 +
b1110011101 (
0'
1*
0*
#4415000000000
0!
#4415500000000
1!
b111010011 +
b1100111010 (
1'
1*
0)
#4416000000000
0!
#4416500000000
1!
b1110100110 +
b1001110100 (
0'
0*
1)
#4417000000000
0!
#4417500000000
1!
b1101001100 +
b11101001 (
0)
1*
#4418000000000
0!
#4418500000000
1!
b1010011000 +
b111010010 (
1'
0*
#4419000000000
0!
#4419500000000
1!
b100110001 +
b1110100101 (
0'
1*
1)
#4420000000000
0!
#4420500000000
1!
b1001100010 +
b1101001011 (
1'
0*
0)
#4421000000000
0!
#4421500000000
1!
b11000101 +
b1010010111 (
1*
1)
0*
#4422000000000
0!
#4422500000000
1!
b110001011 +
b100101110 (
#4423000000000
0!
#4423500000000
1!
b1100010110 +
b1001011100 (
0'
1*
0*
#4424000000000
0!
#4424500000000
1!
b1000101100 +
b10111000 (
0)
1*
#4425000000000
0!
#4425500000000
1!
b1011000 +
b101110000 (
0*
#4426000000000
0!
#4426500000000
1!
b10110000 +
b1011100000 (
#4427000000000
0!
#4427500000000
1!
b101100000 +
b111000001 (
#4428000000000
0!
#4428500000000
1!
b1011000000 +
b1110000010 (
1'
1*
0*
#4429000000000
0!
#4429500000000
1!
b110000001 +
b1100000100 (
0'
1*
1)
#4430000000000
0!
#4430500000000
1!
b1100000010 +
b1000001001 (
0*
0)
1*
#4431000000000
0!
#4431500000000
1!
b1000000101 +
b10011 (
1'
0*
#4432000000000
0!
#4432500000000
1!
b1010 +
b100111 (
1*
1)
0*
#4433000000000
0!
#4433500000000
1!
b10100 +
b1001111 (
#4434000000000
0!
#4434500000000
1!
b101001 +
b10011110 (
#4435000000000
0!
#4435500000000
1!
b1010010 +
b100111101 (
0'
1*
#4436000000000
0!
#4436500000000
1!
b10100100 +
b1001111011 (
1'
0)
#4437000000000
0!
#4437500000000
1!
b101001001 +
b11110111 (
1)
0*
#4438000000000
0!
#4438500000000
1!
b1010010010 +
b111101110 (
1*
#4439000000000
0!
#4439500000000
1!
b100100101 +
b1111011101 (
0'
0*
1*
#4440000000000
0!
#4440500000000
1!
b1001001011 +
b1110111010 (
1'
0*
0)
#4441000000000
0!
#4441500000000
1!
b10010111 +
b1101110101 (
0'
1*
1)
#4442000000000
0!
#4442500000000
1!
b100101111 +
b1011101010 (
1'
0)
#4443000000000
0!
#4443500000000
1!
b1001011111 +
b111010100 (
0'
0*
1)
#4444000000000
0!
#4444500000000
1!
b10111110 +
b1110101001 (
1*
0)
0*
#4445000000000
0!
#4445500000000
1!
b101111101 +
b1101010010 (
1'
1*
#4446000000000
0!
#4446500000000
1!
b1011111011 +
b1010100101 (
0'
0*
1)
#4447000000000
0!
#4447500000000
1!
b111110111 +
b101001010 (
1'
1*
0)
#4448000000000
0!
#4448500000000
1!
b1111101111 +
b1010010100 (
0'
0*
1)
#4449000000000
0!
#4449500000000
1!
b1111011110 +
b100101001 (
0)
1*
#4450000000000
0!
#4450500000000
1!
b1110111100 +
b1001010010 (
1'
0*
#4451000000000
0!
#4451500000000
1!
b1101111000 +
b10100100 (
0'
1)
#4452000000000
0!
#4452500000000
1!
b1011110001 +
b101001001 (
0)
1*
#4453000000000
0!
#4453500000000
1!
b111100011 +
b1010010011 (
1'
0*
1*
#4454000000000
0!
#4454500000000
1!
b1111000110 +
b100100111 (
0*
1)
1*
#4455000000000
0!
#4455500000000
1!
b1110001100 +
b1001001110 (
#4456000000000
0!
#4456500000000
1!
b1100011000 +
b10011101 (
0'
0*
#4457000000000
0!
#4457500000000
1!
b1000110001 +
b100111010 (
1'
0)
#4458000000000
0!
#4458500000000
1!
b1100011 +
b1001110101 (
0'
1*
1)
#4459000000000
0!
#4459500000000
1!
b11000110 +
b11101011 (
1'
0)
#4460000000000
0!
#4460500000000
1!
b110001101 +
b111010111 (
1)
0*
#4461000000000
0!
#4461500000000
1!
b1100011011 +
b1110101110 (
1*
#4462000000000
0!
#4462500000000
1!
b1000110111 +
b1101011100 (
0'
0*
#4463000000000
0!
#4463500000000
1!
b1101110 +
b1010111001 (
1*
0)
0*
#4464000000000
0!
#4464500000000
1!
b11011101 +
b101110011 (
1'
1*
#4465000000000
0!
#4465500000000
1!
b110111011 +
b1011100111 (
1)
0*
#4466000000000
0!
#4466500000000
1!
b1101110110 +
b111001111 (
1*
#4467000000000
0!
#4467500000000
1!
b1011101100 +
b1110011110 (
#4468000000000
0!
#4468500000000
1!
b111011000 +
b1100111101 (
0'
0*
1*
#4469000000000
0!
#4469500000000
1!
b1110110000 +
b1001111010 (
1'
0*
0)
#4470000000000
0!
#4470500000000
1!
b1101100001 +
b11110101 (
0'
1)
#4471000000000
0!
#4471500000000
1!
b1011000011 +
b111101011 (
1'
0)
#4472000000000
0!
#4472500000000
1!
b110000111 +
b1111010110 (
1*
1)
0*
#4473000000000
0!
#4473500000000
1!
b1100001111 +
b1110101101 (
0'
1*
0*
#4474000000000
0!
#4474500000000
1!
b1000011110 +
b1101011011 (
1'
0)
#4475000000000
0!
#4475500000000
1!
b111100 +
b1010110111 (
1*
1)
0*
#4476000000000
0!
#4476500000000
1!
b1111001 +
b101101111 (
#4477000000000
0!
#4477500000000
1!
b11110010 +
b1011011110 (
#4478000000000
0!
#4478500000000
1!
b111100100 +
b110111100 (
0'
1*
#4479000000000
0!
#4479500000000
1!
b1111001001 +
b1101111000 (
0*
0)
1*
#4480000000000
0!
#4480500000000
1!
b1110010011 +
b1011110001 (
#4481000000000
0!
#4481500000000
1!
b1100100111 +
b111100011 (
1'
0*
#4482000000000
0!
#4482500000000
1!
b1001001110 +
b1111000110 (
1)
1*
#4483000000000
0!
#4483500000000
1!
b10011100 +
b1110001101 (
0'
0*
1*
#4484000000000
0!
#4484500000000
1!
b100111001 +
b1100011010 (
1'
0)
#4485000000000
0!
#4485500000000
1!
b1001110010 +
b1000110101 (
0'
0*
1)
#4486000000000
0!
#4486500000000
1!
b11100101 +
b1101011 (
1'
1*
0)
#4487000000000
0!
#4487500000000
1!
b111001011 +
b11010110 (
1)
0*
#4488000000000
0!
#4488500000000
1!
b1110010110 +
b110101101 (
0'
1*
0*
#4489000000000
0!
#4489500000000
1!
b1100101100 +
b1101011010 (
1'
0)
#4490000000000
0!
#4490500000000
1!
b1001011000 +
b1010110101 (
0'
1)
#4491000000000
0!
#4491500000000
1!
b10110001 +
b101101010 (
1'
1*
0)
#4492000000000
0!
#4492500000000
1!
b101100010 +
b1011010101 (
0'
1)
#4493000000000
0!
#4493500000000
1!
b1011000100 +
b110101011 (
1'
0*
0)
#4494000000000
0!
#4494500000000
1!
b110001000 +
b1101010110 (
1*
1)
0*
#4495000000000
0!
#4495500000000
1!
b1100010000 +
b1010101100 (
0'
1*
0*
#4496000000000
0!
#4496500000000
1!
b1000100001 +
b101011000 (
0)
1*
#4497000000000
0!
#4497500000000
1!
b1000011 +
b1010110001 (
0*
#4498000000000
0!
#4498500000000
1!
b10000110 +
b101100011 (
1'
1*
#4499000000000
0!
#4499500000000
1!
b100001101 +
b1011000111 (
1)
0*
#4500000000000
0!
#4500500000000
1!
b1000011011 +
b110001110 (
1*
#4501000000000
0!
#4501500000000
1!
b110111 +
b1100011100 (
0'
0*
1*
#4502000000000
0!
#4502500000000
1!
b1101111 +
b1000111001 (
0)
0*
#4503000000000
0!
#4503500000000
1!
b11011111 +
b1110010 (
1'
1*
#4504000000000
0!
#4504500000000
1!
b110111111 +
b11100100 (
0'
1)
#4505000000000
0!
#4505500000000
1!
b1101111111 +
b111001001 (
0*
0)
1*
#4506000000000
0!
#4506500000000
1!
b1011111110 +
b1110010010 (
1'
0*
#4507000000000
0!
#4507500000000
1!
b111111100 +
b1100100100 (
0'
1*
1)
#4508000000000
0!
#4508500000000
1!
b1111111001 +
b1001001000 (
0*
0)
1*
#4509000000000
0!
#4509500000000
1!
b1111110011 +
b10010001 (
#4510000000000
0!
#4510500000000
1!
b1111100111 +
b100100011 (
1'
0*
#4511000000000
0!
#4511500000000
1!
b1111001110 +
b1001000111 (
1)
1*
#4512000000000
0!
#4512500000000
1!
b1110011100 +
b10001111 (
#4513000000000
0!
#4513500000000
1!
b1100111000 +
b100011111 (
#4514000000000
0!
#4514500000000
1!
b1001110001 +
b1000111111 (
#4515000000000
0!
#4515500000000
1!
b11100011 +
b1111110 (
0*
#4516000000000
0!
#4516500000000
1!
b111000110 +
b11111101 (
0'
1*
#4517000000000
0!
#4517500000000
1!
b1110001101 +
b111111011 (
1'
0*
0)
#4518000000000
0!
#4518500000000
1!
b1100011010 +
b1111110110 (
1)
1*
#4519000000000
0!
#4519500000000
1!
b1000110101 +
b1111101100 (
0'
0*
#4520000000000
0!
#4520500000000
1!
b1101010 +
b1111011001 (
1*
0)
0*
#4521000000000
0!
#4521500000000
1!
b11010100 +
b1110110011 (
1'
1*
#4522000000000
0!
#4522500000000
1!
b110101001 +
b1101100111 (
1)
0*
#4523000000000
0!
#4523500000000
1!
b1101010010 +
b1011001111 (
1*
#4524000000000
0!
#4524500000000
1!
b1010100101 +
b110011110 (
#4525000000000
0!
#4525500000000
1!
b101001010 +
b1100111100 (
0'
0*
1*
#4526000000000
0!
#4526500000000
1!
b1010010100 +
b1001111000 (
0*
0)
1*
#4527000000000
0!
#4527500000000
1!
b100101000 +
b11110000 (
0*
#4528000000000
0!
#4528500000000
1!
b1001010000 +
b111100000 (
1*
#4529000000000
0!
#4529500000000
1!
b10100001 +
b1111000001 (
0*
#4530000000000
0!
#4530500000000
1!
b101000010 +
b1110000011 (
1'
1*
#4531000000000
0!
#4531500000000
1!
b1010000100 +
b1100000110 (
0*
1)
1*
#4532000000000
0!
#4532500000000
1!
b100001000 +
b1000001100 (
0'
0*
1*
#4533000000000
0!
#4533500000000
1!
b1000010000 +
b11000 (
0*
0)
1*
#4534000000000
0!
#4534500000000
1!
b100001 +
b110000 (
0*
#4535000000000
0!
#4535500000000
1!
b1000010 +
b1100001 (
#4536000000000
0!
#4536500000000
1!
b10000100 +
b11000011 (
1'
1*
#4537000000000
0!
#4537500000000
1!
b100001001 +
b110000110 (
1)
0*
#4538000000000
0!
#4538500000000
1!
b1000010010 +
b1100001100 (
0'
1*
0*
#4539000000000
0!
#4539500000000
1!
b100101 +
b1000011001 (
1*
0)
0*
#4540000000000
0!
#4540500000000
1!
b1001011 +
b110011 (
1'
1*
#4541000000000
0!
#4541500000000
1!
b10010110 +
b1100110 (
1)
0*
#4542000000000
0!
#4542500000000
1!
b100101101 +
b11001101 (
0'
1*
#4543000000000
0!
#4543500000000
1!
b1001011011 +
b110011010 (
1'
0*
0)
#4544000000000
0!
#4544500000000
1!
b10110111 +
b1100110101 (
0'
1*
1)
#4545000000000
0!
#4545500000000
1!
b101101111 +
b1001101010 (
1'
0)
#4546000000000
0!
#4546500000000
1!
b1011011111 +
b11010101 (
0'
0*
1)
#4547000000000
0!
#4547500000000
1!
b110111110 +
b110101010 (
1'
1*
0)
#4548000000000
0!
#4548500000000
1!
b1101111101 +
b1101010100 (
0'
0*
1)
#4549000000000
0!
#4549500000000
1!
b1011111010 +
b1010101001 (
0)
1*
#4550000000000
0!
#4550500000000
1!
b111110101 +
b101010011 (
1'
0*
1*
#4551000000000
0!
#4551500000000
1!
b1111101011 +
b1010100110 (
0*
1)
1*
#4552000000000
0!
#4552500000000
1!
b1111010111 +
b101001101 (
0'
0*
#4553000000000
0!
#4553500000000
1!
b1110101110 +
b1010011010 (
1'
0)
#4554000000000
0!
#4554500000000
1!
b1101011100 +
b100110101 (
0'
1)
#4555000000000
0!
#4555500000000
1!
b1010111000 +
b1001101011 (
1'
0)
#4556000000000
0!
#4556500000000
1!
b101110001 +
b11010111 (
1*
1)
0*
#4557000000000
0!
#4557500000000
1!
b1011100010 +
b110101111 (
1*
#4558000000000
0!
#4558500000000
1!
b111000101 +
b1101011111 (
0*
#4559000000000
0!
#4559500000000
1!
b1110001011 +
b1010111110 (
1*
#4560000000000
0!
#4560500000000
1!
b1100010111 +
b101111101 (
0'
0*
#4561000000000
0!
#4561500000000
1!
b1000101110 +
b1011111011 (
1'
0)
#4562000000000
0!
#4562500000000
1!
b1011100 +
b111110110 (
1*
1)
0*
#4563000000000
0!
#4563500000000
1!
b10111001 +
b1111101101 (
0'
1*
#4564000000000
0!
#4564500000000
1!
b101110010 +
b1111011011 (
1'
0)
#4565000000000
0!
#4565500000000
1!
b1011100100 +
b1110110110 (
0*
1)
1*
#4566000000000
0!
#4566500000000
1!
b111001000 +
b1101101100 (
0'
0*
1*
#4567000000000
0!
#4567500000000
1!
b1110010000 +
b1011011000 (
0*
0)
1*
#4568000000000
0!
#4568500000000
1!
b1100100001 +
b110110000 (
#4569000000000
0!
#4569500000000
1!
b1001000011 +
b1101100001 (
#4570000000000
0!
#4570500000000
1!
b10000111 +
b1011000011 (
1'
0*
1*
#4571000000000
0!
#4571500000000
1!
b100001111 +
b110000111 (
1)
0*
#4572000000000
0!
#4572500000000
1!
b1000011111 +
b1100001110 (
1*
#4573000000000
0!
#4573500000000
1!
b111110 +
b1000011100 (
0'
0*
1*
#4574000000000
0!
#4574500000000
1!
b1111101 +
b111000 (
0)
0*
#4575000000000
0!
#4575500000000
1!
b11111011 +
b1110001 (
#4576000000000
0!
#4576500000000
1!
b111110110 +
b11100011 (
1'
1*
#4577000000000
0!
#4577500000000
1!
b1111101101 +
b111000111 (
0*
1)
1*
#4578000000000
0!
#4578500000000
1!
b1111011010 +
b1110001110 (
#4579000000000
0!
#4579500000000
1!
b1110110101 +
b1100011101 (
0'
0*
#4580000000000
0!
#4580500000000
1!
b1101101010 +
b1000111011 (
1'
0)
#4581000000000
0!
#4581500000000
1!
b1011010101 +
b1110111 (
1)
1*
#4582000000000
0!
#4582500000000
1!
b110101010 +
b11101111 (
0*
#4583000000000
0!
#4583500000000
1!
b1101010100 +
b111011110 (
1*
#4584000000000
0!
#4584500000000
1!
b1010101000 +
b1110111100 (
0'
0*
#4585000000000
0!
#4585500000000
1!
b101010001 +
b1101111001 (
1*
0)
0*
#4586000000000
0!
#4586500000000
1!
b1010100010 +
b1011110011 (
1'
1*
0*
#4587000000000
0!
#4587500000000
1!
b101000101 +
b111100110 (
1*
1)
0*
#4588000000000
0!
#4588500000000
1!
b1010001011 +
b1111001101 (
0'
1*
0*
#4589000000000
0!
#4589500000000
1!
b100010111 +
b1110011010 (
1'
1*
0)
#4590000000000
0!
#4590500000000
1!
b1000101111 +
b1100110100 (
0'
0*
1)
#4591000000000
0!
#4591500000000
1!
b1011110 +
b1001101000 (
1*
0)
0*
#4592000000000
0!
#4592500000000
1!
b10111101 +
b11010000 (
#4593000000000
0!
#4593500000000
1!
b101111011 +
b110100001 (
#4594000000000
0!
#4594500000000
1!
b1011110110 +
b1101000011 (
1'
1*
0*
#4595000000000
0!
#4595500000000
1!
b111101100 +
b1010000111 (
1*
1)
0*
#4596000000000
0!
#4596500000000
1!
b1111011001 +
b100001110 (
1*
#4597000000000
0!
#4597500000000
1!
b1110110011 +
b1000011101 (
0'
0*
#4598000000000
0!
#4598500000000
1!
b1101100111 +
b111010 (
1'
0)
#4599000000000
0!
#4599500000000
1!
b1011001110 +
b1110100 (
0'
1)
#4600000000000
0!
#4600500000000
1!
b110011100 +
b11101000 (
1*
0)
0*
#4601000000000
0!
#4601500000000
1!
b1100111001 +
b111010000 (
1*
#4602000000000
0!
#4602500000000
1!
b1001110011 +
b1110100000 (
#4603000000000
0!
#4603500000000
1!
b11100111 +
b1101000000 (
0*
#4604000000000
0!
#4604500000000
1!
b111001111 +
b1010000000 (
#4605000000000
0!
#4605500000000
1!
b1110011111 +
b100000000 (
1*
#4606000000000
0!
#4606500000000
1!
b1100111110 +
b1000000001 (
#4607000000000
0!
#4607500000000
1!
b1001111100 +
b11 (
1'
0*
#4608000000000
0!
#4608500000000
1!
b11111000 +
b111 (
1*
1)
0*
#4609000000000
0!
#4609500000000
1!
b111110000 +
b1110 (
#4610000000000
0!
#4610500000000
1!
b1111100000 +
b11100 (
0'
1*
0*
#4611000000000
0!
#4611500000000
1!
b1111000001 +
b111001 (
0)
1*
#4612000000000
0!
#4612500000000
1!
b1110000011 +
b1110011 (
1'
0*
#4613000000000
0!
#4613500000000
1!
b1100000111 +
b11100110 (
1)
1*
#4614000000000
0!
#4614500000000
1!
b1000001110 +
b111001100 (
0'
0*
#4615000000000
0!
#4615500000000
1!
b11100 +
b1110011001 (
1*
0)
0*
#4616000000000
0!
#4616500000000
1!
b111001 +
b1100110011 (
1'
1*
#4617000000000
0!
#4617500000000
1!
b1110010 +
b1001100110 (
1)
0*
#4618000000000
0!
#4618500000000
1!
b11100100 +
b11001100 (
0'
1*
#4619000000000
0!
#4619500000000
1!
b111001001 +
b110011000 (
0)
0*
#4620000000000
0!
#4620500000000
1!
b1110010010 +
b1100110000 (
1*
#4621000000000
0!
#4621500000000
1!
b1100100101 +
b1001100001 (
#4622000000000
0!
#4622500000000
1!
b1001001010 +
b11000010 (
1'
0*
#4623000000000
0!
#4623500000000
1!
b10010101 +
b110000100 (
0'
1*
1)
#4624000000000
0!
#4624500000000
1!
b100101011 +
b1100001001 (
0)
0*
#4625000000000
0!
#4625500000000
1!
b1001010110 +
b1000010010 (
1'
1*
0*
#4626000000000
0!
#4626500000000
1!
b10101100 +
b100100 (
0'
1*
1)
#4627000000000
0!
#4627500000000
1!
b101011001 +
b1001000 (
0)
0*
#4628000000000
0!
#4628500000000
1!
b1010110010 +
b10010000 (
1*
#4629000000000
0!
#4629500000000
1!
b101100101 +
b100100001 (
0*
#4630000000000
0!
#4630500000000
1!
b1011001011 +
b1001000010 (
1'
1*
0*
#4631000000000
0!
#4631500000000
1!
b110010111 +
b10000100 (
0'
1*
1)
#4632000000000
0!
#4632500000000
1!
b1100101111 +
b100001000 (
0*
0)
1*
#4633000000000
0!
#4633500000000
1!
b1001011110 +
b1000010001 (
#4634000000000
0!
#4634500000000
1!
b10111100 +
b100011 (
1'
0*
1*
#4635000000000
0!
#4635500000000
1!
b101111001 +
b1000110 (
1)
0*
#4636000000000
0!
#4636500000000
1!
b1011110010 +
b10001100 (
0'
1*
0*
#4637000000000
0!
#4637500000000
1!
b111100101 +
b100011000 (
1*
0)
0*
#4638000000000
0!
#4638500000000
1!
b1111001011 +
b1000110001 (
1*
#4639000000000
0!
#4639500000000
1!
b1110010111 +
b1100010 (
1'
0*
#4640000000000
0!
#4640500000000
1!
b1100101110 +
b11000100 (
0'
1)
#4641000000000
0!
#4641500000000
1!
b1001011100 +
b110001000 (
0)
1*
#4642000000000
0!
#4642500000000
1!
b10111000 +
b1100010000 (
0*
#4643000000000
0!
#4643500000000
1!
b101110000 +
b1000100000 (
#4644000000000
0!
#4644500000000
1!
b1011100000 +
b1000000 (
1*
#4645000000000
0!
#4645500000000
1!
b111000001 +
b10000000 (
0*
#4646000000000
0!
#4646500000000
1!
b1110000010 +
b100000001 (
1*
#4647000000000
0!
#4647500000000
1!
b1100000101 +
b1000000011 (
1'
0*
#4648000000000
0!
#4648500000000
1!
b1000001010 +
b110 (
1)
1*
#4649000000000
0!
#4649500000000
1!
b10101 +
b1100 (
0'
0*
1*
#4650000000000
0!
#4650500000000
1!
b101011 +
b11001 (
0)
0*
#4651000000000
0!
#4651500000000
1!
b1010110 +
b110010 (
1'
1*
#4652000000000
0!
#4652500000000
1!
b10101101 +
b1100100 (
0'
1)
#4653000000000
0!
#4653500000000
1!
b101011011 +
b11001000 (
0)
0*
#4654000000000
0!
#4654500000000
1!
b1010110110 +
b110010001 (
1*
#4655000000000
0!
#4655500000000
1!
b101101100 +
b1100100010 (
1'
0*
1*
#4656000000000
0!
#4656500000000
1!
b1011011001 +
b1001000100 (
0'
0*
1)
#4657000000000
0!
#4657500000000
1!
b110110011 +
b10001000 (
1*
0)
0*
#4658000000000
0!
#4658500000000
1!
b1101100110 +
b100010001 (
1*
#4659000000000
0!
#4659500000000
1!
b1011001100 +
b1000100011 (
1'
0*
#4660000000000
0!
#4660500000000
1!
b110011000 +
b1000111 (
1*
1)
0*
#4661000000000
0!
#4661500000000
1!
b1100110000 +
b10001110 (
1*
#4662000000000
0!
#4662500000000
1!
b1001100001 +
b100011101 (
0'
0*
#4663000000000
0!
#4663500000000
1!
b11000011 +
b1000111010 (
1'
1*
0)
#4664000000000
0!
#4664500000000
1!
b110000110 +
b1110101 (
0'
1)
#4665000000000
0!
#4665500000000
1!
b1100001101 +
b11101010 (
1'
0*
0)
#4666000000000
0!
#4666500000000
1!
b1000011010 +
b111010101 (
0'
1)
#4667000000000
0!
#4667500000000
1!
b110101 +
b1110101011 (
1'
1*
0)
#4668000000000
0!
#4668500000000
1!
b1101011 +
b1101010111 (
1)
0*
#4669000000000
0!
#4669500000000
1!
b11010110 +
b1010101110 (
#4670000000000
0!
#4670500000000
1!
b110101101 +
b101011101 (
0'
1*
#4671000000000
0!
#4671500000000
1!
b1101011011 +
b1010111010 (
1'
0*
0)
#4672000000000
0!
#4672500000000
1!
b1010110111 +
b101110100 (
0'
1)
#4673000000000
0!
#4673500000000
1!
b101101110 +
b1011101001 (
1*
0)
0*
#4674000000000
0!
#4674500000000
1!
b1011011101 +
b111010011 (
1'
1*
0*
#4675000000000
0!
#4675500000000
1!
b110111010 +
b1110100111 (
1*
1)
0*
#4676000000000
0!
#4676500000000
1!
b1101110100 +
b1101001110 (
1*
#4677000000000
0!
#4677500000000
1!
b1011101000 +
b1010011100 (
0'
0*
#4678000000000
0!
#4678500000000
1!
b111010001 +
b100111001 (
1*
0)
0*
#4679000000000
0!
#4679500000000
1!
b1110100010 +
b1001110010 (
1'
1*
0*
#4680000000000
0!
#4680500000000
1!
b1101000101 +
b11100101 (
0'
1)
#4681000000000
0!
#4681500000000
1!
b1010001010 +
b111001011 (
1'
0)
#4682000000000
0!
#4682500000000
1!
b100010101 +
b1110010111 (
1*
1)
0*
#4683000000000
0!
#4683500000000
1!
b1000101011 +
b1100101111 (
1*
#4684000000000
0!
#4684500000000
1!
b1010111 +
b1001011111 (
0*
#4685000000000
0!
#4685500000000
1!
b10101111 +
b10111111 (
#4686000000000
0!
#4686500000000
1!
b101011111 +
b101111110 (
#4687000000000
0!
#4687500000000
1!
b1010111111 +
b1011111100 (
0'
1*
0*
#4688000000000
0!
#4688500000000
1!
b101111110 +
b111111000 (
1*
0)
0*
#4689000000000
0!
#4689500000000
1!
b1011111101 +
b1111110001 (
1*
#4690000000000
0!
#4690500000000
1!
b111111010 +
b1111100010 (
1'
0*
1*
#4691000000000
0!
#4691500000000
1!
b1111110100 +
b1111000101 (
0'
0*
1)
#4692000000000
0!
#4692500000000
1!
b1111101000 +
b1110001010 (
1'
0)
#4693000000000
0!
#4693500000000
1!
b1111010001 +
b1100010100 (
0'
1)
#4694000000000
0!
#4694500000000
1!
b1110100011 +
b1000101001 (
0)
1*
#4695000000000
0!
#4695500000000
1!
b1101000111 +
b1010010 (
1'
0*
#4696000000000
0!
#4696500000000
1!
b1010001110 +
b10100101 (
0'
1)
#4697000000000
0!
#4697500000000
1!
b100011100 +
b101001011 (
1'
1*
0)
#4698000000000
0!
#4698500000000
1!
b1000111001 +
b1010010110 (
0*
1)
1*
#4699000000000
0!
#4699500000000
1!
b1110011 +
b100101100 (
0'
0*
1*
#4700000000000
0!
#4700500000000
1!
b11100110 +
b1001011001 (
0)
0*
#4701000000000
0!
#4701500000000
1!
b111001101 +
b10110011 (
1'
1*
#4702000000000
0!
#4702500000000
1!
b1110011011 +
b101100111 (
0*
1)
1*
#4703000000000
0!
#4703500000000
1!
b1100110111 +
b1011001110 (
#4704000000000
0!
#4704500000000
1!
b1001101110 +
b110011100 (
0'
0*
#4705000000000
0!
#4705500000000
1!
b11011100 +
b1100111001 (
1*
0)
0*
#4706000000000
0!
#4706500000000
1!
b110111001 +
b1001110011 (
1'
1*
#4707000000000
0!
#4707500000000
1!
b1101110010 +
b11100111 (
0*
1)
1*
#4708000000000
0!
#4708500000000
1!
b1011100101 +
b111001110 (
#4709000000000
0!
#4709500000000
1!
b111001010 +
b1110011100 (
0'
0*
1*
#4710000000000
0!
#4710500000000
1!
b1110010100 +
b1100111000 (
0*
0)
1*
#4711000000000
0!
#4711500000000
1!
b1100101000 +
b1001110001 (
#4712000000000
0!
#4712500000000
1!
b1001010001 +
b11100010 (
1'
0*
#4713000000000
0!
#4713500000000
1!
b10100011 +
b111000101 (
0'
1*
1)
#4714000000000
0!
#4714500000000
1!
b101000110 +
b1110001011 (
1'
0)
#4715000000000
0!
#4715500000000
1!
b1010001101 +
b1100010110 (
0*
1)
1*
#4716000000000
0!
#4716500000000
1!
b100011010 +
b1000101100 (
0'
0*
1*
#4717000000000
0!
#4717500000000
1!
b1000110100 +
b1011001 (
0*
0)
1*
#4718000000000
0!
#4718500000000
1!
b1101000 +
b10110010 (
1'
0*
1*
#4719000000000
0!
#4719500000000
1!
b11010000 +
b101100101 (
0'
1)
#4720000000000
0!
#4720500000000
1!
b110100000 +
b1011001011 (
1'
0)
#4721000000000
0!
#4721500000000
1!
b1101000000 +
b110010111 (
0*
1)
1*
#4722000000000
0!
#4722500000000
1!
b1010000001 +
b1100101110 (
#4723000000000
0!
#4723500000000
1!
b100000011 +
b1001011101 (
0'
0*
1*
#4724000000000
0!
#4724500000000
1!
b1000000110 +
b10111010 (
1'
0*
0)
#4725000000000
0!
#4725500000000
1!
b1100 +
b101110101 (
0'
1*
1)
#4726000000000
0!
#4726500000000
1!
b11001 +
b1011101011 (
1'
0)
#4727000000000
0!
#4727500000000
1!
b110010 +
b111010110 (
1)
0*
#4728000000000
0!
#4728500000000
1!
b1100100 +
b1110101100 (
0'
1*
#4729000000000
0!
#4729500000000
1!
b11001001 +
b1101011001 (
0)
0*
#4730000000000
0!
#4730500000000
1!
b110010010 +
b1010110010 (
1'
1*
#4731000000000
0!
#4731500000000
1!
b1100100100 +
b101100100 (
0'
0*
1)
#4732000000000
0!
#4732500000000
1!
b1001001000 +
b1011001001 (
0)
1*
#4733000000000
0!
#4733500000000
1!
b10010001 +
b110010010 (
1'
0*
1*
#4734000000000
0!
#4734500000000
1!
b100100010 +
b1100100101 (
0'
1)
#4735000000000
0!
#4735500000000
1!
b1001000100 +
b1001001010 (
1'
0*
0)
#4736000000000
0!
#4736500000000
1!
b10001000 +
b10010100 (
0'
1*
1)
#4737000000000
0!
#4737500000000
1!
b100010000 +
b100101000 (
0)
0*
#4738000000000
0!
#4738500000000
1!
b1000100000 +
b1001010000 (
1*
#4739000000000
0!
#4739500000000
1!
b1000001 +
b10100001 (
0*
#4740000000000
0!
#4740500000000
1!
b10000010 +
b101000010 (
1'
1*
#4741000000000
0!
#4741500000000
1!
b100000100 +
b1010000100 (
0'
1)
#4742000000000
0!
#4742500000000
1!
b1000001001 +
b100001001 (
0*
0)
1*
#4743000000000
0!
#4743500000000
1!
b10011 +
b1000010011 (
1'
0*
1*
#4744000000000
0!
#4744500000000
1!
b100110 +
b100110 (
1)
0*
#4745000000000
0!
#4745500000000
1!
b1001101 +
b1001101 (
0'
1*
#4746000000000
0!
#4746500000000
1!
b10011011 +
b10011011 (
1'
0)
#4747000000000
0!
#4747500000000
1!
b100110110 +
b100110110 (
1)
0*
#4748000000000
0!
#4748500000000
1!
b1001101101 +
b1001101100 (
0'
1*
0*
#4749000000000
0!
#4749500000000
1!
b11011010 +
b11011001 (
1*
0)
0*
#4750000000000
0!
#4750500000000
1!
b110110100 +
b110110011 (
1'
1*
#4751000000000
0!
#4751500000000
1!
b1101101001 +
b1101100110 (
0*
1)
1*
#4752000000000
0!
#4752500000000
1!
b1011010011 +
b1011001101 (
0'
0*
#4753000000000
0!
#4753500000000
1!
b110100111 +
b110011011 (
1'
1*
0)
#4754000000000
0!
#4754500000000
1!
b1101001111 +
b1100110111 (
0*
1)
1*
#4755000000000
0!
#4755500000000
1!
b1010011110 +
b1001101111 (
#4756000000000
0!
#4756500000000
1!
b100111100 +
b11011110 (
0*
#4757000000000
0!
#4757500000000
1!
b1001111001 +
b110111101 (
0'
1*
0*
#4758000000000
0!
#4758500000000
1!
b11110011 +
b1101111010 (
1'
1*
0)
#4759000000000
0!
#4759500000000
1!
b111100110 +
b1011110100 (
0'
1)
#4760000000000
0!
#4760500000000
1!
b1111001101 +
b111101000 (
0*
0)
1*
#4761000000000
0!
#4761500000000
1!
b1110011010 +
b1111010001 (
#4762000000000
0!
#4762500000000
1!
b1100110101 +
b1110100011 (
1'
0*
#4763000000000
0!
#4763500000000
1!
b1001101010 +
b1101000111 (
1)
1*
#4764000000000
0!
#4764500000000
1!
b11010101 +
b1010001110 (
0*
#4765000000000
0!
#4765500000000
1!
b110101011 +
b100011100 (
0'
1*
#4766000000000
0!
#4766500000000
1!
b1101010110 +
b1000111000 (
0*
0)
1*
#4767000000000
0!
#4767500000000
1!
b1010101100 +
b1110000 (
#4768000000000
0!
#4768500000000
1!
b101011000 +
b11100001 (
0*
#4769000000000
0!
#4769500000000
1!
b1010110000 +
b111000010 (
1'
1*
0*
#4770000000000
0!
#4770500000000
1!
b101100001 +
b1110000101 (
0'
1*
1)
#4771000000000
0!
#4771500000000
1!
b1011000010 +
b1100001010 (
1'
0*
0)
#4772000000000
0!
#4772500000000
1!
b110000101 +
b1000010101 (
0'
1*
1)
#4773000000000
0!
#4773500000000
1!
b1100001011 +
b101010 (
1'
0*
0)
#4774000000000
0!
#4774500000000
1!
b1000010111 +
b1010100 (
0'
1)
#4775000000000
0!
#4775500000000
1!
b101110 +
b10101001 (
1*
0)
0*
#4776000000000
0!
#4776500000000
1!
b1011101 +
b101010010 (
1'
1*
#4777000000000
0!
#4777500000000
1!
b10111011 +
b1010100100 (
0'
1)
#4778000000000
0!
#4778500000000
1!
b101110110 +
b101001000 (
0)
0*
#4779000000000
0!
#4779500000000
1!
b1011101101 +
b1010010001 (
1*
#4780000000000
0!
#4780500000000
1!
b111011010 +
b100100010 (
1'
0*
1*
#4781000000000
0!
#4781500000000
1!
b1110110100 +
b1001000101 (
0'
0*
1)
#4782000000000
0!
#4782500000000
1!
b1101101000 +
b10001010 (
1'
0)
#4783000000000
0!
#4783500000000
1!
b1011010001 +
b100010100 (
0'
1)
#4784000000000
0!
#4784500000000
1!
b110100011 +
b1000101000 (
1*
0)
0*
#4785000000000
0!
#4785500000000
1!
b1101000110 +
b1010000 (
1*
#4786000000000
0!
#4786500000000
1!
b1010001100 +
b10100000 (
#4787000000000
0!
#4787500000000
1!
b100011000 +
b101000000 (
0*
#4788000000000
0!
#4788500000000
1!
b1000110000 +
b1010000001 (
1*
#4789000000000
0!
#4789500000000
1!
b1100001 +
b100000010 (
1'
0*
1*
#4790000000000
0!
#4790500000000
1!
b11000010 +
b1000000100 (
0'
1)
#4791000000000
0!
#4791500000000
1!
b110000100 +
b1000 (
0)
0*
#4792000000000
0!
#4792500000000
1!
b1100001001 +
b10000 (
1*
#4793000000000
0!
#4793500000000
1!
b1000010011 +
b100000 (
#4794000000000
0!
#4794500000000
1!
b100111 +
b1000001 (
0*
#4795000000000
0!
#4795500000000
1!
b1001111 +
b10000010 (
1'
1*
#4796000000000
0!
#4796500000000
1!
b10011111 +
b100000100 (
0'
1)
#4797000000000
0!
#4797500000000
1!
b100111111 +
b1000001000 (
0)
0*
#4798000000000
0!
#4798500000000
1!
b1001111111 +
b10001 (
1*
#4799000000000
0!
#4799500000000
1!
b11111110 +
b100010 (
1'
0*
1*
#4800000000000
0!
#4800500000000
1!
b111111101 +
b1000100 (
0'
1)
#4801000000000
0!
#4801500000000
1!
b1111111011 +
b10001001 (
0*
0)
1*
#4802000000000
0!
#4802500000000
1!
b1111110111 +
b100010011 (
1'
0*
#4803000000000
0!
#4803500000000
1!
b1111101110 +
b1000100110 (
1)
1*
#4804000000000
0!
#4804500000000
1!
b1111011100 +
b1001100 (
0'
0*
#4805000000000
0!
#4805500000000
1!
b1110111000 +
b10011001 (
0)
1*
#4806000000000
0!
#4806500000000
1!
b1101110001 +
b100110011 (
1'
0*
#4807000000000
0!
#4807500000000
1!
b1011100011 +
b1001100111 (
1)
1*
#4808000000000
0!
#4808500000000
1!
b111000111 +
b11001110 (
0*
#4809000000000
0!
#4809500000000
1!
b1110001111 +
b110011101 (
0'
1*
0*
#4810000000000
0!
#4810500000000
1!
b1100011110 +
b1100111011 (
1'
0)
#4811000000000
0!
#4811500000000
1!
b1000111100 +
b1001110110 (
1)
1*
#4812000000000
0!
#4812500000000
1!
b1111000 +
b11101100 (
0'
0*
1*
#4813000000000
0!
#4813500000000
1!
b11110000 +
b111011001 (
0)
0*
#4814000000000
0!
#4814500000000
1!
b111100000 +
b1110110010 (
1'
1*
#4815000000000
0!
#4815500000000
1!
b1111000000 +
b1101100101 (
0'
0*
1)
#4816000000000
0!
#4816500000000
1!
b1110000001 +
b1011001010 (
1'
0)
#4817000000000
0!
#4817500000000
1!
b1100000011 +
b110010101 (
0'
1)
#4818000000000
0!
#4818500000000
1!
b1000000111 +
b1100101011 (
1'
0)
#4819000000000
0!
#4819500000000
1!
b1110 +
b1001010110 (
1*
1)
0*
#4820000000000
0!
#4820500000000
1!
b11101 +
b10101101 (
0'
1*
#4821000000000
0!
#4821500000000
1!
b111011 +
b101011011 (
1'
0)
#4822000000000
0!
#4822500000000
1!
b1110110 +
b1010110110 (
1)
0*
#4823000000000
0!
#4823500000000
1!
b11101101 +
b101101101 (
0'
1*
#4824000000000
0!
#4824500000000
1!
b111011011 +
b1011011011 (
1'
0)
#4825000000000
0!
#4825500000000
1!
b1110110110 +
b110110111 (
0*
1)
1*
#4826000000000
0!
#4826500000000
1!
b1101101100 +
b1101101111 (
#4827000000000
0!
#4827500000000
1!
b1011011000 +
b1011011111 (
#4828000000000
0!
#4828500000000
1!
b110110001 +
b110111110 (
0*
#4829000000000
0!
#4829500000000
1!
b1101100010 +
b1101111101 (
0'
1*
0*
#4830000000000
0!
#4830500000000
1!
b1011000101 +
b1011111010 (
1'
0)
#4831000000000
0!
#4831500000000
1!
b110001010 +
b111110100 (
0'
1*
1)
#4832000000000
0!
#4832500000000
1!
b1100010100 +
b1111101000 (
0*
0)
1*
#4833000000000
0!
#4833500000000
1!
b1000101000 +
b1111010000 (
#4834000000000
0!
#4834500000000
1!
b1010001 +
b1110100001 (
0*
#4835000000000
0!
#4835500000000
1!
b10100010 +
b1101000010 (
1'
1*
#4836000000000
0!
#4836500000000
1!
b101000100 +
b1010000101 (
0'
1)
#4837000000000
0!
#4837500000000
1!
b1010001001 +
b100001011 (
1'
0*
0)
#4838000000000
0!
#4838500000000
1!
b100010011 +
b1000010110 (
1*
1)
0*
#4839000000000
0!
#4839500000000
1!
b1000100110 +
b101101 (
0'
1*
0*
#4840000000000
0!
#4840500000000
1!
b1001100 +
b1011010 (
1'
1*
0)
#4841000000000
0!
#4841500000000
1!
b10011001 +
b10110101 (
0'
1)
#4842000000000
0!
#4842500000000
1!
b100110010 +
b101101011 (
1'
0)
#4843000000000
0!
#4843500000000
1!
b1001100100 +
b1011010111 (
0*
1)
1*
#4844000000000
0!
#4844500000000
1!
b11001000 +
b110101110 (
0*
#4845000000000
0!
#4845500000000
1!
b110010000 +
b1101011101 (
0'
1*
#4846000000000
0!
#4846500000000
1!
b1100100000 +
b1010111011 (
1'
0*
0)
#4847000000000
0!
#4847500000000
1!
b1001000001 +
b101110110 (
1)
1*
#4848000000000
0!
#4848500000000
1!
b10000011 +
b1011101100 (
0'
0*
1*
#4849000000000
0!
#4849500000000
1!
b100000110 +
b111011000 (
0)
0*
#4850000000000
0!
#4850500000000
1!
b1000001101 +
b1110110000 (
1*
#4851000000000
0!
#4851500000000
1!
b11010 +
b1101100000 (
0*
#4852000000000
0!
#4852500000000
1!
b110100 +
b1011000001 (
#4853000000000
0!
#4853500000000
1!
b1101001 +
b110000010 (
1'
1*
#4854000000000
0!
#4854500000000
1!
b11010010 +
b1100000101 (
0'
1)
#4855000000000
0!
#4855500000000
1!
b110100100 +
b1000001011 (
1'
0)
#4856000000000
0!
#4856500000000
1!
b1101001001 +
b10110 (
0*
1)
1*
#4857000000000
0!
#4857500000000
1!
b1010010011 +
b101100 (
0'
0*
#4858000000000
0!
#4858500000000
1!
b100100111 +
b1011000 (
1*
0)
0*
#4859000000000
0!
#4859500000000
1!
b1001001111 +
b10110000 (
1*
#4860000000000
0!
#4860500000000
1!
b10011110 +
b101100000 (
0*
#4861000000000
0!
#4861500000000
1!
b100111101 +
b1011000000 (
#4862000000000
0!
#4862500000000
1!
b1001111011 +
b110000000 (
1*
#4863000000000
0!
#4863500000000
1!
b11110111 +
b1100000000 (
0*
#4864000000000
0!
#4864500000000
1!
b111101111 +
b1000000000 (
#4865000000000
0!
#4865500000000
1!
b1111011111 +
b1 (
1*
#4866000000000
0!
#4866500000000
1!
b1110111110 +
b10 (
1'
0*
#4867000000000
0!
#4867500000000
1!
b1101111100 +
b101 (
0'
1)
#4868000000000
0!
#4868500000000
1!
b1011111000 +
b1011 (
1'
0)
#4869000000000
0!
#4869500000000
1!
b111110001 +
b10111 (
1*
1)
0*
#4870000000000
0!
#4870500000000
1!
b1111100010 +
b101110 (
1*
#4871000000000
0!
#4871500000000
1!
b1111000101 +
b1011101 (
0'
0*
#4872000000000
0!
#4872500000000
1!
b1110001010 +
b10111011 (
1'
0)
#4873000000000
0!
#4873500000000
1!
b1100010101 +
b101110111 (
1)
1*
#4874000000000
0!
#4874500000000
1!
b1000101010 +
b1011101110 (
#4875000000000
0!
#4875500000000
1!
b1010101 +
b111011101 (
0'
0*
1*
#4876000000000
0!
#4876500000000
1!
b10101011 +
b1110111011 (
1'
0)
#4877000000000
0!
#4877500000000
1!
b101010110 +
b1101110111 (
1)
0*
#4878000000000
0!
#4878500000000
1!
b1010101101 +
b1011101111 (
1*
#4879000000000
0!
#4879500000000
1!
b101011010 +
b111011111 (
0*
#4880000000000
0!
#4880500000000
1!
b1010110100 +
b1110111110 (
1*
#4881000000000
0!
#4881500000000
1!
b101101000 +
b1101111100 (
0'
0*
1*
#4882000000000
0!
#4882500000000
1!
b1011010000 +
b1011111000 (
0*
0)
1*
#4883000000000
0!
#4883500000000
1!
b110100001 +
b111110001 (
0*
#4884000000000
0!
#4884500000000
1!
b1101000010 +
b1111100011 (
1'
1*
0*
#4885000000000
0!
#4885500000000
1!
b1010000101 +
b1111000111 (
1)
1*
#4886000000000
0!
#4886500000000
1!
b100001010 +
b1110001111 (
0*
#4887000000000
0!
#4887500000000
1!
b1000010100 +
b1100011111 (
1*
#4888000000000
0!
#4888500000000
1!
b101000 +
b1000111110 (
0*
#4889000000000
0!
#4889500000000
1!
b1010000 +
b1111100 (
0'
1*
#4890000000000
0!
#4890500000000
1!
b10100000 +
b11111000 (
0)
0*
#4891000000000
0!
#4891500000000
1!
b101000000 +
b111110000 (
#4892000000000
0!
#4892500000000
1!
b1010000000 +
b1111100001 (
1*
#4893000000000
0!
#4893500000000
1!
b100000001 +
b1111000010 (
1'
0*
1*
#4894000000000
0!
#4894500000000
1!
b1000000010 +
b1110000100 (
0'
0*
1)
#4895000000000
0!
#4895500000000
1!
b101 +
b1100001000 (
1*
0)
0*
#4896000000000
0!
#4896500000000
1!
b1011 +
b1000010000 (
#4897000000000
0!
#4897500000000
1!
b10110 +
b100001 (
#4898000000000
0!
#4898500000000
1!
b101101 +
b1000011 (
1'
1*
#4899000000000
0!
#4899500000000
1!
b1011011 +
b10000111 (
1)
0*
#4900000000000
0!
#4900500000000
1!
b10110110 +
b100001111 (
#4901000000000
0!
#4901500000000
1!
b101101101 +
b1000011111 (
#4902000000000
0!
#4902500000000
1!
b1011011011 +
b111111 (
1*
#4903000000000
0!
#4903500000000
1!
b110110111 +
b1111111 (
0*
#4904000000000
0!
#4904500000000
1!
b1101101111 +
b11111111 (
1*
#4905000000000
0!
#4905500000000
1!
b1011011110 +
b111111110 (
#4906000000000
0!
#4906500000000
1!
b110111100 +
b1111111101 (
0'
0*
1*
#4907000000000
0!
#4907500000000
1!
b1101111001 +
b1111111011 (
1'
0*
0)
#4908000000000
0!
#4908500000000
1!
b1011110011 +
b1111110111 (
1)
1*
#4909000000000
0!
#4909500000000
1!
b111100111 +
b1111101110 (
0*
#4910000000000
0!
#4910500000000
1!
b1111001111 +
b1111011100 (
0'
1*
0*
#4911000000000
0!
#4911500000000
1!
b1110011110 +
b1110111000 (
0)
1*
#4912000000000
0!
#4912500000000
1!
b1100111100 +
b1101110000 (
#4913000000000
0!
#4913500000000
1!
b1001111000 +
b1011100001 (
#4914000000000
0!
#4914500000000
1!
b11110001 +
b111000011 (
1'
0*
1*
#4915000000000
0!
#4915500000000
1!
b111100010 +
b1110000111 (
1)
0*
#4916000000000
0!
#4916500000000
1!
b1111000100 +
b1100001111 (
1*
#4917000000000
0!
#4917500000000
1!
b1110001000 +
b1000011110 (
#4918000000000
0!
#4918500000000
1!
b1100010001 +
b111101 (
0'
0*
#4919000000000
0!
#4919500000000
1!
b1000100011 +
b1111010 (
1'
0)
#4920000000000
0!
#4920500000000
1!
b1000111 +
b11110100 (
0'
1*
1)
#4921000000000
0!
#4921500000000
1!
b10001111 +
b111101001 (
0)
0*
#4922000000000
0!
#4922500000000
1!
b100011111 +
b1111010011 (
1'
1*
#4923000000000
0!
#4923500000000
1!
b1000111111 +
b1110100110 (
0*
1)
1*
#4924000000000
0!
#4924500000000
1!
b1111110 +
b1101001100 (
0'
0*
1*
#4925000000000
0!
#4925500000000
1!
b11111101 +
b1010011001 (
0)
0*
#4926000000000
0!
#4926500000000
1!
b111111011 +
b100110010 (
1'
1*
#4927000000000
0!
#4927500000000
1!
b1111110110 +
b1001100101 (
0'
0*
1)
#4928000000000
0!
#4928500000000
1!
b1111101100 +
b11001011 (
1'
0)
#4929000000000
0!
#4929500000000
1!
b1111011000 +
b110010110 (
1)
1*
#4930000000000
0!
#4930500000000
1!
b1110110001 +
b1100101100 (
0'
0*
#4931000000000
0!
#4931500000000
1!
b1101100011 +
b1001011000 (
0)
1*
#4932000000000
0!
#4932500000000
1!
b1011000111 +
b10110001 (
#4933000000000
0!
#4933500000000
1!
b110001110 +
b101100010 (
1'
0*
1*
#4934000000000
0!
#4934500000000
1!
b1100011101 +
b1011000101 (
0'
0*
1)
#4935000000000
0!
#4935500000000
1!
b1000111010 +
b110001011 (
1'
0)
#4936000000000
0!
#4936500000000
1!
b1110101 +
b1100010111 (
1*
1)
0*
#4937000000000
0!
#4937500000000
1!
b11101011 +
b1000101110 (
#4938000000000
0!
#4938500000000
1!
b111010110 +
b1011100 (
0'
1*
#4939000000000
0!
#4939500000000
1!
b1110101101 +
b10111001 (
0*
0)
1*
#4940000000000
0!
#4940500000000
1!
b1101011010 +
b101110010 (
1'
0*
#4941000000000
0!
#4941500000000
1!
b1010110101 +
b1011100101 (
0'
1)
#4942000000000
0!
#4942500000000
1!
b101101010 +
b111001010 (
1'
1*
0)
#4943000000000
0!
#4943500000000
1!
b1011010100 +
b1110010101 (
0'
0*
1)
#4944000000000
0!
#4944500000000
1!
b110101000 +
b1100101010 (
1'
1*
0)
#4945000000000
0!
#4945500000000
1!
b1101010000 +
b1001010100 (
0'
0*
1)
#4946000000000
0!
#4946500000000
1!
b1010100001 +
b10101000 (
0)
1*
#4947000000000
0!
#4947500000000
1!
b101000011 +
b101010000 (
0*
#4948000000000
0!
#4948500000000
1!
b1010000110 +
b1010100001 (
1*
#4949000000000
0!
#4949500000000
1!
b100001100 +
b101000011 (
1'
0*
1*
#4950000000000
0!
#4950500000000
1!
b1000011001 +
b1010000110 (
0*
1)
1*
#4951000000000
0!
#4951500000000
1!
b110011 +
b100001100 (
0'
0*
1*
#4952000000000
0!
#4952500000000
1!
b1100110 +
b1000011000 (
0)
0*
#4953000000000
0!
#4953500000000
1!
b11001101 +
b110001 (
#4954000000000
0!
#4954500000000
1!
b110011011 +
b1100011 (
1'
1*
#4955000000000
0!
#4955500000000
1!
b1100110110 +
b11000110 (
0*
1)
1*
#4956000000000
0!
#4956500000000
1!
b1001101100 +
b110001101 (
0'
0*
#4957000000000
0!
#4957500000000
1!
b11011000 +
b1100011011 (
1'
1*
0)
#4958000000000
0!
#4958500000000
1!
b110110000 +
b1000110111 (
1)
0*
#4959000000000
0!
#4959500000000
1!
b1101100000 +
b1101110 (
1*
#4960000000000
0!
#4960500000000
1!
b1011000001 +
b11011101 (
0'
0*
#4961000000000
0!
#4961500000000
1!
b110000011 +
b110111010 (
1'
1*
0)
#4962000000000
0!
#4962500000000
1!
b1100000110 +
b1101110100 (
0'
0*
1)
#4963000000000
0!
#4963500000000
1!
b1000001100 +
b1011101000 (
0)
1*
#4964000000000
0!
#4964500000000
1!
b11000 +
b111010001 (
0*
#4965000000000
0!
#4965500000000
1!
b110000 +
b1110100010 (
1'
1*
#4966000000000
0!
#4966500000000
1!
b1100000 +
b1101000101 (
0'
1)
#4967000000000
0!
#4967500000000
1!
b11000000 +
b1010001011 (
1'
0)
#4968000000000
0!
#4968500000000
1!
b110000000 +
b100010111 (
1)
0*
#4969000000000
0!
#4969500000000
1!
b1100000000 +
b1000101111 (
1*
#4970000000000
0!
#4970500000000
1!
b1000000001 +
b1011110 (
#4971000000000
0!
#4971500000000
1!
b11 +
b10111100 (
0'
0*
1*
#4972000000000
0!
#4972500000000
1!
b110 +
b101111001 (
0)
0*
#4973000000000
0!
#4973500000000
1!
b1101 +
b1011110010 (
1'
1*
#4974000000000
0!
#4974500000000
1!
b11011 +
b111100100 (
0'
1)
#4975000000000
0!
#4975500000000
1!
b110110 +
b1111001000 (
0)
0*
#4976000000000
0!
#4976500000000
1!
b1101101 +
b1110010001 (
#4977000000000
0!
#4977500000000
1!
b11011011 +
b1100100011 (
1'
1*
#4978000000000
0!
#4978500000000
1!
b110110110 +
b1001000110 (
1)
0*
#4979000000000
0!
#4979500000000
1!
b1101101101 +
b10001101 (
0'
1*
0*
#4980000000000
0!
#4980500000000
1!
b1011011010 +
b100011010 (
1'
0)
#4981000000000
0!
#4981500000000
1!
b110110101 +
b1000110100 (
0'
1*
1)
#4982000000000
0!
#4982500000000
1!
b1101101011 +
b1101001 (
0*
0)
1*
#4983000000000
0!
#4983500000000
1!
b1011010111 +
b11010011 (
1'
0*
#4984000000000
0!
#4984500000000
1!
b110101110 +
b110100110 (
1*
1)
0*
#4985000000000
0!
#4985500000000
1!
b1101011101 +
b1101001101 (
0'
1*
0*
#4986000000000
0!
#4986500000000
1!
b1010111010 +
b1010011011 (
1'
0)
#4987000000000
0!
#4987500000000
1!
b101110101 +
b100110111 (
1*
1)
0*
#4988000000000
0!
#4988500000000
1!
b1011101011 +
b1001101110 (
1*
#4989000000000
0!
#4989500000000
1!
b111010111 +
b11011100 (
0'
0*
1*
#4990000000000
0!
#4990500000000
1!
b1110101111 +
b110111000 (
0*
0)
1*
#4991000000000
0!
#4991500000000
1!
b1101011110 +
b1101110001 (
#4992000000000
0!
#4992500000000
1!
b1010111100 +
b1011100011 (
1'
0*
#4993000000000
0!
#4993500000000
1!
b101111000 +
b111000110 (
1*
1)
0*
#4994000000000
0!
#4994500000000
1!
b1011110000 +
b1110001100 (
0'
1*
0*
#4995000000000
0!
#4995500000000
1!
b111100001 +
b1100011000 (
1*
0)
0*
#4996000000000
0!
#4996500000000
1!
b1111000010 +
b1000110000 (
1*
#4997000000000
0!
#4997500000000
1!
b1110000101 +
b1100000 (
#4998000000000
0!
#4998500000000
1!
b1100001010 +
b11000001 (
#4999000000000
0!
#4999500000000
1!
b1000010101 +
b110000011 (
1'
0*
#5000000000000
0!
#5000500000000
1!
b101010 +
b1100000111 (
1*
1)
0*
#5001000000000
0!
#5001500000000
1!
b1010100 +
b1000001110 (
#5002000000000
0!
#5002500000000
1!
b10101001 +
b11101 (
0'
1*
#5003000000000
0!
#5003500000000
1!
b101010010 +
b111011 (
1'
0)
#5004000000000
0!
#5004500000000
1!
b1010100100 +
b1110110 (
0*
1)
1*
#5005000000000
0!
#5005500000000
1!
b101001000 +
b11101101 (
0'
0*
1*
#5006000000000
0!
#5006500000000
1!
b1010010000 +
b111011011 (
1'
0*
0)
#5007000000000
0!
#5007500000000
1!
b100100001 +
b1110110111 (
1*
1)
0*
#5008000000000
0!
#5008500000000
1!
b1001000010 +
b1101101110 (
1*
#5009000000000
0!
#5009500000000
1!
b10000101 +
b1011011101 (
0'
0*
1*
#5010000000000
0!
#5010500000000
1!
b100001011 +
b110111011 (
1'
0)
#5011000000000
0!
#5011500000000
1!
b1000010110 +
b1101110110 (
0*
1)
1*
#5012000000000
0!
#5012500000000
1!
b101100 +
b1011101101 (
0'
0*
1*
#5013000000000
0!
#5013500000000
1!
b1011001 +
b111011010 (
1'
0)
#5014000000000
0!
#5014500000000
1!
b10110010 +
b1110110101 (
0'
1)
#5015000000000
0!
#5015500000000
1!
b101100100 +
b1101101011 (
1'
0)
#5016000000000
0!
#5016500000000
1!
b1011001001 +
b1011010110 (
0*
1)
1*
#5017000000000
0!
#5017500000000
1!
b110010011 +
b110101100 (
0'
0*
1*
#5018000000000
0!
#5018500000000
1!
b1100100110 +
b1101011000 (
0*
0)
1*
#5019000000000
0!
#5019500000000
1!
b1001001100 +
b1010110000 (
#5020000000000
0!
#5020500000000
1!
b10011000 +
b101100001 (
0*
#5021000000000
0!
#5021500000000
1!
b100110000 +
b1011000010 (
1'
1*
#5022000000000
0!
#5022500000000
1!
b1001100000 +
b110000101 (
0'
0*
1)
#5023000000000
0!
#5023500000000
1!
b11000001 +
b1100001011 (
1'
1*
0)
#5024000000000
0!
#5024500000000
1!
b110000010 +
b1000010111 (
1)
0*
#5025000000000
0!
#5025500000000
1!
b1100000100 +
b101111 (
1*
#5026000000000
0!
#5026500000000
1!
b1000001000 +
b1011111 (
#5027000000000
0!
#5027500000000
1!
b10001 +
b10111110 (
0*
#5028000000000
0!
#5028500000000
1!
b100010 +
b101111100 (
0'
1*
#5029000000000
0!
#5029500000000
1!
b1000100 +
b1011111001 (
0)
0*
#5030000000000
0!
#5030500000000
1!
b10001001 +
b111110011 (
1'
1*
#5031000000000
0!
#5031500000000
1!
b100010010 +
b1111100110 (
1)
0*
#5032000000000
0!
#5032500000000
1!
b1000100100 +
b1111001100 (
0'
1*
0*
#5033000000000
0!
#5033500000000
1!
b1001000 +
b1110011000 (
1*
0)
0*
#5034000000000
0!
#5034500000000
1!
b10010000 +
b1100110001 (
#5035000000000
0!
#5035500000000
1!
b100100000 +
b1001100011 (
1'
1*
#5036000000000
0!
#5036500000000
1!
b1001000000 +
b11000111 (
0*
1)
1*
#5037000000000
0!
#5037500000000
1!
b10000001 +
b110001111 (
0*
#5038000000000
0!
#5038500000000
1!
b100000010 +
b1100011110 (
#5039000000000
0!
#5039500000000
1!
b1000000100 +
b1000111100 (
0'
1*
0*
#5040000000000
0!
#5040500000000
1!
b1000 +
b1111001 (
1*
0)
0*
#5041000000000
0!
#5041500000000
1!
b10000 +
b11110011 (
1'
1*
#5042000000000
0!
#5042500000000
1!
b100000 +
b111100111 (
1)
0*
#5043000000000
0!
#5043500000000
1!
b1000000 +
b1111001111 (
#5044000000000
0!
#5044500000000
1!
b10000000 +
b1110011111 (
#5045000000000
0!
#5045500000000
1!
b100000000 +
b1100111111 (
#5046000000000
0!
#5046500000000
1!
b1000000000 +
b1001111111 (
1*
#5047000000000
0!
#5047500000000
1!
b1 +
b11111110 (
0*
#5048000000000
0!
#5048500000000
1!
b10 +
b111111100 (
0'
1*
#5049000000000
0!
#5049500000000
1!
b100 +
b1111111000 (
0)
0*
#5050000000000
0!
#5050500000000
1!
b1001 +
b1111110000 (
#5051000000000
0!
#5051500000000
1!
b10010 +
b1111100000 (
#5052000000000
0!
#5052500000000
1!
b100100 +
b1111000000 (
#5053000000000
0!
#5053500000000
1!
b1001001 +
b1110000001 (
#5054000000000
0!
#5054500000000
1!
b10010010 +
b1100000011 (
1'
1*
#5055000000000
0!
#5055500000000
1!
b100100100 +
b1000000111 (
1)
0*
#5056000000000
0!
#5056500000000
1!
b1001001001 +
b1111 (
1*
#5057000000000
0!
#5057500000000
1!
b10010011 +
b11110 (
0*
#5058000000000
0!
#5058500000000
1!
b100100110 +
b111100 (
0'
1*
#5059000000000
0!
#5059500000000
1!
b1001001101 +
b1111000 (
0*
0)
1*
#5060000000000
0!
#5060500000000
1!
b10011010 +
b11110001 (
0*
#5061000000000
0!
#5061500000000
1!
b100110100 +
b111100010 (
1'
1*
#5062000000000
0!
#5062500000000
1!
b1001101001 +
b1111000100 (
0'
0*
1)
#5063000000000
0!
#5063500000000
1!
b11010011 +
b1110001000 (
1*
0)
0*
#5064000000000
0!
#5064500000000
1!
b110100110 +
b1100010001 (
#5065000000000
0!
#5065500000000
1!
b1101001101 +
b1000100010 (
1'
1*
0*
#5066000000000
0!
#5066500000000
1!
b1010011010 +
b1000101 (
0'
1)
#5067000000000
0!
#5067500000000
1!
b100110101 +
b10001011 (
1'
1*
0)
#5068000000000
0!
#5068500000000
1!
b1001101011 +
b100010110 (
0*
1)
1*
#5069000000000
0!
#5069500000000
1!
b11010111 +
b1000101101 (
0'
0*
1*
#5070000000000
0!
#5070500000000
1!
b110101111 +
b1011011 (
1'
0)
#5071000000000
0!
#5071500000000
1!
b1101011111 +
b10110111 (
0*
1)
1*
#5072000000000
0!
#5072500000000
1!
b1010111110 +
b101101110 (
#5073000000000
0!
#5073500000000
1!
b101111100 +
b1011011100 (
0'
0*
1*
#5074000000000
0!
#5074500000000
1!
b1011111001 +
b110111001 (
0*
0)
1*
#5075000000000
0!
#5075500000000
1!
b111110011 +
b1101110011 (
1'
0*
1*
#5076000000000
0!
#5076500000000
1!
b1111100110 +
b1011100110 (
0*
1)
1*
#5077000000000
0!
#5077500000000
1!
b1111001100 +
b111001101 (
0'
0*
#5078000000000
0!
#5078500000000
1!
b1110011000 +
b1110011011 (
1'
0)
#5079000000000
0!
#5079500000000
1!
b1100110001 +
b1100110110 (
1)
1*
#5080000000000
0!
#5080500000000
1!
b1001100011 +
b1001101101 (
0'
0*
#5081000000000
0!
#5081500000000
1!
b11000111 +
b11011011 (
1'
1*
0)
#5082000000000
0!
#5082500000000
1!
b110001111 +
b110110110 (
1)
0*
#5083000000000
0!
#5083500000000
1!
b1100011111 +
b1101101101 (
0'
1*
0*
#5084000000000
0!
#5084500000000
1!
b1000111110 +
b1011011010 (
1'
0)
#5085000000000
0!
#5085500000000
1!
b1111100 +
b110110101 (
0'
1*
1)
#5086000000000
0!
#5086500000000
1!
b11111001 +
b1101101010 (
1'
0)
#5087000000000
0!
#5087500000000
1!
b111110010 +
b1011010100 (
0'
1)
#5088000000000
0!
#5088500000000
1!
b1111100100 +
b110101001 (
0*
0)
1*
#5089000000000
0!
#5089500000000
1!
b1111001000 +
b1101010011 (
1'
0*
#5090000000000
0!
#5090500000000
1!
b1110010001 +
b1010100111 (
1)
1*
#5091000000000
0!
#5091500000000
1!
b1100100011 +
b101001111 (
#5092000000000
0!
#5092500000000
1!
b1001000111 +
b1010011111 (
#5093000000000
0!
#5093500000000
1!
b10001110 +
b100111110 (
0*
#5094000000000
0!
#5094500000000
1!
b100011101 +
b1001111100 (
0'
1*
#5095000000000
0!
#5095500000000
1!
b1000111011 +
b11111001 (
0*
0)
1*
#5096000000000
0!
#5096500000000
1!
b1110111 +
b111110010 (
1'
0*
1*
#5097000000000
0!
#5097500000000
1!
b11101111 +
b1111100100 (
0'
1)
#5098000000000
0!
#5098500000000
1!
b111011111 +
b1111001001 (
0)
0*
#5099000000000
0!
#5099500000000
1!
b1110111111 +
b1110010011 (
1'
1*
0*
#5100000000000
0!
#5100500000000
1!
b1101111110 +
b1100100110 (
1)
1*
#5101000000000
0!
#5101500000000
1!
b1011111100 +
b1001001101 (
0'
0*
#5102000000000
0!
#5102500000000
1!
b111111000 +
b10011010 (
1'
1*
0)
#5103000000000
0!
#5103500000000
1!
b1111110000 +
b100110100 (
0'
0*
1)
#5104000000000
0!
#5104500000000
1!
b1111100001 +
b1001101001 (
0)
1*
#5105000000000
0!
#5105500000000
1!
b1111000011 +
b11010010 (
1'
0*
#5106000000000
0!
#5106500000000
1!
b1110000111 +
b110100100 (
0'
1)
#5107000000000
0!
#5107500000000
1!
b1100001110 +
b1101001000 (
0)
1*
#5108000000000
0!
#5108500000000
1!
b1000011100 +
b1010010000 (
#5109000000000
0!
#5109500000000
1!
b111000 +
b100100000 (
0*
#5110000000000
0!
#5110500000000
1!
b1110000 +
b1001000000 (
#5111000000000
0!
#5111500000000
1!
b11100000 +
b10000001 (
#5112000000000
0!
#5112500000000
1!
b111000000 +
b100000011 (
1'
1*
#5113000000000
0!
#5113500000000
1!
b1110000000 +
b1000000110 (
0*
1)
1*
#5114000000000
0!
#5114500000000
1!
b1100000001 +
b1101 (
0'
0*
#5115000000000
0!
#5115500000000
1!
b1000000011 +
b11011 (
1'
0)
#5116000000000
0!
#5116500000000
1!
b111 +
b110111 (
1*
1)
0*
#5117000000000
0!
#5117500000000
1!
b1111 +
b1101111 (
#5118000000000
0!
#5118500000000
1!
b11111 +
b11011111 (
#5119000000000
0!
#5119500000000
1!
b111111 +
b110111111 (
#5120000000000
0!
#5120500000000
1!
b1111111 +
b1101111111 (
#5121000000000
0!
#5121500000000
1!
b11111111 +
b1011111111 (
#5122000000000
0!
#5122500000000
1!
b111111111 +
b111111111 (
#5123000000000
0!
#5123500000000
1!
b1111111111 +
b1111111111 (
1*
#5124000000000
0!
#5124500000000
1!
b1111111110 +
b1111111110 (
b1111 $
b1110 #
b1000 %
b1001 &
1,
#5125000000000
0!
#5125500000000
1!
b1111111111 +
b1111111111 (
0,
#5126000000000
0!
#5126500000000
1!
b1111111110 +
b1111111110 (
#5127000000000
0!
#5127500000000
1!
b1111111100 +
b1111111100 (
#5128000000000
0!
#5128500000000
1!
b1111111000 +
b1111111001 (
#5129000000000
0!
#5129500000000
1!
b1111110001 +
b1111110010 (
#5130000000000
0!
#5130500000000
1!
b1111100011 +
b1111100101 (
#5131000000000
0!
#5131500000000
1!
b1111000111 +
b1111001011 (
#5132000000000
0!
#5132500000000
1!
b1110001110 +
b1110010110 (
#5133000000000
0!
#5133500000000
1!
b1100011100 +
b1100101101 (
0'
0*
#5134000000000
0!
#5134500000000
1!
b1000111000 +
b1001011010 (
0)
1*
#5135000000000
0!
#5135500000000
1!
b1110001 +
b10110100 (
1'
0*
1*
#5136000000000
0!
#5136500000000
1!
b11100010 +
b101101001 (
0'
1)
#5137000000000
0!
#5137500000000
1!
b111000100 +
b1011010010 (
1'
0)
#5138000000000
0!
#5138500000000
1!
b1110001001 +
b110100101 (
0*
1)
1*
#5139000000000
0!
#5139500000000
1!
b1100010011 +
b1101001010 (
0'
0*
#5140000000000
0!
#5140500000000
1!
b1000100111 +
b1010010101 (
1'
0)
#5141000000000
0!
#5141500000000
1!
b1001110 +
b100101011 (
0'
1*
1)
#5142000000000
0!
#5142500000000
1!
b10011101 +
b1001010111 (
0)
0*
#5143000000000
0!
#5143500000000
1!
b100111011 +
b10101111 (
1'
1*
#5144000000000
0!
#5144500000000
1!
b1001110110 +
b101011110 (
0'
0*
1)
#5145000000000
0!
#5145500000000
1!
b11101100 +
b1010111101 (
1'
1*
0)
#5146000000000
0!
#5146500000000
1!
b111011001 +
b101111010 (
0'
1)
#5147000000000
0!
#5147500000000
1!
b1110110010 +
b1011110101 (
1'
0*
0)
#5148000000000
0!
#5148500000000
1!
b1101100101 +
b111101010 (
1)
1*
#5149000000000
0!
#5149500000000
1!
b1011001010 +
b1111010100 (
#5150000000000
0!
#5150500000000
1!
b110010101 +
b1110101000 (
0*
#5151000000000
0!
#5151500000000
1!
b1100101011 +
b1101010000 (
0'
1*
0*
#5152000000000
0!
#5152500000000
1!
b1001010111 +
b1010100000 (
1'
0)
#5153000000000
0!
#5153500000000
1!
b10101110 +
b101000001 (
0'
1*
1)
#5154000000000
0!
#5154500000000
1!
b101011101 +
b1010000011 (
1'
0)
#5155000000000
0!
#5155500000000
1!
b1010111011 +
b100000111 (
0'
0*
1)
#5156000000000
0!
#5156500000000
1!
b101110111 +
b1000001111 (
1*
0)
0*
#5157000000000
0!
#5157500000000
1!
b1011101111 +
b11111 (
1*
#5158000000000
0!
#5158500000000
1!
b111011110 +
b111110 (
0*
#5159000000000
0!
#5159500000000
1!
b1110111101 +
b1111101 (
1*
#5160000000000
0!
#5160500000000
1!
b1101111010 +
b11111010 (
1'
0*
#5161000000000
0!
#5161500000000
1!
b1011110101 +
b111110101 (
1)
1*
#5162000000000
0!
#5162500000000
1!
b111101010 +
b1111101010 (
0*
#5163000000000
0!
#5163500000000
1!
b1111010100 +
b1111010101 (
1*
#5164000000000
0!
#5164500000000
1!
b1110101000 +
b1110101010 (
#5165000000000
0!
#5165500000000
1!
b1101010001 +
b1101010101 (
0'
0*
#5166000000000
0!
#5166500000000
1!
b1010100011 +
b1010101011 (
1'
0)
#5167000000000
0!
#5167500000000
1!
b101000111 +
b101010110 (
0'
1*
1)
#5168000000000
0!
#5168500000000
1!
b1010001111 +
b1010101101 (
1'
0*
0)
#5169000000000
0!
#5169500000000
1!
b100011110 +
b101011010 (
0'
1*
1)
#5170000000000
0!
#5170500000000
1!
b1000111101 +
b1010110100 (
1'
0*
0)
#5171000000000
0!
#5171500000000
1!
b1111010 +
b101101000 (
0'
1*
1)
#5172000000000
0!
#5172500000000
1!
b11110100 +
b1011010000 (
1'
0)
#5173000000000
0!
#5173500000000
1!
b111101001 +
b110100000 (
1)
0*
#5174000000000
0!
#5174500000000
1!
b1111010010 +
b1101000001 (
0'
1*
0*
#5175000000000
0!
#5175500000000
1!
b1110100101 +
b1010000010 (
1'
0)
#5176000000000
0!
#5176500000000
1!
b1101001010 +
b100000101 (
0'
1)
#5177000000000
0!
#5177500000000
1!
b1010010101 +
b1000001010 (
0)
1*
#5178000000000
0!
#5178500000000
1!
b100101010 +
b10100 (
0*
#5179000000000
0!
#5179500000000
1!
b1001010100 +
b101001 (
1*
#5180000000000
0!
#5180500000000
1!
b10101000 +
b1010011 (
0*
#5181000000000
0!
#5181500000000
1!
b101010000 +
b10100111 (
1'
1*
#5182000000000
0!
#5182500000000
1!
b1010100000 +
b101001110 (
0'
0*
1)
#5183000000000
0!
#5183500000000
1!
b101000001 +
b1010011101 (
1'
1*
0)
#5184000000000
0!
#5184500000000
1!
b1010000010 +
b100111011 (
0'
0*
1)
#5185000000000
0!
#5185500000000
1!
b100000101 +
b1001110111 (
1*
0)
0*
#5186000000000
0!
#5186500000000
1!
b1000001011 +
b11101110 (
1'
1*
0*
#5187000000000
0!
#5187500000000
1!
b10111 +
b111011100 (
1*
1)
0*
#5188000000000
0!
#5188500000000
1!
b101111 +
b1110111001 (
#5189000000000
0!
#5189500000000
1!
b1011111 +
b1101110010 (
0'
1*
#5190000000000
0!
#5190500000000
1!
b10111111 +
b1011100100 (
1'
0)
#5191000000000
0!
#5191500000000
1!
b101111111 +
b111001000 (
1)
0*
#5192000000000
0!
#5192500000000
1!
b1011111111 +
b1110010000 (
1*
#5193000000000
0!
#5193500000000
1!
b111111110 +
b1100100001 (
0'
0*
1*
#5194000000000
0!
#5194500000000
1!
b1111111101 +
b1001000011 (
0*
0)
1*
#5195000000000
0!
#5195500000000
1!
b1111111010 +
b10000110 (
1'
0*
#5196000000000
0!
#5196500000000
1!
b1111110101 +
b100001101 (
0'
1)
#5197000000000
0!
#5197500000000
1!
b1111101010 +
b1000011010 (
0)
1*
#5198000000000
0!
#5198500000000
1!
b1111010101 +
b110100 (
#5199000000000
0!
#5199500000000
1!
b1110101010 +
b1101000 (
#5200000000000
0!
#5200500000000
1!
b1101010101 +
b11010001 (
1'
0*
#5201000000000
0!
#5201500000000
1!
b1010101010 +
b110100011 (
1)
1*
#5202000000000
0!
#5202500000000
1!
b101010101 +
b1101000110 (
0'
0*
1*
#5203000000000
0!
#5203500000000
1!
b1010101011 +
b1010001100 (
1'
0*
0)
#5204000000000
0!
#5204500000000
1!
b101010111 +
b100011001 (
0'
1*
1)
#5205000000000
0!
#5205500000000
1!
b1010101111 +
b1000110011 (
0*
0)
1*
#5206000000000
0!
#5206500000000
1!
b101011110 +
b1100111 (
0*
#5207000000000
0!
#5207500000000
1!
b1010111101 +
b11001111 (
1'
1*
0*
#5208000000000
0!
#5208500000000
1!
b101111010 +
b110011111 (
1*
1)
0*
#5209000000000
0!
#5209500000000
1!
b1011110100 +
b1100111110 (
0'
1*
0*
#5210000000000
0!
#5210500000000
1!
b111101000 +
b1001111101 (
1*
0)
0*
#5211000000000
0!
#5211500000000
1!
b1111010000 +
b11111011 (
1'
1*
0*
#5212000000000
0!
#5212500000000
1!
b1110100001 +
b111110111 (
1)
1*
#5213000000000
0!
#5213500000000
1!
b1101000011 +
b1111101111 (
#5214000000000
0!
#5214500000000
1!
b1010000111 +
b1111011110 (
#5215000000000
0!
#5215500000000
1!
b100001110 +
b1110111101 (
0*
#5216000000000
0!
#5216500000000
1!
b1000011101 +
b1101111011 (
0'
1*
0*
#5217000000000
0!
#5217500000000
1!
b111010 +
b1011110110 (
1'
1*
0)
#5218000000000
0!
#5218500000000
1!
b1110100 +
b111101101 (
1)
0*
#5219000000000
0!
#5219500000000
1!
b11101001 +
b1111011010 (
#5220000000000
0!
#5220500000000
1!
b111010010 +
b1110110100 (
#5221000000000
0!
#5221500000000
1!
b1110100100 +
b1101101001 (
0'
1*
0*
#5222000000000
0!
#5222500000000
1!
b1101001000 +
b1011010011 (
1'
0)
#5223000000000
0!
#5223500000000
1!
b1010010001 +
b110100111 (
1)
1*
#5224000000000
0!
#5224500000000
1!
b100100011 +
b1101001111 (
0'
0*
1*
#5225000000000
0!
#5225500000000
1!
b1001000110 +
b1010011110 (
1'
0*
0)
#5226000000000
0!
#5226500000000
1!
b10001100 +
b100111100 (
0'
1*
1)
#5227000000000
0!
#5227500000000
1!
b100011001 +
b1001111001 (
0)
0*
#5228000000000
0!
#5228500000000
1!
b1000110010 +
b11110010 (
1'
1*
0*
#5229000000000
0!
#5229500000000
1!
b1100101 +
b111100101 (
1*
1)
0*
#5230000000000
0!
#5230500000000
1!
b11001011 +
b1111001010 (
#5231000000000
0!
#5231500000000
1!
b110010110 +
b1110010100 (
#5232000000000
0!
#5232500000000
1!
b1100101101 +
b1100101000 (
0'
1*
0*
#5233000000000
0!
#5233500000000
1!
b1001011010 +
b1001010001 (
0)
1*
#5234000000000
0!
#5234500000000
1!
b10110101 +
b10100011 (
1'
0*
1*
#5235000000000
0!
#5235500000000
1!
b101101011 +
b101000111 (
0'
1)
#5236000000000
0!
#5236500000000
1!
b1011010110 +
b1010001111 (
1'
0*
0)
#5237000000000
0!
#5237500000000
1!
b110101100 +
b100011110 (
0'
1*
1)
#5238000000000
0!
#5238500000000
1!
b1101011001 +
b1000111101 (
0*
0)
1*
#5239000000000
0!
#5239500000000
1!
b1010110011 +
b1111011 (
#5240000000000
0!
#5240500000000
1!
b101100111 +
b11110110 (
1'
0*
1*
#5241000000000
0!
#5241500000000
1!
b1011001111 +
b111101100 (
0*
1)
1*
#5242000000000
0!
#5242500000000
1!
b110011110 +
b1111011000 (
0*
#5243000000000
0!
#5243500000000
1!
b1100111101 +
b1110110001 (
1*
#5244000000000
0!
#5244500000000
1!
b1001111010 +
b1101100010 (
0'
0*
#5245000000000
0!
#5245500000000
1!
b11110101 +
b1011000100 (
1'
1*
0)
#5246000000000
0!
#5246500000000
1!
b111101011 +
b110001001 (
1)
0*
#5247000000000
0!
#5247500000000
1!
b1111010110 +
b1100010010 (
0'
1*
0*
#5248000000000
0!
#5248500000000
1!
b1110101100 +
b1000100101 (
0)
1*
#5249000000000
0!
#5249500000000
1!
b1101011000 +
b1001011 (
#5250000000000
0!
#5250500000000
1!
b1010110001 +
b10010111 (
1'
0*
#5251000000000
0!
#5251500000000
1!
b101100011 +
b100101111 (
0'
1*
1)
#5252000000000
0!
#5252500000000
1!
b1011000110 +
b1001011110 (
0*
0)
1*
#5253000000000
0!
#5253500000000
1!
b110001100 +
b10111101 (
1'
0*
1*
#5254000000000
0!
#5254500000000
1!
b1100011001 +
b101111011 (
0'
0*
1)
#5255000000000
0!
#5255500000000
1!
b1000110011 +
b1011110111 (
1'
0)
#5256000000000
0!
#5256500000000
1!
b1100111 +
b111101111 (
1*
1)
0*
#5257000000000
0!
#5257500000000
1!
b11001111 +
b1111011111 (
#5258000000000
0!
#5258500000000
1!
b110011111 +
b1110111111 (
#5259000000000
0!
#5259500000000
1!
b1100111111 +
b1101111110 (
0'
1*
0*
#5260000000000
0!
#5260500000000
1!
b1001111110 +
b1011111101 (
1'
0)
#5261000000000
0!
#5261500000000
1!
b11111100 +
b111111010 (
1*
1)
0*
#5262000000000
0!
#5262500000000
1!
b111111001 +
b1111110100 (
#5263000000000
0!
#5263500000000
1!
b1111110010 +
b1111101001 (
1*
#5264000000000
0!
#5264500000000
1!
b1111100101 +
b1111010010 (
#5265000000000
0!
#5265500000000
1!
b1111001010 +
b1110100100 (
#5266000000000
0!
#5266500000000
1!
b1110010101 +
b1101001001 (
0'
0*
#5267000000000
0!
#5267500000000
1!
b1100101010 +
b1010010010 (
1'
0)
#5268000000000
0!
#5268500000000
1!
b1001010101 +
b100100101 (
0'
1)
#5269000000000
0!
#5269500000000
1!
b10101010 +
b1001001011 (
1*
0)
0*
#5270000000000
0!
#5270500000000
1!
b101010100 +
b10010110 (
1'
1*
#5271000000000
0!
#5271500000000
1!
b1010101001 +
b100101101 (
0'
0*
1)
#5272000000000
0!
#5272500000000
1!
b101010011 +
b1001011011 (
1*
0)
0*
#5273000000000
0!
#5273500000000
1!
b1010100110 +
b10110110 (
1'
1*
0*
#5274000000000
0!
#5274500000000
1!
b101001100 +
b101101100 (
0'
1*
1)
#5275000000000
0!
#5275500000000
1!
b1010011001 +
b1011011001 (
1'
0*
0)
#5276000000000
0!
#5276500000000
1!
b100110011 +
b110110010 (
1*
1)
0*
#5277000000000
0!
#5277500000000
1!
b1001100110 +
b1101100100 (
0'
1*
0*
#5278000000000
0!
#5278500000000
1!
b11001100 +
b1011001000 (
1'
1*
0)
#5279000000000
0!
#5279500000000
1!
b110011001 +
b110010000 (
1)
0*
#5280000000000
0!
#5280500000000
1!
b1100110010 +
b1100100000 (
0'
1*
0*
#5281000000000
0!
#5281500000000
1!
b1001100101 +
b1001000001 (
0)
1*
#5282000000000
0!
#5282500000000
1!
b11001010 +
b10000011 (
1'
0*
1*
#5283000000000
0!
#5283500000000
1!
b110010100 +
b100000110 (
0'
1)
#5284000000000
0!
#5284500000000
1!
b1100101001 +
b1000001101 (
0*
0)
1*
#5285000000000
0!
#5285500000000
1!
b1001010011 +
b11010 (
#5286000000000
0!
#5286500000000
1!
b10100111 +
b110101 (
0*
#5287000000000
0!
#5287500000000
1!
b101001111 +
b1101010 (
#5288000000000
0!
#5288500000000
1!
b1010011111 +
b11010100 (
1'
1*
0*
#5289000000000
0!
#5289500000000
1!
b100111110 +
b110101000 (
1*
1)
0*
#5290000000000
0!
#5290500000000
1!
b1001111101 +
b1101010001 (
0'
1*
0*
#5291000000000
0!
#5291500000000
1!
b11111010 +
b1010100010 (
1'
1*
0)
#5292000000000
0!
#5292500000000
1!
b111110100 +
b101000100 (
0'
1)
#5293000000000
0!
#5293500000000
1!
b1111101001 +
b1010001000 (
1'
0*
0)
#5294000000000
0!
#5294500000000
1!
b1111010011 +
b100010000 (
0'
1)
#5295000000000
0!
#5295500000000
1!
b1110100111 +
b1000100001 (
0)
1*
#5296000000000
0!
#5296500000000
1!
b1101001110 +
b1000010 (
#5297000000000
0!
#5297500000000
1!
b1010011100 +
b10000101 (
1'
0*
#5298000000000
0!
#5298500000000
1!
b100111000 +
b100001010 (
0'
1*
1)
#5299000000000
0!
#5299500000000
1!
b1001110000 +
b1000010100 (
0*
0)
1*
#5300000000000
0!
#5300500000000
1!
b11100001 +
b101000 (
0*
#5301000000000
0!
#5301500000000
1!
b111000010 +
b1010001 (
#5302000000000
0!
#5302500000000
1!
b1110000100 +
b10100010 (
1'
1*
0*
#5303000000000
0!
#5303500000000
1!
b1100001000 +
b101000101 (
0'
1)
#5304000000000
0!
#5304500000000
1!
b1000010001 +
b1010001010 (
1'
0)
#5305000000000
0!
#5305500000000
1!
b100011 +
b100010101 (
0'
1*
1)
#5306000000000
0!
#5306500000000
1!
b1000110 +
b1000101010 (
0)
0*
#5307000000000
0!
#5307500000000
1!
b10001101 +
b1010101 (
#5308000000000
0!
#5308500000000
1!
b100011011 +
b10101011 (
1'
1*
#5309000000000
0!
#5309500000000
1!
b1000110110 +
b101010111 (
0'
0*
1)
#5310000000000
0!
#5310500000000
1!
b1101100 +
b1010101111 (
1'
1*
0)
#5311000000000
0!
#5311500000000
1!
b11011001 +
b101011111 (
0'
1)
#5312000000000
0!
#5312500000000
1!
b110110010 +
b1010111111 (
1'
0)
#5313000000000
0!
#5313500000000
1!
b1101100100 +
b101111111 (
0'
0*
1)
#5314000000000
0!
#5314500000000
1!
b1011001000 +
b1011111110 (
1'
0)
#5315000000000
0!
#5315500000000
1!
b110010001 +
b111111101 (
1*
1)
0*
#5316000000000
0!
#5316500000000
1!
b1100100010 +
b1111111010 (
1*
#5317000000000
0!
#5317500000000
1!
b1001000101 +
b1111110101 (
#5318000000000
0!
#5318500000000
1!
b10001010 +
b1111101011 (
0*
#5319000000000
0!
#5319500000000
1!
b100010100 +
b1111010111 (
#5320000000000
0!
#5320500000000
1!
b1000101001 +
b1110101111 (
1*
#5321000000000
0!
#5321500000000
1!
b1010011 +
b1101011110 (
0'
0*
1*
#5322000000000
0!
#5322500000000
1!
b10100110 +
b1010111100 (
1'
0)
#5323000000000
0!
#5323500000000
1!
b101001101 +
b101111000 (
0'
1)
#5324000000000
0!
#5324500000000
1!
b1010011011 +
b1011110000 (
1'
0*
0)
#5325000000000
0!
#5325500000000
1!
b100110111 +
b111100001 (
1*
1)
0*
#5326000000000
0!
#5326500000000
1!
b1001101111 +
b1111000011 (
1*
#5327000000000
0!
#5327500000000
1!
b11011110 +
b1110000110 (
0*
#5328000000000
0!
#5328500000000
1!
b110111101 +
b1100001101 (
0'
1*
#5329000000000
0!
#5329500000000
1!
b1101111011 +
b1000011011 (
0*
0)
1*
#5330000000000
0!
#5330500000000
1!
b1011110111 +
b110110 (
#5331000000000
0!
#5331500000000
1!
b111101110 +
b1101101 (
0*
#5332000000000
0!
#5332500000000
1!
b1111011101 +
b11011010 (
1'
1*
0*
#5333000000000
0!
#5333500000000
1!
b1110111010 +
b110110100 (
1)
1*
#5334000000000
0!
#5334500000000
1!
b1101110101 +
b1101101000 (
0'
0*
#5335000000000
0!
#5335500000000
1!
b1011101010 +
b1011010001 (
1'
0)
#5336000000000
0!
#5336500000000
1!
b111010101 +
b110100010 (
1*
1)
0*
#5337000000000
0!
#5337500000000
1!
b1110101011 +
b1101000100 (
0'
1*
0*
#5338000000000
0!
#5338500000000
1!
b1101010111 +
b1010001001 (
1'
0)
#5339000000000
0!
#5339500000000
1!
b1010101110 +
b100010010 (
0'
1)
#5340000000000
0!
#5340500000000
1!
b101011100 +
b1000100100 (
1*
0)
0*
#5341000000000
0!
#5341500000000
1!
b1010111001 +
b1001001 (
1*
#5342000000000
0!
#5342500000000
1!
b101110011 +
b10010010 (
1'
0*
1*
#5343000000000
0!
#5343500000000
1!
b1011100110 +
b100100100 (
0'
0*
1)
#5344000000000
0!
#5344500000000
1!
b111001100 +
b1001001001 (
1*
0)
0*
#5345000000000
0!
#5345500000000
1!
b1110011001 +
b10010011 (
1'
1*
0*
#5346000000000
0!
#5346500000000
1!
b1100110011 +
b100100110 (
0'
1)
#5347000000000
0!
#5347500000000
1!
b1001100111 +
b1001001100 (
0)
1*
#5348000000000
0!
#5348500000000
1!
b11001110 +
b10011000 (
1'
0*
1*
#5349000000000
0!
#5349500000000
1!
b110011101 +
b100110001 (
0'
1)
#5350000000000
0!
#5350500000000
1!
b1100111011 +
b1001100010 (
0*
0)
1*
#5351000000000
0!
#5351500000000
1!
b1001110111 +
b11000101 (
1'
0*
#5352000000000
0!
#5352500000000
1!
b11101110 +
b110001010 (
1*
1)
0*
#5353000000000
0!
#5353500000000
1!
b111011101 +
b1100010101 (
0'
1*
#5354000000000
0!
#5354500000000
1!
b1110111011 +
b1000101011 (
0*
0)
1*
#5355000000000
0!
#5355500000000
1!
b1101110111 +
b1010111 (
#5356000000000
0!
#5356500000000
1!
b1011101110 +
b10101110 (
1'
0*
#5357000000000
0!
#5357500000000
1!
b111011100 +
b101011100 (
0'
1*
1)
#5358000000000
0!
#5358500000000
1!
b1110111001 +
b1010111000 (
1'
0*
0)
#5359000000000
0!
#5359500000000
1!
b1101110011 +
b101110001 (
0'
1)
#5360000000000
0!
#5360500000000
1!
b1011100111 +
b1011100010 (
1'
0)
#5361000000000
0!
#5361500000000
1!
b111001110 +
b111000100 (
1*
1)
0*
#5362000000000
0!
#5362500000000
1!
b1110011101 +
b1110001001 (
1*
#5363000000000
0!
#5363500000000
1!
b1100111010 +
b1100010011 (
0'
0*
#5364000000000
0!
#5364500000000
1!
b1001110101 +
b1000100111 (
0)
1*
#5365000000000
0!
#5365500000000
1!
b11101010 +
b1001110 (
0*
#5366000000000
0!
#5366500000000
1!
b111010100 +
b10011100 (
1'
1*
#5367000000000
0!
#5367500000000
1!
b1110101001 +
b100111000 (
0'
0*
1)
#5368000000000
0!
#5368500000000
1!
b1101010011 +
b1001110000 (
0)
1*
#5369000000000
0!
#5369500000000
1!
b1010100111 +
b11100000 (
1'
0*
#5370000000000
0!
#5370500000000
1!
b101001110 +
b111000000 (
1*
1)
0*
#5371000000000
0!
#5371500000000
1!
b1010011101 +
b1110000000 (
1*
#5372000000000
0!
#5372500000000
1!
b100111010 +
b1100000001 (
0'
0*
1*
#5373000000000
0!
#5373500000000
1!
b1001110100 +
b1000000010 (
0*
0)
1*
#5374000000000
0!
#5374500000000
1!
b11101000 +
b100 (
0*
#5375000000000
0!
#5375500000000
1!
b111010000 +
b1001 (
#5376000000000
0!
#5376500000000
1!
b1110100000 +
b10010 (
1*
#5377000000000
0!
#5377500000000
1!
b1101000001 +
b100101 (
#5378000000000
0!
#5378500000000
1!
b1010000011 +
b1001010 (
#5379000000000
0!
#5379500000000
1!
b100000111 +
b10010101 (
1'
0*
1*
#5380000000000
0!
#5380500000000
1!
b1000001111 +
b100101010 (
0'
0*
1)
#5381000000000
0!
#5381500000000
1!
b11110 +
b1001010101 (
1*
0)
0*
#5382000000000
0!
#5382500000000
1!
b111101 +
b10101010 (
1'
1*
#5383000000000
0!
#5383500000000
1!
b1111011 +
b101010101 (
0'
1)
#5384000000000
0!
#5384500000000
1!
b11110110 +
b1010101010 (
1'
0)
#5385000000000
0!
#5385500000000
1!
b111101101 +
b101010100 (
0'
1)
#5386000000000
0!
#5386500000000
1!
b1111011011 +
b1010101000 (
1'
0*
0)
#5387000000000
0!
#5387500000000
1!
b1110110111 +
b101010001 (
0'
1)
#5388000000000
0!
#5388500000000
1!
b1101101110 +
b1010100011 (
1'
0)
#5389000000000
0!
#5389500000000
1!
b1011011100 +
b101000110 (
0'
1)
#5390000000000
0!
#5390500000000
1!
b110111000 +
b1010001101 (
1'
1*
0)
#5391000000000
0!
#5391500000000
1!
b1101110000 +
b100011011 (
0'
0*
1)
#5392000000000
0!
#5392500000000
1!
b1011100001 +
b1000110110 (
0)
1*
#5393000000000
0!
#5393500000000
1!
b111000011 +
b1101100 (
0*
#5394000000000
0!
#5394500000000
1!
b1110000110 +
b11011000 (
1'
1*
0*
#5395000000000
0!
#5395500000000
1!
b1100001100 +
b110110001 (
1)
1*
#5396000000000
0!
#5396500000000
1!
b1000011000 +
b1101100011 (
0'
0*
#5397000000000
0!
#5397500000000
1!
b110001 +
b1011000110 (
1'
1*
0)
#5398000000000
0!
#5398500000000
1!
b1100010 +
b110001100 (
1)
0*
#5399000000000
0!
#5399500000000
1!
b11000100 +
b1100011001 (
0'
1*
#5400000000000
0!
#5400500000000
1!
b110001001 +
b1000110010 (
0)
0*
#5401000000000
0!
#5401500000000
1!
b1100010010 +
b1100101 (
1*
#5402000000000
0!
#5402500000000
1!
b1000100101 +
b11001010 (
1'
0*
#5403000000000
0!
#5403500000000
1!
b1001010 +
b110010100 (
1*
1)
0*
#5404000000000
0!
#5404500000000
1!
b10010100 +
b1100101001 (
0'
1*
#5405000000000
0!
#5405500000000
1!
b100101001 +
b1001010011 (
0)
0*
#5406000000000
0!
#5406500000000
1!
b1001010010 +
b10100110 (
1'
1*
0*
#5407000000000
0!
#5407500000000
1!
b10100101 +
b101001100 (
0'
1*
1)
#5408000000000
0!
#5408500000000
1!
b101001011 +
b1010011000 (
1'
0)
#5409000000000
0!
#5409500000000
1!
b1010010110 +
b100110000 (
0'
0*
1)
#5410000000000
0!
#5410500000000
1!
b100101100 +
b1001100000 (
1*
0)
0*
#5411000000000
0!
#5411500000000
1!
b1001011001 +
b11000000 (
1'
1*
0*
#5412000000000
0!
#5412500000000
1!
b10110011 +
b110000001 (
1*
1)
0*
#5413000000000
0!
#5413500000000
1!
b101100110 +
b1100000010 (
0'
1*
#5414000000000
0!
#5414500000000
1!
b1011001101 +
b1000000101 (
0*
0)
1*
#5415000000000
0!
#5415500000000
1!
b110011010 +
b1010 (
0*
#5416000000000
0!
#5416500000000
1!
b1100110100 +
b10101 (
1*
#5417000000000
0!
#5417500000000
1!
b1001101000 +
b101011 (
#5418000000000
0!
#5418500000000
1!
b11010001 +
b1010110 (
0*
#5419000000000
0!
#5419500000000
1!
b110100010 +
b10101100 (
1'
1*
#5420000000000
0!
#5420500000000
1!
b1101000100 +
b101011001 (
0'
0*
1)
#5421000000000
0!
#5421500000000
1!
b1010001000 +
b1010110011 (
1'
0)
#5422000000000
0!
#5422500000000
1!
b100010001 +
b101100110 (
0'
1*
1)
#5423000000000
0!
#5423500000000
1!
b1000100010 +
b1011001100 (
1'
0*
0)
#5424000000000
0!
#5424500000000
1!
b1000101 +
b110011001 (
1*
1)
0*
#5425000000000
0!
#5425500000000
1!
b10001011 +
b1100110010 (
0'
1*
#5426000000000
0!
#5426500000000
1!
b100010110 +
b1001100100 (
0)
0*
#5427000000000
0!
#5427500000000
1!
b1000101101 +
b11001001 (
1'
1*
0*
#5428000000000
0!
#5428500000000
1!
b1011010 +
b110010011 (
1*
1)
0*
#5429000000000
0!
#5429500000000
1!
b10110100 +
b1100100111 (
0'
1*
#5430000000000
0!
#5430500000000
1!
b101101001 +
b1001001111 (
0)
0*
#5431000000000
0!
#5431500000000
1!
b1011010010 +
b10011111 (
1'
1*
0*
#5432000000000
0!
#5432500000000
1!
b110100101 +
b100111111 (
0'
1*
1)
#5433000000000
0!
#5433500000000
1!
b1101001011 +
b1001111110 (
0*
0)
1*
#5434000000000
0!
#5434500000000
1!
b1010010111 +
b11111100 (
1'
0*
#5435000000000
0!
#5435500000000
1!
b100101110 +
b111111001 (
1*
1)
0*
#5436000000000
0!
#5436500000000
1!
b1001011101 +
b1111110011 (
1*
#5437000000000
0!
#5437500000000
1!
b10111010 +
b1111100111 (
0*
#5438000000000
0!
#5438500000000
1!
b101110100 +
b1111001110 (
#5439000000000
0!
#5439500000000
1!
b1011101001 +
b1110011101 (
1*
#5440000000000
0!
#5440500000000
1!
b111010011 +
b1100111010 (
0'
0*
1*
#5441000000000
0!
#5441500000000
1!
b1110100110 +
b1001110100 (
0*
0)
1*
#5442000000000
0!
#5442500000000
1!
b1101001100 +
b11101001 (
1'
0*
#5443000000000
0!
#5443500000000
1!
b1010011000 +
b111010010 (
1)
1*
#5444000000000
0!
#5444500000000
1!
b100110001 +
b1110100101 (
0*
#5445000000000
0!
#5445500000000
1!
b1001100010 +
b1101001011 (
0'
1*
0*
#5446000000000
0!
#5446500000000
1!
b11000101 +
b1010010111 (
1'
1*
0)
#5447000000000
0!
#5447500000000
1!
b110001011 +
b100101110 (
0'
1)
#5448000000000
0!
#5448500000000
1!
b1100010110 +
b1001011100 (
0*
0)
1*
#5449000000000
0!
#5449500000000
1!
b1000101100 +
b10111000 (
1'
0*
#5450000000000
0!
#5450500000000
1!
b1011000 +
b101110000 (
0'
1*
1)
#5451000000000
0!
#5451500000000
1!
b10110000 +
b1011100000 (
1'
0)
#5452000000000
0!
#5452500000000
1!
b101100000 +
b111000001 (
1)
0*
#5453000000000
0!
#5453500000000
1!
b1011000000 +
b1110000010 (
1*
#5454000000000
0!
#5454500000000
1!
b110000001 +
b1100000100 (
0'
0*
1*
#5455000000000
0!
#5455500000000
1!
b1100000010 +
b1000001001 (
0*
0)
1*
#5456000000000
0!
#5456500000000
1!
b1000000101 +
b10011 (
#5457000000000
0!
#5457500000000
1!
b1010 +
b100111 (
0*
#5458000000000
0!
#5458500000000
1!
b10100 +
b1001111 (
#5459000000000
0!
#5459500000000
1!
b101001 +
b10011110 (
1'
1*
#5460000000000
0!
#5460500000000
1!
b1010010 +
b100111101 (
0'
1)
#5461000000000
0!
#5461500000000
1!
b10100100 +
b1001111011 (
0)
0*
#5462000000000
0!
#5462500000000
1!
b101001001 +
b11110111 (
1'
1*
#5463000000000
0!
#5463500000000
1!
b1010010010 +
b111101110 (
0*
1)
1*
#5464000000000
0!
#5464500000000
1!
b100100101 +
b1111011101 (
0*
#5465000000000
0!
#5465500000000
1!
b1001001011 +
b1110111010 (
1*
#5466000000000
0!
#5466500000000
1!
b10010111 +
b1101110101 (
0'
0*
1*
#5467000000000
0!
#5467500000000
1!
b100101111 +
b1011101010 (
1'
0)
#5468000000000
0!
#5468500000000
1!
b1001011111 +
b111010100 (
0*
1)
1*
#5469000000000
0!
#5469500000000
1!
b10111110 +
b1110101001 (
0*
#5470000000000
0!
#5470500000000
1!
b101111101 +
b1101010010 (
0'
1*
#5471000000000
0!
#5471500000000
1!
b1011111011 +
b1010100101 (
1'
0*
0)
#5472000000000
0!
#5472500000000
1!
b111110111 +
b101001010 (
0'
1*
1)
#5473000000000
0!
#5473500000000
1!
b1111101111 +
b1010010100 (
1'
0*
0)
#5474000000000
0!
#5474500000000
1!
b1111011110 +
b100101001 (
0'
1)
#5475000000000
0!
#5475500000000
1!
b1110111100 +
b1001010010 (
0)
1*
#5476000000000
0!
#5476500000000
1!
b1101111000 +
b10100100 (
1'
0*
#5477000000000
0!
#5477500000000
1!
b1011110001 +
b101001001 (
0'
1)
#5478000000000
0!
#5478500000000
1!
b111100011 +
b1010010011 (
1'
1*
0)
#5479000000000
0!
#5479500000000
1!
b1111000110 +
b100100111 (
0'
0*
1)
#5480000000000
0!
#5480500000000
1!
b1110001100 +
b1001001110 (
0)
1*
#5481000000000
0!
#5481500000000
1!
b1100011000 +
b10011101 (
1'
0*
#5482000000000
0!
#5482500000000
1!
b1000110001 +
b100111010 (
0'
1)
#5483000000000
0!
#5483500000000
1!
b1100011 +
b1001110101 (
1*
0)
0*
#5484000000000
0!
#5484500000000
1!
b11000110 +
b11101011 (
1'
1*
#5485000000000
0!
#5485500000000
1!
b110001101 +
b111010111 (
1)
0*
#5486000000000
0!
#5486500000000
1!
b1100011011 +
b1110101110 (
1*
#5487000000000
0!
#5487500000000
1!
b1000110111 +
b1101011100 (
0'
0*
#5488000000000
0!
#5488500000000
1!
b1101110 +
b1010111001 (
1'
1*
0)
#5489000000000
0!
#5489500000000
1!
b11011101 +
b101110011 (
0'
1)
#5490000000000
0!
#5490500000000
1!
b110111011 +
b1011100111 (
1'
0)
#5491000000000
0!
#5491500000000
1!
b1101110110 +
b111001111 (
0*
1)
1*
#5492000000000
0!
#5492500000000
1!
b1011101100 +
b1110011110 (
#5493000000000
0!
#5493500000000
1!
b111011000 +
b1100111101 (
0'
0*
1*
#5494000000000
0!
#5494500000000
1!
b1110110000 +
b1001111010 (
0*
0)
1*
#5495000000000
0!
#5495500000000
1!
b1101100001 +
b11110101 (
1'
0*
#5496000000000
0!
#5496500000000
1!
b1011000011 +
b111101011 (
1)
1*
#5497000000000
0!
#5497500000000
1!
b110000111 +
b1111010110 (
0*
#5498000000000
0!
#5498500000000
1!
b1100001111 +
b1110101101 (
1*
#5499000000000
0!
#5499500000000
1!
b1000011110 +
b1101011011 (
0'
0*
#5500000000000
0!
#5500500000000
1!
b111100 +
b1010110111 (
1'
1*
0)
#5501000000000
0!
#5501500000000
1!
b1111001 +
b101101111 (
0'
1)
#5502000000000
0!
#5502500000000
1!
b11110010 +
b1011011110 (
1'
0)
#5503000000000
0!
#5503500000000
1!
b111100100 +
b110111100 (
1)
0*
#5504000000000
0!
#5504500000000
1!
b1111001001 +
b1101111000 (
0'
1*
0*
#5505000000000
0!
#5505500000000
1!
b1110010011 +
b1011110001 (
1'
0)
#5506000000000
0!
#5506500000000
1!
b1100100111 +
b111100011 (
1)
1*
#5507000000000
0!
#5507500000000
1!
b1001001110 +
b1111000110 (
#5508000000000
0!
#5508500000000
1!
b10011100 +
b1110001101 (
0*
#5509000000000
0!
#5509500000000
1!
b100111001 +
b1100011010 (
0'
1*
#5510000000000
0!
#5510500000000
1!
b1001110010 +
b1000110101 (
0*
0)
1*
#5511000000000
0!
#5511500000000
1!
b11100101 +
b1101011 (
0*
#5512000000000
0!
#5512500000000
1!
b111001011 +
b11010110 (
1'
1*
#5513000000000
0!
#5513500000000
1!
b1110010110 +
b110101101 (
0*
1)
1*
#5514000000000
0!
#5514500000000
1!
b1100101100 +
b1101011010 (
0'
0*
#5515000000000
0!
#5515500000000
1!
b1001011000 +
b1010110101 (
1'
0)
#5516000000000
0!
#5516500000000
1!
b10110001 +
b101101010 (
0'
1*
1)
#5517000000000
0!
#5517500000000
1!
b101100010 +
b1011010101 (
1'
0)
#5518000000000
0!
#5518500000000
1!
b1011000100 +
b110101011 (
0*
1)
1*
#5519000000000
0!
#5519500000000
1!
b110001000 +
b1101010110 (
0'
0*
1*
#5520000000000
0!
#5520500000000
1!
b1100010000 +
b1010101100 (
1'
0*
0)
#5521000000000
0!
#5521500000000
1!
b1000100001 +
b101011000 (
0'
1)
#5522000000000
0!
#5522500000000
1!
b1000011 +
b1010110001 (
1'
1*
0)
#5523000000000
0!
#5523500000000
1!
b10000110 +
b101100011 (
0'
1)
#5524000000000
0!
#5524500000000
1!
b100001101 +
b1011000111 (
1'
0)
#5525000000000
0!
#5525500000000
1!
b1000011011 +
b110001110 (
0*
1)
1*
#5526000000000
0!
#5526500000000
1!
b110111 +
b1100011100 (
0'
0*
1*
#5527000000000
0!
#5527500000000
1!
b1101111 +
b1000111001 (
0)
0*
#5528000000000
0!
#5528500000000
1!
b11011111 +
b1110010 (
#5529000000000
0!
#5529500000000
1!
b110111111 +
b11100100 (
1'
1*
#5530000000000
0!
#5530500000000
1!
b1101111111 +
b111001001 (
0*
1)
1*
#5531000000000
0!
#5531500000000
1!
b1011111110 +
b1110010010 (
#5532000000000
0!
#5532500000000
1!
b111111100 +
b1100100100 (
0'
0*
1*
#5533000000000
0!
#5533500000000
1!
b1111111001 +
b1001001000 (
0*
0)
1*
#5534000000000
0!
#5534500000000
1!
b1111110011 +
b10010001 (
1'
0*
#5535000000000
0!
#5535500000000
1!
b1111100111 +
b100100011 (
0'
1)
#5536000000000
0!
#5536500000000
1!
b1111001110 +
b1001000111 (
0)
1*
#5537000000000
0!
#5537500000000
1!
b1110011100 +
b10001111 (
1'
0*
#5538000000000
0!
#5538500000000
1!
b1100111000 +
b100011111 (
0'
1)
#5539000000000
0!
#5539500000000
1!
b1001110001 +
b1000111111 (
0)
1*
#5540000000000
0!
#5540500000000
1!
b11100011 +
b1111110 (
0*
#5541000000000
0!
#5541500000000
1!
b111000110 +
b11111101 (
1'
1*
#5542000000000
0!
#5542500000000
1!
b1110001101 +
b111111011 (
0*
1)
1*
#5543000000000
0!
#5543500000000
1!
b1100011010 +
b1111110110 (
#5544000000000
0!
#5544500000000
1!
b1000110101 +
b1111101100 (
#5545000000000
0!
#5545500000000
1!
b1101010 +
b1111011001 (
0*
#5546000000000
0!
#5546500000000
1!
b11010100 +
b1110110011 (
#5547000000000
0!
#5547500000000
1!
b110101001 +
b1101100111 (
0'
1*
#5548000000000
0!
#5548500000000
1!
b1101010010 +
b1011001111 (
1'
0*
0)
#5549000000000
0!
#5549500000000
1!
b1010100101 +
b110011110 (
1)
1*
#5550000000000
0!
#5550500000000
1!
b101001010 +
b1100111100 (
0'
0*
1*
#5551000000000
0!
#5551500000000
1!
b1010010100 +
b1001111000 (
0*
0)
1*
#5552000000000
0!
#5552500000000
1!
b100101000 +
b11110000 (
1'
0*
1*
#5553000000000
0!
#5553500000000
1!
b1001010000 +
b111100000 (
0*
1)
1*
#5554000000000
0!
#5554500000000
1!
b10100001 +
b1111000001 (
0*
#5555000000000
0!
#5555500000000
1!
b101000010 +
b1110000011 (
#5556000000000
0!
#5556500000000
1!
b1010000100 +
b1100000110 (
0'
1*
0*
#5557000000000
0!
#5557500000000
1!
b100001000 +
b1000001100 (
1*
0)
0*
#5558000000000
0!
#5558500000000
1!
b1000010000 +
b11000 (
1*
#5559000000000
0!
#5559500000000
1!
b100001 +
b110000 (
0*
#5560000000000
0!
#5560500000000
1!
b1000010 +
b1100001 (
#5561000000000
0!
#5561500000000
1!
b10000100 +
b11000011 (
1'
1*
#5562000000000
0!
#5562500000000
1!
b100001001 +
b110000110 (
1)
0*
#5563000000000
0!
#5563500000000
1!
b1000010010 +
b1100001100 (
0'
1*
0*
#5564000000000
0!
#5564500000000
1!
b100101 +
b1000011001 (
1*
0)
0*
#5565000000000
0!
#5565500000000
1!
b1001011 +
b110011 (
#5566000000000
0!
#5566500000000
1!
b10010110 +
b1100110 (
#5567000000000
0!
#5567500000000
1!
b100101101 +
b11001101 (
1'
1*
#5568000000000
0!
#5568500000000
1!
b1001011011 +
b110011010 (
0*
1)
1*
#5569000000000
0!
#5569500000000
1!
b10110111 +
b1100110101 (
0'
0*
1*
#5570000000000
0!
#5570500000000
1!
b101101111 +
b1001101010 (
0)
0*
#5571000000000
0!
#5571500000000
1!
b1011011111 +
b11010101 (
1'
1*
0*
#5572000000000
0!
#5572500000000
1!
b110111110 +
b110101010 (
1*
1)
0*
#5573000000000
0!
#5573500000000
1!
b1101111101 +
b1101010100 (
0'
1*
0*
#5574000000000
0!
#5574500000000
1!
b1011111010 +
b1010101001 (
1'
0)
#5575000000000
0!
#5575500000000
1!
b111110101 +
b101010011 (
0'
1*
1)
#5576000000000
0!
#5576500000000
1!
b1111101011 +
b1010100110 (
1'
0*
0)
#5577000000000
0!
#5577500000000
1!
b1111010111 +
b101001101 (
0'
1)
#5578000000000
0!
#5578500000000
1!
b1110101110 +
b1010011010 (
1'
0)
#5579000000000
0!
#5579500000000
1!
b1101011100 +
b100110101 (
0'
1)
#5580000000000
0!
#5580500000000
1!
b1010111000 +
b1001101011 (
0)
1*
#5581000000000
0!
#5581500000000
1!
b101110001 +
b11010111 (
1'
0*
1*
#5582000000000
0!
#5582500000000
1!
b1011100010 +
b110101111 (
0*
1)
1*
#5583000000000
0!
#5583500000000
1!
b111000101 +
b1101011111 (
0'
0*
1*
#5584000000000
0!
#5584500000000
1!
b1110001011 +
b1010111110 (
1'
0*
0)
#5585000000000
0!
#5585500000000
1!
b1100010111 +
b101111101 (
0'
1)
#5586000000000
0!
#5586500000000
1!
b1000101110 +
b1011111011 (
1'
0)
#5587000000000
0!
#5587500000000
1!
b1011100 +
b111110110 (
1*
1)
0*
#5588000000000
0!
#5588500000000
1!
b10111001 +
b1111101101 (
#5589000000000
0!
#5589500000000
1!
b101110010 +
b1111011011 (
#5590000000000
0!
#5590500000000
1!
b1011100100 +
b1110110110 (
1*
#5591000000000
0!
#5591500000000
1!
b111001000 +
b1101101100 (
0'
0*
1*
#5592000000000
0!
#5592500000000
1!
b1110010000 +
b1011011000 (
1'
0*
0)
#5593000000000
0!
#5593500000000
1!
b1100100001 +
b110110000 (
1)
1*
#5594000000000
0!
#5594500000000
1!
b1001000011 +
b1101100001 (
0'
0*
#5595000000000
0!
#5595500000000
1!
b10000111 +
b1011000011 (
1'
1*
0)
#5596000000000
0!
#5596500000000
1!
b100001111 +
b110000111 (
1)
0*
#5597000000000
0!
#5597500000000
1!
b1000011111 +
b1100001110 (
0'
1*
0*
#5598000000000
0!
#5598500000000
1!
b111110 +
b1000011100 (
1*
0)
0*
#5599000000000
0!
#5599500000000
1!
b1111101 +
b111000 (
#5600000000000
0!
#5600500000000
1!
b11111011 +
b1110001 (
#5601000000000
0!
#5601500000000
1!
b111110110 +
b11100011 (
1'
1*
#5602000000000
0!
#5602500000000
1!
b1111101101 +
b111000111 (
0*
1)
1*
#5603000000000
0!
#5603500000000
1!
b1111011010 +
b1110001110 (
#5604000000000
0!
#5604500000000
1!
b1110110101 +
b1100011101 (
0'
0*
#5605000000000
0!
#5605500000000
1!
b1101101010 +
b1000111011 (
0)
1*
#5606000000000
0!
#5606500000000
1!
b1011010101 +
b1110111 (
#5607000000000
0!
#5607500000000
1!
b110101010 +
b11101111 (
1'
0*
1*
#5608000000000
0!
#5608500000000
1!
b1101010100 +
b111011110 (
0*
1)
1*
#5609000000000
0!
#5609500000000
1!
b1010101000 +
b1110111100 (
#5610000000000
0!
#5610500000000
1!
b101010001 +
b1101111001 (
0'
0*
1*
#5611000000000
0!
#5611500000000
1!
b1010100010 +
b1011110011 (
1'
0*
0)
#5612000000000
0!
#5612500000000
1!
b101000101 +
b111100110 (
1*
1)
0*
#5613000000000
0!
#5613500000000
1!
b1010001011 +
b1111001101 (
1*
#5614000000000
0!
#5614500000000
1!
b100010111 +
b1110011010 (
0*
#5615000000000
0!
#5615500000000
1!
b1000101111 +
b1100110100 (
0'
1*
0*
#5616000000000
0!
#5616500000000
1!
b1011110 +
b1001101000 (
1*
0)
0*
#5617000000000
0!
#5617500000000
1!
b10111101 +
b11010000 (
1'
1*
#5618000000000
0!
#5618500000000
1!
b101111011 +
b110100001 (
1)
0*
#5619000000000
0!
#5619500000000
1!
b1011110110 +
b1101000011 (
0'
1*
0*
#5620000000000
0!
#5620500000000
1!
b111101100 +
b1010000111 (
1'
1*
0)
#5621000000000
0!
#5621500000000
1!
b1111011001 +
b100001110 (
0'
0*
1)
#5622000000000
0!
#5622500000000
1!
b1110110011 +
b1000011101 (
0)
1*
#5623000000000
0!
#5623500000000
1!
b1101100111 +
b111010 (
#5624000000000
0!
#5624500000000
1!
b1011001110 +
b1110100 (
#5625000000000
0!
#5625500000000
1!
b110011100 +
b11101000 (
1'
0*
1*
#5626000000000
0!
#5626500000000
1!
b1100111001 +
b111010000 (
0*
1)
1*
#5627000000000
0!
#5627500000000
1!
b1001110011 +
b1110100000 (
#5628000000000
0!
#5628500000000
1!
b11100111 +
b1101000000 (
0'
0*
1*
#5629000000000
0!
#5629500000000
1!
b111001111 +
b1010000000 (
1'
0)
#5630000000000
0!
#5630500000000
1!
b1110011111 +
b100000000 (
0'
0*
1)
#5631000000000
0!
#5631500000000
1!
b1100111110 +
b1000000001 (
0)
1*
#5632000000000
0!
#5632500000000
1!
b1001111100 +
b11 (
#5633000000000
0!
#5633500000000
1!
b11111000 +
b111 (
0*
#5634000000000
0!
#5634500000000
1!
b111110000 +
b1110 (
#5635000000000
0!
#5635500000000
1!
b1111100000 +
b11100 (
1*
#5636000000000
0!
#5636500000000
1!
b1111000001 +
b111001 (
#5637000000000
0!
#5637500000000
1!
b1110000011 +
b1110011 (
#5638000000000
0!
#5638500000000
1!
b1100000111 +
b11100110 (
1'
0*
#5639000000000
0!
#5639500000000
1!
b1000001110 +
b111001100 (
1)
1*
#5640000000000
0!
#5640500000000
1!
b11100 +
b1110011001 (
0*
#5641000000000
0!
#5641500000000
1!
b111001 +
b1100110011 (
0'
1*
#5642000000000
0!
#5642500000000
1!
b1110010 +
b1001100110 (
0)
0*
#5643000000000
0!
#5643500000000
1!
b11100100 +
b11001100 (
1'
1*
#5644000000000
0!
#5644500000000
1!
b111001001 +
b110011000 (
1)
0*
#5645000000000
0!
#5645500000000
1!
b1110010010 +
b1100110000 (
0'
1*
0*
#5646000000000
0!
#5646500000000
1!
b1100100101 +
b1001100001 (
0)
1*
#5647000000000
0!
#5647500000000
1!
b1001001010 +
b11000010 (
1'
0*
#5648000000000
0!
#5648500000000
1!
b10010101 +
b110000100 (
1*
1)
0*
#5649000000000
0!
#5649500000000
1!
b100101011 +
b1100001001 (
0'
1*
#5650000000000
0!
#5650500000000
1!
b1001010110 +
b1000010010 (
0*
0)
1*
#5651000000000
0!
#5651500000000
1!
b10101100 +
b100100 (
0*
#5652000000000
0!
#5652500000000
1!
b101011001 +
b1001000 (
#5653000000000
0!
#5653500000000
1!
b1010110010 +
b10010000 (
1'
1*
0*
#5654000000000
0!
#5654500000000
1!
b101100101 +
b100100001 (
0'
1*
1)
#5655000000000
0!
#5655500000000
1!
b1011001011 +
b1001000010 (
0*
0)
1*
#5656000000000
0!
#5656500000000
1!
b110010111 +
b10000100 (
1'
0*
1*
#5657000000000
0!
#5657500000000
1!
b1100101111 +
b100001000 (
0'
0*
1)
#5658000000000
0!
#5658500000000
1!
b1001011110 +
b1000010001 (
0)
1*
#5659000000000
0!
#5659500000000
1!
b10111100 +
b100011 (
0*
#5660000000000
0!
#5660500000000
1!
b101111001 +
b1000110 (
#5661000000000
0!
#5661500000000
1!
b1011110010 +
b10001100 (
1'
1*
0*
#5662000000000
0!
#5662500000000
1!
b111100101 +
b100011000 (
0'
1*
1)
#5663000000000
0!
#5663500000000
1!
b1111001011 +
b1000110001 (
0*
0)
1*
#5664000000000
0!
#5664500000000
1!
b1110010111 +
b1100010 (
#5665000000000
0!
#5665500000000
1!
b1100101110 +
b11000100 (
1'
0*
#5666000000000
0!
#5666500000000
1!
b1001011100 +
b110001000 (
1)
1*
#5667000000000
0!
#5667500000000
1!
b10111000 +
b1100010000 (
0'
0*
1*
#5668000000000
0!
#5668500000000
1!
b101110000 +
b1000100000 (
0)
0*
#5669000000000
0!
#5669500000000
1!
b1011100000 +
b1000000 (
1*
#5670000000000
0!
#5670500000000
1!
b111000001 +
b10000000 (
1'
0*
1*
#5671000000000
0!
#5671500000000
1!
b1110000010 +
b100000001 (
0'
0*
1)
#5672000000000
0!
#5672500000000
1!
b1100000101 +
b1000000011 (
0)
1*
#5673000000000
0!
#5673500000000
1!
b1000001010 +
b110 (
#5674000000000
0!
#5674500000000
1!
b10101 +
b1100 (
0*
#5675000000000
0!
#5675500000000
1!
b101011 +
b11001 (
#5676000000000
0!
#5676500000000
1!
b1010110 +
b110010 (
#5677000000000
0!
#5677500000000
1!
b10101101 +
b1100100 (
#5678000000000
0!
#5678500000000
1!
b101011011 +
b11001000 (
1'
1*
#5679000000000
0!
#5679500000000
1!
b1010110110 +
b110010001 (
0*
1)
1*
#5680000000000
0!
#5680500000000
1!
b101101100 +
b1100100010 (
0'
0*
1*
#5681000000000
0!
#5681500000000
1!
b1011011001 +
b1001000100 (
0*
0)
1*
#5682000000000
0!
#5682500000000
1!
b110110011 +
b10001000 (
1'
0*
1*
#5683000000000
0!
#5683500000000
1!
b1101100110 +
b100010001 (
0'
0*
1)
#5684000000000
0!
#5684500000000
1!
b1011001100 +
b1000100011 (
0)
1*
#5685000000000
0!
#5685500000000
1!
b110011000 +
b1000111 (
0*
#5686000000000
0!
#5686500000000
1!
b1100110000 +
b10001110 (
1'
1*
0*
#5687000000000
0!
#5687500000000
1!
b1001100001 +
b100011101 (
0'
1)
#5688000000000
0!
#5688500000000
1!
b11000011 +
b1000111010 (
1*
0)
0*
#5689000000000
0!
#5689500000000
1!
b110000110 +
b1110101 (
#5690000000000
0!
#5690500000000
1!
b1100001101 +
b11101010 (
1'
1*
0*
#5691000000000
0!
#5691500000000
1!
b1000011010 +
b111010101 (
1)
1*
#5692000000000
0!
#5692500000000
1!
b110101 +
b1110101011 (
0*
#5693000000000
0!
#5693500000000
1!
b1101011 +
b1101010111 (
0'
1*
#5694000000000
0!
#5694500000000
1!
b11010110 +
b1010101110 (
1'
0)
#5695000000000
0!
#5695500000000
1!
b110101101 +
b101011101 (
0'
1)
#5696000000000
0!
#5696500000000
1!
b1101011011 +
b1010111010 (
1'
0*
0)
#5697000000000
0!
#5697500000000
1!
b1010110111 +
b101110100 (
0'
1)
#5698000000000
0!
#5698500000000
1!
b101101110 +
b1011101001 (
1'
1*
0)
#5699000000000
0!
#5699500000000
1!
b1011011101 +
b111010011 (
0*
1)
1*
#5700000000000
0!
#5700500000000
1!
b110111010 +
b1110100111 (
0*
#5701000000000
0!
#5701500000000
1!
b1101110100 +
b1101001110 (
0'
1*
0*
#5702000000000
0!
#5702500000000
1!
b1011101000 +
b1010011100 (
1'
0)
#5703000000000
0!
#5703500000000
1!
b111010001 +
b100111001 (
0'
1*
1)
#5704000000000
0!
#5704500000000
1!
b1110100010 +
b1001110010 (
0*
0)
1*
#5705000000000
0!
#5705500000000
1!
b1101000101 +
b11100101 (
1'
0*
#5706000000000
0!
#5706500000000
1!
b1010001010 +
b111001011 (
1)
1*
#5707000000000
0!
#5707500000000
1!
b100010101 +
b1110010111 (
0*
#5708000000000
0!
#5708500000000
1!
b1000101011 +
b1100101111 (
0'
1*
0*
#5709000000000
0!
#5709500000000
1!
b1010111 +
b1001011111 (
1*
0)
0*
#5710000000000
0!
#5710500000000
1!
b10101111 +
b10111111 (
1'
1*
#5711000000000
0!
#5711500000000
1!
b101011111 +
b101111110 (
0'
1)
#5712000000000
0!
#5712500000000
1!
b1010111111 +
b1011111100 (
1'
0*
0)
#5713000000000
0!
#5713500000000
1!
b101111110 +
b111111000 (
1*
1)
0*
#5714000000000
0!
#5714500000000
1!
b1011111101 +
b1111110001 (
1*
#5715000000000
0!
#5715500000000
1!
b111111010 +
b1111100010 (
0*
#5716000000000
0!
#5716500000000
1!
b1111110100 +
b1111000101 (
1*
#5717000000000
0!
#5717500000000
1!
b1111101000 +
b1110001010 (
#5718000000000
0!
#5718500000000
1!
b1111010001 +
b1100010100 (
0'
0*
#5719000000000
0!
#5719500000000
1!
b1110100011 +
b1000101001 (
0)
1*
#5720000000000
0!
#5720500000000
1!
b1101000111 +
b1010010 (
#5721000000000
0!
#5721500000000
1!
b1010001110 +
b10100101 (
1'
0*
#5722000000000
0!
#5722500000000
1!
b100011100 +
b101001011 (
0'
1*
1)
#5723000000000
0!
#5723500000000
1!
b1000111001 +
b1010010110 (
1'
0*
0)
#5724000000000
0!
#5724500000000
1!
b1110011 +
b100101100 (
0'
1*
1)
#5725000000000
0!
#5725500000000
1!
b11100110 +
b1001011001 (
0)
0*
#5726000000000
0!
#5726500000000
1!
b111001101 +
b10110011 (
1'
1*
#5727000000000
0!
#5727500000000
1!
b1110011011 +
b101100111 (
0'
0*
1)
#5728000000000
0!
#5728500000000
1!
b1100110111 +
b1011001110 (
1'
0)
#5729000000000
0!
#5729500000000
1!
b1001101110 +
b110011100 (
1)
1*
#5730000000000
0!
#5730500000000
1!
b11011100 +
b1100111001 (
0'
0*
1*
#5731000000000
0!
#5731500000000
1!
b110111001 +
b1001110011 (
0)
0*
#5732000000000
0!
#5732500000000
1!
b1101110010 +
b11100111 (
1'
1*
0*
#5733000000000
0!
#5733500000000
1!
b1011100101 +
b111001110 (
1)
1*
#5734000000000
0!
#5734500000000
1!
b111001010 +
b1110011100 (
0*
#5735000000000
0!
#5735500000000
1!
b1110010100 +
b1100111000 (
0'
1*
0*
#5736000000000
0!
#5736500000000
1!
b1100101000 +
b1001110001 (
0)
1*
#5737000000000
0!
#5737500000000
1!
b1001010001 +
b11100010 (
1'
0*
#5738000000000
0!
#5738500000000
1!
b10100011 +
b111000101 (
1*
1)
0*
#5739000000000
0!
#5739500000000
1!
b101000110 +
b1110001011 (
#5740000000000
0!
#5740500000000
1!
b1010001101 +
b1100010110 (
0'
1*
0*
#5741000000000
0!
#5741500000000
1!
b100011010 +
b1000101100 (
1*
0)
0*
#5742000000000
0!
#5742500000000
1!
b1000110100 +
b1011001 (
1*
#5743000000000
0!
#5743500000000
1!
b1101000 +
b10110010 (
1'
0*
1*
#5744000000000
0!
#5744500000000
1!
b11010000 +
b101100101 (
0'
1)
#5745000000000
0!
#5745500000000
1!
b110100000 +
b1011001011 (
1'
0)
#5746000000000
0!
#5746500000000
1!
b1101000000 +
b110010111 (
0*
1)
1*
#5747000000000
0!
#5747500000000
1!
b1010000001 +
b1100101110 (
0'
0*
#5748000000000
0!
#5748500000000
1!
b100000011 +
b1001011101 (
1*
0)
0*
#5749000000000
0!
#5749500000000
1!
b1000000110 +
b10111010 (
1'
1*
0*
#5750000000000
0!
#5750500000000
1!
b1100 +
b101110101 (
0'
1*
1)
#5751000000000
0!
#5751500000000
1!
b11001 +
b1011101011 (
1'
0)
#5752000000000
0!
#5752500000000
1!
b110010 +
b111010110 (
1)
0*
#5753000000000
0!
#5753500000000
1!
b1100100 +
b1110101100 (
#5754000000000
0!
#5754500000000
1!
b11001001 +
b1101011001 (
0'
1*
#5755000000000
0!
#5755500000000
1!
b110010010 +
b1010110010 (
1'
0)
#5756000000000
0!
#5756500000000
1!
b1100100100 +
b101100100 (
0'
0*
1)
#5757000000000
0!
#5757500000000
1!
b1001001000 +
b1011001001 (
1'
0)
#5758000000000
0!
#5758500000000
1!
b10010001 +
b110010010 (
1*
1)
0*
#5759000000000
0!
#5759500000000
1!
b100100010 +
b1100100101 (
0'
1*
#5760000000000
0!
#5760500000000
1!
b1001000100 +
b1001001010 (
0*
0)
1*
#5761000000000
0!
#5761500000000
1!
b10001000 +
b10010100 (
1'
0*
1*
#5762000000000
0!
#5762500000000
1!
b100010000 +
b100101000 (
0'
1)
#5763000000000
0!
#5763500000000
1!
b1000100000 +
b1001010000 (
0*
0)
1*
#5764000000000
0!
#5764500000000
1!
b1000001 +
b10100001 (
1'
0*
1*
#5765000000000
0!
#5765500000000
1!
b10000010 +
b101000010 (
0'
1)
#5766000000000
0!
#5766500000000
1!
b100000100 +
b1010000100 (
1'
0)
#5767000000000
0!
#5767500000000
1!
b1000001001 +
b100001001 (
0'
0*
1)
#5768000000000
0!
#5768500000000
1!
b10011 +
b1000010011 (
1*
0)
0*
#5769000000000
0!
#5769500000000
1!
b100110 +
b100110 (
#5770000000000
0!
#5770500000000
1!
b1001101 +
b1001101 (
#5771000000000
0!
#5771500000000
1!
b10011011 +
b10011011 (
1'
1*
#5772000000000
0!
#5772500000000
1!
b100110110 +
b100110110 (
0'
1)
#5773000000000
0!
#5773500000000
1!
b1001101101 +
b1001101100 (
0*
0)
1*
#5774000000000
0!
#5774500000000
1!
b11011010 +
b11011001 (
1'
0*
1*
#5775000000000
0!
#5775500000000
1!
b110110100 +
b110110011 (
1)
0*
#5776000000000
0!
#5776500000000
1!
b1101101001 +
b1101100110 (
0'
1*
0*
#5777000000000
0!
#5777500000000
1!
b1011010011 +
b1011001101 (
1'
0)
#5778000000000
0!
#5778500000000
1!
b110100111 +
b110011011 (
1*
1)
0*
#5779000000000
0!
#5779500000000
1!
b1101001111 +
b1100110111 (
0'
1*
0*
#5780000000000
0!
#5780500000000
1!
b1010011110 +
b1001101111 (
0)
1*
#5781000000000
0!
#5781500000000
1!
b100111100 +
b11011110 (
1'
0*
1*
#5782000000000
0!
#5782500000000
1!
b1001111001 +
b110111101 (
0*
1)
1*
#5783000000000
0!
#5783500000000
1!
b11110011 +
b1101111010 (
0'
0*
1*
#5784000000000
0!
#5784500000000
1!
b111100110 +
b1011110100 (
1'
0)
#5785000000000
0!
#5785500000000
1!
b1111001101 +
b111101000 (
0*
1)
1*
#5786000000000
0!
#5786500000000
1!
b1110011010 +
b1111010001 (
#5787000000000
0!
#5787500000000
1!
b1100110101 +
b1110100011 (
#5788000000000
0!
#5788500000000
1!
b1001101010 +
b1101000111 (
0'
0*
#5789000000000
0!
#5789500000000
1!
b11010101 +
b1010001110 (
1'
1*
0)
#5790000000000
0!
#5790500000000
1!
b110101011 +
b100011100 (
0'
1)
#5791000000000
0!
#5791500000000
1!
b1101010110 +
b1000111000 (
0*
0)
1*
#5792000000000
0!
#5792500000000
1!
b1010101100 +
b1110000 (
#5793000000000
0!
#5793500000000
1!
b101011000 +
b11100001 (
1'
0*
1*
#5794000000000
0!
#5794500000000
1!
b1010110000 +
b111000010 (
0*
1)
1*
#5795000000000
0!
#5795500000000
1!
b101100001 +
b1110000101 (
0*
#5796000000000
0!
#5796500000000
1!
b1011000010 +
b1100001010 (
0'
1*
0*
#5797000000000
0!
#5797500000000
1!
b110000101 +
b1000010101 (
1*
0)
0*
#5798000000000
0!
#5798500000000
1!
b1100001011 +
b101010 (
1*
#5799000000000
0!
#5799500000000
1!
b1000010111 +
b1010100 (
#5800000000000
0!
#5800500000000
1!
b101110 +
b10101001 (
1'
0*
1*
#5801000000000
0!
#5801500000000
1!
b1011101 +
b101010010 (
0'
1)
#5802000000000
0!
#5802500000000
1!
b10111011 +
b1010100100 (
1'
0)
#5803000000000
0!
#5803500000000
1!
b101110110 +
b101001000 (
0'
1)
#5804000000000
0!
#5804500000000
1!
b1011101101 +
b1010010001 (
1'
0*
0)
#5805000000000
0!
#5805500000000
1!
b111011010 +
b100100010 (
0'
1*
1)
#5806000000000
0!
#5806500000000
1!
b1110110100 +
b1001000101 (
0*
0)
1*
#5807000000000
0!
#5807500000000
1!
b1101101000 +
b10001010 (
1'
0*
#5808000000000
0!
#5808500000000
1!
b1011010001 +
b100010100 (
0'
1)
#5809000000000
0!
#5809500000000
1!
b110100011 +
b1000101000 (
1*
0)
0*
#5810000000000
0!
#5810500000000
1!
b1101000110 +
b1010000 (
1*
#5811000000000
0!
#5811500000000
1!
b1010001100 +
b10100000 (
1'
0*
#5812000000000
0!
#5812500000000
1!
b100011000 +
b101000000 (
0'
1*
1)
#5813000000000
0!
#5813500000000
1!
b1000110000 +
b1010000001 (
1'
0*
0)
#5814000000000
0!
#5814500000000
1!
b1100001 +
b100000010 (
0'
1*
1)
#5815000000000
0!
#5815500000000
1!
b11000010 +
b1000000100 (
0)
0*
#5816000000000
0!
#5816500000000
1!
b110000100 +
b1000 (
#5817000000000
0!
#5817500000000
1!
b1100001001 +
b10000 (
1*
#5818000000000
0!
#5818500000000
1!
b1000010011 +
b100000 (
#5819000000000
0!
#5819500000000
1!
b100111 +
b1000001 (
0*
#5820000000000
0!
#5820500000000
1!
b1001111 +
b10000010 (
1'
1*
#5821000000000
0!
#5821500000000
1!
b10011111 +
b100000100 (
0'
1)
#5822000000000
0!
#5822500000000
1!
b100111111 +
b1000001000 (
0)
0*
#5823000000000
0!
#5823500000000
1!
b1001111111 +
b10001 (
1*
#5824000000000
0!
#5824500000000
1!
b11111110 +
b100010 (
0*
#5825000000000
0!
#5825500000000
1!
b111111101 +
b1000100 (
#5826000000000
0!
#5826500000000
1!
b1111111011 +
b10001001 (
1'
1*
0*
#5827000000000
0!
#5827500000000
1!
b1111110111 +
b100010011 (
0'
1)
#5828000000000
0!
#5828500000000
1!
b1111101110 +
b1000100110 (
0)
1*
#5829000000000
0!
#5829500000000
1!
b1111011100 +
b1001100 (
#5830000000000
0!
#5830500000000
1!
b1110111000 +
b10011001 (
1'
0*
#5831000000000
0!
#5831500000000
1!
b1101110001 +
b100110011 (
0'
1)
#5832000000000
0!
#5832500000000
1!
b1011100011 +
b1001100111 (
0)
1*
#5833000000000
0!
#5833500000000
1!
b111000111 +
b11001110 (
1'
0*
1*
#5834000000000
0!
#5834500000000
1!
b1110001111 +
b110011101 (
0*
1)
1*
#5835000000000
0!
#5835500000000
1!
b1100011110 +
b1100111011 (
0'
0*
#5836000000000
0!
#5836500000000
1!
b1000111100 +
b1001110110 (
0)
1*
#5837000000000
0!
#5837500000000
1!
b1111000 +
b11101100 (
1'
0*
1*
#5838000000000
0!
#5838500000000
1!
b11110000 +
b111011001 (
1)
0*
#5839000000000
0!
#5839500000000
1!
b111100000 +
b1110110010 (
#5840000000000
0!
#5840500000000
1!
b1111000000 +
b1101100101 (
0'
1*
0*
#5841000000000
0!
#5841500000000
1!
b1110000001 +
b1011001010 (
1'
0)
#5842000000000
0!
#5842500000000
1!
b1100000011 +
b110010101 (
1)
1*
#5843000000000
0!
#5843500000000
1!
b1000000111 +
b1100101011 (
0'
0*
#5844000000000
0!
#5844500000000
1!
b1110 +
b1001010110 (
1*
0)
0*
#5845000000000
0!
#5845500000000
1!
b11101 +
b10101101 (
1'
1*
#5846000000000
0!
#5846500000000
1!
b111011 +
b101011011 (
0'
1)
#5847000000000
0!
#5847500000000
1!
b1110110 +
b1010110110 (
1'
0)
#5848000000000
0!
#5848500000000
1!
b11101101 +
b101101101 (
0'
1)
#5849000000000
0!
#5849500000000
1!
b111011011 +
b1011011011 (
1'
0)
#5850000000000
0!
#5850500000000
1!
b1110110110 +
b110110111 (
0*
1)
1*
#5851000000000
0!
#5851500000000
1!
b1101101100 +
b1101101111 (
0'
0*
#5852000000000
0!
#5852500000000
1!
b1011011000 +
b1011011111 (
1'
0)
#5853000000000
0!
#5853500000000
1!
b110110001 +
b110111110 (
1*
1)
0*
#5854000000000
0!
#5854500000000
1!
b1101100010 +
b1101111101 (
0'
1*
0*
#5855000000000
0!
#5855500000000
1!
b1011000101 +
b1011111010 (
1'
0)
#5856000000000
0!
#5856500000000
1!
b110001010 +
b111110100 (
1*
1)
0*
#5857000000000
0!
#5857500000000
1!
b1100010100 +
b1111101000 (
1*
#5858000000000
0!
#5858500000000
1!
b1000101000 +
b1111010000 (
#5859000000000
0!
#5859500000000
1!
b1010001 +
b1110100001 (
0*
#5860000000000
0!
#5860500000000
1!
b10100010 +
b1101000010 (
0'
1*
#5861000000000
0!
#5861500000000
1!
b101000100 +
b1010000101 (
1'
0)
#5862000000000
0!
#5862500000000
1!
b1010001001 +
b100001011 (
0'
0*
1)
#5863000000000
0!
#5863500000000
1!
b100010011 +
b1000010110 (
1*
0)
0*
#5864000000000
0!
#5864500000000
1!
b1000100110 +
b101101 (
1*
#5865000000000
0!
#5865500000000
1!
b1001100 +
b1011010 (
0*
#5866000000000
0!
#5866500000000
1!
b10011001 +
b10110101 (
1'
1*
#5867000000000
0!
#5867500000000
1!
b100110010 +
b101101011 (
0'
1)
#5868000000000
0!
#5868500000000
1!
b1001100100 +
b1011010111 (
1'
0*
0)
#5869000000000
0!
#5869500000000
1!
b11001000 +
b110101110 (
1*
1)
0*
#5870000000000
0!
#5870500000000
1!
b110010000 +
b1101011101 (
0'
1*
#5871000000000
0!
#5871500000000
1!
b1100100000 +
b1010111011 (
1'
0*
0)
#5872000000000
0!
#5872500000000
1!
b1001000001 +
b101110110 (
0'
1)
#5873000000000
0!
#5873500000000
1!
b10000011 +
b1011101100 (
1'
1*
0)
#5874000000000
0!
#5874500000000
1!
b100000110 +
b111011000 (
1)
0*
#5875000000000
0!
#5875500000000
1!
b1000001101 +
b1110110000 (
1*
#5876000000000
0!
#5876500000000
1!
b11010 +
b1101100000 (
0'
0*
1*
#5877000000000
0!
#5877500000000
1!
b110100 +
b1011000001 (
1'
0)
#5878000000000
0!
#5878500000000
1!
b1101001 +
b110000010 (
1)
0*
#5879000000000
0!
#5879500000000
1!
b11010010 +
b1100000101 (
0'
1*
#5880000000000
0!
#5880500000000
1!
b110100100 +
b1000001011 (
0)
0*
#5881000000000
0!
#5881500000000
1!
b1101001001 +
b10110 (
1*
#5882000000000
0!
#5882500000000
1!
b1010010011 +
b101100 (
#5883000000000
0!
#5883500000000
1!
b100100111 +
b1011000 (
0*
#5884000000000
0!
#5884500000000
1!
b1001001111 +
b10110000 (
1'
1*
0*
#5885000000000
0!
#5885500000000
1!
b10011110 +
b101100000 (
0'
1*
1)
#5886000000000
0!
#5886500000000
1!
b100111101 +
b1011000000 (
1'
0)
#5887000000000
0!
#5887500000000
1!
b1001111011 +
b110000000 (
0*
1)
1*
#5888000000000
0!
#5888500000000
1!
b11110111 +
b1100000000 (
0'
0*
1*
#5889000000000
0!
#5889500000000
1!
b111101111 +
b1000000000 (
0)
0*
#5890000000000
0!
#5890500000000
1!
b1111011111 +
b1 (
1*
#5891000000000
0!
#5891500000000
1!
b1110111110 +
b10 (
#5892000000000
0!
#5892500000000
1!
b1101111100 +
b101 (
#5893000000000
0!
#5893500000000
1!
b1011111000 +
b1011 (
#5894000000000
0!
#5894500000000
1!
b111110001 +
b10111 (
0*
#5895000000000
0!
#5895500000000
1!
b1111100010 +
b101110 (
1*
#5896000000000
0!
#5896500000000
1!
b1111000101 +
b1011101 (
#5897000000000
0!
#5897500000000
1!
b1110001010 +
b10111011 (
1'
0*
#5898000000000
0!
#5898500000000
1!
b1100010101 +
b101110111 (
0'
1)
#5899000000000
0!
#5899500000000
1!
b1000101010 +
b1011101110 (
1'
0)
#5900000000000
0!
#5900500000000
1!
b1010101 +
b111011101 (
1*
1)
0*
#5901000000000
0!
#5901500000000
1!
b10101011 +
b1110111011 (
#5902000000000
0!
#5902500000000
1!
b101010110 +
b1101110111 (
0'
1*
#5903000000000
0!
#5903500000000
1!
b1010101101 +
b1011101111 (
1'
0*
0)
#5904000000000
0!
#5904500000000
1!
b101011010 +
b111011111 (
1*
1)
0*
#5905000000000
0!
#5905500000000
1!
b1010110100 +
b1110111110 (
1*
#5906000000000
0!
#5906500000000
1!
b101101000 +
b1101111100 (
0'
0*
1*
#5907000000000
0!
#5907500000000
1!
b1011010000 +
b1011111000 (
1'
0*
0)
#5908000000000
0!
#5908500000000
1!
b110100001 +
b111110001 (
1*
1)
0*
#5909000000000
0!
#5909500000000
1!
b1101000010 +
b1111100011 (
1*
#5910000000000
0!
#5910500000000
1!
b1010000101 +
b1111000111 (
#5911000000000
0!
#5911500000000
1!
b100001010 +
b1110001111 (
0*
#5912000000000
0!
#5912500000000
1!
b1000010100 +
b1100011111 (
0'
1*
0*
#5913000000000
0!
#5913500000000
1!
b101000 +
b1000111110 (
1*
0)
0*
#5914000000000
0!
#5914500000000
1!
b1010000 +
b1111100 (
#5915000000000
0!
#5915500000000
1!
b10100000 +
b11111000 (
1'
1*
#5916000000000
0!
#5916500000000
1!
b101000000 +
b111110000 (
1)
0*
#5917000000000
0!
#5917500000000
1!
b1010000000 +
b1111100001 (
1*
#5918000000000
0!
#5918500000000
1!
b100000001 +
b1111000010 (
0*
#5919000000000
0!
#5919500000000
1!
b1000000010 +
b1110000100 (
1*
#5920000000000
0!
#5920500000000
1!
b101 +
b1100001000 (
0'
0*
1*
#5921000000000
0!
#5921500000000
1!
b1011 +
b1000010000 (
0)
0*
#5922000000000
0!
#5922500000000
1!
b10110 +
b100001 (
#5923000000000
0!
#5923500000000
1!
b101101 +
b1000011 (
#5924000000000
0!
#5924500000000
1!
b1011011 +
b10000111 (
1'
1*
#5925000000000
0!
#5925500000000
1!
b10110110 +
b100001111 (
0'
1)
#5926000000000
0!
#5926500000000
1!
b101101101 +
b1000011111 (
0)
0*
#5927000000000
0!
#5927500000000
1!
b1011011011 +
b111111 (
1*
#5928000000000
0!
#5928500000000
1!
b110110111 +
b1111111 (
0*
#5929000000000
0!
#5929500000000
1!
b1101101111 +
b11111111 (
1'
1*
0*
#5930000000000
0!
#5930500000000
1!
b1011011110 +
b111111110 (
1)
1*
#5931000000000
0!
#5931500000000
1!
b110111100 +
b1111111101 (
0*
#5932000000000
0!
#5932500000000
1!
b1101111001 +
b1111111011 (
1*
#5933000000000
0!
#5933500000000
1!
b1011110011 +
b1111110111 (
#5934000000000
0!
#5934500000000
1!
b111100111 +
b1111101110 (
0*
#5935000000000
0!
#5935500000000
1!
b1111001111 +
b1111011100 (
1*
#5936000000000
0!
#5936500000000
1!
b1110011110 +
b1110111000 (
#5937000000000
0!
#5937500000000
1!
b1100111100 +
b1101110000 (
0'
0*
#5938000000000
0!
#5938500000000
1!
b1001111000 +
b1011100001 (
1'
0)
#5939000000000
0!
#5939500000000
1!
b11110001 +
b111000011 (
1*
1)
0*
#5940000000000
0!
#5940500000000
1!
b111100010 +
b1110000111 (
#5941000000000
0!
#5941500000000
1!
b1111000100 +
b1100001111 (
0'
1*
0*
#5942000000000
0!
#5942500000000
1!
b1110001000 +
b1000011110 (
0)
1*
#5943000000000
0!
#5943500000000
1!
b1100010001 +
b111101 (
#5944000000000
0!
#5944500000000
1!
b1000100011 +
b1111010 (
#5945000000000
0!
#5945500000000
1!
b1000111 +
b11110100 (
1'
0*
1*
#5946000000000
0!
#5946500000000
1!
b10001111 +
b111101001 (
1)
0*
#5947000000000
0!
#5947500000000
1!
b100011111 +
b1111010011 (
#5948000000000
0!
#5948500000000
1!
b1000111111 +
b1110100110 (
1*
#5949000000000
0!
#5949500000000
1!
b1111110 +
b1101001100 (
0'
0*
1*
#5950000000000
0!
#5950500000000
1!
b11111101 +
b1010011001 (
1'
0)
#5951000000000
0!
#5951500000000
1!
b111111011 +
b100110010 (
0'
1)
#5952000000000
0!
#5952500000000
1!
b1111110110 +
b1001100101 (
0*
0)
1*
#5953000000000
0!
#5953500000000
1!
b1111101100 +
b11001011 (
1'
0*
#5954000000000
0!
#5954500000000
1!
b1111011000 +
b110010110 (
1)
1*
#5955000000000
0!
#5955500000000
1!
b1110110001 +
b1100101100 (
0'
0*
#5956000000000
0!
#5956500000000
1!
b1101100011 +
b1001011000 (
0)
1*
#5957000000000
0!
#5957500000000
1!
b1011000111 +
b10110001 (
1'
0*
#5958000000000
0!
#5958500000000
1!
b110001110 +
b101100010 (
0'
1*
1)
#5959000000000
0!
#5959500000000
1!
b1100011101 +
b1011000101 (
1'
0*
0)
#5960000000000
0!
#5960500000000
1!
b1000111010 +
b110001011 (
1)
1*
#5961000000000
0!
#5961500000000
1!
b1110101 +
b1100010111 (
0'
0*
1*
#5962000000000
0!
#5962500000000
1!
b11101011 +
b1000101110 (
0)
0*
#5963000000000
0!
#5963500000000
1!
b111010110 +
b1011100 (
#5964000000000
0!
#5964500000000
1!
b1110101101 +
b10111001 (
1'
1*
0*
#5965000000000
0!
#5965500000000
1!
b1101011010 +
b101110010 (
0'
1)
#5966000000000
0!
#5966500000000
1!
b1010110101 +
b1011100101 (
1'
0)
#5967000000000
0!
#5967500000000
1!
b101101010 +
b111001010 (
1*
1)
0*
#5968000000000
0!
#5968500000000
1!
b1011010100 +
b1110010101 (
1*
#5969000000000
0!
#5969500000000
1!
b110101000 +
b1100101010 (
0'
0*
1*
#5970000000000
0!
#5970500000000
1!
b1101010000 +
b1001010100 (
0*
0)
1*
#5971000000000
0!
#5971500000000
1!
b1010100001 +
b10101000 (
1'
0*
#5972000000000
0!
#5972500000000
1!
b101000011 +
b101010000 (
0'
1*
1)
#5973000000000
0!
#5973500000000
1!
b1010000110 +
b1010100001 (
1'
0*
0)
#5974000000000
0!
#5974500000000
1!
b100001100 +
b101000011 (
0'
1*
1)
#5975000000000
0!
#5975500000000
1!
b1000011001 +
b1010000110 (
1'
0*
0)
#5976000000000
0!
#5976500000000
1!
b110011 +
b100001100 (
0'
1*
1)
#5977000000000
0!
#5977500000000
1!
b1100110 +
b1000011000 (
0)
0*
#5978000000000
0!
#5978500000000
1!
b11001101 +
b110001 (
#5979000000000
0!
#5979500000000
1!
b110011011 +
b1100011 (
#5980000000000
0!
#5980500000000
1!
b1100110110 +
b11000110 (
1'
1*
0*
#5981000000000
0!
#5981500000000
1!
b1001101100 +
b110001101 (
1)
1*
#5982000000000
0!
#5982500000000
1!
b11011000 +
b1100011011 (
0'
0*
1*
#5983000000000
0!
#5983500000000
1!
b110110000 +
b1000110111 (
0)
0*
#5984000000000
0!
#5984500000000
1!
b1101100000 +
b1101110 (
1*
#5985000000000
0!
#5985500000000
1!
b1011000001 +
b11011101 (
1'
0*
#5986000000000
0!
#5986500000000
1!
b110000011 +
b110111010 (
1*
1)
0*
#5987000000000
0!
#5987500000000
1!
b1100000110 +
b1101110100 (
0'
1*
0*
#5988000000000
0!
#5988500000000
1!
b1000001100 +
b1011101000 (
1'
0)
#5989000000000
0!
#5989500000000
1!
b11000 +
b111010001 (
1*
1)
0*
#5990000000000
0!
#5990500000000
1!
b110000 +
b1110100010 (
#5991000000000
0!
#5991500000000
1!
b1100000 +
b1101000101 (
0'
1*
#5992000000000
0!
#5992500000000
1!
b11000000 +
b1010001011 (
1'
0)
#5993000000000
0!
#5993500000000
1!
b110000000 +
b100010111 (
0'
1)
#5994000000000
0!
#5994500000000
1!
b1100000000 +
b1000101111 (
0*
0)
1*
#5995000000000
0!
#5995500000000
1!
b1000000001 +
b1011110 (
#5996000000000
0!
#5996500000000
1!
b11 +
b10111100 (
1'
0*
1*
#5997000000000
0!
#5997500000000
1!
b110 +
b101111001 (
0'
1)
#5998000000000
0!
#5998500000000
1!
b1101 +
b1011110010 (
1'
0)
#5999000000000
0!
#5999500000000
1!
b11011 +
b111100100 (
1)
0*
#6000000000000
0!
#6000500000000
1!
b110110 +
b1111001000 (
#6001000000000
0!
#6001500000000
1!
b1101101 +
b1110010001 (
#6002000000000
0!
#6002500000000
1!
b11011011 +
b1100100011 (
0'
1*
#6003000000000
0!
#6003500000000
1!
b110110110 +
b1001000110 (
0)
0*
#6004000000000
0!
#6004500000000
1!
b1101101101 +
b10001101 (
1'
1*
0*
#6005000000000
0!
#6005500000000
1!
b1011011010 +
b100011010 (
0'
1)
#6006000000000
0!
#6006500000000
1!
b110110101 +
b1000110100 (
1*
0)
0*
#6007000000000
0!
#6007500000000
1!
b1101101011 +
b1101001 (
1*
#6008000000000
0!
#6008500000000
1!
b1011010111 +
b11010011 (
1'
0*
#6009000000000
0!
#6009500000000
1!
b110101110 +
b110100110 (
1*
1)
0*
#6010000000000
0!
#6010500000000
1!
b1101011101 +
b1101001101 (
0'
1*
0*
#6011000000000
0!
#6011500000000
1!
b1010111010 +
b1010011011 (
1'
0)
#6012000000000
0!
#6012500000000
1!
b101110101 +
b100110111 (
0'
1*
1)
#6013000000000
0!
#6013500000000
1!
b1011101011 +
b1001101110 (
0*
0)
1*
#6014000000000
0!
#6014500000000
1!
b111010111 +
b11011100 (
1'
0*
1*
#6015000000000
0!
#6015500000000
1!
b1110101111 +
b110111000 (
0*
1)
1*
#6016000000000
0!
#6016500000000
1!
b1101011110 +
b1101110001 (
0'
0*
#6017000000000
0!
#6017500000000
1!
b1010111100 +
b1011100011 (
1'
0)
#6018000000000
0!
#6018500000000
1!
b101111000 +
b111000110 (
1*
1)
0*
#6019000000000
0!
#6019500000000
1!
b1011110000 +
b1110001100 (
1*
#6020000000000
0!
#6020500000000
1!
b111100001 +
b1100011000 (
0'
0*
1*
#6021000000000
0!
#6021500000000
1!
b1111000010 +
b1000110000 (
0*
0)
1*
#6022000000000
0!
#6022500000000
1!
b1110000101 +
b1100000 (
#6023000000000
0!
#6023500000000
1!
b1100001010 +
b11000001 (
1'
0*
#6024000000000
0!
#6024500000000
1!
b1000010101 +
b110000011 (
1)
1*
#6025000000000
0!
#6025500000000
1!
b101010 +
b1100000111 (
0'
0*
1*
#6026000000000
0!
#6026500000000
1!
b1010100 +
b1000001110 (
0)
0*
#6027000000000
0!
#6027500000000
1!
b10101001 +
b11101 (
#6028000000000
0!
#6028500000000
1!
b101010010 +
b111011 (
#6029000000000
0!
#6029500000000
1!
b1010100100 +
b1110110 (
1*
#6030000000000
0!
#6030500000000
1!
b101001000 +
b11101101 (
1'
0*
1*
#6031000000000
0!
#6031500000000
1!
b1010010000 +
b111011011 (
0*
1)
1*
#6032000000000
0!
#6032500000000
1!
b100100001 +
b1110110111 (
0*
#6033000000000
0!
#6033500000000
1!
b1001000010 +
b1101101110 (
0'
1*
0*
#6034000000000
0!
#6034500000000
1!
b10000101 +
b1011011101 (
1'
1*
0)
#6035000000000
0!
#6035500000000
1!
b100001011 +
b110111011 (
1)
0*
#6036000000000
0!
#6036500000000
1!
b1000010110 +
b1101110110 (
0'
1*
0*
#6037000000000
0!
#6037500000000
1!
b101100 +
b1011101101 (
1'
1*
0)
#6038000000000
0!
#6038500000000
1!
b1011001 +
b111011010 (
1)
0*
#6039000000000
0!
#6039500000000
1!
b10110010 +
b1110110101 (
#6040000000000
0!
#6040500000000
1!
b101100100 +
b1101101011 (
0'
1*
#6041000000000
0!
#6041500000000
1!
b1011001001 +
b1011010110 (
1'
0*
0)
#6042000000000
0!
#6042500000000
1!
b110010011 +
b110101100 (
1*
1)
0*
#6043000000000
0!
#6043500000000
1!
b1100100110 +
b1101011000 (
0'
1*
0*
#6044000000000
0!
#6044500000000
1!
b1001001100 +
b1010110000 (
1'
0)
#6045000000000
0!
#6045500000000
1!
b10011000 +
b101100001 (
0'
1*
1)
#6046000000000
0!
#6046500000000
1!
b100110000 +
b1011000010 (
1'
0)
#6047000000000
0!
#6047500000000
1!
b1001100000 +
b110000101 (
0*
1)
1*
#6048000000000
0!
#6048500000000
1!
b11000001 +
b1100001011 (
0'
0*
1*
#6049000000000
0!
#6049500000000
1!
b110000010 +
b1000010111 (
0)
0*
#6050000000000
0!
#6050500000000
1!
b1100000100 +
b101111 (
1*
#6051000000000
0!
#6051500000000
1!
b1000001000 +
b1011111 (
#6052000000000
0!
#6052500000000
1!
b10001 +
b10111110 (
1'
0*
1*
#6053000000000
0!
#6053500000000
1!
b100010 +
b101111100 (
0'
1)
#6054000000000
0!
#6054500000000
1!
b1000100 +
b1011111001 (
1'
0)
#6055000000000
0!
#6055500000000
1!
b10001001 +
b111110011 (
1)
0*
#6056000000000
0!
#6056500000000
1!
b100010010 +
b1111100110 (
#6057000000000
0!
#6057500000000
1!
b1000100100 +
b1111001100 (
1*
#6058000000000
0!
#6058500000000
1!
b1001000 +
b1110011000 (
0*
#6059000000000
0!
#6059500000000
1!
b10010000 +
b1100110001 (
0'
1*
#6060000000000
0!
#6060500000000
1!
b100100000 +
b1001100011 (
0)
0*
#6061000000000
0!
#6061500000000
1!
b1001000000 +
b11000111 (
1'
1*
0*
#6062000000000
0!
#6062500000000
1!
b10000001 +
b110001111 (
1*
1)
0*
#6063000000000
0!
#6063500000000
1!
b100000010 +
b1100011110 (
0'
1*
#6064000000000
0!
#6064500000000
1!
b1000000100 +
b1000111100 (
0*
0)
1*
#6065000000000
0!
#6065500000000
1!
b1000 +
b1111001 (
0*
#6066000000000
0!
#6066500000000
1!
b10000 +
b11110011 (
1'
1*
#6067000000000
0!
#6067500000000
1!
b100000 +
b111100111 (
1)
0*
#6068000000000
0!
#6068500000000
1!
b1000000 +
b1111001111 (
#6069000000000
0!
#6069500000000
1!
b10000000 +
b1110011111 (
#6070000000000
0!
#6070500000000
1!
b100000000 +
b1100111111 (
0'
1*
#6071000000000
0!
#6071500000000
1!
b1000000000 +
b1001111111 (
0*
0)
1*
#6072000000000
0!
#6072500000000
1!
b1 +
b11111110 (
1'
0*
1*
#6073000000000
0!
#6073500000000
1!
b10 +
b111111100 (
1)
0*
#6074000000000
0!
#6074500000000
1!
b100 +
b1111111000 (
#6075000000000
0!
#6075500000000
1!
b1001 +
b1111110000 (
#6076000000000
0!
#6076500000000
1!
b10010 +
b1111100000 (
#6077000000000
0!
#6077500000000
1!
b100100 +
b1111000000 (
#6078000000000
0!
#6078500000000
1!
b1001001 +
b1110000001 (
#6079000000000
0!
#6079500000000
1!
b10010010 +
b1100000011 (
0'
1*
#6080000000000
0!
#6080500000000
1!
b100100100 +
b1000000111 (
0)
0*
#6081000000000
0!
#6081500000000
1!
b1001001001 +
b1111 (
1*
#6082000000000
0!
#6082500000000
1!
b10010011 +
b11110 (
0*
#6083000000000
0!
#6083500000000
1!
b100100110 +
b111100 (
#6084000000000
0!
#6084500000000
1!
b1001001101 +
b1111000 (
1*
#6085000000000
0!
#6085500000000
1!
b10011010 +
b11110001 (
1'
0*
1*
#6086000000000
0!
#6086500000000
1!
b100110100 +
b111100010 (
1)
0*
#6087000000000
0!
#6087500000000
1!
b1001101001 +
b1111000100 (
1*
#6088000000000
0!
#6088500000000
1!
b11010011 +
b1110001000 (
0*
#6089000000000
0!
#6089500000000
1!
b110100110 +
b1100010001 (
0'
1*
#6090000000000
0!
#6090500000000
1!
b1101001101 +
b1000100010 (
0*
0)
1*
#6091000000000
0!
#6091500000000
1!
b1010011010 +
b1000101 (
#6092000000000
0!
#6092500000000
1!
b100110101 +
b10001011 (
1'
0*
1*
#6093000000000
0!
#6093500000000
1!
b1001101011 +
b100010110 (
0'
0*
1)
#6094000000000
0!
#6094500000000
1!
b11010111 +
b1000101101 (
1*
0)
0*
#6095000000000
0!
#6095500000000
1!
b110101111 +
b1011011 (
#6096000000000
0!
#6096500000000
1!
b1101011111 +
b10110111 (
1'
1*
0*
#6097000000000
0!
#6097500000000
1!
b1010111110 +
b101101110 (
0'
1)
#6098000000000
0!
#6098500000000
1!
b101111100 +
b1011011100 (
1'
1*
0)
#6099000000000
0!
#6099500000000
1!
b1011111001 +
b110111001 (
0*
1)
1*
#6100000000000
0!
#6100500000000
1!
b111110011 +
b1101110011 (
0'
0*
1*
#6101000000000
0!
#6101500000000
1!
b1111100110 +
b1011100110 (
1'
0*
0)
#6102000000000
0!
#6102500000000
1!
b1111001100 +
b111001101 (
1)
1*
#6103000000000
0!
#6103500000000
1!
b1110011000 +
b1110011011 (
#6104000000000
0!
#6104500000000
1!
b1100110001 +
b1100110110 (
0'
0*
#6105000000000
0!
#6105500000000
1!
b1001100011 +
b1001101101 (
0)
1*
#6106000000000
0!
#6106500000000
1!
b11000111 +
b11011011 (
1'
0*
1*
#6107000000000
0!
#6107500000000
1!
b110001111 +
b110110110 (
1)
0*
#6108000000000
0!
#6108500000000
1!
b1100011111 +
b1101101101 (
0'
1*
0*
#6109000000000
0!
#6109500000000
1!
b1000111110 +
b1011011010 (
1'
0)
#6110000000000
0!
#6110500000000
1!
b1111100 +
b110110101 (
1*
1)
0*
#6111000000000
0!
#6111500000000
1!
b11111001 +
b1101101010 (
0'
1*
#6112000000000
0!
#6112500000000
1!
b111110010 +
b1011010100 (
1'
0)
#6113000000000
0!
#6113500000000
1!
b1111100100 +
b110101001 (
0*
1)
1*
#6114000000000
0!
#6114500000000
1!
b1111001000 +
b1101010011 (
0'
0*
#6115000000000
0!
#6115500000000
1!
b1110010001 +
b1010100111 (
1'
0)
#6116000000000
0!
#6116500000000
1!
b1100100011 +
b101001111 (
0'
1)
#6117000000000
0!
#6117500000000
1!
b1001000111 +
b1010011111 (
1'
0)
#6118000000000
0!
#6118500000000
1!
b10001110 +
b100111110 (
0'
1*
1)
#6119000000000
0!
#6119500000000
1!
b100011101 +
b1001111100 (
0)
0*
#6120000000000
0!
#6120500000000
1!
b1000111011 +
b11111001 (
1'
1*
0*
#6121000000000
0!
#6121500000000
1!
b1110111 +
b111110010 (
1*
1)
0*
#6122000000000
0!
#6122500000000
1!
b11101111 +
b1111100100 (
#6123000000000
0!
#6123500000000
1!
b111011111 +
b1111001001 (
#6124000000000
0!
#6124500000000
1!
b1110111111 +
b1110010011 (
1*
#6125000000000
0!
#6125500000000
1!
b1101111110 +
b1100100110 (
0'
0*
#6126000000000
0!
#6126500000000
1!
b1011111100 +
b1001001101 (
0)
1*
#6127000000000
0!
#6127500000000
1!
b111111000 +
b10011010 (
1'
0*
1*
#6128000000000
0!
#6128500000000
1!
b1111110000 +
b100110100 (
0'
0*
1)
#6129000000000
0!
#6129500000000
1!
b1111100001 +
b1001101001 (
0)
1*
#6130000000000
0!
#6130500000000
1!
b1111000011 +
b11010010 (
1'
0*
#6131000000000
0!
#6131500000000
1!
b1110000111 +
b110100100 (
1)
1*
#6132000000000
0!
#6132500000000
1!
b1100001110 +
b1101001000 (
0'
0*
#6133000000000
0!
#6133500000000
1!
b1000011100 +
b1010010000 (
1'
0)
#6134000000000
0!
#6134500000000
1!
b111000 +
b100100000 (
0'
1*
1)
#6135000000000
0!
#6135500000000
1!
b1110000 +
b1001000000 (
0)
0*
#6136000000000
0!
#6136500000000
1!
b11100000 +
b10000001 (
1'
1*
#6137000000000
0!
#6137500000000
1!
b111000000 +
b100000011 (
0'
1)
#6138000000000
0!
#6138500000000
1!
b1110000000 +
b1000000110 (
0*
0)
1*
#6139000000000
0!
#6139500000000
1!
b1100000001 +
b1101 (
#6140000000000
0!
#6140500000000
1!
b1000000011 +
b11011 (
#6141000000000
0!
#6141500000000
1!
b111 +
b110111 (
0*
#6142000000000
0!
#6142500000000
1!
b1111 +
b1101111 (
#6143000000000
0!
#6143500000000
1!
b11111 +
b11011111 (
1'
1*
#6144000000000
0!
#6144500000000
1!
b111111 +
b110111111 (
1)
0*
#6145000000000
0!
#6145500000000
1!
b1111111 +
b1101111111 (
0'
1*
#6146000000000
0!
#6146500000000
1!
b11111111 +
b1011111111 (
1'
0)
#6147000000000
0!
#6147500000000
1!
b111111111 +
b111111111 (
1)
0*
#6148000000000
0!
#6148500000000
1!
b1111111111 +
b1111111111 (
1*
#6149000000000
0!
#6149500000000
1!
b1111111110 +
b1111111110 (
b10100 $
b10011 #
b100 %
b111 &
1,
#6150000000000
0!
#6150500000000
1!
b1111111111 +
b1111111111 (
0,
#6151000000000
0!
#6151500000000
1!
b1111111110 +
b1111111110 (
#6152000000000
0!
#6152500000000
1!
b1111111100 +
b1111111100 (
#6153000000000
0!
#6153500000000
1!
b1111111000 +
b1111111001 (
#6154000000000
0!
#6154500000000
1!
b1111110001 +
b1111110010 (
0'
0*
#6155000000000
0!
#6155500000000
1!
b1111100011 +
b1111100101 (
#6156000000000
0!
#6156500000000
1!
b1111000111 +
b1111001011 (
1'
1*
#6157000000000
0!
#6157500000000
1!
b1110001110 +
b1110010110 (
0'
0)
#6158000000000
0!
#6158500000000
1!
b1100011100 +
b1100101101 (
1'
0*
#6159000000000
0!
#6159500000000
1!
b1000111000 +
b1001011010 (
1)
1*
#6160000000000
0!
#6160500000000
1!
b1110001 +
b10110100 (
0'
0*
0)
#6161000000000
0!
#6161500000000
1!
b11100010 +
b101101001 (
1'
1)
#6162000000000
0!
#6162500000000
1!
b111000100 +
b1011010010 (
0'
1*
#6163000000000
0!
#6163500000000
1!
b1110001001 +
b110100101 (
0*
0)
1*
#6164000000000
0!
#6164500000000
1!
b1100010011 +
b1101001010 (
1'
1)
#6165000000000
0!
#6165500000000
1!
b1000100111 +
b1010010101 (
0'
0)
#6166000000000
0!
#6166500000000
1!
b1001110 +
b100101011 (
1'
0*
1*
#6167000000000
0!
#6167500000000
1!
b10011101 +
b1001010111 (
0'
1)
#6168000000000
0!
#6168500000000
1!
b100111011 +
b10101111 (
1'
0)
#6169000000000
0!
#6169500000000
1!
b1001110110 +
b101011110 (
0*
1)
1*
#6170000000000
0!
#6170500000000
1!
b11101100 +
b1010111101 (
0*
0)
1*
#6171000000000
0!
#6171500000000
1!
b111011001 +
b101111010 (
1)
0*
#6172000000000
0!
#6172500000000
1!
b1110110010 +
b1011110101 (
0'
1*
0*
#6173000000000
0!
#6173500000000
1!
b1101100101 +
b111101010 (
1'
1*
#6174000000000
0!
#6174500000000
1!
b1011001010 +
b1111010100 (
0'
0*
#6175000000000
0!
#6175500000000
1!
b110010101 +
b1110101000 (
1'
1*
0)
#6176000000000
0!
#6176500000000
1!
b1100101011 +
b1101010000 (
0'
0*
1)
#6177000000000
0!
#6177500000000
1!
b1001010111 +
b1010100000 (
0)
1*
#6178000000000
0!
#6178500000000
1!
b10101110 +
b101000001 (
0*
1)
1*
#6179000000000
0!
#6179500000000
1!
b101011101 +
b1010000011 (
0)
0*
#6180000000000
0!
#6180500000000
1!
b1010111011 +
b100000111 (
1*
#6181000000000
0!
#6181500000000
1!
b101110111 +
b1000001111 (
1'
0*
1*
#6182000000000
0!
#6182500000000
1!
b1011101111 +
b11111 (
0*
#6183000000000
0!
#6183500000000
1!
b111011110 +
b111110 (
1*
#6184000000000
0!
#6184500000000
1!
b1110111101 +
b1111101 (
0*
1)
1*
#6185000000000
0!
#6185500000000
1!
b1101111010 +
b11111010 (
#6186000000000
0!
#6186500000000
1!
b1011110101 +
b111110101 (
0'
0*
#6187000000000
0!
#6187500000000
1!
b111101010 +
b1111101010 (
1'
1*
0*
#6188000000000
0!
#6188500000000
1!
b1111010100 +
b1111010101 (
0'
1*
0*
#6189000000000
0!
#6189500000000
1!
b1110101000 +
b1110101010 (
1'
0)
#6190000000000
0!
#6190500000000
1!
b1101010001 +
b1101010101 (
0'
1)
#6191000000000
0!
#6191500000000
1!
b1010100011 +
b1010101011 (
1'
0)
#6192000000000
0!
#6192500000000
1!
b101000111 +
b101010110 (
0'
1*
1)
#6193000000000
0!
#6193500000000
1!
b1010001111 +
b1010101101 (
1'
0*
0)
#6194000000000
0!
#6194500000000
1!
b100011110 +
b101011010 (
1*
1)
0*
#6195000000000
0!
#6195500000000
1!
b1000111101 +
b1010110100 (
0'
1*
0)
#6196000000000
0!
#6196500000000
1!
b1111010 +
b101101000 (
1'
0*
1)
#6197000000000
0!
#6197500000000
1!
b11110100 +
b1011010000 (
0'
1*
#6198000000000
0!
#6198500000000
1!
b111101001 +
b110100000 (
0)
0*
#6199000000000
0!
#6199500000000
1!
b1111010010 +
b1101000001 (
1*
1)
0*
#6200000000000
0!
#6200500000000
1!
b1110100101 +
b1010000010 (
0)
1*
#6201000000000
0!
#6201500000000
1!
b1101001010 +
b100000101 (
#6202000000000
0!
#6202500000000
1!
b1010010101 +
b1000001010 (
1'
0*
#6203000000000
0!
#6203500000000
1!
b100101010 +
b10100 (
0'
1*
0*
#6204000000000
0!
#6204500000000
1!
b1001010100 +
b101001 (
1'
1*
0*
#6205000000000
0!
#6205500000000
1!
b10101000 +
b1010011 (
0'
1*
1)
#6206000000000
0!
#6206500000000
1!
b101010000 +
b10100111 (
0)
0*
#6207000000000
0!
#6207500000000
1!
b1010100000 +
b101001110 (
1'
1*
1)
#6208000000000
0!
#6208500000000
1!
b101000001 +
b1010011101 (
0*
0)
1*
#6209000000000
0!
#6209500000000
1!
b1010000010 +
b100111011 (
0*
#6210000000000
0!
#6210500000000
1!
b100000101 +
b1001110111 (
0'
1*
1)
#6211000000000
0!
#6211500000000
1!
b1000001011 +
b11101110 (
1'
0*
1*
#6212000000000
0!
#6212500000000
1!
b10111 +
b111011100 (
0*
#6213000000000
0!
#6213500000000
1!
b101111 +
b1110111001 (
0)
1*
#6214000000000
0!
#6214500000000
1!
b1011111 +
b1101110010 (
0'
1)
#6215000000000
0!
#6215500000000
1!
b10111111 +
b1011100100 (
#6216000000000
0!
#6216500000000
1!
b101111111 +
b111001000 (
1'
0*
#6217000000000
0!
#6217500000000
1!
b1011111111 +
b1110010000 (
0'
1*
0)
#6218000000000
0!
#6218500000000
1!
b111111110 +
b1100100001 (
0*
#6219000000000
0!
#6219500000000
1!
b1111111101 +
b1001000011 (
1*
1)
0*
#6220000000000
0!
#6220500000000
1!
b1111111010 +
b10000110 (
0)
1*
#6221000000000
0!
#6221500000000
1!
b1111110101 +
b100001101 (
1'
0*
#6222000000000
0!
#6222500000000
1!
b1111101010 +
b1000011010 (
#6223000000000
0!
#6223500000000
1!
b1111010101 +
b110100 (
0'
1*
#6224000000000
0!
#6224500000000
1!
b1110101010 +
b1101000 (
1'
1)
#6225000000000
0!
#6225500000000
1!
b1101010101 +
b11010001 (
0'
0*
#6226000000000
0!
#6226500000000
1!
b1010101010 +
b110100011 (
0)
1*
#6227000000000
0!
#6227500000000
1!
b101010101 +
b1101000110 (
0*
1)
1*
#6228000000000
0!
#6228500000000
1!
b1010101011 +
b1010001100 (
1'
0*
0)
#6229000000000
0!
#6229500000000
1!
b101010111 +
b100011001 (
1*
#6230000000000
0!
#6230500000000
1!
b1010101111 +
b1000110011 (
0'
0*
1*
#6231000000000
0!
#6231500000000
1!
b101011110 +
b1100111 (
0*
1)
1*
#6232000000000
0!
#6232500000000
1!
b1010111101 +
b11001111 (
1'
0*
1*
#6233000000000
0!
#6233500000000
1!
b101111010 +
b110011111 (
0*
0)
1*
#6234000000000
0!
#6234500000000
1!
b1011110100 +
b1100111110 (
0*
#6235000000000
0!
#6235500000000
1!
b111101000 +
b1001111101 (
1*
1)
0*
#6236000000000
0!
#6236500000000
1!
b1111010000 +
b11111011 (
1*
#6237000000000
0!
#6237500000000
1!
b1110100001 +
b111110111 (
0'
0*
#6238000000000
0!
#6238500000000
1!
b1101000011 +
b1111101111 (
1'
1*
#6239000000000
0!
#6239500000000
1!
b1010000111 +
b1111011110 (
#6240000000000
0!
#6240500000000
1!
b100001110 +
b1110111101 (
0*
0)
1*
#6241000000000
0!
#6241500000000
1!
b1000011101 +
b1101111011 (
0*
1)
1*
#6242000000000
0!
#6242500000000
1!
b111010 +
b1011110110 (
0'
0*
1*
#6243000000000
0!
#6243500000000
1!
b1110100 +
b111101101 (
1'
0*
#6244000000000
0!
#6244500000000
1!
b11101001 +
b1111011010 (
#6245000000000
0!
#6245500000000
1!
b111010010 +
b1110110100 (
0'
0)
#6246000000000
0!
#6246500000000
1!
b1110100100 +
b1101101001 (
1'
1*
1)
#6247000000000
0!
#6247500000000
1!
b1101001000 +
b1011010011 (
0'
0*
#6248000000000
0!
#6248500000000
1!
b1010010001 +
b110100111 (
0)
1*
#6249000000000
0!
#6249500000000
1!
b100100011 +
b1101001111 (
1'
0*
1)
#6250000000000
0!
#6250500000000
1!
b1001000110 +
b1010011110 (
1*
0)
0*
#6251000000000
0!
#6251500000000
1!
b10001100 +
b100111100 (
1*
#6252000000000
0!
#6252500000000
1!
b100011001 +
b1001111001 (
1)
0*
#6253000000000
0!
#6253500000000
1!
b1000110010 +
b11110010 (
0'
1*
0*
#6254000000000
0!
#6254500000000
1!
b1100101 +
b111100101 (
1*
#6255000000000
0!
#6255500000000
1!
b11001011 +
b1111001010 (
1'
0*
#6256000000000
0!
#6256500000000
1!
b110010110 +
b1110010100 (
0'
0)
#6257000000000
0!
#6257500000000
1!
b1100101101 +
b1100101000 (
1'
1*
0*
#6258000000000
0!
#6258500000000
1!
b1001011010 +
b1001010001 (
0'
1)
#6259000000000
0!
#6259500000000
1!
b10110101 +
b10100011 (
1*
0)
0*
#6260000000000
0!
#6260500000000
1!
b101101011 +
b101000111 (
1)
1*
#6261000000000
0!
#6261500000000
1!
b1011010110 +
b1010001111 (
1'
0*
0)
#6262000000000
0!
#6262500000000
1!
b110101100 +
b100011110 (
1*
#6263000000000
0!
#6263500000000
1!
b1101011001 +
b1000111101 (
0*
#6264000000000
0!
#6264500000000
1!
b1010110011 +
b1111011 (
1)
1*
#6265000000000
0!
#6265500000000
1!
b101100111 +
b11110110 (
0'
0*
1*
#6266000000000
0!
#6266500000000
1!
b1011001111 +
b111101100 (
1'
0*
1*
#6267000000000
0!
#6267500000000
1!
b110011110 +
b1111011000 (
0*
#6268000000000
0!
#6268500000000
1!
b1100111101 +
b1110110001 (
0'
1*
0)
#6269000000000
0!
#6269500000000
1!
b1001111010 +
b1101100010 (
1)
0*
#6270000000000
0!
#6270500000000
1!
b11110101 +
b1011000100 (
1*
#6271000000000
0!
#6271500000000
1!
b111101011 +
b110001001 (
1'
0)
#6272000000000
0!
#6272500000000
1!
b1111010110 +
b1100010010 (
0'
0*
1*
#6273000000000
0!
#6273500000000
1!
b1110101100 +
b1000100101 (
#6274000000000
0!
#6274500000000
1!
b1101011000 +
b1001011 (
1'
1)
#6275000000000
0!
#6275500000000
1!
b1010110001 +
b10010111 (
0'
0)
#6276000000000
0!
#6276500000000
1!
b101100011 +
b100101111 (
1'
0*
1*
#6277000000000
0!
#6277500000000
1!
b1011000110 +
b1001011110 (
0*
1)
1*
#6278000000000
0!
#6278500000000
1!
b110001100 +
b10111101 (
0*
0)
1*
#6279000000000
0!
#6279500000000
1!
b1100011001 +
b101111011 (
0*
1)
1*
#6280000000000
0!
#6280500000000
1!
b1000110011 +
b1011110111 (
0'
0*
#6281000000000
0!
#6281500000000
1!
b1100111 +
b111101111 (
1'
1*
0*
#6282000000000
0!
#6282500000000
1!
b11001111 +
b1111011111 (
#6283000000000
0!
#6283500000000
1!
b110011111 +
b1110111111 (
0)
1*
#6284000000000
0!
#6284500000000
1!
b1100111111 +
b1101111110 (
0*
1)
1*
#6285000000000
0!
#6285500000000
1!
b1001111110 +
b1011111101 (
#6286000000000
0!
#6286500000000
1!
b11111100 +
b111111010 (
0*
#6287000000000
0!
#6287500000000
1!
b111111001 +
b1111110100 (
0'
1*
#6288000000000
0!
#6288500000000
1!
b1111110010 +
b1111101001 (
1'
0*
1*
#6289000000000
0!
#6289500000000
1!
b1111100101 +
b1111010010 (
0'
0*
#6290000000000
0!
#6290500000000
1!
b1111001010 +
b1110100100 (
0)
1*
#6291000000000
0!
#6291500000000
1!
b1110010101 +
b1101001001 (
1'
1)
#6292000000000
0!
#6292500000000
1!
b1100101010 +
b1010010010 (
0'
0)
#6293000000000
0!
#6293500000000
1!
b1001010101 +
b100100101 (
#6294000000000
0!
#6294500000000
1!
b10101010 +
b1001001011 (
1'
0*
1)
#6295000000000
0!
#6295500000000
1!
b101010100 +
b10010110 (
0'
0)
#6296000000000
0!
#6296500000000
1!
b1010101001 +
b100101101 (
1'
1*
0*
#6297000000000
0!
#6297500000000
1!
b101010011 +
b1001011011 (
1*
1)
0*
#6298000000000
0!
#6298500000000
1!
b1010100110 +
b10110110 (
0'
1*
0)
#6299000000000
0!
#6299500000000
1!
b101001100 +
b101101100 (
1'
0*
1)
#6300000000000
0!
#6300500000000
1!
b1010011001 +
b1011011001 (
1*
#6301000000000
0!
#6301500000000
1!
b100110011 +
b110110010 (
0'
0*
0)
#6302000000000
0!
#6302500000000
1!
b1001100110 +
b1101100100 (
1*
1)
0*
#6303000000000
0!
#6303500000000
1!
b11001100 +
b1011001000 (
1'
1*
0*
#6304000000000
0!
#6304500000000
1!
b110011001 +
b110010000 (
0'
0)
#6305000000000
0!
#6305500000000
1!
b1100110010 +
b1100100000 (
1*
#6306000000000
0!
#6306500000000
1!
b1001100101 +
b1001000001 (
1)
0*
#6307000000000
0!
#6307500000000
1!
b11001010 +
b10000011 (
1*
0)
0*
#6308000000000
0!
#6308500000000
1!
b110010100 +
b100000110 (
#6309000000000
0!
#6309500000000
1!
b1100101001 +
b1000001101 (
1'
1*
0*
#6310000000000
0!
#6310500000000
1!
b1001010011 +
b11010 (
#6311000000000
0!
#6311500000000
1!
b10100111 +
b110101 (
0'
1*
0*
#6312000000000
0!
#6312500000000
1!
b101001111 +
b1101010 (
1'
1)
#6313000000000
0!
#6313500000000
1!
b1010011111 +
b11010100 (
0'
1*
0*
#6314000000000
0!
#6314500000000
1!
b100111110 +
b110101000 (
1'
1*
0)
#6315000000000
0!
#6315500000000
1!
b1001111101 +
b1101010001 (
0'
0*
1)
#6316000000000
0!
#6316500000000
1!
b11111010 +
b1010100010 (
1*
0)
0*
#6317000000000
0!
#6317500000000
1!
b111110100 +
b101000100 (
1)
1*
#6318000000000
0!
#6318500000000
1!
b1111101001 +
b1010001000 (
1'
0*
0)
#6319000000000
0!
#6319500000000
1!
b1111010011 +
b100010000 (
0'
1*
#6320000000000
0!
#6320500000000
1!
b1110100111 +
b1000100001 (
#6321000000000
0!
#6321500000000
1!
b1101001110 +
b1000010 (
1)
0*
#6322000000000
0!
#6322500000000
1!
b1010011100 +
b10000101 (
0)
1*
#6323000000000
0!
#6323500000000
1!
b100111000 +
b100001010 (
1'
0*
1*
#6324000000000
0!
#6324500000000
1!
b1001110000 +
b1000010100 (
0'
0*
1*
#6325000000000
0!
#6325500000000
1!
b11100001 +
b101000 (
1'
0*
1*
#6326000000000
0!
#6326500000000
1!
b111000010 +
b1010001 (
0'
1)
#6327000000000
0!
#6327500000000
1!
b1110000100 +
b10100010 (
0*
0)
1*
#6328000000000
0!
#6328500000000
1!
b1100001000 +
b101000101 (
1)
0*
#6329000000000
0!
#6329500000000
1!
b1000010001 +
b1010001010 (
1'
0)
#6330000000000
0!
#6330500000000
1!
b100011 +
b100010101 (
0'
1*
0*
#6331000000000
0!
#6331500000000
1!
b1000110 +
b1000101010 (
1'
1*
#6332000000000
0!
#6332500000000
1!
b10001101 +
b1010101 (
0'
1)
#6333000000000
0!
#6333500000000
1!
b100011011 +
b10101011 (
1'
0)
#6334000000000
0!
#6334500000000
1!
b1000110110 +
b101010111 (
0'
0*
1)
#6335000000000
0!
#6335500000000
1!
b1101100 +
b1010101111 (
1'
1*
0)
#6336000000000
0!
#6336500000000
1!
b11011001 +
b101011111 (
1)
0*
#6337000000000
0!
#6337500000000
1!
b110110010 +
b1010111111 (
0)
1*
#6338000000000
0!
#6338500000000
1!
b1101100100 +
b101111111 (
0*
1)
1*
#6339000000000
0!
#6339500000000
1!
b1011001000 +
b1011111110 (
#6340000000000
0!
#6340500000000
1!
b110010001 +
b111111101 (
0*
#6341000000000
0!
#6341500000000
1!
b1100100010 +
b1111111010 (
1*
#6342000000000
0!
#6342500000000
1!
b1001000101 +
b1111110101 (
0'
0*
#6343000000000
0!
#6343500000000
1!
b10001010 +
b1111101011 (
1'
1*
0*
#6344000000000
0!
#6344500000000
1!
b100010100 +
b1111010111 (
0'
1*
#6345000000000
0!
#6345500000000
1!
b1000101001 +
b1110101111 (
1'
0*
0)
#6346000000000
0!
#6346500000000
1!
b1010011 +
b1101011110 (
1*
1)
0*
#6347000000000
0!
#6347500000000
1!
b10100110 +
b1010111100 (
0)
1*
#6348000000000
0!
#6348500000000
1!
b101001101 +
b101111000 (
1)
0*
#6349000000000
0!
#6349500000000
1!
b1010011011 +
b1011110000 (
0'
1*
0*
#6350000000000
0!
#6350500000000
1!
b100110111 +
b111100001 (
1*
#6351000000000
0!
#6351500000000
1!
b1001101111 +
b1111000011 (
0*
#6352000000000
0!
#6352500000000
1!
b11011110 +
b1110000110 (
1*
0)
0*
#6353000000000
0!
#6353500000000
1!
b110111101 +
b1100001101 (
1'
1*
#6354000000000
0!
#6354500000000
1!
b1101111011 +
b1000011011 (
0*
#6355000000000
0!
#6355500000000
1!
b1011110111 +
b110110 (
0'
1*
#6356000000000
0!
#6356500000000
1!
b111101110 +
b1101101 (
1'
0*
1)
#6357000000000
0!
#6357500000000
1!
b1111011101 +
b11011010 (
1*
#6358000000000
0!
#6358500000000
1!
b1110111010 +
b110110100 (
0'
0)
#6359000000000
0!
#6359500000000
1!
b1101110101 +
b1101101000 (
1'
1)
#6360000000000
0!
#6360500000000
1!
b1011101010 +
b1011010001 (
0'
0*
#6361000000000
0!
#6361500000000
1!
b111010101 +
b110100010 (
1*
0)
0*
#6362000000000
0!
#6362500000000
1!
b1110101011 +
b1101000100 (
1*
1)
0*
#6363000000000
0!
#6363500000000
1!
b1101010111 +
b1010001001 (
1'
0)
#6364000000000
0!
#6364500000000
1!
b1010101110 +
b100010010 (
0'
1*
#6365000000000
0!
#6365500000000
1!
b101011100 +
b1000100100 (
0*
#6366000000000
0!
#6366500000000
1!
b1010111001 +
b1001001 (
1'
1*
1)
#6367000000000
0!
#6367500000000
1!
b101110011 +
b10010010 (
0'
0*
0)
#6368000000000
0!
#6368500000000
1!
b1011100110 +
b100100100 (
1*
#6369000000000
0!
#6369500000000
1!
b111001100 +
b1001001001 (
1'
0*
1)
#6370000000000
0!
#6370500000000
1!
b1110011001 +
b10010011 (
0'
1*
0)
#6371000000000
0!
#6371500000000
1!
b1100110011 +
b100100110 (
#6372000000000
0!
#6372500000000
1!
b1001100111 +
b1001001100 (
1'
1)
#6373000000000
0!
#6373500000000
1!
b11001110 +
b10011000 (
0*
0)
1*
#6374000000000
0!
#6374500000000
1!
b110011101 +
b100110001 (
0'
0*
#6375000000000
0!
#6375500000000
1!
b1100111011 +
b1001100010 (
1*
1)
0*
#6376000000000
0!
#6376500000000
1!
b1001110111 +
b11000101 (
#6377000000000
0!
#6377500000000
1!
b11101110 +
b110001010 (
1'
1*
0)
#6378000000000
0!
#6378500000000
1!
b111011101 +
b1100010101 (
0'
0*
#6379000000000
0!
#6379500000000
1!
b1110111011 +
b1000101011 (
1'
1*
0*
#6380000000000
0!
#6380500000000
1!
b1101110111 +
b1010111 (
0'
1)
#6381000000000
0!
#6381500000000
1!
b1011101110 +
b10101110 (
1'
0)
#6382000000000
0!
#6382500000000
1!
b111011100 +
b101011100 (
1*
1)
0*
#6383000000000
0!
#6383500000000
1!
b1110111001 +
b1010111000 (
1*
0)
0*
#6384000000000
0!
#6384500000000
1!
b1101110011 +
b101110001 (
0'
1)
#6385000000000
0!
#6385500000000
1!
b1011100111 +
b1011100010 (
#6386000000000
0!
#6386500000000
1!
b111001110 +
b111000100 (
1*
#6387000000000
0!
#6387500000000
1!
b1110011101 +
b1110001001 (
1'
0*
0)
#6388000000000
0!
#6388500000000
1!
b1100111010 +
b1100010011 (
0'
1*
#6389000000000
0!
#6389500000000
1!
b1001110101 +
b1000100111 (
#6390000000000
0!
#6390500000000
1!
b11101010 +
b1001110 (
1'
0*
1)
#6391000000000
0!
#6391500000000
1!
b111010100 +
b10011100 (
0)
1*
#6392000000000
0!
#6392500000000
1!
b1110101001 +
b100111000 (
0*
#6393000000000
0!
#6393500000000
1!
b1101010011 +
b1001110000 (
0'
1)
#6394000000000
0!
#6394500000000
1!
b1010100111 +
b11100000 (
#6395000000000
0!
#6395500000000
1!
b101001110 +
b111000000 (
1*
#6396000000000
0!
#6396500000000
1!
b1010011101 +
b1110000000 (
0*
0)
1*
#6397000000000
0!
#6397500000000
1!
b100111010 +
b1100000001 (
0*
#6398000000000
0!
#6398500000000
1!
b1001110100 +
b1000000010 (
1*
#6399000000000
0!
#6399500000000
1!
b11101000 +
b100 (
0*
#6400000000000
0!
#6400500000000
1!
b111010000 +
b1001 (
1'
1*
#6401000000000
0!
#6401500000000
1!
b1110100000 +
b10010 (
0'
0*
1*
#6402000000000
0!
#6402500000000
1!
b1101000001 +
b100101 (
#6403000000000
0!
#6403500000000
1!
b1010000011 +
b1001010 (
1'
1)
#6404000000000
0!
#6404500000000
1!
b100000111 +
b10010101 (
0'
0*
0)
#6405000000000
0!
#6405500000000
1!
b1000001111 +
b100101010 (
1'
1*
0*
#6406000000000
0!
#6406500000000
1!
b11110 +
b1001010101 (
0'
1*
1)
#6407000000000
0!
#6407500000000
1!
b111101 +
b10101010 (
1'
0)
#6408000000000
0!
#6408500000000
1!
b1111011 +
b101010101 (
0'
1)
#6409000000000
0!
#6409500000000
1!
b11110110 +
b1010101010 (
1'
0)
#6410000000000
0!
#6410500000000
1!
b111101101 +
b101010100 (
0'
1)
#6411000000000
0!
#6411500000000
1!
b1111011011 +
b1010101000 (
1'
0*
0)
#6412000000000
0!
#6412500000000
1!
b1110110111 +
b101010001 (
0'
1)
#6413000000000
0!
#6413500000000
1!
b1101101110 +
b1010100011 (
0)
1*
#6414000000000
0!
#6414500000000
1!
b1011011100 +
b101000110 (
1)
0*
#6415000000000
0!
#6415500000000
1!
b110111000 +
b1010001101 (
1'
1*
0)
#6416000000000
0!
#6416500000000
1!
b1101110000 +
b100011011 (
0*
#6417000000000
0!
#6417500000000
1!
b1011100001 +
b1000110110 (
0'
1*
#6418000000000
0!
#6418500000000
1!
b111000011 +
b1101100 (
1'
0*
1)
#6419000000000
0!
#6419500000000
1!
b1110000110 +
b11011000 (
1*
#6420000000000
0!
#6420500000000
1!
b1100001100 +
b110110001 (
0'
0)
#6421000000000
0!
#6421500000000
1!
b1000011000 +
b1101100011 (
1)
0*
#6422000000000
0!
#6422500000000
1!
b110001 +
b1011000110 (
1*
#6423000000000
0!
#6423500000000
1!
b1100010 +
b110001100 (
1'
0)
#6424000000000
0!
#6424500000000
1!
b11000100 +
b1100011001 (
#6425000000000
0!
#6425500000000
1!
b110001001 +
b1000110010 (
0'
0*
#6426000000000
0!
#6426500000000
1!
b1100010010 +
b1100101 (
1*
1)
0*
#6427000000000
0!
#6427500000000
1!
b1000100101 +
b11001010 (
1'
1*
#6428000000000
0!
#6428500000000
1!
b1001010 +
b110010100 (
0'
0*
0)
#6429000000000
0!
#6429500000000
1!
b10010100 +
b1100101001 (
1'
1*
#6430000000000
0!
#6430500000000
1!
b100101001 +
b1001010011 (
0'
1)
#6431000000000
0!
#6431500000000
1!
b1001010010 +
b10100110 (
0*
0)
1*
#6432000000000
0!
#6432500000000
1!
b10100101 +
b101001100 (
1'
0*
1)
#6433000000000
0!
#6433500000000
1!
b101001011 +
b1010011000 (
0)
1*
#6434000000000
0!
#6434500000000
1!
b1010010110 +
b100110000 (
0'
0*
1*
#6435000000000
0!
#6435500000000
1!
b100101100 +
b1001100000 (
0*
1)
1*
#6436000000000
0!
#6436500000000
1!
b1001011001 +
b11000000 (
0*
#6437000000000
0!
#6437500000000
1!
b10110011 +
b110000001 (
1*
0)
0*
#6438000000000
0!
#6438500000000
1!
b101100110 +
b1100000010 (
#6439000000000
0!
#6439500000000
1!
b1011001101 +
b1000000101 (
1*
#6440000000000
0!
#6440500000000
1!
b110011010 +
b1010 (
1'
0*
1*
#6441000000000
0!
#6441500000000
1!
b1100110100 +
b10101 (
0'
0*
1*
#6442000000000
0!
#6442500000000
1!
b1001101000 +
b101011 (
1'
0*
#6443000000000
0!
#6443500000000
1!
b11010001 +
b1010110 (
0'
1*
1)
#6444000000000
0!
#6444500000000
1!
b110100010 +
b10101100 (
1'
0)
#6445000000000
0!
#6445500000000
1!
b1101000100 +
b101011001 (
0*
1)
1*
#6446000000000
0!
#6446500000000
1!
b1010001000 +
b1010110011 (
0'
0)
#6447000000000
0!
#6447500000000
1!
b100010001 +
b101100110 (
0*
1)
1*
#6448000000000
0!
#6448500000000
1!
b1000100010 +
b1011001100 (
1'
0*
1*
#6449000000000
0!
#6449500000000
1!
b1000101 +
b110011001 (
0*
0)
1*
#6450000000000
0!
#6450500000000
1!
b10001011 +
b1100110010 (
0'
0*
#6451000000000
0!
#6451500000000
1!
b100010110 +
b1001100100 (
1)
1*
#6452000000000
0!
#6452500000000
1!
b1000101101 +
b11001001 (
1'
0*
1*
#6453000000000
0!
#6453500000000
1!
b1011010 +
b110010011 (
0'
0*
0)
#6454000000000
0!
#6454500000000
1!
b10110100 +
b1100100111 (
#6455000000000
0!
#6455500000000
1!
b101101001 +
b1001001111 (
1'
1)
#6456000000000
0!
#6456500000000
1!
b1011010010 +
b10011111 (
1*
0)
0*
#6457000000000
0!
#6457500000000
1!
b110100101 +
b100111111 (
1*
#6458000000000
0!
#6458500000000
1!
b1101001011 +
b1001111110 (
0*
1)
1*
#6459000000000
0!
#6459500000000
1!
b1010010111 +
b11111100 (
#6460000000000
0!
#6460500000000
1!
b100101110 +
b111111001 (
0*
#6461000000000
0!
#6461500000000
1!
b1001011101 +
b1111110011 (
0'
1*
0*
#6462000000000
0!
#6462500000000
1!
b10111010 +
b1111100111 (
1*
#6463000000000
0!
#6463500000000
1!
b101110100 +
b1111001110 (
1'
0*
#6464000000000
0!
#6464500000000
1!
b1011101001 +
b1110011101 (
1*
0)
0*
#6465000000000
0!
#6465500000000
1!
b111010011 +
b1100111010 (
1*
#6466000000000
0!
#6466500000000
1!
b1110100110 +
b1001110100 (
0'
0*
1)
#6467000000000
0!
#6467500000000
1!
b1101001100 +
b11101001 (
1'
1*
#6468000000000
0!
#6468500000000
1!
b1010011000 +
b111010010 (
0'
0*
#6469000000000
0!
#6469500000000
1!
b100110001 +
b1110100101 (
1*
0)
0*
#6470000000000
0!
#6470500000000
1!
b1001100010 +
b1101001011 (
1'
1*
1)
#6471000000000
0!
#6471500000000
1!
b11000101 +
b1010010111 (
0'
0*
0)
#6472000000000
0!
#6472500000000
1!
b110001011 +
b100101110 (
1'
1*
#6473000000000
0!
#6473500000000
1!
b1100010110 +
b1001011100 (
0*
1)
1*
#6474000000000
0!
#6474500000000
1!
b1000101100 +
b10111000 (
0)
0*
#6475000000000
0!
#6475500000000
1!
b1011000 +
b101110000 (
0'
1*
1)
#6476000000000
0!
#6476500000000
1!
b10110000 +
b1011100000 (
#6477000000000
0!
#6477500000000
1!
b101100000 +
b111000001 (
#6478000000000
0!
#6478500000000
1!
b1011000000 +
b1110000010 (
0*
0)
1*
#6479000000000
0!
#6479500000000
1!
b110000001 +
b1100000100 (
0*
#6480000000000
0!
#6480500000000
1!
b1100000010 +
b1000001001 (
1'
1*
0*
#6481000000000
0!
#6481500000000
1!
b1000000101 +
b10011 (
0'
1*
#6482000000000
0!
#6482500000000
1!
b1010 +
b100111 (
0*
#6483000000000
0!
#6483500000000
1!
b10100 +
b1001111 (
1'
1)
#6484000000000
0!
#6484500000000
1!
b101001 +
b10011110 (
0)
1*
#6485000000000
0!
#6485500000000
1!
b1010010 +
b100111101 (
#6486000000000
0!
#6486500000000
1!
b10100100 +
b1001111011 (
1)
0*
#6487000000000
0!
#6487500000000
1!
b101001001 +
b11110111 (
0'
1*
#6488000000000
0!
#6488500000000
1!
b1010010010 +
b111101110 (
1'
0*
1*
#6489000000000
0!
#6489500000000
1!
b100100101 +
b1111011101 (
0*
#6490000000000
0!
#6490500000000
1!
b1001001011 +
b1110111010 (
1*
0)
0*
#6491000000000
0!
#6491500000000
1!
b10010111 +
b1101110101 (
0'
1*
1)
#6492000000000
0!
#6492500000000
1!
b100101111 +
b1011101010 (
1'
0*
#6493000000000
0!
#6493500000000
1!
b1001011111 +
b111010100 (
0'
1*
0*
#6494000000000
0!
#6494500000000
1!
b10111110 +
b1110101001 (
1'
1*
0)
#6495000000000
0!
#6495500000000
1!
b101111101 +
b1101010010 (
0'
1)
#6496000000000
0!
#6496500000000
1!
b1011111011 +
b1010100101 (
0*
0)
1*
#6497000000000
0!
#6497500000000
1!
b111110111 +
b101001010 (
1'
0*
1)
#6498000000000
0!
#6498500000000
1!
b1111101111 +
b1010010100 (
0'
1*
0)
#6499000000000
0!
#6499500000000
1!
b1111011110 +
b100101001 (
1'
0*
#6500000000000
0!
#6500500000000
1!
b1110111100 +
b1001010010 (
0'
1)
#6501000000000
0!
#6501500000000
1!
b1101111000 +
b10100100 (
0)
1*
#6502000000000
0!
#6502500000000
1!
b1011110001 +
b101001001 (
1'
1)
#6503000000000
0!
#6503500000000
1!
b111100011 +
b1010010011 (
0'
0*
0)
#6504000000000
0!
#6504500000000
1!
b1111000110 +
b100100111 (
1*
#6505000000000
0!
#6505500000000
1!
b1110001100 +
b1001001110 (
1'
1)
#6506000000000
0!
#6506500000000
1!
b1100011000 +
b10011101 (
0)
0*
#6507000000000
0!
#6507500000000
1!
b1000110001 +
b100111010 (
#6508000000000
0!
#6508500000000
1!
b1100011 +
b1001110101 (
0'
1*
1)
#6509000000000
0!
#6509500000000
1!
b11000110 +
b11101011 (
1'
0*
#6510000000000
0!
#6510500000000
1!
b110001101 +
b111010111 (
0'
1*
#6511000000000
0!
#6511500000000
1!
b1100011011 +
b1110101110 (
1'
0*
0)
#6512000000000
0!
#6512500000000
1!
b1000110111 +
b1101011100 (
1)
1*
#6513000000000
0!
#6513500000000
1!
b1101110 +
b1010111001 (
0*
0)
1*
#6514000000000
0!
#6514500000000
1!
b11011101 +
b101110011 (
0'
1)
#6515000000000
0!
#6515500000000
1!
b110111011 +
b1011100111 (
#6516000000000
0!
#6516500000000
1!
b1101110110 +
b111001111 (
1'
0*
1*
#6517000000000
0!
#6517500000000
1!
b1011101100 +
b1110011110 (
0)
0*
#6518000000000
0!
#6518500000000
1!
b111011000 +
b1100111101 (
1*
#6519000000000
0!
#6519500000000
1!
b1110110000 +
b1001111010 (
0*
1)
1*
#6520000000000
0!
#6520500000000
1!
b1101100001 +
b11110101 (
0'
0*
#6521000000000
0!
#6521500000000
1!
b1011000011 +
b111101011 (
1'
1*
#6522000000000
0!
#6522500000000
1!
b110000111 +
b1111010110 (
0'
0*
1*
#6523000000000
0!
#6523500000000
1!
b1100001111 +
b1110101101 (
1'
0*
0)
#6524000000000
0!
#6524500000000
1!
b1000011110 +
b1101011011 (
1)
1*
#6525000000000
0!
#6525500000000
1!
b111100 +
b1010110111 (
0'
0*
0)
#6526000000000
0!
#6526500000000
1!
b1111001 +
b101101111 (
1'
1)
#6527000000000
0!
#6527500000000
1!
b11110010 +
b1011011110 (
#6528000000000
0!
#6528500000000
1!
b111100100 +
b110111100 (
0)
1*
#6529000000000
0!
#6529500000000
1!
b1111001001 +
b1101111000 (
0*
1)
1*
#6530000000000
0!
#6530500000000
1!
b1110010011 +
b1011110001 (
0'
0*
#6531000000000
0!
#6531500000000
1!
b1100100111 +
b111100011 (
#6532000000000
0!
#6532500000000
1!
b1001001110 +
b1111000110 (
#6533000000000
0!
#6533500000000
1!
b10011100 +
b1110001101 (
1'
1*
0)
#6534000000000
0!
#6534500000000
1!
b100111001 +
b1100011010 (
#6535000000000
0!
#6535500000000
1!
b1001110010 +
b1000110101 (
0'
0*
1*
#6536000000000
0!
#6536500000000
1!
b11100101 +
b1101011 (
1'
0*
1)
#6537000000000
0!
#6537500000000
1!
b111001011 +
b11010110 (
0'
1*
#6538000000000
0!
#6538500000000
1!
b1110010110 +
b110101101 (
1'
0*
0)
#6539000000000
0!
#6539500000000
1!
b1100101100 +
b1101011010 (
1)
1*
#6540000000000
0!
#6540500000000
1!
b1001011000 +
b1010110101 (
0'
0)
#6541000000000
0!
#6541500000000
1!
b10110001 +
b101101010 (
1'
0*
1)
#6542000000000
0!
#6542500000000
1!
b101100010 +
b1011010101 (
0'
1*
#6543000000000
0!
#6543500000000
1!
b1011000100 +
b110101011 (
1'
0*
0)
#6544000000000
0!
#6544500000000
1!
b110001000 +
b1101010110 (
0'
1*
1)
#6545000000000
0!
#6545500000000
1!
b1100010000 +
b1010101100 (
1'
0*
0)
#6546000000000
0!
#6546500000000
1!
b1000100001 +
b101011000 (
1)
1*
#6547000000000
0!
#6547500000000
1!
b1000011 +
b1010110001 (
0'
0*
0)
#6548000000000
0!
#6548500000000
1!
b10000110 +
b101100011 (
1)
1*
#6549000000000
0!
#6549500000000
1!
b100001101 +
b1011000111 (
#6550000000000
0!
#6550500000000
1!
b1000011011 +
b110001110 (
1'
0*
0)
#6551000000000
0!
#6551500000000
1!
b110111 +
b1100011100 (
1*
#6552000000000
0!
#6552500000000
1!
b1101111 +
b1000111001 (
#6553000000000
0!
#6553500000000
1!
b11011111 +
b1110010 (
0'
1)
#6554000000000
0!
#6554500000000
1!
b110111111 +
b11100100 (
#6555000000000
0!
#6555500000000
1!
b1101111111 +
b111001001 (
1'
0*
1*
#6556000000000
0!
#6556500000000
1!
b1011111110 +
b1110010010 (
0'
0)
#6557000000000
0!
#6557500000000
1!
b111111100 +
b1100100100 (
0*
#6558000000000
0!
#6558500000000
1!
b1111111001 +
b1001001000 (
1'
1*
1)
#6559000000000
0!
#6559500000000
1!
b1111110011 +
b10010001 (
0'
0)
#6560000000000
0!
#6560500000000
1!
b1111100111 +
b100100011 (
#6561000000000
0!
#6561500000000
1!
b1111001110 +
b1001000111 (
1)
0*
#6562000000000
0!
#6562500000000
1!
b1110011100 +
b10001111 (
1'
0)
#6563000000000
0!
#6563500000000
1!
b1100111000 +
b100011111 (
#6564000000000
0!
#6564500000000
1!
b1001110001 +
b1000111111 (
#6565000000000
0!
#6565500000000
1!
b11100011 +
b1111110 (
1*
1)
0*
#6566000000000
0!
#6566500000000
1!
b111000110 +
b11111101 (
#6567000000000
0!
#6567500000000
1!
b1110001101 +
b111111011 (
1*
#6568000000000
0!
#6568500000000
1!
b1100011010 +
b1111110110 (
0'
0*
#6569000000000
0!
#6569500000000
1!
b1000110101 +
b1111101100 (
1'
1*
#6570000000000
0!
#6570500000000
1!
b1101010 +
b1111011001 (
0*
#6571000000000
0!
#6571500000000
1!
b11010100 +
b1110110011 (
0'
0)
#6572000000000
0!
#6572500000000
1!
b110101001 +
b1101100111 (
1)
1*
#6573000000000
0!
#6573500000000
1!
b1101010010 +
b1011001111 (
1'
0*
1*
#6574000000000
0!
#6574500000000
1!
b1010100101 +
b110011110 (
0)
0*
#6575000000000
0!
#6575500000000
1!
b101001010 +
b1100111100 (
1*
#6576000000000
0!
#6576500000000
1!
b1010010100 +
b1001111000 (
0*
1)
1*
#6577000000000
0!
#6577500000000
1!
b100101000 +
b11110000 (
0'
0*
1*
#6578000000000
0!
#6578500000000
1!
b1001010000 +
b111100000 (
0*
#6579000000000
0!
#6579500000000
1!
b10100001 +
b1111000001 (
1*
#6580000000000
0!
#6580500000000
1!
b101000010 +
b1110000011 (
0)
0*
#6581000000000
0!
#6581500000000
1!
b1010000100 +
b1100000110 (
1*
#6582000000000
0!
#6582500000000
1!
b100001000 +
b1000001100 (
1'
0*
1*
#6583000000000
0!
#6583500000000
1!
b1000010000 +
b11000 (
0*
#6584000000000
0!
#6584500000000
1!
b100001 +
b110000 (
0'
1*
0*
#6585000000000
0!
#6585500000000
1!
b1000010 +
b1100001 (
1)
1*
#6586000000000
0!
#6586500000000
1!
b10000100 +
b11000011 (
#6587000000000
0!
#6587500000000
1!
b100001001 +
b110000110 (
0)
0*
#6588000000000
0!
#6588500000000
1!
b1000010010 +
b1100001100 (
1'
1*
0*
#6589000000000
0!
#6589500000000
1!
b100101 +
b1000011001 (
1*
#6590000000000
0!
#6590500000000
1!
b1001011 +
b110011 (
0'
0*
#6591000000000
0!
#6591500000000
1!
b10010110 +
b1100110 (
1)
1*
#6592000000000
0!
#6592500000000
1!
b100101101 +
b11001101 (
1'
0*
#6593000000000
0!
#6593500000000
1!
b1001011011 +
b110011010 (
1*
0)
0*
#6594000000000
0!
#6594500000000
1!
b10110111 +
b1100110101 (
0'
1*
0*
#6595000000000
0!
#6595500000000
1!
b101101111 +
b1001101010 (
1'
1)
#6596000000000
0!
#6596500000000
1!
b1011011111 +
b11010101 (
0'
1*
0*
#6597000000000
0!
#6597500000000
1!
b110111110 +
b110101010 (
1'
1*
0)
#6598000000000
0!
#6598500000000
1!
b1101111101 +
b1101010100 (
0'
0*
1)
#6599000000000
0!
#6599500000000
1!
b1011111010 +
b1010101001 (
1'
0)
#6600000000000
0!
#6600500000000
1!
b111110101 +
b101010011 (
0'
1*
1)
#6601000000000
0!
#6601500000000
1!
b1111101011 +
b1010100110 (
0*
0)
1*
#6602000000000
0!
#6602500000000
1!
b1111010111 +
b101001101 (
1'
1)
#6603000000000
0!
#6603500000000
1!
b1110101110 +
b1010011010 (
0)
0*
#6604000000000
0!
#6604500000000
1!
b1101011100 +
b100110101 (
0'
1*
#6605000000000
0!
#6605500000000
1!
b1010111000 +
b1001101011 (
1'
1)
#6606000000000
0!
#6606500000000
1!
b101110001 +
b11010111 (
0'
0*
1*
#6607000000000
0!
#6607500000000
1!
b1011100010 +
b110101111 (
1'
0*
0)
#6608000000000
0!
#6608500000000
1!
b111000101 +
b1101011111 (
1*
1)
0*
#6609000000000
0!
#6609500000000
1!
b1110001011 +
b1010111110 (
1*
0)
0*
#6610000000000
0!
#6610500000000
1!
b1100010111 +
b101111101 (
1)
1*
#6611000000000
0!
#6611500000000
1!
b1000101110 +
b1011111011 (
#6612000000000
0!
#6612500000000
1!
b1011100 +
b111110110 (
0'
0*
1*
#6613000000000
0!
#6613500000000
1!
b10111001 +
b1111101101 (
1'
0*
#6614000000000
0!
#6614500000000
1!
b101110010 +
b1111011011 (
#6615000000000
0!
#6615500000000
1!
b1011100100 +
b1110110110 (
0'
1*
0)
#6616000000000
0!
#6616500000000
1!
b111001000 +
b1101101100 (
1'
0*
1)
#6617000000000
0!
#6617500000000
1!
b1110010000 +
b1011011000 (
1*
#6618000000000
0!
#6618500000000
1!
b1100100001 +
b110110000 (
0'
0)
#6619000000000
0!
#6619500000000
1!
b1001000011 +
b1101100001 (
1)
0*
#6620000000000
0!
#6620500000000
1!
b10000111 +
b1011000011 (
1*
#6621000000000
0!
#6621500000000
1!
b100001111 +
b110000111 (
0)
0*
#6622000000000
0!
#6622500000000
1!
b1000011111 +
b1100001110 (
1'
1*
0*
#6623000000000
0!
#6623500000000
1!
b111110 +
b1000011100 (
1*
#6624000000000
0!
#6624500000000
1!
b1111101 +
b111000 (
#6625000000000
0!
#6625500000000
1!
b11111011 +
b1110001 (
0'
1)
#6626000000000
0!
#6626500000000
1!
b111110110 +
b11100011 (
#6627000000000
0!
#6627500000000
1!
b1111101101 +
b111000111 (
0*
#6628000000000
0!
#6628500000000
1!
b1111011010 +
b1110001110 (
1'
0)
#6629000000000
0!
#6629500000000
1!
b1110110101 +
b1100011101 (
#6630000000000
0!
#6630500000000
1!
b1101101010 +
b1000111011 (
#6631000000000
0!
#6631500000000
1!
b1011010101 +
b1110111 (
0'
1)
#6632000000000
0!
#6632500000000
1!
b110101010 +
b11101111 (
1'
1*
0*
#6633000000000
0!
#6633500000000
1!
b1101010100 +
b111011110 (
1*
#6634000000000
0!
#6634500000000
1!
b1010101000 +
b1110111100 (
0)
0*
#6635000000000
0!
#6635500000000
1!
b101010001 +
b1101111001 (
1*
1)
0*
#6636000000000
0!
#6636500000000
1!
b1010100010 +
b1011110011 (
0'
1*
0*
#6637000000000
0!
#6637500000000
1!
b101000101 +
b111100110 (
1*
#6638000000000
0!
#6638500000000
1!
b1010001011 +
b1111001101 (
1'
0*
1*
#6639000000000
0!
#6639500000000
1!
b100010111 +
b1110011010 (
0*
0)
1*
#6640000000000
0!
#6640500000000
1!
b1000101111 +
b1100110100 (
0'
0*
1*
#6641000000000
0!
#6641500000000
1!
b1011110 +
b1001101000 (
1'
0*
1)
#6642000000000
0!
#6642500000000
1!
b10111101 +
b11010000 (
0'
1*
#6643000000000
0!
#6643500000000
1!
b101111011 +
b110100001 (
0)
0*
#6644000000000
0!
#6644500000000
1!
b1011110110 +
b1101000011 (
1*
1)
0*
#6645000000000
0!
#6645500000000
1!
b111101100 +
b1010000111 (
1*
0)
0*
#6646000000000
0!
#6646500000000
1!
b1111011001 +
b100001110 (
1'
1*
0*
#6647000000000
0!
#6647500000000
1!
b1110110011 +
b1000011101 (
#6648000000000
0!
#6648500000000
1!
b1101100111 +
b111010 (
#6649000000000
0!
#6649500000000
1!
b1011001110 +
b1110100 (
0'
1)
#6650000000000
0!
#6650500000000
1!
b110011100 +
b11101000 (
1'
1*
0*
#6651000000000
0!
#6651500000000
1!
b1100111001 +
b111010000 (
0'
1*
0*
#6652000000000
0!
#6652500000000
1!
b1001110011 +
b1110100000 (
0)
1*
#6653000000000
0!
#6653500000000
1!
b11100111 +
b1101000000 (
0*
1)
1*
#6654000000000
0!
#6654500000000
1!
b111001111 +
b1010000000 (
0)
0*
#6655000000000
0!
#6655500000000
1!
b1110011111 +
b100000000 (
1*
#6656000000000
0!
#6656500000000
1!
b1100111110 +
b1000000001 (
#6657000000000
0!
#6657500000000
1!
b1001111100 +
b11 (
#6658000000000
0!
#6658500000000
1!
b11111000 +
b111 (
0*
#6659000000000
0!
#6659500000000
1!
b111110000 +
b1110 (
1'
1*
#6660000000000
0!
#6660500000000
1!
b1111100000 +
b11100 (
0*
#6661000000000
0!
#6661500000000
1!
b1111000001 +
b111001 (
#6662000000000
0!
#6662500000000
1!
b1110000011 +
b1110011 (
0'
1)
#6663000000000
0!
#6663500000000
1!
b1100000111 +
b11100110 (
#6664000000000
0!
#6664500000000
1!
b1000001110 +
b111001100 (
1'
1*
#6665000000000
0!
#6665500000000
1!
b11100 +
b1110011001 (
0*
0)
1*
#6666000000000
0!
#6666500000000
1!
b111001 +
b1100110011 (
0'
0*
#6667000000000
0!
#6667500000000
1!
b1110010 +
b1001100110 (
1)
1*
#6668000000000
0!
#6668500000000
1!
b11100100 +
b11001100 (
1'
0*
#6669000000000
0!
#6669500000000
1!
b111001001 +
b110011000 (
0)
1*
#6670000000000
0!
#6670500000000
1!
b1110010010 +
b1100110000 (
0'
0*
1*
#6671000000000
0!
#6671500000000
1!
b1100100101 +
b1001100001 (
1)
0*
#6672000000000
0!
#6672500000000
1!
b1001001010 +
b11000010 (
#6673000000000
0!
#6673500000000
1!
b10010101 +
b110000100 (
1*
0)
0*
#6674000000000
0!
#6674500000000
1!
b100101011 +
b1100001001 (
1'
1*
#6675000000000
0!
#6675500000000
1!
b1001010110 +
b1000010010 (
0'
0*
1*
#6676000000000
0!
#6676500000000
1!
b10101100 +
b100100 (
0*
#6677000000000
0!
#6677500000000
1!
b101011001 +
b1001000 (
1'
1)
#6678000000000
0!
#6678500000000
1!
b1010110010 +
b10010000 (
0'
1*
0)
#6679000000000
0!
#6679500000000
1!
b101100101 +
b100100001 (
0*
#6680000000000
0!
#6680500000000
1!
b1011001011 +
b1001000010 (
1*
1)
0*
#6681000000000
0!
#6681500000000
1!
b110010111 +
b10000100 (
1*
0)
0*
#6682000000000
0!
#6682500000000
1!
b1100101111 +
b100001000 (
1'
1*
0*
#6683000000000
0!
#6683500000000
1!
b1001011110 +
b1000010001 (
0'
1*
#6684000000000
0!
#6684500000000
1!
b10111100 +
b100011 (
0*
#6685000000000
0!
#6685500000000
1!
b101111001 +
b1000110 (
1)
1*
#6686000000000
0!
#6686500000000
1!
b1011110010 +
b10001100 (
1'
0*
0)
#6687000000000
0!
#6687500000000
1!
b111100101 +
b100011000 (
1*
#6688000000000
0!
#6688500000000
1!
b1111001011 +
b1000110001 (
0'
0*
1*
#6689000000000
0!
#6689500000000
1!
b1110010111 +
b1100010 (
1)
0*
#6690000000000
0!
#6690500000000
1!
b1100101110 +
b11000100 (
#6691000000000
0!
#6691500000000
1!
b1001011100 +
b110001000 (
1'
0)
#6692000000000
0!
#6692500000000
1!
b10111000 +
b1100010000 (
0'
1*
0*
#6693000000000
0!
#6693500000000
1!
b101110000 +
b1000100000 (
#6694000000000
0!
#6694500000000
1!
b1011100000 +
b1000000 (
1*
1)
0*
#6695000000000
0!
#6695500000000
1!
b111000001 +
b10000000 (
1*
0)
0*
#6696000000000
0!
#6696500000000
1!
b1110000010 +
b100000001 (
1*
#6697000000000
0!
#6697500000000
1!
b1100000101 +
b1000000011 (
#6698000000000
0!
#6698500000000
1!
b1000001010 +
b110 (
#6699000000000
0!
#6699500000000
1!
b10101 +
b1100 (
1'
0*
1*
#6700000000000
0!
#6700500000000
1!
b101011 +
b11001 (
#6701000000000
0!
#6701500000000
1!
b1010110 +
b110010 (
0'
0*
#6702000000000
0!
#6702500000000
1!
b10101101 +
b1100100 (
1)
1*
#6703000000000
0!
#6703500000000
1!
b101011011 +
b11001000 (
1'
0*
#6704000000000
0!
#6704500000000
1!
b1010110110 +
b110010001 (
0'
1*
0)
#6705000000000
0!
#6705500000000
1!
b101101100 +
b1100100010 (
0*
#6706000000000
0!
#6706500000000
1!
b1011011001 +
b1001000100 (
1*
1)
0*
#6707000000000
0!
#6707500000000
1!
b110110011 +
b10001000 (
1'
1*
0)
#6708000000000
0!
#6708500000000
1!
b1101100110 +
b100010001 (
0'
0*
1*
#6709000000000
0!
#6709500000000
1!
b1011001100 +
b1000100011 (
#6710000000000
0!
#6710500000000
1!
b110011000 +
b1000111 (
0*
1)
1*
#6711000000000
0!
#6711500000000
1!
b1100110000 +
b10001110 (
1'
0*
0)
#6712000000000
0!
#6712500000000
1!
b1001100001 +
b100011101 (
#6713000000000
0!
#6713500000000
1!
b11000011 +
b1000111010 (
1*
#6714000000000
0!
#6714500000000
1!
b110000110 +
b1110101 (
0'
1)
#6715000000000
0!
#6715500000000
1!
b1100001101 +
b11101010 (
1'
0*
1*
#6716000000000
0!
#6716500000000
1!
b1000011010 +
b111010101 (
0'
0*
#6717000000000
0!
#6717500000000
1!
b110101 +
b1110101011 (
1'
1*
0)
#6718000000000
0!
#6718500000000
1!
b1101011 +
b1101010111 (
0'
1)
#6719000000000
0!
#6719500000000
1!
b11010110 +
b1010101110 (
1'
0)
#6720000000000
0!
#6720500000000
1!
b110101101 +
b101011101 (
1)
0*
#6721000000000
0!
#6721500000000
1!
b1101011011 +
b1010111010 (
1*
0)
0*
#6722000000000
0!
#6722500000000
1!
b1010110111 +
b101110100 (
0'
1)
#6723000000000
0!
#6723500000000
1!
b101101110 +
b1011101001 (
1'
1*
0*
#6724000000000
0!
#6724500000000
1!
b1011011101 +
b111010011 (
0'
1*
0*
#6725000000000
0!
#6725500000000
1!
b110111010 +
b1110100111 (
1*
0)
0*
#6726000000000
0!
#6726500000000
1!
b1101110100 +
b1101001110 (
1'
1*
1)
#6727000000000
0!
#6727500000000
1!
b1011101000 +
b1010011100 (
0)
0*
#6728000000000
0!
#6728500000000
1!
b111010001 +
b100111001 (
1*
#6729000000000
0!
#6729500000000
1!
b1110100010 +
b1001110010 (
0'
0*
1)
#6730000000000
0!
#6730500000000
1!
b1101000101 +
b11100101 (
#6731000000000
0!
#6731500000000
1!
b1010001010 +
b111001011 (
1'
1*
#6732000000000
0!
#6732500000000
1!
b100010101 +
b1110010111 (
0'
0*
0)
#6733000000000
0!
#6733500000000
1!
b1000101011 +
b1100101111 (
1'
1*
0*
#6734000000000
0!
#6734500000000
1!
b1010111 +
b1001011111 (
1*
1)
0*
#6735000000000
0!
#6735500000000
1!
b10101111 +
b10111111 (
0)
1*
#6736000000000
0!
#6736500000000
1!
b101011111 +
b101111110 (
1)
0*
#6737000000000
0!
#6737500000000
1!
b1010111111 +
b1011111100 (
1*
#6738000000000
0!
#6738500000000
1!
b101111110 +
b111111000 (
0*
#6739000000000
0!
#6739500000000
1!
b1011111101 +
b1111110001 (
0'
1*
0*
#6740000000000
0!
#6740500000000
1!
b111111010 +
b1111100010 (
1*
#6741000000000
0!
#6741500000000
1!
b1111110100 +
b1111000101 (
0*
#6742000000000
0!
#6742500000000
1!
b1111101000 +
b1110001010 (
1'
0)
#6743000000000
0!
#6743500000000
1!
b1111010001 +
b1100010100 (
0'
1*
#6744000000000
0!
#6744500000000
1!
b1110100011 +
b1000101001 (
1'
0*
#6745000000000
0!
#6745500000000
1!
b1101000111 +
b1010010 (
0'
1)
#6746000000000
0!
#6746500000000
1!
b1010001110 +
b10100101 (
0)
1*
#6747000000000
0!
#6747500000000
1!
b100011100 +
b101001011 (
1'
0*
1)
#6748000000000
0!
#6748500000000
1!
b1000111001 +
b1010010110 (
0'
1*
0)
#6749000000000
0!
#6749500000000
1!
b1110011 +
b100101100 (
1'
0*
1*
#6750000000000
0!
#6750500000000
1!
b11100110 +
b1001011001 (
1)
0*
#6751000000000
0!
#6751500000000
1!
b111001101 +
b10110011 (
0'
0)
#6752000000000
0!
#6752500000000
1!
b1110011011 +
b101100111 (
1*
1)
0*
#6753000000000
0!
#6753500000000
1!
b1100110111 +
b1011001110 (
1'
1*
#6754000000000
0!
#6754500000000
1!
b1001101110 +
b110011100 (
0)
0*
#6755000000000
0!
#6755500000000
1!
b11011100 +
b1100111001 (
1*
#6756000000000
0!
#6756500000000
1!
b110111001 +
b1001110011 (
0'
1)
#6757000000000
0!
#6757500000000
1!
b1101110010 +
b11100111 (
0*
#6758000000000
0!
#6758500000000
1!
b1011100101 +
b111001110 (
1'
1*
#6759000000000
0!
#6759500000000
1!
b111001010 +
b1110011100 (
0*
0)
1*
#6760000000000
0!
#6760500000000
1!
b1110010100 +
b1100111000 (
0*
#6761000000000
0!
#6761500000000
1!
b1100101000 +
b1001110001 (
0'
1)
#6762000000000
0!
#6762500000000
1!
b1001010001 +
b11100010 (
#6763000000000
0!
#6763500000000
1!
b10100011 +
b111000101 (
1*
#6764000000000
0!
#6764500000000
1!
b101000110 +
b1110001011 (
1'
0)
#6765000000000
0!
#6765500000000
1!
b1010001101 +
b1100010110 (
0'
0*
1*
#6766000000000
0!
#6766500000000
1!
b100011010 +
b1000101100 (
1'
0*
1*
#6767000000000
0!
#6767500000000
1!
b1000110100 +
b1011001 (
0*
1)
1*
#6768000000000
0!
#6768500000000
1!
b1101000 +
b10110010 (
0'
0*
0)
#6769000000000
0!
#6769500000000
1!
b11010000 +
b101100101 (
1)
1*
#6770000000000
0!
#6770500000000
1!
b110100000 +
b1011001011 (
1'
0*
#6771000000000
0!
#6771500000000
1!
b1101000000 +
b110010111 (
0'
1*
0)
#6772000000000
0!
#6772500000000
1!
b1010000001 +
b1100101110 (
1'
0*
#6773000000000
0!
#6773500000000
1!
b100000011 +
b1001011101 (
1*
1)
0*
#6774000000000
0!
#6774500000000
1!
b1000000110 +
b10111010 (
1*
0)
0*
#6775000000000
0!
#6775500000000
1!
b1100 +
b101110101 (
0'
1*
1)
#6776000000000
0!
#6776500000000
1!
b11001 +
b1011101011 (
1'
0*
#6777000000000
0!
#6777500000000
1!
b110010 +
b111010110 (
0'
1*
#6778000000000
0!
#6778500000000
1!
b1100100 +
b1110101100 (
1'
0)
#6779000000000
0!
#6779500000000
1!
b11001001 +
b1101011001 (
1)
0*
#6780000000000
0!
#6780500000000
1!
b110010010 +
b1010110010 (
0'
0)
#6781000000000
0!
#6781500000000
1!
b1100100100 +
b101100100 (
1*
1)
0*
#6782000000000
0!
#6782500000000
1!
b1001001000 +
b1011001001 (
1'
1*
#6783000000000
0!
#6783500000000
1!
b10010001 +
b110010010 (
0'
0*
0)
#6784000000000
0!
#6784500000000
1!
b100100010 +
b1100100101 (
#6785000000000
0!
#6785500000000
1!
b1001000100 +
b1001001010 (
1'
1*
1)
#6786000000000
0!
#6786500000000
1!
b10001000 +
b10010100 (
0'
0*
0)
#6787000000000
0!
#6787500000000
1!
b100010000 +
b100101000 (
1'
1*
#6788000000000
0!
#6788500000000
1!
b1000100000 +
b1001010000 (
0'
0*
1)
#6789000000000
0!
#6789500000000
1!
b1000001 +
b10100001 (
1*
0)
0*
#6790000000000
0!
#6790500000000
1!
b10000010 +
b101000010 (
1)
1*
#6791000000000
0!
#6791500000000
1!
b100000100 +
b1010000100 (
0)
0*
#6792000000000
0!
#6792500000000
1!
b1000001001 +
b100001001 (
1'
1*
0*
#6793000000000
0!
#6793500000000
1!
b10011 +
b1000010011 (
0'
1*
0*
#6794000000000
0!
#6794500000000
1!
b100110 +
b100110 (
#6795000000000
0!
#6795500000000
1!
b1001101 +
b1001101 (
1'
1)
#6796000000000
0!
#6796500000000
1!
b10011011 +
b10011011 (
0)
1*
#6797000000000
0!
#6797500000000
1!
b100110110 +
b100110110 (
0'
0*
#6798000000000
0!
#6798500000000
1!
b1001101101 +
b1001101100 (
1'
1*
1)
#6799000000000
0!
#6799500000000
1!
b11011010 +
b11011001 (
0*
#6800000000000
0!
#6800500000000
1!
b110110100 +
b110110011 (
0'
0)
#6801000000000
0!
#6801500000000
1!
b1101101001 +
b1101100110 (
1*
1)
0*
#6802000000000
0!
#6802500000000
1!
b1011010011 +
b1011001101 (
1'
1*
#6803000000000
0!
#6803500000000
1!
b110100111 +
b110011011 (
0*
0)
1*
#6804000000000
0!
#6804500000000
1!
b1101001111 +
b1100110111 (
0'
0*
1*
#6805000000000
0!
#6805500000000
1!
b1010011110 +
b1001101111 (
1'
1)
#6806000000000
0!
#6806500000000
1!
b100111100 +
b11011110 (
0*
#6807000000000
0!
#6807500000000
1!
b1001111001 +
b110111101 (
1*
0)
0*
#6808000000000
0!
#6808500000000
1!
b11110011 +
b1101111010 (
1*
1)
0*
#6809000000000
0!
#6809500000000
1!
b111100110 +
b1011110100 (
0'
1*
#6810000000000
0!
#6810500000000
1!
b1111001101 +
b111101000 (
1'
0*
1*
#6811000000000
0!
#6811500000000
1!
b1110011010 +
b1111010001 (
0'
0*
#6812000000000
0!
#6812500000000
1!
b1100110101 +
b1110100011 (
0)
1*
#6813000000000
0!
#6813500000000
1!
b1001101010 +
b1101000111 (
1)
0*
#6814000000000
0!
#6814500000000
1!
b11010101 +
b1010001110 (
1'
1*
0)
#6815000000000
0!
#6815500000000
1!
b110101011 +
b100011100 (
#6816000000000
0!
#6816500000000
1!
b1101010110 +
b1000111000 (
0*
#6817000000000
0!
#6817500000000
1!
b1010101100 +
b1110000 (
0'
1)
#6818000000000
0!
#6818500000000
1!
b101011000 +
b11100001 (
1*
#6819000000000
0!
#6819500000000
1!
b1010110000 +
b111000010 (
0*
#6820000000000
0!
#6820500000000
1!
b101100001 +
b1110000101 (
1*
0)
0*
#6821000000000
0!
#6821500000000
1!
b1011000010 +
b1100001010 (
1'
1*
0*
#6822000000000
0!
#6822500000000
1!
b110000101 +
b1000010101 (
0'
1*
0*
#6823000000000
0!
#6823500000000
1!
b1100001011 +
b101010 (
1'
1*
0*
#6824000000000
0!
#6824500000000
1!
b1000010111 +
b1010100 (
0'
1)
#6825000000000
0!
#6825500000000
1!
b101110 +
b10101001 (
1'
1*
0)
#6826000000000
0!
#6826500000000
1!
b1011101 +
b101010010 (
0'
1)
#6827000000000
0!
#6827500000000
1!
b10111011 +
b1010100100 (
0)
0*
#6828000000000
0!
#6828500000000
1!
b101110110 +
b101001000 (
1'
1)
#6829000000000
0!
#6829500000000
1!
b1011101101 +
b1010010001 (
0'
1*
0)
#6830000000000
0!
#6830500000000
1!
b111011010 +
b100100010 (
0*
#6831000000000
0!
#6831500000000
1!
b1110110100 +
b1001000101 (
1*
1)
0*
#6832000000000
0!
#6832500000000
1!
b1101101000 +
b10001010 (
1'
0)
#6833000000000
0!
#6833500000000
1!
b1011010001 +
b100010100 (
0'
1*
#6834000000000
0!
#6834500000000
1!
b110100011 +
b1000101000 (
1'
0*
1*
#6835000000000
0!
#6835500000000
1!
b1101000110 +
b1010000 (
0'
0*
1)
#6836000000000
0!
#6836500000000
1!
b1010001100 +
b10100000 (
0)
1*
#6837000000000
0!
#6837500000000
1!
b100011000 +
b101000000 (
0*
1)
1*
#6838000000000
0!
#6838500000000
1!
b1000110000 +
b1010000001 (
0*
0)
1*
#6839000000000
0!
#6839500000000
1!
b1100001 +
b100000010 (
0*
#6840000000000
0!
#6840500000000
1!
b11000010 +
b1000000100 (
#6841000000000
0!
#6841500000000
1!
b110000100 +
b1000 (
1'
1*
#6842000000000
0!
#6842500000000
1!
b1100001001 +
b10000 (
0'
0*
1*
#6843000000000
0!
#6843500000000
1!
b1000010011 +
b100000 (
#6844000000000
0!
#6844500000000
1!
b100111 +
b1000001 (
0*
1)
1*
#6845000000000
0!
#6845500000000
1!
b1001111 +
b10000010 (
0)
0*
#6846000000000
0!
#6846500000000
1!
b10011111 +
b100000100 (
#6847000000000
0!
#6847500000000
1!
b100111111 +
b1000001000 (
1'
1*
#6848000000000
0!
#6848500000000
1!
b1001111111 +
b10001 (
0'
0*
1*
#6849000000000
0!
#6849500000000
1!
b11111110 +
b100010 (
0*
#6850000000000
0!
#6850500000000
1!
b111111101 +
b1000100 (
1)
1*
#6851000000000
0!
#6851500000000
1!
b1111111011 +
b10001001 (
1'
0*
0)
#6852000000000
0!
#6852500000000
1!
b1111110111 +
b100010011 (
0'
1*
#6853000000000
0!
#6853500000000
1!
b1111101110 +
b1000100110 (
#6854000000000
0!
#6854500000000
1!
b1111011100 +
b1001100 (
1'
1)
#6855000000000
0!
#6855500000000
1!
b1110111000 +
b10011001 (
0)
0*
#6856000000000
0!
#6856500000000
1!
b1101110001 +
b100110011 (
0'
1*
#6857000000000
0!
#6857500000000
1!
b1011100011 +
b1001100111 (
1)
0*
#6858000000000
0!
#6858500000000
1!
b111000111 +
b11001110 (
1'
1*
0*
#6859000000000
0!
#6859500000000
1!
b1110001111 +
b110011101 (
1*
0)
0*
#6860000000000
0!
#6860500000000
1!
b1100011110 +
b1100111011 (
#6861000000000
0!
#6861500000000
1!
b1000111100 +
b1001110110 (
0'
1)
#6862000000000
0!
#6862500000000
1!
b1111000 +
b11101100 (
1'
1*
0*
#6863000000000
0!
#6863500000000
1!
b11110000 +
b111011001 (
#6864000000000
0!
#6864500000000
1!
b111100000 +
b1110110010 (
0'
0)
#6865000000000
0!
#6865500000000
1!
b1111000000 +
b1101100101 (
1*
1)
0*
#6866000000000
0!
#6866500000000
1!
b1110000001 +
b1011001010 (
1'
1*
#6867000000000
0!
#6867500000000
1!
b1100000011 +
b110010101 (
0'
0)
#6868000000000
0!
#6868500000000
1!
b1000000111 +
b1100101011 (
1'
0*
#6869000000000
0!
#6869500000000
1!
b1110 +
b1001010110 (
0'
1*
1)
#6870000000000
0!
#6870500000000
1!
b11101 +
b10101101 (
1'
0)
#6871000000000
0!
#6871500000000
1!
b111011 +
b101011011 (
1)
0*
#6872000000000
0!
#6872500000000
1!
b1110110 +
b1010110110 (
0'
0)
#6873000000000
0!
#6873500000000
1!
b11101101 +
b101101101 (
1'
1)
#6874000000000
0!
#6874500000000
1!
b111011011 +
b1011011011 (
#6875000000000
0!
#6875500000000
1!
b1110110110 +
b110110111 (
0'
1*
0)
#6876000000000
0!
#6876500000000
1!
b1101101100 +
b1101101111 (
1'
1)
#6877000000000
0!
#6877500000000
1!
b1011011000 +
b1011011111 (
#6878000000000
0!
#6878500000000
1!
b110110001 +
b110111110 (
0*
0)
1*
#6879000000000
0!
#6879500000000
1!
b1101100010 +
b1101111101 (
0*
1)
1*
#6880000000000
0!
#6880500000000
1!
b1011000101 +
b1011111010 (
#6881000000000
0!
#6881500000000
1!
b110001010 +
b111110100 (
0'
0*
1*
#6882000000000
0!
#6882500000000
1!
b1100010100 +
b1111101000 (
1'
0*
1*
#6883000000000
0!
#6883500000000
1!
b1000101000 +
b1111010000 (
0'
0*
#6884000000000
0!
#6884500000000
1!
b1010001 +
b1110100001 (
1*
0)
0*
#6885000000000
0!
#6885500000000
1!
b10100010 +
b1101000010 (
1)
1*
#6886000000000
0!
#6886500000000
1!
b101000100 +
b1010000101 (
0)
0*
#6887000000000
0!
#6887500000000
1!
b1010001001 +
b100001011 (
1'
1*
0*
#6888000000000
0!
#6888500000000
1!
b100010011 +
b1000010110 (
0'
1*
0*
#6889000000000
0!
#6889500000000
1!
b1000100110 +
b101101 (
1'
1*
0*
#6890000000000
0!
#6890500000000
1!
b1001100 +
b1011010 (
1*
1)
0*
#6891000000000
0!
#6891500000000
1!
b10011001 +
b10110101 (
0'
0)
#6892000000000
0!
#6892500000000
1!
b100110010 +
b101101011 (
1'
1)
#6893000000000
0!
#6893500000000
1!
b1001100100 +
b1011010111 (
0'
1*
0*
#6894000000000
0!
#6894500000000
1!
b11001000 +
b110101110 (
1'
1*
0)
#6895000000000
0!
#6895500000000
1!
b110010000 +
b1101011101 (
1)
0*
#6896000000000
0!
#6896500000000
1!
b1100100000 +
b1010111011 (
1*
0)
0*
#6897000000000
0!
#6897500000000
1!
b1001000001 +
b101110110 (
0'
1)
#6898000000000
0!
#6898500000000
1!
b10000011 +
b1011101100 (
1'
1*
0*
#6899000000000
0!
#6899500000000
1!
b100000110 +
b111011000 (
#6900000000000
0!
#6900500000000
1!
b1000001101 +
b1110110000 (
0'
1*
0)
#6901000000000
0!
#6901500000000
1!
b11010 +
b1101100000 (
0*
1)
1*
#6902000000000
0!
#6902500000000
1!
b110100 +
b1011000001 (
#6903000000000
0!
#6903500000000
1!
b1101001 +
b110000010 (
0)
0*
#6904000000000
0!
#6904500000000
1!
b11010010 +
b1100000101 (
#6905000000000
0!
#6905500000000
1!
b110100100 +
b1000001011 (
1'
1*
#6906000000000
0!
#6906500000000
1!
b1101001001 +
b10110 (
0'
0*
1*
#6907000000000
0!
#6907500000000
1!
b1010010011 +
b101100 (
1'
0*
#6908000000000
0!
#6908500000000
1!
b100100111 +
b1011000 (
1*
1)
0*
#6909000000000
0!
#6909500000000
1!
b1001001111 +
b10110000 (
0'
1*
0)
#6910000000000
0!
#6910500000000
1!
b10011110 +
b101100000 (
0*
1)
1*
#6911000000000
0!
#6911500000000
1!
b100111101 +
b1011000000 (
#6912000000000
0!
#6912500000000
1!
b1001111011 +
b110000000 (
0*
0)
1*
#6913000000000
0!
#6913500000000
1!
b11110111 +
b1100000000 (
0*
#6914000000000
0!
#6914500000000
1!
b111101111 +
b1000000000 (
#6915000000000
0!
#6915500000000
1!
b1111011111 +
b1 (
1*
#6916000000000
0!
#6916500000000
1!
b1110111110 +
b10 (
#6917000000000
0!
#6917500000000
1!
b1101111100 +
b101 (
#6918000000000
0!
#6918500000000
1!
b1011111000 +
b1011 (
1'
0*
#6919000000000
0!
#6919500000000
1!
b111110001 +
b10111 (
0'
1*
0*
#6920000000000
0!
#6920500000000
1!
b1111100010 +
b101110 (
1'
1*
0*
#6921000000000
0!
#6921500000000
1!
b1111000101 +
b1011101 (
1)
1*
#6922000000000
0!
#6922500000000
1!
b1110001010 +
b10111011 (
0)
0*
#6923000000000
0!
#6923500000000
1!
b1100010101 +
b101110111 (
0'
1)
#6924000000000
0!
#6924500000000
1!
b1000101010 +
b1011101110 (
1'
1*
#6925000000000
0!
#6925500000000
1!
b1010101 +
b111011101 (
0*
#6926000000000
0!
#6926500000000
1!
b10101011 +
b1110111011 (
0)
1*
#6927000000000
0!
#6927500000000
1!
b101010110 +
b1101110111 (
0'
1)
#6928000000000
0!
#6928500000000
1!
b1010101101 +
b1011101111 (
1'
0*
1*
#6929000000000
0!
#6929500000000
1!
b101011010 +
b111011111 (
0*
#6930000000000
0!
#6930500000000
1!
b1010110100 +
b1110111110 (
1*
0)
0*
#6931000000000
0!
#6931500000000
1!
b101101000 +
b1101111100 (
1*
1)
0*
#6932000000000
0!
#6932500000000
1!
b1011010000 +
b1011111000 (
1*
#6933000000000
0!
#6933500000000
1!
b110100001 +
b111110001 (
0'
0*
1*
#6934000000000
0!
#6934500000000
1!
b1101000010 +
b1111100011 (
0*
#6935000000000
0!
#6935500000000
1!
b1010000101 +
b1111000111 (
#6936000000000
0!
#6936500000000
1!
b100001010 +
b1110001111 (
1'
1*
0)
#6937000000000
0!
#6937500000000
1!
b1000010100 +
b1100011111 (
0*
#6938000000000
0!
#6938500000000
1!
b101000 +
b1000111110 (
1*
#6939000000000
0!
#6939500000000
1!
b1010000 +
b1111100 (
1)
0*
#6940000000000
0!
#6940500000000
1!
b10100000 +
b11111000 (
#6941000000000
0!
#6941500000000
1!
b101000000 +
b111110000 (
0'
1*
#6942000000000
0!
#6942500000000
1!
b1010000000 +
b1111100001 (
0*
#6943000000000
0!
#6943500000000
1!
b100000001 +
b1111000010 (
1*
#6944000000000
0!
#6944500000000
1!
b1000000010 +
b1110000100 (
0*
0)
1*
#6945000000000
0!
#6945500000000
1!
b101 +
b1100001000 (
1'
0*
1*
#6946000000000
0!
#6946500000000
1!
b1011 +
b1000010000 (
0'
0*
#6947000000000
0!
#6947500000000
1!
b10110 +
b100001 (
#6948000000000
0!
#6948500000000
1!
b101101 +
b1000011 (
1)
1*
#6949000000000
0!
#6949500000000
1!
b1011011 +
b10000111 (
0)
0*
#6950000000000
0!
#6950500000000
1!
b10110110 +
b100001111 (
1'
1*
#6951000000000
0!
#6951500000000
1!
b101101101 +
b1000011111 (
#6952000000000
0!
#6952500000000
1!
b1011011011 +
b111111 (
0*
#6953000000000
0!
#6953500000000
1!
b110110111 +
b1111111 (
1*
1)
0*
#6954000000000
0!
#6954500000000
1!
b1101101111 +
b11111111 (
1*
#6955000000000
0!
#6955500000000
1!
b1011011110 +
b111111110 (
#6956000000000
0!
#6956500000000
1!
b110111100 +
b1111111101 (
0*
#6957000000000
0!
#6957500000000
1!
b1101111001 +
b1111111011 (
1*
#6958000000000
0!
#6958500000000
1!
b1011110011 +
b1111110111 (
0'
0*
#6959000000000
0!
#6959500000000
1!
b111100111 +
b1111101110 (
1'
1*
0*
#6960000000000
0!
#6960500000000
1!
b1111001111 +
b1111011100 (
1*
#6961000000000
0!
#6961500000000
1!
b1110011110 +
b1110111000 (
0)
0*
#6962000000000
0!
#6962500000000
1!
b1100111100 +
b1101110000 (
0'
1)
#6963000000000
0!
#6963500000000
1!
b1001111000 +
b1011100001 (
#6964000000000
0!
#6964500000000
1!
b11110001 +
b111000011 (
1*
#6965000000000
0!
#6965500000000
1!
b111100010 +
b1110000111 (
0)
0*
#6966000000000
0!
#6966500000000
1!
b1111000100 +
b1100001111 (
1'
1*
0*
#6967000000000
0!
#6967500000000
1!
b1110001000 +
b1000011110 (
#6968000000000
0!
#6968500000000
1!
b1100010001 +
b111101 (
#6969000000000
0!
#6969500000000
1!
b1000100011 +
b1111010 (
1)
1*
#6970000000000
0!
#6970500000000
1!
b1000111 +
b11110100 (
0'
0*
1*
#6971000000000
0!
#6971500000000
1!
b10001111 +
b111101001 (
1'
0*
#6972000000000
0!
#6972500000000
1!
b100011111 +
b1111010011 (
0'
1*
#6973000000000
0!
#6973500000000
1!
b1000111111 +
b1110100110 (
0*
0)
1*
#6974000000000
0!
#6974500000000
1!
b1111110 +
b1101001100 (
1'
0*
1)
#6975000000000
0!
#6975500000000
1!
b11111101 +
b1010011001 (
0)
1*
#6976000000000
0!
#6976500000000
1!
b111111011 +
b100110010 (
0'
0*
#6977000000000
0!
#6977500000000
1!
b1111110110 +
b1001100101 (
1*
1)
0*
#6978000000000
0!
#6978500000000
1!
b1111101100 +
b11001011 (
1'
1*
#6979000000000
0!
#6979500000000
1!
b1111011000 +
b110010110 (
0'
0)
#6980000000000
0!
#6980500000000
1!
b1110110001 +
b1100101100 (
1'
0*
#6981000000000
0!
#6981500000000
1!
b1101100011 +
b1001011000 (
1)
1*
#6982000000000
0!
#6982500000000
1!
b1011000111 +
b10110001 (
0'
0)
#6983000000000
0!
#6983500000000
1!
b110001110 +
b101100010 (
0*
1)
1*
#6984000000000
0!
#6984500000000
1!
b1100011101 +
b1011000101 (
0*
#6985000000000
0!
#6985500000000
1!
b1000111010 +
b110001011 (
1'
0)
#6986000000000
0!
#6986500000000
1!
b1110101 +
b1100010111 (
0'
1*
0*
#6987000000000
0!
#6987500000000
1!
b11101011 +
b1000101110 (
1'
1*
#6988000000000
0!
#6988500000000
1!
b111010110 +
b1011100 (
1)
0*
#6989000000000
0!
#6989500000000
1!
b1110101101 +
b10111001 (
1*
0)
0*
#6990000000000
0!
#6990500000000
1!
b1101011010 +
b101110010 (
0'
1)
#6991000000000
0!
#6991500000000
1!
b1010110101 +
b1011100101 (
#6992000000000
0!
#6992500000000
1!
b101101010 +
b111001010 (
1'
1*
0*
#6993000000000
0!
#6993500000000
1!
b1011010100 +
b1110010101 (
0'
1*
0)
#6994000000000
0!
#6994500000000
1!
b110101000 +
b1100101010 (
1'
0*
1*
#6995000000000
0!
#6995500000000
1!
b1101010000 +
b1001010100 (
0'
0*
1)
#6996000000000
0!
#6996500000000
1!
b1010100001 +
b10101000 (
1'
0)
#6997000000000
0!
#6997500000000
1!
b101000011 +
b101010000 (
0'
1*
1)
#6998000000000
0!
#6998500000000
1!
b1010000110 +
b1010100001 (
0*
0)
1*
#6999000000000
0!
#6999500000000
1!
b100001100 +
b101000011 (
0*
1)
1*
#7000000000000
0!
#7000500000000
1!
b1000011001 +
b1010000110 (
0*
0)
1*
#7001000000000
0!
#7001500000000
1!
b110011 +
b100001100 (
1'
0*
1*
#7002000000000
0!
#7002500000000
1!
b1100110 +
b1000011000 (
#7003000000000
0!
#7003500000000
1!
b11001101 +
b110001 (
0'
0*
#7004000000000
0!
#7004500000000
1!
b110011011 +
b1100011 (
1)
1*
#7005000000000
0!
#7005500000000
1!
b1100110110 +
b11000110 (
0*
#7006000000000
0!
#7006500000000
1!
b1001101100 +
b110001101 (
1'
0)
#7007000000000
0!
#7007500000000
1!
b11011000 +
b1100011011 (
1*
#7008000000000
0!
#7008500000000
1!
b110110000 +
b1000110111 (
0'
0*
#7009000000000
0!
#7009500000000
1!
b1101100000 +
b1101110 (
1'
1*
1)
#7010000000000
0!
#7010500000000
1!
b1011000001 +
b11011101 (
#7011000000000
0!
#7011500000000
1!
b110000011 +
b110111010 (
0*
0)
1*
#7012000000000
0!
#7012500000000
1!
b1100000110 +
b1101110100 (
0'
0*
1)
#7013000000000
0!
#7013500000000
1!
b1000001100 +
b1011101000 (
1'
1*
#7014000000000
0!
#7014500000000
1!
b11000 +
b111010001 (
0'
0*
1*
#7015000000000
0!
#7015500000000
1!
b110000 +
b1110100010 (
0)
0*
#7016000000000
0!
#7016500000000
1!
b1100000 +
b1101000101 (
1)
1*
#7017000000000
0!
#7017500000000
1!
b11000000 +
b1010001011 (
1'
0)
#7018000000000
0!
#7018500000000
1!
b110000000 +
b100010111 (
0'
0*
#7019000000000
0!
#7019500000000
1!
b1100000000 +
b1000101111 (
1'
1*
0*
#7020000000000
0!
#7020500000000
1!
b1000000001 +
b1011110 (
1)
1*
#7021000000000
0!
#7021500000000
1!
b11 +
b10111100 (
0*
0)
1*
#7022000000000
0!
#7022500000000
1!
b110 +
b101111001 (
1)
0*
#7023000000000
0!
#7023500000000
1!
b1101 +
b1011110010 (
0'
1*
#7024000000000
0!
#7024500000000
1!
b11011 +
b111100100 (
#7025000000000
0!
#7025500000000
1!
b110110 +
b1111001000 (
1'
0*
#7026000000000
0!
#7026500000000
1!
b1101101 +
b1110010001 (
0'
0)
#7027000000000
0!
#7027500000000
1!
b11011011 +
b1100100011 (
#7028000000000
0!
#7028500000000
1!
b110110110 +
b1001000110 (
1)
1*
#7029000000000
0!
#7029500000000
1!
b1101101101 +
b10001101 (
1'
0*
0)
#7030000000000
0!
#7030500000000
1!
b1011011010 +
b100011010 (
#7031000000000
0!
#7031500000000
1!
b110110101 +
b1000110100 (
0'
1*
0*
#7032000000000
0!
#7032500000000
1!
b1101101011 +
b1101001 (
1'
1*
1)
#7033000000000
0!
#7033500000000
1!
b1011010111 +
b11010011 (
0'
0*
#7034000000000
0!
#7034500000000
1!
b110101110 +
b110100110 (
1*
0)
0*
#7035000000000
0!
#7035500000000
1!
b1101011101 +
b1101001101 (
1'
1*
1)
#7036000000000
0!
#7036500000000
1!
b1010111010 +
b1010011011 (
0)
0*
#7037000000000
0!
#7037500000000
1!
b101110101 +
b100110111 (
0'
1*
0*
#7038000000000
0!
#7038500000000
1!
b1011101011 +
b1001101110 (
1'
1*
1)
#7039000000000
0!
#7039500000000
1!
b111010111 +
b11011100 (
0*
#7040000000000
0!
#7040500000000
1!
b1110101111 +
b110111000 (
1*
0)
0*
#7041000000000
0!
#7041500000000
1!
b1101011110 +
b1101110001 (
0'
1)
#7042000000000
0!
#7042500000000
1!
b1010111100 +
b1011100011 (
#7043000000000
0!
#7043500000000
1!
b101111000 +
b111000110 (
1*
#7044000000000
0!
#7044500000000
1!
b1011110000 +
b1110001100 (
1'
0*
0)
#7045000000000
0!
#7045500000000
1!
b111100001 +
b1100011000 (
1*
#7046000000000
0!
#7046500000000
1!
b1111000010 +
b1000110000 (
0'
0*
1*
#7047000000000
0!
#7047500000000
1!
b1110000101 +
b1100000 (
1)
0*
#7048000000000
0!
#7048500000000
1!
b1100001010 +
b11000001 (
#7049000000000
0!
#7049500000000
1!
b1000010101 +
b110000011 (
0)
1*
#7050000000000
0!
#7050500000000
1!
b101010 +
b1100000111 (
0*
#7051000000000
0!
#7051500000000
1!
b1010100 +
b1000001110 (
1'
1*
#7052000000000
0!
#7052500000000
1!
b10101001 +
b11101 (
#7053000000000
0!
#7053500000000
1!
b101010010 +
b111011 (
#7054000000000
0!
#7054500000000
1!
b1010100100 +
b1110110 (
0'
0*
1)
#7055000000000
0!
#7055500000000
1!
b101001000 +
b11101101 (
1'
1*
0*
#7056000000000
0!
#7056500000000
1!
b1010010000 +
b111011011 (
1*
#7057000000000
0!
#7057500000000
1!
b100100001 +
b1110110111 (
0'
0*
0)
#7058000000000
0!
#7058500000000
1!
b1001000010 +
b1101101110 (
1'
1*
1)
#7059000000000
0!
#7059500000000
1!
b10000101 +
b1011011101 (
0*
#7060000000000
0!
#7060500000000
1!
b100001011 +
b110111011 (
0)
1*
#7061000000000
0!
#7061500000000
1!
b1000010110 +
b1101110110 (
0'
0*
1)
#7062000000000
0!
#7062500000000
1!
b101100 +
b1011101101 (
1'
1*
0*
#7063000000000
0!
#7063500000000
1!
b1011001 +
b111011010 (
#7064000000000
0!
#7064500000000
1!
b10110010 +
b1110110101 (
0'
0)
#7065000000000
0!
#7065500000000
1!
b101100100 +
b1101101011 (
1'
1)
#7066000000000
0!
#7066500000000
1!
b1011001001 +
b1011010110 (
0'
1*
0*
#7067000000000
0!
#7067500000000
1!
b110010011 +
b110101100 (
1'
1*
0)
#7068000000000
0!
#7068500000000
1!
b1100100110 +
b1101011000 (
0*
1)
1*
#7069000000000
0!
#7069500000000
1!
b1001001100 +
b1010110000 (
0'
0)
#7070000000000
0!
#7070500000000
1!
b10011000 +
b101100001 (
0*
1)
1*
#7071000000000
0!
#7071500000000
1!
b100110000 +
b1011000010 (
#7072000000000
0!
#7072500000000
1!
b1001100000 +
b110000101 (
0*
0)
1*
#7073000000000
0!
#7073500000000
1!
b11000001 +
b1100001011 (
1'
0*
1*
#7074000000000
0!
#7074500000000
1!
b110000010 +
b1000010111 (
0'
0*
#7075000000000
0!
#7075500000000
1!
b1100000100 +
b101111 (
1'
1*
0*
#7076000000000
0!
#7076500000000
1!
b1000001000 +
b1011111 (
1)
1*
#7077000000000
0!
#7077500000000
1!
b10001 +
b10111110 (
0*
0)
1*
#7078000000000
0!
#7078500000000
1!
b100010 +
b101111100 (
1)
0*
#7079000000000
0!
#7079500000000
1!
b1000100 +
b1011111001 (
#7080000000000
0!
#7080500000000
1!
b10001001 +
b111110011 (
0'
1*
#7081000000000
0!
#7081500000000
1!
b100010010 +
b1111100110 (
#7082000000000
0!
#7082500000000
1!
b1000100100 +
b1111001100 (
1'
0*
1*
#7083000000000
0!
#7083500000000
1!
b1001000 +
b1110011000 (
0*
0)
1*
#7084000000000
0!
#7084500000000
1!
b10010000 +
b1100110001 (
0'
0*
#7085000000000
0!
#7085500000000
1!
b100100000 +
b1001100011 (
1)
1*
#7086000000000
0!
#7086500000000
1!
b1001000000 +
b11000111 (
0*
#7087000000000
0!
#7087500000000
1!
b10000001 +
b110001111 (
1'
1*
0)
#7088000000000
0!
#7088500000000
1!
b100000010 +
b1100011110 (
#7089000000000
0!
#7089500000000
1!
b1000000100 +
b1000111100 (
0*
#7090000000000
0!
#7090500000000
1!
b1000 +
b1111001 (
1*
1)
0*
#7091000000000
0!
#7091500000000
1!
b10000 +
b11110011 (
0'
1*
#7092000000000
0!
#7092500000000
1!
b100000 +
b111100111 (
#7093000000000
0!
#7093500000000
1!
b1000000 +
b1111001111 (
1'
0*
#7094000000000
0!
#7094500000000
1!
b10000000 +
b1110011111 (
0)
1*
#7095000000000
0!
#7095500000000
1!
b100000000 +
b1100111111 (
#7096000000000
0!
#7096500000000
1!
b1000000000 +
b1001111111 (
0*
1)
1*
#7097000000000
0!
#7097500000000
1!
b1 +
b11111110 (
0*
#7098000000000
0!
#7098500000000
1!
b10 +
b111111100 (
#7099000000000
0!
#7099500000000
1!
b100 +
b1111111000 (
#7100000000000
0!
#7100500000000
1!
b1001 +
b1111110000 (
0'
1*
#7101000000000
0!
#7101500000000
1!
b10010 +
b1111100000 (
#7102000000000
0!
#7102500000000
1!
b100100 +
b1111000000 (
#7103000000000
0!
#7103500000000
1!
b1001001 +
b1110000001 (
0)
0*
#7104000000000
0!
#7104500000000
1!
b10010010 +
b1100000011 (
#7105000000000
0!
#7105500000000
1!
b100100100 +
b1000000111 (
#7106000000000
0!
#7106500000000
1!
b1001001001 +
b1111 (
1'
1*
0*
#7107000000000
0!
#7107500000000
1!
b10010011 +
b11110 (
1*
#7108000000000
0!
#7108500000000
1!
b100100110 +
b111100 (
#7109000000000
0!
#7109500000000
1!
b1001001101 +
b1111000 (
0*
1)
1*
#7110000000000
0!
#7110500000000
1!
b10011010 +
b11110001 (
0'
0*
1*
#7111000000000
0!
#7111500000000
1!
b100110100 +
b111100010 (
#7112000000000
0!
#7112500000000
1!
b1001101001 +
b1111000100 (
0*
#7113000000000
0!
#7113500000000
1!
b11010011 +
b1110001000 (
1'
1*
0)
#7114000000000
0!
#7114500000000
1!
b110100110 +
b1100010001 (
0'
0*
#7115000000000
0!
#7115500000000
1!
b1101001101 +
b1000100010 (
1*
#7116000000000
0!
#7116500000000
1!
b1010011010 +
b1000101 (
1)
0*
#7117000000000
0!
#7117500000000
1!
b100110101 +
b10001011 (
1'
1*
0)
#7118000000000
0!
#7118500000000
1!
b1001101011 +
b100010110 (
0'
0*
1*
#7119000000000
0!
#7119500000000
1!
b11010111 +
b1000101101 (
1'
0*
1*
#7120000000000
0!
#7120500000000
1!
b110101111 +
b1011011 (
1)
0*
#7121000000000
0!
#7121500000000
1!
b1101011111 +
b10110111 (
0'
1*
0)
#7122000000000
0!
#7122500000000
1!
b1010111110 +
b101101110 (
1'
1)
#7123000000000
0!
#7123500000000
1!
b101111100 +
b1011011100 (
0*
#7124000000000
0!
#7124500000000
1!
b1011111001 +
b110111001 (
1*
0)
0*
#7125000000000
0!
#7125500000000
1!
b111110011 +
b1101110011 (
0'
1*
1)
#7126000000000
0!
#7126500000000
1!
b1111100110 +
b1011100110 (
0*
#7127000000000
0!
#7127500000000
1!
b1111001100 +
b111001101 (
1'
1*
#7128000000000
0!
#7128500000000
1!
b1110011000 +
b1110011011 (
0)
0*
#7129000000000
0!
#7129500000000
1!
b1100110001 +
b1100110110 (
0'
1*
#7130000000000
0!
#7130500000000
1!
b1001100011 +
b1001101101 (
1'
1)
#7131000000000
0!
#7131500000000
1!
b11000111 +
b11011011 (
0*
#7132000000000
0!
#7132500000000
1!
b110001111 +
b110110110 (
0'
0)
#7133000000000
0!
#7133500000000
1!
b1100011111 +
b1101101101 (
1'
1*
1)
#7134000000000
0!
#7134500000000
1!
b1000111110 +
b1011011010 (
#7135000000000
0!
#7135500000000
1!
b1111100 +
b110110101 (
0'
0*
0)
#7136000000000
0!
#7136500000000
1!
b11111001 +
b1101101010 (
1'
1)
#7137000000000
0!
#7137500000000
1!
b111110010 +
b1011010100 (
0'
1*
#7138000000000
0!
#7138500000000
1!
b1111100100 +
b110101001 (
1'
0*
0)
#7139000000000
0!
#7139500000000
1!
b1111001000 +
b1101010011 (
0'
1)
#7140000000000
0!
#7140500000000
1!
b1110010001 +
b1010100111 (
0)
1*
#7141000000000
0!
#7141500000000
1!
b1100100011 +
b101001111 (
1'
1)
#7142000000000
0!
#7142500000000
1!
b1001000111 +
b1010011111 (
0)
0*
#7143000000000
0!
#7143500000000
1!
b10001110 +
b100111110 (
1*
#7144000000000
0!
#7144500000000
1!
b100011101 +
b1001111100 (
1)
0*
#7145000000000
0!
#7145500000000
1!
b1000111011 +
b11111001 (
1*
#7146000000000
0!
#7146500000000
1!
b1110111 +
b111110010 (
0'
0*
1*
#7147000000000
0!
#7147500000000
1!
b11101111 +
b1111100100 (
#7148000000000
0!
#7148500000000
1!
b111011111 +
b1111001001 (
1'
0*
#7149000000000
0!
#7149500000000
1!
b1110111111 +
b1110010011 (
0'
1*
0)
#7150000000000
0!
#7150500000000
1!
b1101111110 +
b1100100110 (
#7151000000000
0!
#7151500000000
1!
b1011111100 +
b1001001101 (
1'
1)
#7152000000000
0!
#7152500000000
1!
b111111000 +
b10011010 (
0*
0)
1*
#7153000000000
0!
#7153500000000
1!
b1111110000 +
b100110100 (
0'
0*
1*
#7154000000000
0!
#7154500000000
1!
b1111100001 +
b1001101001 (
1'
1)
#7155000000000
0!
#7155500000000
1!
b1111000011 +
b11010010 (
0'
0*
#7156000000000
0!
#7156500000000
1!
b1110000111 +
b110100100 (
0)
1*
#7157000000000
0!
#7157500000000
1!
b1100001110 +
b1101001000 (
1'
1)
#7158000000000
0!
#7158500000000
1!
b1000011100 +
b1010010000 (
0'
0)
#7159000000000
0!
#7159500000000
1!
b111000 +
b100100000 (
0*
#7160000000000
0!
#7160500000000
1!
b1110000 +
b1001000000 (
1)
1*
#7161000000000
0!
#7161500000000
1!
b11100000 +
b10000001 (
0)
0*
#7162000000000
0!
#7162500000000
1!
b111000000 +
b100000011 (
#7163000000000
0!
#7163500000000
1!
b1110000000 +
b1000000110 (
1*
#7164000000000
0!
#7164500000000
1!
b1100000001 +
b1101 (
1'
0*
#7165000000000
0!
#7165500000000
1!
b1000000011 +
b11011 (
#7166000000000
0!
#7166500000000
1!
b111 +
b110111 (
0'
1*
0*
#7167000000000
0!
#7167500000000
1!
b1111 +
b1101111 (
1'
1)
#7168000000000
0!
#7168500000000
1!
b11111 +
b11011111 (
#7169000000000
0!
#7169500000000
1!
b111111 +
b110111111 (
0)
1*
#7170000000000
0!
#7170500000000
1!
b1111111 +
b1101111111 (
1)
0*
#7171000000000
0!
#7171500000000
1!
b11111111 +
b1011111111 (
#7172000000000
0!
#7172500000000
1!
b111111111 +
b111111111 (
#7173000000000
0!
#7173500000000
1!
b1111111111 +
b1111111111 (
1*
#7174000000000
0!
#7174500000000
1!
b1111111110 +
b1111111110 (
b11001 $
b11000 #
b101 %
1,
#7175000000000
0!
#7175500000000
1!
b1111111111 +
b1111111111 (
0,
#7176000000000
0!
#7176500000000
1!
b1111111110 +
b1111111110 (
#7177000000000
0!
#7177500000000
1!
b1111111100 +
b1111111100 (
#7178000000000
0!
#7178500000000
1!
b1111111000 +
b1111111001 (
#7179000000000
0!
#7179500000000
1!
b1111110001 +
b1111110010 (
#7180000000000
0!
#7180500000000
1!
b1111100011 +
b1111100101 (
0'
0*
#7181000000000
0!
#7181500000000
1!
b1111000111 +
b1111001011 (
#7182000000000
0!
#7182500000000
1!
b1110001110 +
b1110010110 (
1'
0)
#7183000000000
0!
#7183500000000
1!
b1100011100 +
b1100101101 (
0'
1*
#7184000000000
0!
#7184500000000
1!
b1000111000 +
b1001011010 (
1'
1)
#7185000000000
0!
#7185500000000
1!
b1110001 +
b10110100 (
0*
0)
1*
#7186000000000
0!
#7186500000000
1!
b11100010 +
b101101001 (
0'
1)
#7187000000000
0!
#7187500000000
1!
b111000100 +
b1011010010 (
1'
0*
#7188000000000
0!
#7188500000000
1!
b1110001001 +
b110100101 (
0'
1*
0)
#7189000000000
0!
#7189500000000
1!
b1100010011 +
b1101001010 (
1)
0*
#7190000000000
0!
#7190500000000
1!
b1000100111 +
b1010010101 (
1'
0)
#7191000000000
0!
#7191500000000
1!
b1001110 +
b100101011 (
0'
1*
0*
#7192000000000
0!
#7192500000000
1!
b10011101 +
b1001010111 (
1'
1)
#7193000000000
0!
#7193500000000
1!
b100111011 +
b10101111 (
0'
0)
#7194000000000
0!
#7194500000000
1!
b1001110110 +
b101011110 (
1'
1*
1)
#7195000000000
0!
#7195500000000
1!
b11101100 +
b1010111101 (
0*
0)
1*
#7196000000000
0!
#7196500000000
1!
b111011001 +
b101111010 (
1)
0*
#7197000000000
0!
#7197500000000
1!
b1110110010 +
b1011110101 (
1*
#7198000000000
0!
#7198500000000
1!
b1101100101 +
b111101010 (
0'
0*
#7199000000000
0!
#7199500000000
1!
b1011001010 +
b1111010100 (
1'
1*
#7200000000000
0!
#7200500000000
1!
b110010101 +
b1110101000 (
0'
0*
0)
#7201000000000
0!
#7201500000000
1!
b1100101011 +
b1101010000 (
1'
1*
1)
#7202000000000
0!
#7202500000000
1!
b1001010111 +
b1010100000 (
0'
0)
#7203000000000
0!
#7203500000000
1!
b10101110 +
b101000001 (
0*
1)
1*
#7204000000000
0!
#7204500000000
1!
b101011101 +
b1010000011 (
0)
0*
#7205000000000
0!
#7205500000000
1!
b1010111011 +
b100000111 (
1*
#7206000000000
0!
#7206500000000
1!
b101110111 +
b1000001111 (
0*
#7207000000000
0!
#7207500000000
1!
b1011101111 +
b11111 (
1'
1*
0*
#7208000000000
0!
#7208500000000
1!
b111011110 +
b111110 (
1*
#7209000000000
0!
#7209500000000
1!
b1110111101 +
b1111101 (
0*
1)
1*
#7210000000000
0!
#7210500000000
1!
b1101111010 +
b11111010 (
#7211000000000
0!
#7211500000000
1!
b1011110101 +
b111110101 (
#7212000000000
0!
#7212500000000
1!
b111101010 +
b1111101010 (
0'
0*
1*
#7213000000000
0!
#7213500000000
1!
b1111010100 +
b1111010101 (
1'
0*
1*
#7214000000000
0!
#7214500000000
1!
b1110101000 +
b1110101010 (
0'
0)
#7215000000000
0!
#7215500000000
1!
b1101010001 +
b1101010101 (
1'
1)
#7216000000000
0!
#7216500000000
1!
b1010100011 +
b1010101011 (
0'
0)
#7217000000000
0!
#7217500000000
1!
b101000111 +
b101010110 (
1'
0*
1)
#7218000000000
0!
#7218500000000
1!
b1010001111 +
b1010101101 (
0'
1*
0)
#7219000000000
0!
#7219500000000
1!
b100011110 +
b101011010 (
1'
0*
1)
#7220000000000
0!
#7220500000000
1!
b1000111101 +
b1010110100 (
1*
0)
0*
#7221000000000
0!
#7221500000000
1!
b1111010 +
b101101000 (
0'
1*
1)
#7222000000000
0!
#7222500000000
1!
b11110100 +
b1011010000 (
1'
0*
#7223000000000
0!
#7223500000000
1!
b111101001 +
b110100000 (
0'
0)
#7224000000000
0!
#7224500000000
1!
b1111010010 +
b1101000001 (
1*
1)
0*
#7225000000000
0!
#7225500000000
1!
b1110100101 +
b1010000010 (
0)
1*
#7226000000000
0!
#7226500000000
1!
b1101001010 +
b100000101 (
#7227000000000
0!
#7227500000000
1!
b1010010101 +
b1000001010 (
#7228000000000
0!
#7228500000000
1!
b100101010 +
b10100 (
1'
0*
1*
#7229000000000
0!
#7229500000000
1!
b1001010100 +
b101001 (
0'
0*
1*
#7230000000000
0!
#7230500000000
1!
b10101000 +
b1010011 (
1'
0*
1)
#7231000000000
0!
#7231500000000
1!
b101010000 +
b10100111 (
0'
0)
#7232000000000
0!
#7232500000000
1!
b1010100000 +
b101001110 (
1*
1)
0*
#7233000000000
0!
#7233500000000
1!
b101000001 +
b1010011101 (
1'
1*
0)
#7234000000000
0!
#7234500000000
1!
b1010000010 +
b100111011 (
0*
#7235000000000
0!
#7235500000000
1!
b100000101 +
b1001110111 (
1*
1)
0*
#7236000000000
0!
#7236500000000
1!
b1000001011 +
b11101110 (
0'
1*
0*
#7237000000000
0!
#7237500000000
1!
b10111 +
b111011100 (
1'
1*
0*
#7238000000000
0!
#7238500000000
1!
b101111 +
b1110111001 (
0)
1*
#7239000000000
0!
#7239500000000
1!
b1011111 +
b1101110010 (
1)
0*
#7240000000000
0!
#7240500000000
1!
b10111111 +
b1011100100 (
0'
1*
#7241000000000
0!
#7241500000000
1!
b101111111 +
b111001000 (
#7242000000000
0!
#7242500000000
1!
b1011111111 +
b1110010000 (
1'
0*
0)
#7243000000000
0!
#7243500000000
1!
b111111110 +
b1100100001 (
0'
1*
0*
#7244000000000
0!
#7244500000000
1!
b1111111101 +
b1001000011 (
1*
1)
0*
#7245000000000
0!
#7245500000000
1!
b1111111010 +
b10000110 (
0)
1*
#7246000000000
0!
#7246500000000
1!
b1111110101 +
b100001101 (
#7247000000000
0!
#7247500000000
1!
b1111101010 +
b1000011010 (
1'
0*
#7248000000000
0!
#7248500000000
1!
b1111010101 +
b110100 (
#7249000000000
0!
#7249500000000
1!
b1110101010 +
b1101000 (
0'
1)
#7250000000000
0!
#7250500000000
1!
b1101010101 +
b11010001 (
1'
1*
#7251000000000
0!
#7251500000000
1!
b1010101010 +
b110100011 (
0'
0)
#7252000000000
0!
#7252500000000
1!
b101010101 +
b1101000110 (
0*
1)
1*
#7253000000000
0!
#7253500000000
1!
b1010101011 +
b1010001100 (
0*
0)
1*
#7254000000000
0!
#7254500000000
1!
b101010111 +
b100011001 (
1'
0*
1*
#7255000000000
0!
#7255500000000
1!
b1010101111 +
b1000110011 (
0*
#7256000000000
0!
#7256500000000
1!
b101011110 +
b1100111 (
0'
1*
1)
#7257000000000
0!
#7257500000000
1!
b1010111101 +
b11001111 (
0*
#7258000000000
0!
#7258500000000
1!
b101111010 +
b110011111 (
1'
1*
0)
#7259000000000
0!
#7259500000000
1!
b1011110100 +
b1100111110 (
0*
#7260000000000
0!
#7260500000000
1!
b111101000 +
b1001111101 (
1*
1)
0*
#7261000000000
0!
#7261500000000
1!
b1111010000 +
b11111011 (
1*
#7262000000000
0!
#7262500000000
1!
b1110100001 +
b111110111 (
#7263000000000
0!
#7263500000000
1!
b1101000011 +
b1111101111 (
0'
0*
#7264000000000
0!
#7264500000000
1!
b1010000111 +
b1111011110 (
1'
1*
#7265000000000
0!
#7265500000000
1!
b100001110 +
b1110111101 (
0*
0)
1*
#7266000000000
0!
#7266500000000
1!
b1000011101 +
b1101111011 (
0*
1)
1*
#7267000000000
0!
#7267500000000
1!
b111010 +
b1011110110 (
0*
#7268000000000
0!
#7268500000000
1!
b1110100 +
b111101101 (
0'
1*
#7269000000000
0!
#7269500000000
1!
b11101001 +
b1111011010 (
1'
0*
#7270000000000
0!
#7270500000000
1!
b111010010 +
b1110110100 (
0)
1*
#7271000000000
0!
#7271500000000
1!
b1110100100 +
b1101101001 (
0'
0*
1)
#7272000000000
0!
#7272500000000
1!
b1101001000 +
b1011010011 (
1'
1*
#7273000000000
0!
#7273500000000
1!
b1010010001 +
b110100111 (
0'
0)
#7274000000000
0!
#7274500000000
1!
b100100011 +
b1101001111 (
0*
1)
1*
#7275000000000
0!
#7275500000000
1!
b1001000110 +
b1010011110 (
1'
0*
0)
#7276000000000
0!
#7276500000000
1!
b10001100 +
b100111100 (
1*
#7277000000000
0!
#7277500000000
1!
b100011001 +
b1001111001 (
1)
0*
#7278000000000
0!
#7278500000000
1!
b1000110010 +
b11110010 (
1*
#7279000000000
0!
#7279500000000
1!
b1100101 +
b111100101 (
0'
0*
1*
#7280000000000
0!
#7280500000000
1!
b11001011 +
b1111001010 (
#7281000000000
0!
#7281500000000
1!
b110010110 +
b1110010100 (
1'
0)
#7282000000000
0!
#7282500000000
1!
b1100101101 +
b1100101000 (
0'
0*
1*
#7283000000000
0!
#7283500000000
1!
b1001011010 +
b1001010001 (
1'
1)
#7284000000000
0!
#7284500000000
1!
b10110101 +
b10100011 (
0'
0*
0)
#7285000000000
0!
#7285500000000
1!
b101101011 +
b101000111 (
1)
1*
#7286000000000
0!
#7286500000000
1!
b1011010110 +
b1010001111 (
0*
0)
1*
#7287000000000
0!
#7287500000000
1!
b110101100 +
b100011110 (
1'
0*
1*
#7288000000000
0!
#7288500000000
1!
b1101011001 +
b1000111101 (
0*
#7289000000000
0!
#7289500000000
1!
b1010110011 +
b1111011 (
1)
1*
#7290000000000
0!
#7290500000000
1!
b101100111 +
b11110110 (
0*
#7291000000000
0!
#7291500000000
1!
b1011001111 +
b111101100 (
0'
1*
0*
#7292000000000
0!
#7292500000000
1!
b110011110 +
b1111011000 (
1'
1*
0*
#7293000000000
0!
#7293500000000
1!
b1100111101 +
b1110110001 (
1*
0)
0*
#7294000000000
0!
#7294500000000
1!
b1001111010 +
b1101100010 (
0'
1)
#7295000000000
0!
#7295500000000
1!
b11110101 +
b1011000100 (
1*
#7296000000000
0!
#7296500000000
1!
b111101011 +
b110001001 (
0)
0*
#7297000000000
0!
#7297500000000
1!
b1111010110 +
b1100010010 (
1'
1*
0*
#7298000000000
0!
#7298500000000
1!
b1110101100 +
b1000100101 (
0'
1*
#7299000000000
0!
#7299500000000
1!
b1101011000 +
b1001011 (
1)
0*
#7300000000000
0!
#7300500000000
1!
b1010110001 +
b10010111 (
1'
0)
#7301000000000
0!
#7301500000000
1!
b101100011 +
b100101111 (
0'
1*
0*
#7302000000000
0!
#7302500000000
1!
b1011000110 +
b1001011110 (
1'
1*
1)
#7303000000000
0!
#7303500000000
1!
b110001100 +
b10111101 (
0*
0)
1*
#7304000000000
0!
#7304500000000
1!
b1100011001 +
b101111011 (
0*
1)
1*
#7305000000000
0!
#7305500000000
1!
b1000110011 +
b1011110111 (
#7306000000000
0!
#7306500000000
1!
b1100111 +
b111101111 (
0'
0*
1*
#7307000000000
0!
#7307500000000
1!
b11001111 +
b1111011111 (
1'
0*
#7308000000000
0!
#7308500000000
1!
b110011111 +
b1110111111 (
0)
1*
#7309000000000
0!
#7309500000000
1!
b1100111111 +
b1101111110 (
0*
1)
1*
#7310000000000
0!
#7310500000000
1!
b1001111110 +
b1011111101 (
#7311000000000
0!
#7311500000000
1!
b11111100 +
b111111010 (
0*
#7312000000000
0!
#7312500000000
1!
b111111001 +
b1111110100 (
#7313000000000
0!
#7313500000000
1!
b1111110010 +
b1111101001 (
0'
1*
0*
#7314000000000
0!
#7314500000000
1!
b1111100101 +
b1111010010 (
1'
1*
#7315000000000
0!
#7315500000000
1!
b1111001010 +
b1110100100 (
0'
0)
#7316000000000
0!
#7316500000000
1!
b1110010101 +
b1101001001 (
1)
0*
#7317000000000
0!
#7317500000000
1!
b1100101010 +
b1010010010 (
1'
0)
#7318000000000
0!
#7318500000000
1!
b1001010101 +
b100100101 (
0'
1*
#7319000000000
0!
#7319500000000
1!
b10101010 +
b1001001011 (
0*
1)
1*
#7320000000000
0!
#7320500000000
1!
b101010100 +
b10010110 (
1'
0)
#7321000000000
0!
#7321500000000
1!
b1010101001 +
b100101101 (
0'
0*
1*
#7322000000000
0!
#7322500000000
1!
b101010011 +
b1001011011 (
1'
0*
1)
#7323000000000
0!
#7323500000000
1!
b1010100110 +
b10110110 (
1*
0)
0*
#7324000000000
0!
#7324500000000
1!
b101001100 +
b101101100 (
0'
1*
1)
#7325000000000
0!
#7325500000000
1!
b1010011001 +
b1011011001 (
1'
0*
1*
#7326000000000
0!
#7326500000000
1!
b100110011 +
b110110010 (
0*
0)
1*
#7327000000000
0!
#7327500000000
1!
b1001100110 +
b1101100100 (
0'
0*
1)
#7328000000000
0!
#7328500000000
1!
b11001100 +
b1011001000 (
1*
#7329000000000
0!
#7329500000000
1!
b110011001 +
b110010000 (
1'
0)
#7330000000000
0!
#7330500000000
1!
b1100110010 +
b1100100000 (
0'
0*
1*
#7331000000000
0!
#7331500000000
1!
b1001100101 +
b1001000001 (
1)
0*
#7332000000000
0!
#7332500000000
1!
b11001010 +
b10000011 (
1*
0)
0*
#7333000000000
0!
#7333500000000
1!
b110010100 +
b100000110 (
#7334000000000
0!
#7334500000000
1!
b1100101001 +
b1000001101 (
1*
#7335000000000
0!
#7335500000000
1!
b1001010011 +
b11010 (
1'
0*
#7336000000000
0!
#7336500000000
1!
b10100111 +
b110101 (
1*
#7337000000000
0!
#7337500000000
1!
b101001111 +
b1101010 (
0'
1)
#7338000000000
0!
#7338500000000
1!
b1010011111 +
b11010100 (
1'
0*
1*
#7339000000000
0!
#7339500000000
1!
b100111110 +
b110101000 (
0'
0*
0)
#7340000000000
0!
#7340500000000
1!
b1001111101 +
b1101010001 (
1'
1*
1)
#7341000000000
0!
#7341500000000
1!
b11111010 +
b1010100010 (
0'
0*
0)
#7342000000000
0!
#7342500000000
1!
b111110100 +
b101000100 (
1)
1*
#7343000000000
0!
#7343500000000
1!
b1111101001 +
b1010001000 (
0*
0)
1*
#7344000000000
0!
#7344500000000
1!
b1111010011 +
b100010000 (
1'
0*
#7345000000000
0!
#7345500000000
1!
b1110100111 +
b1000100001 (
0'
1*
#7346000000000
0!
#7346500000000
1!
b1101001110 +
b1000010 (
1)
0*
#7347000000000
0!
#7347500000000
1!
b1010011100 +
b10000101 (
0)
1*
#7348000000000
0!
#7348500000000
1!
b100111000 +
b100001010 (
0*
#7349000000000
0!
#7349500000000
1!
b1001110000 +
b1000010100 (
1'
1*
0*
#7350000000000
0!
#7350500000000
1!
b11100001 +
b101000 (
0'
1*
0*
#7351000000000
0!
#7351500000000
1!
b111000010 +
b1010001 (
1'
1)
#7352000000000
0!
#7352500000000
1!
b1110000100 +
b10100010 (
0'
1*
0)
#7353000000000
0!
#7353500000000
1!
b1100001000 +
b101000101 (
1)
0*
#7354000000000
0!
#7354500000000
1!
b1000010001 +
b1010001010 (
0)
1*
#7355000000000
0!
#7355500000000
1!
b100011 +
b100010101 (
1'
0*
1*
#7356000000000
0!
#7356500000000
1!
b1000110 +
b1000101010 (
0'
0*
#7357000000000
0!
#7357500000000
1!
b10001101 +
b1010101 (
1'
1)
#7358000000000
0!
#7358500000000
1!
b100011011 +
b10101011 (
0'
0)
#7359000000000
0!
#7359500000000
1!
b1000110110 +
b101010111 (
1'
1*
1)
#7360000000000
0!
#7360500000000
1!
b1101100 +
b1010101111 (
0'
0*
0)
#7361000000000
0!
#7361500000000
1!
b11011001 +
b101011111 (
1'
1)
#7362000000000
0!
#7362500000000
1!
b110110010 +
b1010111111 (
0)
1*
#7363000000000
0!
#7363500000000
1!
b1101100100 +
b101111111 (
0*
1)
1*
#7364000000000
0!
#7364500000000
1!
b1011001000 +
b1011111110 (
#7365000000000
0!
#7365500000000
1!
b110010001 +
b111111101 (
0*
#7366000000000
0!
#7366500000000
1!
b1100100010 +
b1111111010 (
1*
#7367000000000
0!
#7367500000000
1!
b1001000101 +
b1111110101 (
#7368000000000
0!
#7368500000000
1!
b10001010 +
b1111101011 (
0'
0*
1*
#7369000000000
0!
#7369500000000
1!
b100010100 +
b1111010111 (
1'
0*
#7370000000000
0!
#7370500000000
1!
b1000101001 +
b1110101111 (
0'
1*
0)
#7371000000000
0!
#7371500000000
1!
b1010011 +
b1101011110 (
1'
0*
1)
#7372000000000
0!
#7372500000000
1!
b10100110 +
b1010111100 (
0)
1*
#7373000000000
0!
#7373500000000
1!
b101001101 +
b101111000 (
1)
0*
#7374000000000
0!
#7374500000000
1!
b1010011011 +
b1011110000 (
1*
#7375000000000
0!
#7375500000000
1!
b100110111 +
b111100001 (
0'
0*
1*
#7376000000000
0!
#7376500000000
1!
b1001101111 +
b1111000011 (
0*
#7377000000000
0!
#7377500000000
1!
b11011110 +
b1110000110 (
1*
0)
0*
#7378000000000
0!
#7378500000000
1!
b110111101 +
b1100001101 (
#7379000000000
0!
#7379500000000
1!
b1101111011 +
b1000011011 (
1'
1*
0*
#7380000000000
0!
#7380500000000
1!
b1011110111 +
b110110 (
#7381000000000
0!
#7381500000000
1!
b111101110 +
b1101101 (
0'
1*
1)
#7382000000000
0!
#7382500000000
1!
b1111011101 +
b11011010 (
1'
0*
1*
#7383000000000
0!
#7383500000000
1!
b1110111010 +
b110110100 (
0)
0*
#7384000000000
0!
#7384500000000
1!
b1101110101 +
b1101101000 (
0'
1)
#7385000000000
0!
#7385500000000
1!
b1011101010 +
b1011010001 (
1'
1*
#7386000000000
0!
#7386500000000
1!
b111010101 +
b110100010 (
0'
0*
0)
#7387000000000
0!
#7387500000000
1!
b1110101011 +
b1101000100 (
1*
1)
0*
#7388000000000
0!
#7388500000000
1!
b1101010111 +
b1010001001 (
0)
1*
#7389000000000
0!
#7389500000000
1!
b1010101110 +
b100010010 (
1'
0*
#7390000000000
0!
#7390500000000
1!
b101011100 +
b1000100100 (
0'
1*
0*
#7391000000000
0!
#7391500000000
1!
b1010111001 +
b1001001 (
1*
1)
0*
#7392000000000
0!
#7392500000000
1!
b101110011 +
b10010010 (
1'
1*
0)
#7393000000000
0!
#7393500000000
1!
b1011100110 +
b100100100 (
0'
0*
1*
#7394000000000
0!
#7394500000000
1!
b111001100 +
b1001001001 (
0*
1)
1*
#7395000000000
0!
#7395500000000
1!
b1110011001 +
b10010011 (
1'
0*
0)
#7396000000000
0!
#7396500000000
1!
b1100110011 +
b100100110 (
0'
1*
#7397000000000
0!
#7397500000000
1!
b1001100111 +
b1001001100 (
1)
0*
#7398000000000
0!
#7398500000000
1!
b11001110 +
b10011000 (
1'
1*
0)
#7399000000000
0!
#7399500000000
1!
b110011101 +
b100110001 (
#7400000000000
0!
#7400500000000
1!
b1100111011 +
b1001100010 (
0'
0*
1)
#7401000000000
0!
#7401500000000
1!
b1001110111 +
b11000101 (
#7402000000000
0!
#7402500000000
1!
b11101110 +
b110001010 (
1*
0)
0*
#7403000000000
0!
#7403500000000
1!
b111011101 +
b1100010101 (
1'
1*
#7404000000000
0!
#7404500000000
1!
b1110111011 +
b1000101011 (
0'
0*
1*
#7405000000000
0!
#7405500000000
1!
b1101110111 +
b1010111 (
1'
1)
#7406000000000
0!
#7406500000000
1!
b1011101110 +
b10101110 (
0'
0)
#7407000000000
0!
#7407500000000
1!
b111011100 +
b101011100 (
1'
0*
1)
#7408000000000
0!
#7408500000000
1!
b1110111001 +
b1010111000 (
1*
0)
0*
#7409000000000
0!
#7409500000000
1!
b1101110011 +
b101110001 (
1)
1*
#7410000000000
0!
#7410500000000
1!
b1011100111 +
b1011100010 (
0'
0*
#7411000000000
0!
#7411500000000
1!
b111001110 +
b111000100 (
1*
#7412000000000
0!
#7412500000000
1!
b1110011101 +
b1110001001 (
0*
0)
1*
#7413000000000
0!
#7413500000000
1!
b1100111010 +
b1100010011 (
1'
0*
#7414000000000
0!
#7414500000000
1!
b1001110101 +
b1000100111 (
0'
1*
#7415000000000
0!
#7415500000000
1!
b11101010 +
b1001110 (
0*
1)
1*
#7416000000000
0!
#7416500000000
1!
b111010100 +
b10011100 (
1'
0)
#7417000000000
0!
#7417500000000
1!
b1110101001 +
b100111000 (
0*
#7418000000000
0!
#7418500000000
1!
b1101010011 +
b1001110000 (
1)
1*
#7419000000000
0!
#7419500000000
1!
b1010100111 +
b11100000 (
0'
0*
#7420000000000
0!
#7420500000000
1!
b101001110 +
b111000000 (
1*
#7421000000000
0!
#7421500000000
1!
b1010011101 +
b1110000000 (
0*
0)
1*
#7422000000000
0!
#7422500000000
1!
b100111010 +
b1100000001 (
0*
#7423000000000
0!
#7423500000000
1!
b1001110100 +
b1000000010 (
1*
#7424000000000
0!
#7424500000000
1!
b11101000 +
b100 (
0*
#7425000000000
0!
#7425500000000
1!
b111010000 +
b1001 (
#7426000000000
0!
#7426500000000
1!
b1110100000 +
b10010 (
1'
1*
0*
#7427000000000
0!
#7427500000000
1!
b1101000001 +
b100101 (
0'
1*
#7428000000000
0!
#7428500000000
1!
b1010000011 +
b1001010 (
1)
0*
#7429000000000
0!
#7429500000000
1!
b100000111 +
b10010101 (
1'
1*
0)
#7430000000000
0!
#7430500000000
1!
b1000001111 +
b100101010 (
0'
0*
1*
#7431000000000
0!
#7431500000000
1!
b11110 +
b1001010101 (
1'
0*
1)
#7432000000000
0!
#7432500000000
1!
b111101 +
b10101010 (
0'
0)
#7433000000000
0!
#7433500000000
1!
b1111011 +
b101010101 (
1'
1)
#7434000000000
0!
#7434500000000
1!
b11110110 +
b1010101010 (
0'
0)
#7435000000000
0!
#7435500000000
1!
b111101101 +
b101010100 (
1'
1)
#7436000000000
0!
#7436500000000
1!
b1111011011 +
b1010101000 (
0'
1*
0)
#7437000000000
0!
#7437500000000
1!
b1110110111 +
b101010001 (
1'
1)
#7438000000000
0!
#7438500000000
1!
b1101101110 +
b1010100011 (
0'
0)
#7439000000000
0!
#7439500000000
1!
b1011011100 +
b101000110 (
1)
0*
#7440000000000
0!
#7440500000000
1!
b110111000 +
b1010001101 (
1*
0)
0*
#7441000000000
0!
#7441500000000
1!
b1101110000 +
b100011011 (
1'
1*
0*
#7442000000000
0!
#7442500000000
1!
b1011100001 +
b1000110110 (
#7443000000000
0!
#7443500000000
1!
b111000011 +
b1101100 (
0'
1*
1)
#7444000000000
0!
#7444500000000
1!
b1110000110 +
b11011000 (
1'
0*
1*
#7445000000000
0!
#7445500000000
1!
b1100001100 +
b110110001 (
0)
0*
#7446000000000
0!
#7446500000000
1!
b1000011000 +
b1101100011 (
0'
1)
#7447000000000
0!
#7447500000000
1!
b110001 +
b1011000110 (
1*
#7448000000000
0!
#7448500000000
1!
b1100010 +
b110001100 (
0)
0*
#7449000000000
0!
#7449500000000
1!
b11000100 +
b1100011001 (
1'
1*
#7450000000000
0!
#7450500000000
1!
b110001001 +
b1000110010 (
#7451000000000
0!
#7451500000000
1!
b1100010010 +
b1100101 (
0'
0*
1)
#7452000000000
0!
#7452500000000
1!
b1000100101 +
b11001010 (
#7453000000000
0!
#7453500000000
1!
b1001010 +
b110010100 (
1'
1*
0)
#7454000000000
0!
#7454500000000
1!
b10010100 +
b1100101001 (
0'
0*
#7455000000000
0!
#7455500000000
1!
b100101001 +
b1001010011 (
1'
1)
#7456000000000
0!
#7456500000000
1!
b1001010010 +
b10100110 (
0'
1*
0)
#7457000000000
0!
#7457500000000
1!
b10100101 +
b101001100 (
0*
1)
1*
#7458000000000
0!
#7458500000000
1!
b101001011 +
b1010011000 (
1'
0)
#7459000000000
0!
#7459500000000
1!
b1010010110 +
b100110000 (
0*
#7460000000000
0!
#7460500000000
1!
b100101100 +
b1001100000 (
0'
1*
1)
#7461000000000
0!
#7461500000000
1!
b1001011001 +
b11000000 (
0*
#7462000000000
0!
#7462500000000
1!
b10110011 +
b110000001 (
1*
0)
0*
#7463000000000
0!
#7463500000000
1!
b101100110 +
b1100000010 (
#7464000000000
0!
#7464500000000
1!
b1011001101 +
b1000000101 (
1*
#7465000000000
0!
#7465500000000
1!
b110011010 +
b1010 (
0*
#7466000000000
0!
#7466500000000
1!
b1100110100 +
b10101 (
1'
1*
0*
#7467000000000
0!
#7467500000000
1!
b1001101000 +
b101011 (
0'
1*
#7468000000000
0!
#7468500000000
1!
b11010001 +
b1010110 (
1'
0*
1)
#7469000000000
0!
#7469500000000
1!
b110100010 +
b10101100 (
0'
0)
#7470000000000
0!
#7470500000000
1!
b1101000100 +
b101011001 (
1'
1*
1)
#7471000000000
0!
#7471500000000
1!
b1010001000 +
b1010110011 (
0)
0*
#7472000000000
0!
#7472500000000
1!
b100010001 +
b101100110 (
0'
1*
1)
#7473000000000
0!
#7473500000000
1!
b1000100010 +
b1011001100 (
0*
#7474000000000
0!
#7474500000000
1!
b1000101 +
b110011001 (
1'
1*
0)
#7475000000000
0!
#7475500000000
1!
b10001011 +
b1100110010 (
#7476000000000
0!
#7476500000000
1!
b100010110 +
b1001100100 (
0'
1)
#7477000000000
0!
#7477500000000
1!
b1000101101 +
b11001001 (
0*
#7478000000000
0!
#7478500000000
1!
b1011010 +
b110010011 (
1'
1*
0)
#7479000000000
0!
#7479500000000
1!
b10110100 +
b1100100111 (
0'
0*
#7480000000000
0!
#7480500000000
1!
b101101001 +
b1001001111 (
1)
1*
#7481000000000
0!
#7481500000000
1!
b1011010010 +
b10011111 (
1'
0*
0)
#7482000000000
0!
#7482500000000
1!
b110100101 +
b100111111 (
1*
#7483000000000
0!
#7483500000000
1!
b1101001011 +
b1001111110 (
0*
1)
1*
#7484000000000
0!
#7484500000000
1!
b1010010111 +
b11111100 (
#7485000000000
0!
#7485500000000
1!
b100101110 +
b111111001 (
0*
#7486000000000
0!
#7486500000000
1!
b1001011101 +
b1111110011 (
1*
#7487000000000
0!
#7487500000000
1!
b10111010 +
b1111100111 (
0'
0*
1*
#7488000000000
0!
#7488500000000
1!
b101110100 +
b1111001110 (
#7489000000000
0!
#7489500000000
1!
b1011101001 +
b1110011101 (
1'
0*
0)
#7490000000000
0!
#7490500000000
1!
b111010011 +
b1100111010 (
1*
#7491000000000
0!
#7491500000000
1!
b1110100110 +
b1001110100 (
0*
1)
1*
#7492000000000
0!
#7492500000000
1!
b1101001100 +
b11101001 (
0'
0*
#7493000000000
0!
#7493500000000
1!
b1010011000 +
b111010010 (
1'
1*
#7494000000000
0!
#7494500000000
1!
b100110001 +
b1110100101 (
0'
0*
0)
#7495000000000
0!
#7495500000000
1!
b1001100010 +
b1101001011 (
1*
1)
0*
#7496000000000
0!
#7496500000000
1!
b11000101 +
b1010010111 (
1'
1*
0)
#7497000000000
0!
#7497500000000
1!
b110001011 +
b100101110 (
0'
0*
#7498000000000
0!
#7498500000000
1!
b1100010110 +
b1001011100 (
1'
1*
1)
#7499000000000
0!
#7499500000000
1!
b1000101100 +
b10111000 (
0)
0*
#7500000000000
0!
#7500500000000
1!
b1011000 +
b101110000 (
1*
1)
0*
#7501000000000
0!
#7501500000000
1!
b10110000 +
b1011100000 (
0'
1*
#7502000000000
0!
#7502500000000
1!
b101100000 +
b111000001 (
#7503000000000
0!
#7503500000000
1!
b1011000000 +
b1110000010 (
0*
0)
1*
#7504000000000
0!
#7504500000000
1!
b110000001 +
b1100000100 (
0*
#7505000000000
0!
#7505500000000
1!
b1100000010 +
b1000001001 (
1*
#7506000000000
0!
#7506500000000
1!
b1000000101 +
b10011 (
1'
0*
#7507000000000
0!
#7507500000000
1!
b1010 +
b100111 (
0'
1*
0*
#7508000000000
0!
#7508500000000
1!
b10100 +
b1001111 (
1)
1*
#7509000000000
0!
#7509500000000
1!
b101001 +
b10011110 (
1'
0)
#7510000000000
0!
#7510500000000
1!
b1010010 +
b100111101 (
#7511000000000
0!
#7511500000000
1!
b10100100 +
b1001111011 (
1)
0*
#7512000000000
0!
#7512500000000
1!
b101001001 +
b11110111 (
#7513000000000
0!
#7513500000000
1!
b1010010010 +
b111101110 (
0'
1*
0*
#7514000000000
0!
#7514500000000
1!
b100100101 +
b1111011101 (
1'
1*
0*
#7515000000000
0!
#7515500000000
1!
b1001001011 +
b1110111010 (
1*
0)
0*
#7516000000000
0!
#7516500000000
1!
b10010111 +
b1101110101 (
1*
1)
0*
#7517000000000
0!
#7517500000000
1!
b100101111 +
b1011101010 (
0'
1*
#7518000000000
0!
#7518500000000
1!
b1001011111 +
b111010100 (
1'
0*
1*
#7519000000000
0!
#7519500000000
1!
b10111110 +
b1110101001 (
0'
0*
0)
#7520000000000
0!
#7520500000000
1!
b101111101 +
b1101010010 (
1'
1)
#7521000000000
0!
#7521500000000
1!
b1011111011 +
b1010100101 (
0'
1*
0)
#7522000000000
0!
#7522500000000
1!
b111110111 +
b101001010 (
0*
1)
1*
#7523000000000
0!
#7523500000000
1!
b1111101111 +
b1010010100 (
1'
0*
0)
#7524000000000
0!
#7524500000000
1!
b1111011110 +
b100101001 (
0'
1*
#7525000000000
0!
#7525500000000
1!
b1110111100 +
b1001010010 (
1'
1)
#7526000000000
0!
#7526500000000
1!
b1101111000 +
b10100100 (
0'
0)
#7527000000000
0!
#7527500000000
1!
b1011110001 +
b101001001 (
1)
0*
#7528000000000
0!
#7528500000000
1!
b111100011 +
b1010010011 (
1'
1*
0)
#7529000000000
0!
#7529500000000
1!
b1111000110 +
b100100111 (
0'
0*
1*
#7530000000000
0!
#7530500000000
1!
b1110001100 +
b1001001110 (
1)
0*
#7531000000000
0!
#7531500000000
1!
b1100011000 +
b10011101 (
1'
0)
#7532000000000
0!
#7532500000000
1!
b1000110001 +
b100111010 (
#7533000000000
0!
#7533500000000
1!
b1100011 +
b1001110101 (
1*
1)
0*
#7534000000000
0!
#7534500000000
1!
b11000110 +
b11101011 (
0'
1*
#7535000000000
0!
#7535500000000
1!
b110001101 +
b111010111 (
1'
0*
#7536000000000
0!
#7536500000000
1!
b1100011011 +
b1110101110 (
0'
1*
0)
#7537000000000
0!
#7537500000000
1!
b1000110111 +
b1101011100 (
1'
1)
#7538000000000
0!
#7538500000000
1!
b1101110 +
b1010111001 (
0*
0)
1*
#7539000000000
0!
#7539500000000
1!
b11011101 +
b101110011 (
1)
0*
#7540000000000
0!
#7540500000000
1!
b110111011 +
b1011100111 (
0'
1*
#7541000000000
0!
#7541500000000
1!
b1101110110 +
b111001111 (
0*
#7542000000000
0!
#7542500000000
1!
b1011101100 +
b1110011110 (
1'
0)
#7543000000000
0!
#7543500000000
1!
b111011000 +
b1100111101 (
1*
#7544000000000
0!
#7544500000000
1!
b1110110000 +
b1001111010 (
0*
1)
1*
#7545000000000
0!
#7545500000000
1!
b1101100001 +
b11110101 (
#7546000000000
0!
#7546500000000
1!
b1011000011 +
b111101011 (
0'
0*
#7547000000000
0!
#7547500000000
1!
b110000111 +
b1111010110 (
1'
1*
0*
#7548000000000
0!
#7548500000000
1!
b1100001111 +
b1110101101 (
0'
1*
0)
#7549000000000
0!
#7549500000000
1!
b1000011110 +
b1101011011 (
1'
1)
#7550000000000
0!
#7550500000000
1!
b111100 +
b1010110111 (
0*
0)
1*
#7551000000000
0!
#7551500000000
1!
b1111001 +
b101101111 (
0'
1)
#7552000000000
0!
#7552500000000
1!
b11110010 +
b1011011110 (
1'
0*
#7553000000000
0!
#7553500000000
1!
b111100100 +
b110111100 (
0)
1*
#7554000000000
0!
#7554500000000
1!
b1111001001 +
b1101111000 (
0*
1)
1*
#7555000000000
0!
#7555500000000
1!
b1110010011 +
b1011110001 (
#7556000000000
0!
#7556500000000
1!
b1100100111 +
b111100011 (
0'
0*
#7557000000000
0!
#7557500000000
1!
b1001001110 +
b1111000110 (
#7558000000000
0!
#7558500000000
1!
b10011100 +
b1110001101 (
1*
0)
0*
#7559000000000
0!
#7559500000000
1!
b100111001 +
b1100011010 (
1'
1*
#7560000000000
0!
#7560500000000
1!
b1001110010 +
b1000110101 (
0*
#7561000000000
0!
#7561500000000
1!
b11100101 +
b1101011 (
0'
1*
1)
#7562000000000
0!
#7562500000000
1!
b111001011 +
b11010110 (
1'
0*
#7563000000000
0!
#7563500000000
1!
b1110010110 +
b110101101 (
0'
1*
0)
#7564000000000
0!
#7564500000000
1!
b1100101100 +
b1101011010 (
1'
1)
#7565000000000
0!
#7565500000000
1!
b1001011000 +
b1010110101 (
0)
0*
#7566000000000
0!
#7566500000000
1!
b10110001 +
b101101010 (
0'
1*
1)
#7567000000000
0!
#7567500000000
1!
b101100010 +
b1011010101 (
1'
0*
#7568000000000
0!
#7568500000000
1!
b1011000100 +
b110101011 (
0'
1*
0)
#7569000000000
0!
#7569500000000
1!
b110001000 +
b1101010110 (
1'
0*
1)
#7570000000000
0!
#7570500000000
1!
b1100010000 +
b1010101100 (
0'
1*
0)
#7571000000000
0!
#7571500000000
1!
b1000100001 +
b101011000 (
1'
1)
#7572000000000
0!
#7572500000000
1!
b1000011 +
b1010110001 (
0*
0)
1*
#7573000000000
0!
#7573500000000
1!
b10000110 +
b101100011 (
0'
1)
#7574000000000
0!
#7574500000000
1!
b100001101 +
b1011000111 (
#7575000000000
0!
#7575500000000
1!
b1000011011 +
b110001110 (
0*
0)
1*
#7576000000000
0!
#7576500000000
1!
b110111 +
b1100011100 (
1'
0*
1*
#7577000000000
0!
#7577500000000
1!
b1101111 +
b1000111001 (
#7578000000000
0!
#7578500000000
1!
b11011111 +
b1110010 (
1)
0*
#7579000000000
0!
#7579500000000
1!
b110111111 +
b11100100 (
0'
1*
#7580000000000
0!
#7580500000000
1!
b1101111111 +
b111001001 (
0*
#7581000000000
0!
#7581500000000
1!
b1011111110 +
b1110010010 (
1'
0)
#7582000000000
0!
#7582500000000
1!
b111111100 +
b1100100100 (
0'
1*
0*
#7583000000000
0!
#7583500000000
1!
b1111111001 +
b1001001000 (
1*
1)
0*
#7584000000000
0!
#7584500000000
1!
b1111110011 +
b10010001 (
1'
0)
#7585000000000
0!
#7585500000000
1!
b1111100111 +
b100100011 (
0'
1*
#7586000000000
0!
#7586500000000
1!
b1111001110 +
b1001000111 (
1)
0*
#7587000000000
0!
#7587500000000
1!
b1110011100 +
b10001111 (
0)
1*
#7588000000000
0!
#7588500000000
1!
b1100111000 +
b100011111 (
1'
0*
#7589000000000
0!
#7589500000000
1!
b1001110001 +
b1000111111 (
#7590000000000
0!
#7590500000000
1!
b11100011 +
b1111110 (
1*
1)
0*
#7591000000000
0!
#7591500000000
1!
b111000110 +
b11111101 (
#7592000000000
0!
#7592500000000
1!
b1110001101 +
b111111011 (
1*
#7593000000000
0!
#7593500000000
1!
b1100011010 +
b1111110110 (
#7594000000000
0!
#7594500000000
1!
b1000110101 +
b1111101100 (
0'
0*
#7595000000000
0!
#7595500000000
1!
b1101010 +
b1111011001 (
1'
1*
0*
#7596000000000
0!
#7596500000000
1!
b11010100 +
b1110110011 (
0)
1*
#7597000000000
0!
#7597500000000
1!
b110101001 +
b1101100111 (
0'
1)
#7598000000000
0!
#7598500000000
1!
b1101010010 +
b1011001111 (
0*
#7599000000000
0!
#7599500000000
1!
b1010100101 +
b110011110 (
1'
0)
#7600000000000
0!
#7600500000000
1!
b101001010 +
b1100111100 (
1*
#7601000000000
0!
#7601500000000
1!
b1010010100 +
b1001111000 (
0*
1)
1*
#7602000000000
0!
#7602500000000
1!
b100101000 +
b11110000 (
0*
#7603000000000
0!
#7603500000000
1!
b1001010000 +
b111100000 (
0'
1*
0*
#7604000000000
0!
#7604500000000
1!
b10100001 +
b1111000001 (
1*
#7605000000000
0!
#7605500000000
1!
b101000010 +
b1110000011 (
0)
0*
#7606000000000
0!
#7606500000000
1!
b1010000100 +
b1100000110 (
1*
#7607000000000
0!
#7607500000000
1!
b100001000 +
b1000001100 (
0*
#7608000000000
0!
#7608500000000
1!
b1000010000 +
b11000 (
1'
1*
0*
#7609000000000
0!
#7609500000000
1!
b100001 +
b110000 (
1*
#7610000000000
0!
#7610500000000
1!
b1000010 +
b1100001 (
0'
1)
#7611000000000
0!
#7611500000000
1!
b10000100 +
b11000011 (
#7612000000000
0!
#7612500000000
1!
b100001001 +
b110000110 (
0)
0*
#7613000000000
0!
#7613500000000
1!
b1000010010 +
b1100001100 (
1*
#7614000000000
0!
#7614500000000
1!
b100101 +
b1000011001 (
1'
0*
1*
#7615000000000
0!
#7615500000000
1!
b1001011 +
b110011 (
#7616000000000
0!
#7616500000000
1!
b10010110 +
b1100110 (
0'
1)
#7617000000000
0!
#7617500000000
1!
b100101101 +
b11001101 (
#7618000000000
0!
#7618500000000
1!
b1001011011 +
b110011010 (
1'
0*
0)
#7619000000000
0!
#7619500000000
1!
b10110111 +
b1100110101 (
1*
#7620000000000
0!
#7620500000000
1!
b101101111 +
b1001101010 (
0'
1)
#7621000000000
0!
#7621500000000
1!
b1011011111 +
b11010101 (
1'
0*
1*
#7622000000000
0!
#7622500000000
1!
b110111110 +
b110101010 (
0'
0*
0)
#7623000000000
0!
#7623500000000
1!
b1101111101 +
b1101010100 (
1'
1*
1)
#7624000000000
0!
#7624500000000
1!
b1011111010 +
b1010101001 (
0'
0)
#7625000000000
0!
#7625500000000
1!
b111110101 +
b101010011 (
1'
0*
1)
#7626000000000
0!
#7626500000000
1!
b1111101011 +
b1010100110 (
0'
1*
0)
#7627000000000
0!
#7627500000000
1!
b1111010111 +
b101001101 (
1)
0*
#7628000000000
0!
#7628500000000
1!
b1110101110 +
b1010011010 (
1'
0)
#7629000000000
0!
#7629500000000
1!
b1101011100 +
b100110101 (
#7630000000000
0!
#7630500000000
1!
b1010111000 +
b1001101011 (
0'
1)
#7631000000000
0!
#7631500000000
1!
b101110001 +
b11010111 (
1'
1*
0*
#7632000000000
0!
#7632500000000
1!
b1011100010 +
b110101111 (
0'
1*
0)
#7633000000000
0!
#7633500000000
1!
b111000101 +
b1101011111 (
1'
0*
1)
#7634000000000
0!
#7634500000000
1!
b1110001011 +
b1010111110 (
1*
0)
0*
#7635000000000
0!
#7635500000000
1!
b1100010111 +
b101111101 (
1)
1*
#7636000000000
0!
#7636500000000
1!
b1000101110 +
b1011111011 (
#7637000000000
0!
#7637500000000
1!
b1011100 +
b111110110 (
0*
#7638000000000
0!
#7638500000000
1!
b10111001 +
b1111101101 (
0'
1*
#7639000000000
0!
#7639500000000
1!
b101110010 +
b1111011011 (
1'
0*
#7640000000000
0!
#7640500000000
1!
b1011100100 +
b1110110110 (
1*
0)
0*
#7641000000000
0!
#7641500000000
1!
b111001000 +
b1101101100 (
0'
1*
1)
#7642000000000
0!
#7642500000000
1!
b1110010000 +
b1011011000 (
1'
0*
1*
#7643000000000
0!
#7643500000000
1!
b1100100001 +
b110110000 (
0)
0*
#7644000000000
0!
#7644500000000
1!
b1001000011 +
b1101100001 (
0'
1)
#7645000000000
0!
#7645500000000
1!
b10000111 +
b1011000011 (
1*
#7646000000000
0!
#7646500000000
1!
b100001111 +
b110000111 (
0)
0*
#7647000000000
0!
#7647500000000
1!
b1000011111 +
b1100001110 (
1*
#7648000000000
0!
#7648500000000
1!
b111110 +
b1000011100 (
1'
0*
1*
#7649000000000
0!
#7649500000000
1!
b1111101 +
b111000 (
#7650000000000
0!
#7650500000000
1!
b11111011 +
b1110001 (
1)
0*
#7651000000000
0!
#7651500000000
1!
b111110110 +
b11100011 (
0'
1*
#7652000000000
0!
#7652500000000
1!
b1111101101 +
b111000111 (
0*
#7653000000000
0!
#7653500000000
1!
b1111011010 +
b1110001110 (
0)
1*
#7654000000000
0!
#7654500000000
1!
b1110110101 +
b1100011101 (
1'
0*
#7655000000000
0!
#7655500000000
1!
b1101101010 +
b1000111011 (
#7656000000000
0!
#7656500000000
1!
b1011010101 +
b1110111 (
1)
1*
#7657000000000
0!
#7657500000000
1!
b110101010 +
b11101111 (
0'
0*
1*
#7658000000000
0!
#7658500000000
1!
b1101010100 +
b111011110 (
1'
0*
1*
#7659000000000
0!
#7659500000000
1!
b1010101000 +
b1110111100 (
0)
0*
#7660000000000
0!
#7660500000000
1!
b101010001 +
b1101111001 (
1*
1)
0*
#7661000000000
0!
#7661500000000
1!
b1010100010 +
b1011110011 (
1*
#7662000000000
0!
#7662500000000
1!
b101000101 +
b111100110 (
0'
0*
1*
#7663000000000
0!
#7663500000000
1!
b1010001011 +
b1111001101 (
0*
#7664000000000
0!
#7664500000000
1!
b100010111 +
b1110011010 (
1'
1*
0)
#7665000000000
0!
#7665500000000
1!
b1000101111 +
b1100110100 (
0*
#7666000000000
0!
#7666500000000
1!
b1011110 +
b1001101000 (
0'
1*
1)
#7667000000000
0!
#7667500000000
1!
b10111101 +
b11010000 (
1'
0*
#7668000000000
0!
#7668500000000
1!
b101111011 +
b110100001 (
0'
0)
#7669000000000
0!
#7669500000000
1!
b1011110110 +
b1101000011 (
1*
1)
0*
#7670000000000
0!
#7670500000000
1!
b111101100 +
b1010000111 (
1*
0)
0*
#7671000000000
0!
#7671500000000
1!
b1111011001 +
b100001110 (
1*
#7672000000000
0!
#7672500000000
1!
b1110110011 +
b1000011101 (
1'
0*
#7673000000000
0!
#7673500000000
1!
b1101100111 +
b111010 (
#7674000000000
0!
#7674500000000
1!
b1011001110 +
b1110100 (
1)
1*
#7675000000000
0!
#7675500000000
1!
b110011100 +
b11101000 (
0'
0*
1*
#7676000000000
0!
#7676500000000
1!
b1100111001 +
b111010000 (
1'
0*
1*
#7677000000000
0!
#7677500000000
1!
b1001110011 +
b1110100000 (
0'
0)
#7678000000000
0!
#7678500000000
1!
b11100111 +
b1101000000 (
0*
1)
1*
#7679000000000
0!
#7679500000000
1!
b111001111 +
b1010000000 (
0)
0*
#7680000000000
0!
#7680500000000
1!
b1110011111 +
b100000000 (
1*
#7681000000000
0!
#7681500000000
1!
b1100111110 +
b1000000001 (
#7682000000000
0!
#7682500000000
1!
b1001111100 +
b11 (
#7683000000000
0!
#7683500000000
1!
b11111000 +
b111 (
0*
#7684000000000
0!
#7684500000000
1!
b111110000 +
b1110 (
#7685000000000
0!
#7685500000000
1!
b1111100000 +
b11100 (
1'
1*
0*
#7686000000000
0!
#7686500000000
1!
b1111000001 +
b111001 (
#7687000000000
0!
#7687500000000
1!
b1110000011 +
b1110011 (
1)
1*
#7688000000000
0!
#7688500000000
1!
b1100000111 +
b11100110 (
0'
0*
#7689000000000
0!
#7689500000000
1!
b1000001110 +
b111001100 (
#7690000000000
0!
#7690500000000
1!
b11100 +
b1110011001 (
1'
1*
0)
#7691000000000
0!
#7691500000000
1!
b111001 +
b1100110011 (
#7692000000000
0!
#7692500000000
1!
b1110010 +
b1001100110 (
0'
1)
#7693000000000
0!
#7693500000000
1!
b11100100 +
b11001100 (
#7694000000000
0!
#7694500000000
1!
b111001001 +
b110011000 (
1'
0)
#7695000000000
0!
#7695500000000
1!
b1110010010 +
b1100110000 (
0*
#7696000000000
0!
#7696500000000
1!
b1100100101 +
b1001100001 (
0'
1)
#7697000000000
0!
#7697500000000
1!
b1001001010 +
b11000010 (
#7698000000000
0!
#7698500000000
1!
b10010101 +
b110000100 (
1*
0)
0*
#7699000000000
0!
#7699500000000
1!
b100101011 +
b1100001001 (
#7700000000000
0!
#7700500000000
1!
b1001010110 +
b1000010010 (
1'
1*
0*
#7701000000000
0!
#7701500000000
1!
b10101100 +
b100100 (
0'
1*
0*
#7702000000000
0!
#7702500000000
1!
b101011001 +
b1001000 (
1)
1*
#7703000000000
0!
#7703500000000
1!
b1010110010 +
b10010000 (
1'
0*
0)
#7704000000000
0!
#7704500000000
1!
b101100101 +
b100100001 (
0'
1*
0*
#7705000000000
0!
#7705500000000
1!
b1011001011 +
b1001000010 (
1*
1)
0*
#7706000000000
0!
#7706500000000
1!
b110010111 +
b10000100 (
1*
0)
0*
#7707000000000
0!
#7707500000000
1!
b1100101111 +
b100001000 (
1*
#7708000000000
0!
#7708500000000
1!
b1001011110 +
b1000010001 (
1'
0*
#7709000000000
0!
#7709500000000
1!
b10111100 +
b100011 (
0'
1*
0*
#7710000000000
0!
#7710500000000
1!
b101111001 +
b1000110 (
1)
1*
#7711000000000
0!
#7711500000000
1!
b1011110010 +
b10001100 (
0*
0)
1*
#7712000000000
0!
#7712500000000
1!
b111100101 +
b100011000 (
1'
0*
1*
#7713000000000
0!
#7713500000000
1!
b1111001011 +
b1000110001 (
0*
#7714000000000
0!
#7714500000000
1!
b1110010111 +
b1100010 (
0'
1)
#7715000000000
0!
#7715500000000
1!
b1100101110 +
b11000100 (
#7716000000000
0!
#7716500000000
1!
b1001011100 +
b110001000 (
0)
1*
#7717000000000
0!
#7717500000000
1!
b10111000 +
b1100010000 (
1'
0*
1*
#7718000000000
0!
#7718500000000
1!
b101110000 +
b1000100000 (
0'
0*
#7719000000000
0!
#7719500000000
1!
b1011100000 +
b1000000 (
1*
1)
0*
#7720000000000
0!
#7720500000000
1!
b111000001 +
b10000000 (
1*
0)
0*
#7721000000000
0!
#7721500000000
1!
b1110000010 +
b100000001 (
1*
#7722000000000
0!
#7722500000000
1!
b1100000101 +
b1000000011 (
#7723000000000
0!
#7723500000000
1!
b1000001010 +
b110 (
#7724000000000
0!
#7724500000000
1!
b10101 +
b1100 (
0*
#7725000000000
0!
#7725500000000
1!
b101011 +
b11001 (
1'
1*
#7726000000000
0!
#7726500000000
1!
b1010110 +
b110010 (
#7727000000000
0!
#7727500000000
1!
b10101101 +
b1100100 (
0'
1)
#7728000000000
0!
#7728500000000
1!
b101011011 +
b11001000 (
#7729000000000
0!
#7729500000000
1!
b1010110110 +
b110010001 (
1'
0*
0)
#7730000000000
0!
#7730500000000
1!
b101101100 +
b1100100010 (
0'
1*
0*
#7731000000000
0!
#7731500000000
1!
b1011011001 +
b1001000100 (
1*
1)
0*
#7732000000000
0!
#7732500000000
1!
b110110011 +
b10001000 (
1*
0)
0*
#7733000000000
0!
#7733500000000
1!
b1101100110 +
b100010001 (
1'
1*
0*
#7734000000000
0!
#7734500000000
1!
b1011001100 +
b1000100011 (
0'
1*
#7735000000000
0!
#7735500000000
1!
b110011000 +
b1000111 (
0*
1)
1*
#7736000000000
0!
#7736500000000
1!
b1100110000 +
b10001110 (
0*
0)
1*
#7737000000000
0!
#7737500000000
1!
b1001100001 +
b100011101 (
1'
0*
#7738000000000
0!
#7738500000000
1!
b11000011 +
b1000111010 (
1*
#7739000000000
0!
#7739500000000
1!
b110000110 +
b1110101 (
1)
0*
#7740000000000
0!
#7740500000000
1!
b1100001101 +
b11101010 (
0'
1*
0*
#7741000000000
0!
#7741500000000
1!
b1000011010 +
b111010101 (
1'
1*
#7742000000000
0!
#7742500000000
1!
b110101 +
b1110101011 (
0'
0*
0)
#7743000000000
0!
#7743500000000
1!
b1101011 +
b1101010111 (
1'
1)
#7744000000000
0!
#7744500000000
1!
b11010110 +
b1010101110 (
0'
0)
#7745000000000
0!
#7745500000000
1!
b110101101 +
b101011101 (
1'
1)
#7746000000000
0!
#7746500000000
1!
b1101011011 +
b1010111010 (
1*
0)
0*
#7747000000000
0!
#7747500000000
1!
b1010110111 +
b101110100 (
1)
1*
#7748000000000
0!
#7748500000000
1!
b101101110 +
b1011101001 (
0'
0*
1*
#7749000000000
0!
#7749500000000
1!
b1011011101 +
b111010011 (
1'
0*
1*
#7750000000000
0!
#7750500000000
1!
b110111010 +
b1110100111 (
0'
0*
0)
#7751000000000
0!
#7751500000000
1!
b1101110100 +
b1101001110 (
1*
1)
0*
#7752000000000
0!
#7752500000000
1!
b1011101000 +
b1010011100 (
1'
0)
#7753000000000
0!
#7753500000000
1!
b111010001 +
b100111001 (
1*
#7754000000000
0!
#7754500000000
1!
b1110100010 +
b1001110010 (
0*
1)
1*
#7755000000000
0!
#7755500000000
1!
b1101000101 +
b11100101 (
0'
0*
#7756000000000
0!
#7756500000000
1!
b1010001010 +
b111001011 (
#7757000000000
0!
#7757500000000
1!
b100010101 +
b1110010111 (
1'
1*
0)
#7758000000000
0!
#7758500000000
1!
b1000101011 +
b1100101111 (
0'
0*
1*
#7759000000000
0!
#7759500000000
1!
b1010111 +
b1001011111 (
1'
0*
1)
#7760000000000
0!
#7760500000000
1!
b10101111 +
b10111111 (
0)
1*
#7761000000000
0!
#7761500000000
1!
b101011111 +
b101111110 (
1)
0*
#7762000000000
0!
#7762500000000
1!
b1010111111 +
b1011111100 (
1*
#7763000000000
0!
#7763500000000
1!
b101111110 +
b111111000 (
0*
#7764000000000
0!
#7764500000000
1!
b1011111101 +
b1111110001 (
1*
#7765000000000
0!
#7765500000000
1!
b111111010 +
b1111100010 (
0'
0*
1*
#7766000000000
0!
#7766500000000
1!
b1111110100 +
b1111000101 (
0*
#7767000000000
0!
#7767500000000
1!
b1111101000 +
b1110001010 (
0)
1*
#7768000000000
0!
#7768500000000
1!
b1111010001 +
b1100010100 (
1'
0*
#7769000000000
0!
#7769500000000
1!
b1110100011 +
b1000101001 (
0'
1*
#7770000000000
0!
#7770500000000
1!
b1101000111 +
b1010010 (
1'
1)
#7771000000000
0!
#7771500000000
1!
b1010001110 +
b10100101 (
0'
0)
#7772000000000
0!
#7772500000000
1!
b100011100 +
b101001011 (
0*
1)
1*
#7773000000000
0!
#7773500000000
1!
b1000111001 +
b1010010110 (
1'
0*
0)
#7774000000000
0!
#7774500000000
1!
b1110011 +
b100101100 (
0'
1*
0*
#7775000000000
0!
#7775500000000
1!
b11100110 +
b1001011001 (
1'
1)
#7776000000000
0!
#7776500000000
1!
b111001101 +
b10110011 (
0)
1*
#7777000000000
0!
#7777500000000
1!
b1110011011 +
b101100111 (
0'
0*
1)
#7778000000000
0!
#7778500000000
1!
b1100110111 +
b1011001110 (
#7779000000000
0!
#7779500000000
1!
b1001101110 +
b110011100 (
1'
0)
#7780000000000
0!
#7780500000000
1!
b11011100 +
b1100111001 (
1*
#7781000000000
0!
#7781500000000
1!
b110111001 +
b1001110011 (
1)
0*
#7782000000000
0!
#7782500000000
1!
b1101110010 +
b11100111 (
0'
1*
0*
#7783000000000
0!
#7783500000000
1!
b1011100101 +
b111001110 (
#7784000000000
0!
#7784500000000
1!
b111001010 +
b1110011100 (
1'
1*
0)
#7785000000000
0!
#7785500000000
1!
b1110010100 +
b1100111000 (
0*
#7786000000000
0!
#7786500000000
1!
b1100101000 +
b1001110001 (
1)
1*
#7787000000000
0!
#7787500000000
1!
b1001010001 +
b11100010 (
0'
0*
#7788000000000
0!
#7788500000000
1!
b10100011 +
b111000101 (
1*
#7789000000000
0!
#7789500000000
1!
b101000110 +
b1110001011 (
0)
0*
#7790000000000
0!
#7790500000000
1!
b1010001101 +
b1100010110 (
1'
1*
0*
#7791000000000
0!
#7791500000000
1!
b100011010 +
b1000101100 (
0'
1*
0*
#7792000000000
0!
#7792500000000
1!
b1000110100 +
b1011001 (
1'
1*
1)
#7793000000000
0!
#7793500000000
1!
b1101000 +
b10110010 (
0*
0)
1*
#7794000000000
0!
#7794500000000
1!
b11010000 +
b101100101 (
0'
1)
#7795000000000
0!
#7795500000000
1!
b110100000 +
b1011001011 (
#7796000000000
0!
#7796500000000
1!
b1101000000 +
b110010111 (
1'
0*
0)
#7797000000000
0!
#7797500000000
1!
b1010000001 +
b1100101110 (
0'
1*
#7798000000000
0!
#7798500000000
1!
b100000011 +
b1001011101 (
1'
0*
1)
#7799000000000
0!
#7799500000000
1!
b1000000110 +
b10111010 (
1*
0)
0*
#7800000000000
0!
#7800500000000
1!
b1100 +
b101110101 (
1*
1)
0*
#7801000000000
0!
#7801500000000
1!
b11001 +
b1011101011 (
0'
1*
#7802000000000
0!
#7802500000000
1!
b110010 +
b111010110 (
1'
0*
#7803000000000
0!
#7803500000000
1!
b1100100 +
b1110101100 (
0'
0)
#7804000000000
0!
#7804500000000
1!
b11001001 +
b1101011001 (
1'
1)
#7805000000000
0!
#7805500000000
1!
b110010010 +
b1010110010 (
0)
1*
#7806000000000
0!
#7806500000000
1!
b1100100100 +
b101100100 (
0'
0*
1)
#7807000000000
0!
#7807500000000
1!
b1001001000 +
b1011001001 (
#7808000000000
0!
#7808500000000
1!
b10010001 +
b110010010 (
1'
1*
0)
#7809000000000
0!
#7809500000000
1!
b100100010 +
b1100100101 (
0'
0*
#7810000000000
0!
#7810500000000
1!
b1001000100 +
b1001001010 (
1*
1)
0*
#7811000000000
0!
#7811500000000
1!
b10001000 +
b10010100 (
1'
1*
0)
#7812000000000
0!
#7812500000000
1!
b100010000 +
b100101000 (
0'
0*
#7813000000000
0!
#7813500000000
1!
b1000100000 +
b1001010000 (
1'
1*
1)
#7814000000000
0!
#7814500000000
1!
b1000001 +
b10100001 (
0'
0*
0)
#7815000000000
0!
#7815500000000
1!
b10000010 +
b101000010 (
1)
1*
#7816000000000
0!
#7816500000000
1!
b100000100 +
b1010000100 (
0)
0*
#7817000000000
0!
#7817500000000
1!
b1000001001 +
b100001001 (
1*
#7818000000000
0!
#7818500000000
1!
b10011 +
b1000010011 (
1'
0*
1*
#7819000000000
0!
#7819500000000
1!
b100110 +
b100110 (
0'
0*
#7820000000000
0!
#7820500000000
1!
b1001101 +
b1001101 (
1)
1*
#7821000000000
0!
#7821500000000
1!
b10011011 +
b10011011 (
1'
0)
#7822000000000
0!
#7822500000000
1!
b100110110 +
b100110110 (
#7823000000000
0!
#7823500000000
1!
b1001101101 +
b1001101100 (
0'
0*
1)
#7824000000000
0!
#7824500000000
1!
b11011010 +
b11011001 (
1'
1*
0*
#7825000000000
0!
#7825500000000
1!
b110110100 +
b110110011 (
0)
1*
#7826000000000
0!
#7826500000000
1!
b1101101001 +
b1101100110 (
0'
0*
1)
#7827000000000
0!
#7827500000000
1!
b1011010011 +
b1011001101 (
#7828000000000
0!
#7828500000000
1!
b110100111 +
b110011011 (
1'
1*
0)
#7829000000000
0!
#7829500000000
1!
b1101001111 +
b1100110111 (
0*
#7830000000000
0!
#7830500000000
1!
b1010011110 +
b1001101111 (
0'
1)
#7831000000000
0!
#7831500000000
1!
b100111100 +
b11011110 (
1'
1*
0*
#7832000000000
0!
#7832500000000
1!
b1001111001 +
b110111101 (
1*
0)
0*
#7833000000000
0!
#7833500000000
1!
b11110011 +
b1101111010 (
1*
1)
0*
#7834000000000
0!
#7834500000000
1!
b111100110 +
b1011110100 (
#7835000000000
0!
#7835500000000
1!
b1111001101 +
b111101000 (
0'
1*
0*
#7836000000000
0!
#7836500000000
1!
b1110011010 +
b1111010001 (
1'
1*
#7837000000000
0!
#7837500000000
1!
b1100110101 +
b1110100011 (
0'
0)
#7838000000000
0!
#7838500000000
1!
b1001101010 +
b1101000111 (
1)
0*
#7839000000000
0!
#7839500000000
1!
b11010101 +
b1010001110 (
1*
0)
0*
#7840000000000
0!
#7840500000000
1!
b110101011 +
b100011100 (
1'
1*
#7841000000000
0!
#7841500000000
1!
b1101010110 +
b1000111000 (
0*
#7842000000000
0!
#7842500000000
1!
b1010101100 +
b1110000 (
1)
1*
#7843000000000
0!
#7843500000000
1!
b101011000 +
b11100001 (
0'
0*
1*
#7844000000000
0!
#7844500000000
1!
b1010110000 +
b111000010 (
0*
#7845000000000
0!
#7845500000000
1!
b101100001 +
b1110000101 (
1*
0)
0*
#7846000000000
0!
#7846500000000
1!
b1011000010 +
b1100001010 (
1*
#7847000000000
0!
#7847500000000
1!
b110000101 +
b1000010101 (
1'
0*
1*
#7848000000000
0!
#7848500000000
1!
b1100001011 +
b101010 (
0'
0*
1*
#7849000000000
0!
#7849500000000
1!
b1000010111 +
b1010100 (
1'
1)
#7850000000000
0!
#7850500000000
1!
b101110 +
b10101001 (
0'
0*
0)
#7851000000000
0!
#7851500000000
1!
b1011101 +
b101010010 (
1'
1)
#7852000000000
0!
#7852500000000
1!
b10111011 +
b1010100100 (
0'
0)
#7853000000000
0!
#7853500000000
1!
b101110110 +
b101001000 (
1)
1*
#7854000000000
0!
#7854500000000
1!
b1011101101 +
b1010010001 (
1'
0*
0)
#7855000000000
0!
#7855500000000
1!
b111011010 +
b100100010 (
0'
1*
0*
#7856000000000
0!
#7856500000000
1!
b1110110100 +
b1001000101 (
1*
1)
0*
#7857000000000
0!
#7857500000000
1!
b1101101000 +
b10001010 (
0)
1*
#7858000000000
0!
#7858500000000
1!
b1011010001 +
b100010100 (
1'
0*
#7859000000000
0!
#7859500000000
1!
b110100011 +
b1000101000 (
0'
1*
0*
#7860000000000
0!
#7860500000000
1!
b1101000110 +
b1010000 (
1'
1*
1)
#7861000000000
0!
#7861500000000
1!
b1010001100 +
b10100000 (
0'
0)
#7862000000000
0!
#7862500000000
1!
b100011000 +
b101000000 (
0*
1)
1*
#7863000000000
0!
#7863500000000
1!
b1000110000 +
b1010000001 (
0*
0)
1*
#7864000000000
0!
#7864500000000
1!
b1100001 +
b100000010 (
0*
#7865000000000
0!
#7865500000000
1!
b11000010 +
b1000000100 (
#7866000000000
0!
#7866500000000
1!
b110000100 +
b1000 (
#7867000000000
0!
#7867500000000
1!
b1100001001 +
b10000 (
1'
1*
0*
#7868000000000
0!
#7868500000000
1!
b1000010011 +
b100000 (
0'
1*
#7869000000000
0!
#7869500000000
1!
b100111 +
b1000001 (
0*
1)
1*
#7870000000000
0!
#7870500000000
1!
b1001111 +
b10000010 (
0)
0*
#7871000000000
0!
#7871500000000
1!
b10011111 +
b100000100 (
#7872000000000
0!
#7872500000000
1!
b100111111 +
b1000001000 (
#7873000000000
0!
#7873500000000
1!
b1001111111 +
b10001 (
1'
1*
0*
#7874000000000
0!
#7874500000000
1!
b11111110 +
b100010 (
0'
1*
0*
#7875000000000
0!
#7875500000000
1!
b111111101 +
b1000100 (
1)
1*
#7876000000000
0!
#7876500000000
1!
b1111111011 +
b10001001 (
0*
0)
1*
#7877000000000
0!
#7877500000000
1!
b1111110111 +
b100010011 (
1'
0*
#7878000000000
0!
#7878500000000
1!
b1111101110 +
b1000100110 (
0'
1*
#7879000000000
0!
#7879500000000
1!
b1111011100 +
b1001100 (
1)
0*
#7880000000000
0!
#7880500000000
1!
b1110111000 +
b10011001 (
1'
0)
#7881000000000
0!
#7881500000000
1!
b1101110001 +
b100110011 (
#7882000000000
0!
#7882500000000
1!
b1011100011 +
b1001100111 (
0'
1)
#7883000000000
0!
#7883500000000
1!
b111000111 +
b11001110 (
1*
#7884000000000
0!
#7884500000000
1!
b1110001111 +
b110011101 (
1'
0*
0)
#7885000000000
0!
#7885500000000
1!
b1100011110 +
b1100111011 (
#7886000000000
0!
#7886500000000
1!
b1000111100 +
b1001110110 (
1)
1*
#7887000000000
0!
#7887500000000
1!
b1111000 +
b11101100 (
0'
0*
1*
#7888000000000
0!
#7888500000000
1!
b11110000 +
b111011001 (
1'
0*
#7889000000000
0!
#7889500000000
1!
b111100000 +
b1110110010 (
0)
1*
#7890000000000
0!
#7890500000000
1!
b1111000000 +
b1101100101 (
0'
0*
1)
#7891000000000
0!
#7891500000000
1!
b1110000001 +
b1011001010 (
#7892000000000
0!
#7892500000000
1!
b1100000011 +
b110010101 (
1'
0)
#7893000000000
0!
#7893500000000
1!
b1000000111 +
b1100101011 (
0'
1*
#7894000000000
0!
#7894500000000
1!
b1110 +
b1001010110 (
1'
0*
1)
#7895000000000
0!
#7895500000000
1!
b11101 +
b10101101 (
0'
0)
#7896000000000
0!
#7896500000000
1!
b111011 +
b101011011 (
1'
1)
#7897000000000
0!
#7897500000000
1!
b1110110 +
b1010110110 (
0)
1*
#7898000000000
0!
#7898500000000
1!
b11101101 +
b101101101 (
0'
1)
#7899000000000
0!
#7899500000000
1!
b111011011 +
b1011011011 (
1'
0*
#7900000000000
0!
#7900500000000
1!
b1110110110 +
b110110111 (
1*
0)
0*
#7901000000000
0!
#7901500000000
1!
b1101101100 +
b1101101111 (
0'
1)
#7902000000000
0!
#7902500000000
1!
b1011011000 +
b1011011111 (
1'
1*
#7903000000000
0!
#7903500000000
1!
b110110001 +
b110111110 (
0*
0)
1*
#7904000000000
0!
#7904500000000
1!
b1101100010 +
b1101111101 (
0*
1)
1*
#7905000000000
0!
#7905500000000
1!
b1011000101 +
b1011111010 (
#7906000000000
0!
#7906500000000
1!
b110001010 +
b111110100 (
0*
#7907000000000
0!
#7907500000000
1!
b1100010100 +
b1111101000 (
0'
1*
0*
#7908000000000
0!
#7908500000000
1!
b1000101000 +
b1111010000 (
1'
1*
#7909000000000
0!
#7909500000000
1!
b1010001 +
b1110100001 (
0'
0*
0)
#7910000000000
0!
#7910500000000
1!
b10100010 +
b1101000010 (
1)
1*
#7911000000000
0!
#7911500000000
1!
b101000100 +
b1010000101 (
0)
0*
#7912000000000
0!
#7912500000000
1!
b1010001001 +
b100001011 (
1*
#7913000000000
0!
#7913500000000
1!
b100010011 +
b1000010110 (
1'
0*
1*
#7914000000000
0!
#7914500000000
1!
b1000100110 +
b101101 (
0'
0*
1*
#7915000000000
0!
#7915500000000
1!
b1001100 +
b1011010 (
1'
0*
1)
#7916000000000
0!
#7916500000000
1!
b10011001 +
b10110101 (
0)
1*
#7917000000000
0!
#7917500000000
1!
b100110010 +
b101101011 (
0'
1)
#7918000000000
0!
#7918500000000
1!
b1001100100 +
b1011010111 (
1'
0*
1*
#7919000000000
0!
#7919500000000
1!
b11001000 +
b110101110 (
0'
0*
0)
#7920000000000
0!
#7920500000000
1!
b110010000 +
b1101011101 (
1'
1)
#7921000000000
0!
#7921500000000
1!
b1100100000 +
b1010111011 (
1*
0)
0*
#7922000000000
0!
#7922500000000
1!
b1001000001 +
b101110110 (
1)
1*
#7923000000000
0!
#7923500000000
1!
b10000011 +
b1011101100 (
0'
0*
1*
#7924000000000
0!
#7924500000000
1!
b100000110 +
b111011000 (
1'
0*
#7925000000000
0!
#7925500000000
1!
b1000001101 +
b1110110000 (
1*
0)
0*
#7926000000000
0!
#7926500000000
1!
b11010 +
b1101100000 (
0'
1*
1)
#7927000000000
0!
#7927500000000
1!
b110100 +
b1011000001 (
#7928000000000
0!
#7928500000000
1!
b1101001 +
b110000010 (
0)
0*
#7929000000000
0!
#7929500000000
1!
b11010010 +
b1100000101 (
#7930000000000
0!
#7930500000000
1!
b110100100 +
b1000001011 (
#7931000000000
0!
#7931500000000
1!
b1101001001 +
b10110 (
1'
1*
0*
#7932000000000
0!
#7932500000000
1!
b1010010011 +
b101100 (
0'
1*
#7933000000000
0!
#7933500000000
1!
b100100111 +
b1011000 (
1'
0*
1)
#7934000000000
0!
#7934500000000
1!
b1001001111 +
b10110000 (
1*
0)
0*
#7935000000000
0!
#7935500000000
1!
b10011110 +
b101100000 (
0'
1*
1)
#7936000000000
0!
#7936500000000
1!
b100111101 +
b1011000000 (
#7937000000000
0!
#7937500000000
1!
b1001111011 +
b110000000 (
0*
0)
1*
#7938000000000
0!
#7938500000000
1!
b11110111 +
b1100000000 (
0*
#7939000000000
0!
#7939500000000
1!
b111101111 +
b1000000000 (
#7940000000000
0!
#7940500000000
1!
b1111011111 +
b1 (
1*
#7941000000000
0!
#7941500000000
1!
b1110111110 +
b10 (
#7942000000000
0!
#7942500000000
1!
b1101111100 +
b101 (
#7943000000000
0!
#7943500000000
1!
b1011111000 +
b1011 (
#7944000000000
0!
#7944500000000
1!
b111110001 +
b10111 (
1'
0*
1*
#7945000000000
0!
#7945500000000
1!
b1111100010 +
b101110 (
0'
0*
1*
#7946000000000
0!
#7946500000000
1!
b1111000101 +
b1011101 (
1'
1)
#7947000000000
0!
#7947500000000
1!
b1110001010 +
b10111011 (
0)
0*
#7948000000000
0!
#7948500000000
1!
b1100010101 +
b101110111 (
1)
1*
#7949000000000
0!
#7949500000000
1!
b1000101010 +
b1011101110 (
0'
0*
#7950000000000
0!
#7950500000000
1!
b1010101 +
b111011101 (
1'
1*
0*
#7951000000000
0!
#7951500000000
1!
b10101011 +
b1110111011 (
0)
1*
#7952000000000
0!
#7952500000000
1!
b101010110 +
b1101110111 (
1)
0*
#7953000000000
0!
#7953500000000
1!
b1010101101 +
b1011101111 (
0'
1*
0*
#7954000000000
0!
#7954500000000
1!
b101011010 +
b111011111 (
1'
1*
0*
#7955000000000
0!
#7955500000000
1!
b1010110100 +
b1110111110 (
1*
0)
0*
#7956000000000
0!
#7956500000000
1!
b101101000 +
b1101111100 (
1*
1)
0*
#7957000000000
0!
#7957500000000
1!
b1011010000 +
b1011111000 (
1*
#7958000000000
0!
#7958500000000
1!
b110100001 +
b111110001 (
0*
#7959000000000
0!
#7959500000000
1!
b1101000010 +
b1111100011 (
0'
1*
0*
#7960000000000
0!
#7960500000000
1!
b1010000101 +
b1111000111 (
#7961000000000
0!
#7961500000000
1!
b100001010 +
b1110001111 (
1*
0)
0*
#7962000000000
0!
#7962500000000
1!
b1000010100 +
b1100011111 (
1'
1*
0*
#7963000000000
0!
#7963500000000
1!
b101000 +
b1000111110 (
1*
#7964000000000
0!
#7964500000000
1!
b1010000 +
b1111100 (
1)
0*
#7965000000000
0!
#7965500000000
1!
b10100000 +
b11111000 (
#7966000000000
0!
#7966500000000
1!
b101000000 +
b111110000 (
#7967000000000
0!
#7967500000000
1!
b1010000000 +
b1111100001 (
0'
1*
0*
#7968000000000
0!
#7968500000000
1!
b100000001 +
b1111000010 (
1*
#7969000000000
0!
#7969500000000
1!
b1000000010 +
b1110000100 (
0*
0)
1*
#7970000000000
0!
#7970500000000
1!
b101 +
b1100001000 (
0*
#7971000000000
0!
#7971500000000
1!
b1011 +
b1000010000 (
1'
1*
#7972000000000
0!
#7972500000000
1!
b10110 +
b100001 (
0'
0*
#7973000000000
0!
#7973500000000
1!
b101101 +
b1000011 (
1)
1*
#7974000000000
0!
#7974500000000
1!
b1011011 +
b10000111 (
0)
0*
#7975000000000
0!
#7975500000000
1!
b10110110 +
b100001111 (
#7976000000000
0!
#7976500000000
1!
b101101101 +
b1000011111 (
1'
1*
#7977000000000
0!
#7977500000000
1!
b1011011011 +
b111111 (
0*
#7978000000000
0!
#7978500000000
1!
b110110111 +
b1111111 (
1*
1)
0*
#7979000000000
0!
#7979500000000
1!
b1101101111 +
b11111111 (
1*
#7980000000000
0!
#7980500000000
1!
b1011011110 +
b111111110 (
#7981000000000
0!
#7981500000000
1!
b110111100 +
b1111111101 (
0*
#7982000000000
0!
#7982500000000
1!
b1101111001 +
b1111111011 (
1*
#7983000000000
0!
#7983500000000
1!
b1011110011 +
b1111110111 (
#7984000000000
0!
#7984500000000
1!
b111100111 +
b1111101110 (
0'
0*
1*
#7985000000000
0!
#7985500000000
1!
b1111001111 +
b1111011100 (
1'
0*
1*
#7986000000000
0!
#7986500000000
1!
b1110011110 +
b1110111000 (
0)
0*
#7987000000000
0!
#7987500000000
1!
b1100111100 +
b1101110000 (
1)
1*
#7988000000000
0!
#7988500000000
1!
b1001111000 +
b1011100001 (
0'
0*
#7989000000000
0!
#7989500000000
1!
b11110001 +
b111000011 (
1*
#7990000000000
0!
#7990500000000
1!
b111100010 +
b1110000111 (
0)
0*
#7991000000000
0!
#7991500000000
1!
b1111000100 +
b1100001111 (
1*
#7992000000000
0!
#7992500000000
1!
b1110001000 +
b1000011110 (
1'
0*
#7993000000000
0!
#7993500000000
1!
b1100010001 +
b111101 (
#7994000000000
0!
#7994500000000
1!
b1000100011 +
b1111010 (
1)
1*
#7995000000000
0!
#7995500000000
1!
b1000111 +
b11110100 (
0*
#7996000000000
0!
#7996500000000
1!
b10001111 +
b111101001 (
0'
1*
#7997000000000
0!
#7997500000000
1!
b100011111 +
b1111010011 (
1'
0*
#7998000000000
0!
#7998500000000
1!
b1000111111 +
b1110100110 (
0'
1*
0)
#7999000000000
0!
#7999500000000
1!
b1111110 +
b1101001100 (
0*
1)
1*
#8000000000000
0!
#8000500000000
1!
b11111101 +
b1010011001 (
1'
0)
#8001000000000
0!
#8001500000000
1!
b111111011 +
b100110010 (
#8002000000000
0!
#8002500000000
1!
b1111110110 +
b1001100101 (
0'
0*
1)
#8003000000000
0!
#8003500000000
1!
b1111101100 +
b11001011 (
#8004000000000
0!
#8004500000000
1!
b1111011000 +
b110010110 (
1'
0)
#8005000000000
0!
#8005500000000
1!
b1110110001 +
b1100101100 (
0'
1*
#8006000000000
0!
#8006500000000
1!
b1101100011 +
b1001011000 (
1'
1)
#8007000000000
0!
#8007500000000
1!
b1011000111 +
b10110001 (
0)
0*
#8008000000000
0!
#8008500000000
1!
b110001110 +
b101100010 (
0'
1*
1)
#8009000000000
0!
#8009500000000
1!
b1100011101 +
b1011000101 (
0*
#8010000000000
0!
#8010500000000
1!
b1000111010 +
b110001011 (
0)
1*
#8011000000000
0!
#8011500000000
1!
b1110101 +
b1100010111 (
1'
0*
1*
#8012000000000
0!
#8012500000000
1!
b11101011 +
b1000101110 (
0'
0*
#8013000000000
0!
#8013500000000
1!
b111010110 +
b1011100 (
1'
1)
#8014000000000
0!
#8014500000000
1!
b1110101101 +
b10111001 (
1*
0)
0*
#8015000000000
0!
#8015500000000
1!
b1101011010 +
b101110010 (
1)
1*
#8016000000000
0!
#8016500000000
1!
b1010110101 +
b1011100101 (
0'
0*
#8017000000000
0!
#8017500000000
1!
b101101010 +
b111001010 (
1*
#8018000000000
0!
#8018500000000
1!
b1011010100 +
b1110010101 (
1'
0*
0)
#8019000000000
0!
#8019500000000
1!
b110101000 +
b1100101010 (
0'
1*
0*
#8020000000000
0!
#8020500000000
1!
b1101010000 +
b1001010100 (
1'
1*
1)
#8021000000000
0!
#8021500000000
1!
b1010100001 +
b10101000 (
0'
0)
#8022000000000
0!
#8022500000000
1!
b101000011 +
b101010000 (
1'
0*
1)
#8023000000000
0!
#8023500000000
1!
b1010000110 +
b1010100001 (
0'
1*
0)
#8024000000000
0!
#8024500000000
1!
b100001100 +
b101000011 (
0*
1)
1*
#8025000000000
0!
#8025500000000
1!
b1000011001 +
b1010000110 (
0*
0)
1*
#8026000000000
0!
#8026500000000
1!
b110011 +
b100001100 (
0*
#8027000000000
0!
#8027500000000
1!
b1100110 +
b1000011000 (
1'
1*
#8028000000000
0!
#8028500000000
1!
b11001101 +
b110001 (
#8029000000000
0!
#8029500000000
1!
b110011011 +
b1100011 (
0'
1)
#8030000000000
0!
#8030500000000
1!
b1100110110 +
b11000110 (
0*
#8031000000000
0!
#8031500000000
1!
b1001101100 +
b110001101 (
0)
1*
#8032000000000
0!
#8032500000000
1!
b11011000 +
b1100011011 (
1'
0*
1*
#8033000000000
0!
#8033500000000
1!
b110110000 +
b1000110111 (
#8034000000000
0!
#8034500000000
1!
b1101100000 +
b1101110 (
0'
0*
1)
#8035000000000
0!
#8035500000000
1!
b1011000001 +
b11011101 (
1'
1*
#8036000000000
0!
#8036500000000
1!
b110000011 +
b110111010 (
0*
0)
1*
#8037000000000
0!
#8037500000000
1!
b1100000110 +
b1101110100 (
0*
1)
1*
#8038000000000
0!
#8038500000000
1!
b1000001100 +
b1011101000 (
0'
0*
#8039000000000
0!
#8039500000000
1!
b11000 +
b111010001 (
1'
1*
0*
#8040000000000
0!
#8040500000000
1!
b110000 +
b1110100010 (
0'
0)
#8041000000000
0!
#8041500000000
1!
b1100000 +
b1101000101 (
1)
1*
#8042000000000
0!
#8042500000000
1!
b11000000 +
b1010001011 (
0)
0*
#8043000000000
0!
#8043500000000
1!
b110000000 +
b100010111 (
1'
1*
#8044000000000
0!
#8044500000000
1!
b1100000000 +
b1000101111 (
0'
0*
1*
#8045000000000
0!
#8045500000000
1!
b1000000001 +
b1011110 (
1'
1)
#8046000000000
0!
#8046500000000
1!
b11 +
b10111100 (
0*
0)
1*
#8047000000000
0!
#8047500000000
1!
b110 +
b101111001 (
1)
0*
#8048000000000
0!
#8048500000000
1!
b1101 +
b1011110010 (
#8049000000000
0!
#8049500000000
1!
b11011 +
b111100100 (
0'
1*
#8050000000000
0!
#8050500000000
1!
b110110 +
b1111001000 (
#8051000000000
0!
#8051500000000
1!
b1101101 +
b1110010001 (
1'
0)
#8052000000000
0!
#8052500000000
1!
b11011011 +
b1100100011 (
0'
0*
#8053000000000
0!
#8053500000000
1!
b110110110 +
b1001000110 (
1)
1*
#8054000000000
0!
#8054500000000
1!
b1101101101 +
b10001101 (
0*
0)
1*
#8055000000000
0!
#8055500000000
1!
b1011011010 +
b100011010 (
1'
0*
#8056000000000
0!
#8056500000000
1!
b110110101 +
b1000110100 (
1*
#8057000000000
0!
#8057500000000
1!
b1101101011 +
b1101001 (
0'
0*
1)
#8058000000000
0!
#8058500000000
1!
b1011010111 +
b11010011 (
1'
1*
#8059000000000
0!
#8059500000000
1!
b110101110 +
b110100110 (
0'
0*
0)
#8060000000000
0!
#8060500000000
1!
b1101011101 +
b1101001101 (
1*
1)
0*
#8061000000000
0!
#8061500000000
1!
b1010111010 +
b1010011011 (
1'
0)
#8062000000000
0!
#8062500000000
1!
b101110101 +
b100110111 (
1*
#8063000000000
0!
#8063500000000
1!
b1011101011 +
b1001101110 (
0'
0*
1)
#8064000000000
0!
#8064500000000
1!
b111010111 +
b11011100 (
1'
1*
0*
#8065000000000
0!
#8065500000000
1!
b1110101111 +
b110111000 (
1*
0)
0*
#8066000000000
0!
#8066500000000
1!
b1101011110 +
b1101110001 (
1)
1*
#8067000000000
0!
#8067500000000
1!
b1010111100 +
b1011100011 (
0'
0*
#8068000000000
0!
#8068500000000
1!
b101111000 +
b111000110 (
1*
#8069000000000
0!
#8069500000000
1!
b1011110000 +
b1110001100 (
0*
0)
1*
#8070000000000
0!
#8070500000000
1!
b111100001 +
b1100011000 (
1'
0*
1*
#8071000000000
0!
#8071500000000
1!
b1111000010 +
b1000110000 (
0*
#8072000000000
0!
#8072500000000
1!
b1110000101 +
b1100000 (
0'
1)
#8073000000000
0!
#8073500000000
1!
b1100001010 +
b11000001 (
#8074000000000
0!
#8074500000000
1!
b1000010101 +
b110000011 (
0)
1*
#8075000000000
0!
#8075500000000
1!
b101010 +
b1100000111 (
0*
#8076000000000
0!
#8076500000000
1!
b1010100 +
b1000001110 (
#8077000000000
0!
#8077500000000
1!
b10101001 +
b11101 (
1'
1*
#8078000000000
0!
#8078500000000
1!
b101010010 +
b111011 (
#8079000000000
0!
#8079500000000
1!
b1010100100 +
b1110110 (
0*
1)
1*
#8080000000000
0!
#8080500000000
1!
b101001000 +
b11101101 (
0'
0*
1*
#8081000000000
0!
#8081500000000
1!
b1010010000 +
b111011011 (
1'
0*
1*
#8082000000000
0!
#8082500000000
1!
b100100001 +
b1110110111 (
0*
0)
1*
#8083000000000
0!
#8083500000000
1!
b1001000010 +
b1101101110 (
0'
0*
1)
#8084000000000
0!
#8084500000000
1!
b10000101 +
b1011011101 (
1'
1*
0*
#8085000000000
0!
#8085500000000
1!
b100001011 +
b110111011 (
0)
1*
#8086000000000
0!
#8086500000000
1!
b1000010110 +
b1101110110 (
0*
1)
1*
#8087000000000
0!
#8087500000000
1!
b101100 +
b1011101101 (
0'
0*
1*
#8088000000000
0!
#8088500000000
1!
b1011001 +
b111011010 (
1'
0*
#8089000000000
0!
#8089500000000
1!
b10110010 +
b1110110101 (
0)
1*
#8090000000000
0!
#8090500000000
1!
b101100100 +
b1101101011 (
0'
1)
#8091000000000
0!
#8091500000000
1!
b1011001001 +
b1011010110 (
1'
0*
1*
#8092000000000
0!
#8092500000000
1!
b110010011 +
b110101100 (
0'
0*
0)
#8093000000000
0!
#8093500000000
1!
b1100100110 +
b1101011000 (
1'
1*
1)
#8094000000000
0!
#8094500000000
1!
b1001001100 +
b1010110000 (
0)
0*
#8095000000000
0!
#8095500000000
1!
b10011000 +
b101100001 (
0'
1*
1)
#8096000000000
0!
#8096500000000
1!
b100110000 +
b1011000010 (
#8097000000000
0!
#8097500000000
1!
b1001100000 +
b110000101 (
0*
0)
1*
#8098000000000
0!
#8098500000000
1!
b11000001 +
b1100001011 (
0*
#8099000000000
0!
#8099500000000
1!
b110000010 +
b1000010111 (
1'
1*
#8100000000000
0!
#8100500000000
1!
b1100000100 +
b101111 (
0'
0*
1*
#8101000000000
0!
#8101500000000
1!
b1000001000 +
b1011111 (
1'
1)
#8102000000000
0!
#8102500000000
1!
b10001 +
b10111110 (
0*
0)
1*
#8103000000000
0!
#8103500000000
1!
b100010 +
b101111100 (
1)
0*
#8104000000000
0!
#8104500000000
1!
b1000100 +
b1011111001 (
#8105000000000
0!
#8105500000000
1!
b10001001 +
b111110011 (
#8106000000000
0!
#8106500000000
1!
b100010010 +
b1111100110 (
0'
1*
#8107000000000
0!
#8107500000000
1!
b1000100100 +
b1111001100 (
0*
#8108000000000
0!
#8108500000000
1!
b1001000 +
b1110011000 (
1'
1*
0)
#8109000000000
0!
#8109500000000
1!
b10010000 +
b1100110001 (
#8110000000000
0!
#8110500000000
1!
b100100000 +
b1001100011 (
0'
1)
#8111000000000
0!
#8111500000000
1!
b1001000000 +
b11000111 (
0*
#8112000000000
0!
#8112500000000
1!
b10000001 +
b110001111 (
1*
0)
0*
#8113000000000
0!
#8113500000000
1!
b100000010 +
b1100011110 (
1'
1*
#8114000000000
0!
#8114500000000
1!
b1000000100 +
b1000111100 (
0*
#8115000000000
0!
#8115500000000
1!
b1000 +
b1111001 (
1*
1)
0*
#8116000000000
0!
#8116500000000
1!
b10000 +
b11110011 (
#8117000000000
0!
#8117500000000
1!
b100000 +
b111100111 (
0'
1*
#8118000000000
0!
#8118500000000
1!
b1000000 +
b1111001111 (
#8119000000000
0!
#8119500000000
1!
b10000000 +
b1110011111 (
1'
0)
#8120000000000
0!
#8120500000000
1!
b100000000 +
b1100111111 (
#8121000000000
0!
#8121500000000
1!
b1000000000 +
b1001111111 (
0*
1)
1*
#8122000000000
0!
#8122500000000
1!
b1 +
b11111110 (
0*
#8123000000000
0!
#8123500000000
1!
b10 +
b111111100 (
#8124000000000
0!
#8124500000000
1!
b100 +
b1111111000 (
#8125000000000
0!
#8125500000000
1!
b1001 +
b1111110000 (
#8126000000000
0!
#8126500000000
1!
b10010 +
b1111100000 (
0'
1*
#8127000000000
0!
#8127500000000
1!
b100100 +
b1111000000 (
#8128000000000
0!
#8128500000000
1!
b1001001 +
b1110000001 (
0)
0*
#8129000000000
0!
#8129500000000
1!
b10010010 +
b1100000011 (
#8130000000000
0!
#8130500000000
1!
b100100100 +
b1000000111 (
#8131000000000
0!
#8131500000000
1!
b1001001001 +
b1111 (
1*
#8132000000000
0!
#8132500000000
1!
b10010011 +
b11110 (
1'
0*
1*
#8133000000000
0!
#8133500000000
1!
b100100110 +
b111100 (
#8134000000000
0!
#8134500000000
1!
b1001001101 +
b1111000 (
0*
1)
1*
#8135000000000
0!
#8135500000000
1!
b10011010 +
b11110001 (
0*
#8136000000000
0!
#8136500000000
1!
b100110100 +
b111100010 (
0'
1*
#8137000000000
0!
#8137500000000
1!
b1001101001 +
b1111000100 (
0*
#8138000000000
0!
#8138500000000
1!
b11010011 +
b1110001000 (
1*
0)
0*
#8139000000000
0!
#8139500000000
1!
b110100110 +
b1100010001 (
1'
1*
#8140000000000
0!
#8140500000000
1!
b1101001101 +
b1000100010 (
0'
0*
1*
#8141000000000
0!
#8141500000000
1!
b1010011010 +
b1000101 (
1)
0*
#8142000000000
0!
#8142500000000
1!
b100110101 +
b10001011 (
1*
0)
0*
#8143000000000
0!
#8143500000000
1!
b1001101011 +
b100010110 (
1'
1*
0*
#8144000000000
0!
#8144500000000
1!
b11010111 +
b1000101101 (
0'
1*
0*
#8145000000000
0!
#8145500000000
1!
b110101111 +
b1011011 (
1'
1)
#8146000000000
0!
#8146500000000
1!
b1101011111 +
b10110111 (
1*
0)
0*
#8147000000000
0!
#8147500000000
1!
b1010111110 +
b101101110 (
0'
1)
#8148000000000
0!
#8148500000000
1!
b101111100 +
b1011011100 (
1'
1*
0*
#8149000000000
0!
#8149500000000
1!
b1011111001 +
b110111001 (
1*
0)
0*
#8150000000000
0!
#8150500000000
1!
b111110011 +
b1101110011 (
1*
1)
0*
#8151000000000
0!
#8151500000000
1!
b1111100110 +
b1011100110 (
0'
1*
0*
#8152000000000
0!
#8152500000000
1!
b1111001100 +
b111001101 (
#8153000000000
0!
#8153500000000
1!
b1110011000 +
b1110011011 (
1'
0)
#8154000000000
0!
#8154500000000
1!
b1100110001 +
b1100110110 (
#8155000000000
0!
#8155500000000
1!
b1001100011 +
b1001101101 (
0'
1)
#8156000000000
0!
#8156500000000
1!
b11000111 +
b11011011 (
1'
1*
0*
#8157000000000
0!
#8157500000000
1!
b110001111 +
b110110110 (
0)
1*
#8158000000000
0!
#8158500000000
1!
b1100011111 +
b1101101101 (
0'
0*
1)
#8159000000000
0!
#8159500000000
1!
b1000111110 +
b1011011010 (
1'
1*
#8160000000000
0!
#8160500000000
1!
b1111100 +
b110110101 (
0*
0)
1*
#8161000000000
0!
#8161500000000
1!
b11111001 +
b1101101010 (
0'
1)
#8162000000000
0!
#8162500000000
1!
b111110010 +
b1011010100 (
1'
0*
#8163000000000
0!
#8163500000000
1!
b1111100100 +
b110101001 (
0'
1*
0)
#8164000000000
0!
#8164500000000
1!
b1111001000 +
b1101010011 (
1'
1)
#8165000000000
0!
#8165500000000
1!
b1110010001 +
b1010100111 (
0'
0)
#8166000000000
0!
#8166500000000
1!
b1100100011 +
b101001111 (
1)
0*
#8167000000000
0!
#8167500000000
1!
b1001000111 +
b1010011111 (
1'
0)
#8168000000000
0!
#8168500000000
1!
b10001110 +
b100111110 (
1*
#8169000000000
0!
#8169500000000
1!
b100011101 +
b1001111100 (
1)
0*
#8170000000000
0!
#8170500000000
1!
b1000111011 +
b11111001 (
1*
#8171000000000
0!
#8171500000000
1!
b1110111 +
b111110010 (
0*
#8172000000000
0!
#8172500000000
1!
b11101111 +
b1111100100 (
0'
1*
#8173000000000
0!
#8173500000000
1!
b111011111 +
b1111001001 (
#8174000000000
0!
#8174500000000
1!
b1110111111 +
b1110010011 (
1'
0*
0)
#8175000000000
0!
#8175500000000
1!
b1101111110 +
b1100100110 (
0'
1*
#8176000000000
0!
#8176500000000
1!
b1011111100 +
b1001001101 (
1)
0*
#8177000000000
0!
#8177500000000
1!
b111111000 +
b10011010 (
1'
1*
0)
#8178000000000
0!
#8178500000000
1!
b1111110000 +
b100110100 (
0*
#8179000000000
0!
#8179500000000
1!
b1111100001 +
b1001101001 (
0'
1)
#8180000000000
0!
#8180500000000
1!
b1111000011 +
b11010010 (
1'
1*
#8181000000000
0!
#8181500000000
1!
b1110000111 +
b110100100 (
0'
0)
#8182000000000
0!
#8182500000000
1!
b1100001110 +
b1101001000 (
1)
0*
#8183000000000
0!
#8183500000000
1!
b1000011100 +
b1010010000 (
1'
0)
#8184000000000
0!
#8184500000000
1!
b111000 +
b100100000 (
0'
1*
0*
#8185000000000
0!
#8185500000000
1!
b1110000 +
b1001000000 (
1)
1*
#8186000000000
0!
#8186500000000
1!
b11100000 +
b10000001 (
0)
0*
#8187000000000
0!
#8187500000000
1!
b111000000 +
b100000011 (
#8188000000000
0!
#8188500000000
1!
b1110000000 +
b1000000110 (
1*
#8189000000000
0!
#8189500000000
1!
b1100000001 +
b1101 (
#8190000000000
0!
#8190500000000
1!
b1000000011 +
b11011 (
1'
0*
#8191000000000
0!
#8191500000000
1!
b111 +
b110111 (
1*
#8192000000000
0!
#8192500000000
1!
b1111 +
b1101111 (
0'
1)
#8193000000000
0!
#8193500000000
1!
b11111 +
b11011111 (
1'
0*
#8194000000000
0!
#8194500000000
1!
b111111 +
b110111111 (
0)
1*
#8195000000000
0!
#8195500000000
1!
b1111111 +
b1101111111 (
1)
0*
#8196000000000
0!
#8196500000000
1!
b11111111 +
b1011111111 (
#8197000000000
0!
#8197500000000
1!
b111111111 +
b111111111 (
#8198000000000
0!
#8198500000000
1!
b1111111111 +
b1111111111 (
1*
#8199000000000
0!
#8199500000000
1!
b1111111110 +
b1111111110 (
b100000 $
b11111 #
b100 %
b1001 &
1,
#8200000000000
0!
#8200500000000
1!
b1111111111 +
b1111111111 (
0,
#8201000000000
0!
#8201500000000
1!
b1111111110 +
b1111111110 (
#8202000000000
0!
#8202500000000
1!
b1111111100 +
b1111111100 (
#8203000000000
0!
#8203500000000
1!
b1111111000 +
b1111111001 (
#8204000000000
0!
#8204500000000
1!
b1111110001 +
b1111110010 (
0'
0*
#8205000000000
0!
#8205500000000
1!
b1111100011 +
b1111100101 (
#8206000000000
0!
#8206500000000
1!
b1111000111 +
b1111001011 (
1'
1*
#8207000000000
0!
#8207500000000
1!
b1110001110 +
b1110010110 (
0'
0*
#8208000000000
0!
#8208500000000
1!
b1100011100 +
b1100101101 (
1'
1*
#8209000000000
0!
#8209500000000
1!
b1000111000 +
b1001011010 (
0)
0*
#8210000000000
0!
#8210500000000
1!
b1110001 +
b10110100 (
0'
1*
0*
#8211000000000
0!
#8211500000000
1!
b11100010 +
b101101001 (
1'
1)
#8212000000000
0!
#8212500000000
1!
b111000100 +
b1011010010 (
0'
0)
#8213000000000
0!
#8213500000000
1!
b1110001001 +
b110100101 (
1*
1)
0*
#8214000000000
0!
#8214500000000
1!
b1100010011 +
b1101001010 (
1'
1*
#8215000000000
0!
#8215500000000
1!
b1000100111 +
b1010010101 (
0'
0)
#8216000000000
0!
#8216500000000
1!
b1001110 +
b100101011 (
1'
0*
1)
#8217000000000
0!
#8217500000000
1!
b10011101 +
b1001010111 (
0'
0)
#8218000000000
0!
#8218500000000
1!
b100111011 +
b10101111 (
1'
1*
#8219000000000
0!
#8219500000000
1!
b1001110110 +
b101011110 (
0*
1)
1*
#8220000000000
0!
#8220500000000
1!
b11101100 +
b1010111101 (
0*
0)
1*
#8221000000000
0!
#8221500000000
1!
b111011001 +
b101111010 (
1)
0*
#8222000000000
0!
#8222500000000
1!
b1110110010 +
b1011110101 (
0'
1*
0)
#8223000000000
0!
#8223500000000
1!
b1101100101 +
b111101010 (
1'
1)
#8224000000000
0!
#8224500000000
1!
b1011001010 +
b1111010100 (
0'
0*
#8225000000000
0!
#8225500000000
1!
b110010101 +
b1110101000 (
1'
1*
0*
#8226000000000
0!
#8226500000000
1!
b1100101011 +
b1101010000 (
0'
1*
0*
#8227000000000
0!
#8227500000000
1!
b1001010111 +
b1010100000 (
0)
1*
#8228000000000
0!
#8228500000000
1!
b10101110 +
b101000001 (
0*
1)
1*
#8229000000000
0!
#8229500000000
1!
b101011101 +
b1010000011 (
0)
0*
#8230000000000
0!
#8230500000000
1!
b1010111011 +
b100000111 (
1*
1)
0*
#8231000000000
0!
#8231500000000
1!
b101110111 +
b1000001111 (
1'
1*
0)
#8232000000000
0!
#8232500000000
1!
b1011101111 +
b11111 (
0*
#8233000000000
0!
#8233500000000
1!
b111011110 +
b111110 (
1*
#8234000000000
0!
#8234500000000
1!
b1110111101 +
b1111101 (
0*
#8235000000000
0!
#8235500000000
1!
b1101111010 +
b11111010 (
#8236000000000
0!
#8236500000000
1!
b1011110101 +
b111110101 (
0'
1)
#8237000000000
0!
#8237500000000
1!
b111101010 +
b1111101010 (
1'
1*
0*
#8238000000000
0!
#8238500000000
1!
b1111010100 +
b1111010101 (
0'
1*
0*
#8239000000000
0!
#8239500000000
1!
b1110101000 +
b1110101010 (
1'
1*
#8240000000000
0!
#8240500000000
1!
b1101010001 +
b1101010101 (
0'
0*
#8241000000000
0!
#8241500000000
1!
b1010100011 +
b1010101011 (
1'
0)
#8242000000000
0!
#8242500000000
1!
b101000111 +
b101010110 (
0'
1*
1)
#8243000000000
0!
#8243500000000
1!
b1010001111 +
b1010101101 (
1'
0*
0)
#8244000000000
0!
#8244500000000
1!
b100011110 +
b101011010 (
1*
1)
0*
#8245000000000
0!
#8245500000000
1!
b1000111101 +
b1010110100 (
0'
1*
0)
#8246000000000
0!
#8246500000000
1!
b1111010 +
b101101000 (
1'
0*
1)
#8247000000000
0!
#8247500000000
1!
b11110100 +
b1011010000 (
0'
0)
#8248000000000
0!
#8248500000000
1!
b111101001 +
b110100000 (
1)
1*
#8249000000000
0!
#8249500000000
1!
b1111010010 +
b1101000001 (
0*
#8250000000000
0!
#8250500000000
1!
b1110100101 +
b1010000010 (
0)
1*
#8251000000000
0!
#8251500000000
1!
b1101001010 +
b100000101 (
1)
0*
#8252000000000
0!
#8252500000000
1!
b1010010101 +
b1000001010 (
1'
0)
#8253000000000
0!
#8253500000000
1!
b100101010 +
b10100 (
0'
1*
0*
#8254000000000
0!
#8254500000000
1!
b1001010100 +
b101001 (
1'
1*
0*
#8255000000000
0!
#8255500000000
1!
b10101000 +
b1010011 (
0'
1*
0*
#8256000000000
0!
#8256500000000
1!
b101010000 +
b10100111 (
#8257000000000
0!
#8257500000000
1!
b1010100000 +
b101001110 (
1'
1*
1)
#8258000000000
0!
#8258500000000
1!
b101000001 +
b1010011101 (
0*
0)
1*
#8259000000000
0!
#8259500000000
1!
b1010000010 +
b100111011 (
0*
1)
1*
#8260000000000
0!
#8260500000000
1!
b100000101 +
b1001110111 (
0'
0*
0)
#8261000000000
0!
#8261500000000
1!
b1000001011 +
b11101110 (
1'
1*
0*
#8262000000000
0!
#8262500000000
1!
b10111 +
b111011100 (
1*
1)
0*
#8263000000000
0!
#8263500000000
1!
b101111 +
b1110111001 (
#8264000000000
0!
#8264500000000
1!
b1011111 +
b1101110010 (
0'
1*
#8265000000000
0!
#8265500000000
1!
b10111111 +
b1011100100 (
0)
0*
#8266000000000
0!
#8266500000000
1!
b101111111 +
b111001000 (
1'
1)
#8267000000000
0!
#8267500000000
1!
b1011111111 +
b1110010000 (
0'
1*
0*
#8268000000000
0!
#8268500000000
1!
b111111110 +
b1100100001 (
1*
#8269000000000
0!
#8269500000000
1!
b1111111101 +
b1001000011 (
0*
0)
1*
#8270000000000
0!
#8270500000000
1!
b1111111010 +
b10000110 (
#8271000000000
0!
#8271500000000
1!
b1111110101 +
b100001101 (
1'
1)
#8272000000000
0!
#8272500000000
1!
b1111101010 +
b1000011010 (
0)
0*
#8273000000000
0!
#8273500000000
1!
b1111010101 +
b110100 (
0'
1*
#8274000000000
0!
#8274500000000
1!
b1110101010 +
b1101000 (
1'
0*
#8275000000000
0!
#8275500000000
1!
b1101010101 +
b11010001 (
0'
1*
#8276000000000
0!
#8276500000000
1!
b1010101010 +
b110100011 (
1)
0*
#8277000000000
0!
#8277500000000
1!
b101010101 +
b1101000110 (
1*
#8278000000000
0!
#8278500000000
1!
b1010101011 +
b1010001100 (
1'
0*
0)
#8279000000000
0!
#8279500000000
1!
b101010111 +
b100011001 (
1*
1)
0*
#8280000000000
0!
#8280500000000
1!
b1010101111 +
b1000110011 (
0'
1*
0)
#8281000000000
0!
#8281500000000
1!
b101011110 +
b1100111 (
0*
#8282000000000
0!
#8282500000000
1!
b1010111101 +
b11001111 (
1'
1*
0*
#8283000000000
0!
#8283500000000
1!
b101111010 +
b110011111 (
1*
1)
0*
#8284000000000
0!
#8284500000000
1!
b1011110100 +
b1100111110 (
1*
#8285000000000
0!
#8285500000000
1!
b111101000 +
b1001111101 (
0*
0)
1*
#8286000000000
0!
#8286500000000
1!
b1111010000 +
b11111011 (
0*
#8287000000000
0!
#8287500000000
1!
b1110100001 +
b111110111 (
0'
1)
#8288000000000
0!
#8288500000000
1!
b1101000011 +
b1111101111 (
1'
1*
#8289000000000
0!
#8289500000000
1!
b1010000111 +
b1111011110 (
#8290000000000
0!
#8290500000000
1!
b100001110 +
b1110111101 (
0*
#8291000000000
0!
#8291500000000
1!
b1000011101 +
b1101111011 (
1*
#8292000000000
0!
#8292500000000
1!
b111010 +
b1011110110 (
0'
0*
0)
#8293000000000
0!
#8293500000000
1!
b1110100 +
b111101101 (
1'
1)
#8294000000000
0!
#8294500000000
1!
b11101001 +
b1111011010 (
#8295000000000
0!
#8295500000000
1!
b111010010 +
b1110110100 (
0'
1*
#8296000000000
0!
#8296500000000
1!
b1110100100 +
b1101101001 (
1'
0*
1*
#8297000000000
0!
#8297500000000
1!
b1101001000 +
b1011010011 (
0'
0)
#8298000000000
0!
#8298500000000
1!
b1010010001 +
b110100111 (
1)
0*
#8299000000000
0!
#8299500000000
1!
b100100011 +
b1101001111 (
1'
1*
0*
#8300000000000
0!
#8300500000000
1!
b1001000110 +
b1010011110 (
1*
0)
0*
#8301000000000
0!
#8301500000000
1!
b10001100 +
b100111100 (
1*
1)
0*
#8302000000000
0!
#8302500000000
1!
b100011001 +
b1001111001 (
0)
1*
#8303000000000
0!
#8303500000000
1!
b1000110010 +
b11110010 (
0'
0*
1*
#8304000000000
0!
#8304500000000
1!
b1100101 +
b111100101 (
0*
1)
1*
#8305000000000
0!
#8305500000000
1!
b11001011 +
b1111001010 (
1'
0*
#8306000000000
0!
#8306500000000
1!
b110010110 +
b1110010100 (
0'
1*
#8307000000000
0!
#8307500000000
1!
b1100101101 +
b1100101000 (
1'
0*
1*
#8308000000000
0!
#8308500000000
1!
b1001011010 +
b1001010001 (
0'
0)
#8309000000000
0!
#8309500000000
1!
b10110101 +
b10100011 (
0*
#8310000000000
0!
#8310500000000
1!
b101101011 +
b101000111 (
1)
1*
#8311000000000
0!
#8311500000000
1!
b1011010110 +
b1010001111 (
1'
0*
0)
#8312000000000
0!
#8312500000000
1!
b110101100 +
b100011110 (
1*
1)
0*
#8313000000000
0!
#8313500000000
1!
b1101011001 +
b1000111101 (
1*
0)
0*
#8314000000000
0!
#8314500000000
1!
b1010110011 +
b1111011 (
#8315000000000
0!
#8315500000000
1!
b101100111 +
b11110110 (
0'
1*
0*
#8316000000000
0!
#8316500000000
1!
b1011001111 +
b111101100 (
1'
1*
1)
#8317000000000
0!
#8317500000000
1!
b110011110 +
b1111011000 (
0*
#8318000000000
0!
#8318500000000
1!
b1100111101 +
b1110110001 (
0'
1*
0*
#8319000000000
0!
#8319500000000
1!
b1001111010 +
b1101100010 (
#8320000000000
0!
#8320500000000
1!
b11110101 +
b1011000100 (
1*
0)
0*
#8321000000000
0!
#8321500000000
1!
b111101011 +
b110001001 (
1'
1)
#8322000000000
0!
#8322500000000
1!
b1111010110 +
b1100010010 (
0'
1*
0*
#8323000000000
0!
#8323500000000
1!
b1110101100 +
b1000100101 (
0)
1*
#8324000000000
0!
#8324500000000
1!
b1101011000 +
b1001011 (
1'
0*
#8325000000000
0!
#8325500000000
1!
b1010110001 +
b10010111 (
0'
1*
#8326000000000
0!
#8326500000000
1!
b101100011 +
b100101111 (
1'
0*
1)
#8327000000000
0!
#8327500000000
1!
b1011000110 +
b1001011110 (
1*
0)
0*
#8328000000000
0!
#8328500000000
1!
b110001100 +
b10111101 (
1*
#8329000000000
0!
#8329500000000
1!
b1100011001 +
b101111011 (
0*
1)
1*
#8330000000000
0!
#8330500000000
1!
b1000110011 +
b1011110111 (
0'
0)
#8331000000000
0!
#8331500000000
1!
b1100111 +
b111101111 (
1'
0*
1)
#8332000000000
0!
#8332500000000
1!
b11001111 +
b1111011111 (
#8333000000000
0!
#8333500000000
1!
b110011111 +
b1110111111 (
#8334000000000
0!
#8334500000000
1!
b1100111111 +
b1101111110 (
1*
#8335000000000
0!
#8335500000000
1!
b1001111110 +
b1011111101 (
0)
0*
#8336000000000
0!
#8336500000000
1!
b11111100 +
b111111010 (
1*
1)
0*
#8337000000000
0!
#8337500000000
1!
b111111001 +
b1111110100 (
0'
1*
#8338000000000
0!
#8338500000000
1!
b1111110010 +
b1111101001 (
1'
0*
1*
#8339000000000
0!
#8339500000000
1!
b1111100101 +
b1111010010 (
0'
0*
#8340000000000
0!
#8340500000000
1!
b1111001010 +
b1110100100 (
#8341000000000
0!
#8341500000000
1!
b1110010101 +
b1101001001 (
1'
1*
#8342000000000
0!
#8342500000000
1!
b1100101010 +
b1010010010 (
0'
0)
#8343000000000
0!
#8343500000000
1!
b1001010101 +
b100100101 (
1)
0*
#8344000000000
0!
#8344500000000
1!
b10101010 +
b1001001011 (
1'
1*
0)
#8345000000000
0!
#8345500000000
1!
b101010100 +
b10010110 (
0'
0*
#8346000000000
0!
#8346500000000
1!
b1010101001 +
b100101101 (
1'
1*
1)
#8347000000000
0!
#8347500000000
1!
b101010011 +
b1001011011 (
0*
0)
1*
#8348000000000
0!
#8348500000000
1!
b1010100110 +
b10110110 (
0'
0*
1*
#8349000000000
0!
#8349500000000
1!
b101001100 +
b101101100 (
1'
0*
1)
#8350000000000
0!
#8350500000000
1!
b1010011001 +
b1011011001 (
1*
0)
0*
#8351000000000
0!
#8351500000000
1!
b100110011 +
b110110010 (
0'
1*
1)
#8352000000000
0!
#8352500000000
1!
b1001100110 +
b1101100100 (
0*
#8353000000000
0!
#8353500000000
1!
b11001100 +
b1011001000 (
1'
1*
0)
#8354000000000
0!
#8354500000000
1!
b110011001 +
b110010000 (
0'
1)
#8355000000000
0!
#8355500000000
1!
b1100110010 +
b1100100000 (
0*
#8356000000000
0!
#8356500000000
1!
b1001100101 +
b1001000001 (
0)
1*
#8357000000000
0!
#8357500000000
1!
b11001010 +
b10000011 (
0*
#8358000000000
0!
#8358500000000
1!
b110010100 +
b100000110 (
1)
1*
#8359000000000
0!
#8359500000000
1!
b1100101001 +
b1000001101 (
1'
0*
0)
#8360000000000
0!
#8360500000000
1!
b1001010011 +
b11010 (
#8361000000000
0!
#8361500000000
1!
b10100111 +
b110101 (
0'
1*
0*
#8362000000000
0!
#8362500000000
1!
b101001111 +
b1101010 (
1'
1*
#8363000000000
0!
#8363500000000
1!
b1010011111 +
b11010100 (
0'
0*
1*
#8364000000000
0!
#8364500000000
1!
b100111110 +
b110101000 (
1'
0*
1)
#8365000000000
0!
#8365500000000
1!
b1001111101 +
b1101010001 (
0'
1*
0*
#8366000000000
0!
#8366500000000
1!
b11111010 +
b1010100010 (
1*
0)
0*
#8367000000000
0!
#8367500000000
1!
b111110100 +
b101000100 (
1)
1*
#8368000000000
0!
#8368500000000
1!
b1111101001 +
b1010001000 (
1'
0*
0)
#8369000000000
0!
#8369500000000
1!
b1111010011 +
b100010000 (
0'
1)
#8370000000000
0!
#8370500000000
1!
b1110100111 +
b1000100001 (
0)
1*
#8371000000000
0!
#8371500000000
1!
b1101001110 +
b1000010 (
#8372000000000
0!
#8372500000000
1!
b1010011100 +
b10000101 (
#8373000000000
0!
#8373500000000
1!
b100111000 +
b100001010 (
1'
0*
1)
#8374000000000
0!
#8374500000000
1!
b1001110000 +
b1000010100 (
0'
1*
0)
#8375000000000
0!
#8375500000000
1!
b11100001 +
b101000 (
1'
0*
1*
#8376000000000
0!
#8376500000000
1!
b111000010 +
b1010001 (
0'
0*
#8377000000000
0!
#8377500000000
1!
b1110000100 +
b10100010 (
1*
#8378000000000
0!
#8378500000000
1!
b1100001000 +
b101000101 (
1)
0*
#8379000000000
0!
#8379500000000
1!
b1000010001 +
b1010001010 (
1'
0)
#8380000000000
0!
#8380500000000
1!
b100011 +
b100010101 (
0'
1*
1)
#8381000000000
0!
#8381500000000
1!
b1000110 +
b1000101010 (
1'
0)
#8382000000000
0!
#8382500000000
1!
b10001101 +
b1010101 (
0'
0*
#8383000000000
0!
#8383500000000
1!
b100011011 +
b10101011 (
1'
1*
#8384000000000
0!
#8384500000000
1!
b1000110110 +
b101010111 (
0'
0*
1)
#8385000000000
0!
#8385500000000
1!
b1101100 +
b1010101111 (
1'
1*
0)
#8386000000000
0!
#8386500000000
1!
b11011001 +
b101011111 (
1)
0*
#8387000000000
0!
#8387500000000
1!
b110110010 +
b1010111111 (
0)
1*
#8388000000000
0!
#8388500000000
1!
b1101100100 +
b101111111 (
0*
1)
1*
#8389000000000
0!
#8389500000000
1!
b1011001000 +
b1011111110 (
0)
0*
#8390000000000
0!
#8390500000000
1!
b110010001 +
b111111101 (
1*
1)
0*
#8391000000000
0!
#8391500000000
1!
b1100100010 +
b1111111010 (
1*
#8392000000000
0!
#8392500000000
1!
b1001000101 +
b1111110101 (
0'
0*
#8393000000000
0!
#8393500000000
1!
b10001010 +
b1111101011 (
1'
1*
0*
#8394000000000
0!
#8394500000000
1!
b100010100 +
b1111010111 (
0'
1*
#8395000000000
0!
#8395500000000
1!
b1000101001 +
b1110101111 (
1'
0*
1*
#8396000000000
0!
#8396500000000
1!
b1010011 +
b1101011110 (
0*
#8397000000000
0!
#8397500000000
1!
b10100110 +
b1010111100 (
0)
1*
#8398000000000
0!
#8398500000000
1!
b101001101 +
b101111000 (
1)
0*
#8399000000000
0!
#8399500000000
1!
b1010011011 +
b1011110000 (
0'
1*
0)
#8400000000000
0!
#8400500000000
1!
b100110111 +
b111100001 (
0*
1)
1*
#8401000000000
0!
#8401500000000
1!
b1001101111 +
b1111000011 (
0*
#8402000000000
0!
#8402500000000
1!
b11011110 +
b1110000110 (
1*
#8403000000000
0!
#8403500000000
1!
b110111101 +
b1100001101 (
1'
0*
#8404000000000
0!
#8404500000000
1!
b1101111011 +
b1000011011 (
1*
0)
0*
#8405000000000
0!
#8405500000000
1!
b1011110111 +
b110110 (
0'
1*
#8406000000000
0!
#8406500000000
1!
b111101110 +
b1101101 (
1'
0*
1*
#8407000000000
0!
#8407500000000
1!
b1111011101 +
b11011010 (
0*
#8408000000000
0!
#8408500000000
1!
b1110111010 +
b110110100 (
0'
1)
#8409000000000
0!
#8409500000000
1!
b1101110101 +
b1101101000 (
1'
1*
#8410000000000
0!
#8410500000000
1!
b1011101010 +
b1011010001 (
0'
0)
#8411000000000
0!
#8411500000000
1!
b111010101 +
b110100010 (
0*
1)
1*
#8412000000000
0!
#8412500000000
1!
b1110101011 +
b1101000100 (
0*
#8413000000000
0!
#8413500000000
1!
b1101010111 +
b1010001001 (
1'
0)
#8414000000000
0!
#8414500000000
1!
b1010101110 +
b100010010 (
0'
1)
#8415000000000
0!
#8415500000000
1!
b101011100 +
b1000100100 (
1*
0)
0*
#8416000000000
0!
#8416500000000
1!
b1010111001 +
b1001001 (
1'
1*
0*
#8417000000000
0!
#8417500000000
1!
b101110011 +
b10010010 (
0'
1*
0*
#8418000000000
0!
#8418500000000
1!
b1011100110 +
b100100100 (
1*
1)
0*
#8419000000000
0!
#8419500000000
1!
b111001100 +
b1001001001 (
1'
1*
0)
#8420000000000
0!
#8420500000000
1!
b1110011001 +
b10010011 (
0'
0*
1*
#8421000000000
0!
#8421500000000
1!
b1100110011 +
b100100110 (
1)
0*
#8422000000000
0!
#8422500000000
1!
b1001100111 +
b1001001100 (
1'
0)
#8423000000000
0!
#8423500000000
1!
b11001110 +
b10011000 (
1*
#8424000000000
0!
#8424500000000
1!
b110011101 +
b100110001 (
0'
1)
#8425000000000
0!
#8425500000000
1!
b1100111011 +
b1001100010 (
0*
0)
1*
#8426000000000
0!
#8426500000000
1!
b1001110111 +
b11000101 (
#8427000000000
0!
#8427500000000
1!
b11101110 +
b110001010 (
1'
0*
1)
#8428000000000
0!
#8428500000000
1!
b111011101 +
b1100010101 (
0'
1*
#8429000000000
0!
#8429500000000
1!
b1110111011 +
b1000101011 (
1'
0*
0)
#8430000000000
0!
#8430500000000
1!
b1101110111 +
b1010111 (
0'
1*
#8431000000000
0!
#8431500000000
1!
b1011101110 +
b10101110 (
1'
0*
#8432000000000
0!
#8432500000000
1!
b111011100 +
b101011100 (
1*
1)
0*
#8433000000000
0!
#8433500000000
1!
b1110111001 +
b1010111000 (
1*
0)
0*
#8434000000000
0!
#8434500000000
1!
b1101110011 +
b101110001 (
0'
1)
#8435000000000
0!
#8435500000000
1!
b1011100111 +
b1011100010 (
0)
1*
#8436000000000
0!
#8436500000000
1!
b111001110 +
b111000100 (
0*
1)
1*
#8437000000000
0!
#8437500000000
1!
b1110011101 +
b1110001001 (
1'
0*
1*
#8438000000000
0!
#8438500000000
1!
b1100111010 +
b1100010011 (
0'
0*
#8439000000000
0!
#8439500000000
1!
b1001110101 +
b1000100111 (
0)
1*
#8440000000000
0!
#8440500000000
1!
b11101010 +
b1001110 (
1'
0*
1*
#8441000000000
0!
#8441500000000
1!
b111010100 +
b10011100 (
#8442000000000
0!
#8442500000000
1!
b1110101001 +
b100111000 (
0*
1)
1*
#8443000000000
0!
#8443500000000
1!
b1101010011 +
b1001110000 (
0'
0)
#8444000000000
0!
#8444500000000
1!
b1010100111 +
b11100000 (
#8445000000000
0!
#8445500000000
1!
b101001110 +
b111000000 (
0*
1)
1*
#8446000000000
0!
#8446500000000
1!
b1010011101 +
b1110000000 (
0*
#8447000000000
0!
#8447500000000
1!
b100111010 +
b1100000001 (
1*
#8448000000000
0!
#8448500000000
1!
b1001110100 +
b1000000010 (
0*
0)
1*
#8449000000000
0!
#8449500000000
1!
b11101000 +
b100 (
0*
#8450000000000
0!
#8450500000000
1!
b111010000 +
b1001 (
1'
1*
#8451000000000
0!
#8451500000000
1!
b1110100000 +
b10010 (
0'
0*
1*
#8452000000000
0!
#8452500000000
1!
b1101000001 +
b100101 (
#8453000000000
0!
#8453500000000
1!
b1010000011 +
b1001010 (
1'
0*
#8454000000000
0!
#8454500000000
1!
b100000111 +
b10010101 (
0'
1*
0*
#8455000000000
0!
#8455500000000
1!
b1000001111 +
b100101010 (
1'
1*
1)
#8456000000000
0!
#8456500000000
1!
b11110 +
b1001010101 (
0'
0*
0)
#8457000000000
0!
#8457500000000
1!
b111101 +
b10101010 (
1'
1*
#8458000000000
0!
#8458500000000
1!
b1111011 +
b101010101 (
0'
1)
#8459000000000
0!
#8459500000000
1!
b11110110 +
b1010101010 (
1'
0)
#8460000000000
0!
#8460500000000
1!
b111101101 +
b101010100 (
0'
1)
#8461000000000
0!
#8461500000000
1!
b1111011011 +
b1010101000 (
1'
0*
0)
#8462000000000
0!
#8462500000000
1!
b1110110111 +
b101010001 (
0'
1)
#8463000000000
0!
#8463500000000
1!
b1101101110 +
b1010100011 (
0)
1*
#8464000000000
0!
#8464500000000
1!
b1011011100 +
b101000110 (
1)
0*
#8465000000000
0!
#8465500000000
1!
b110111000 +
b1010001101 (
1'
1*
0)
#8466000000000
0!
#8466500000000
1!
b1101110000 +
b100011011 (
0*
1)
1*
#8467000000000
0!
#8467500000000
1!
b1011100001 +
b1000110110 (
0'
0)
#8468000000000
0!
#8468500000000
1!
b111000011 +
b1101100 (
1'
0*
1*
#8469000000000
0!
#8469500000000
1!
b1110000110 +
b11011000 (
0*
#8470000000000
0!
#8470500000000
1!
b1100001100 +
b110110001 (
0'
1)
#8471000000000
0!
#8471500000000
1!
b1000011000 +
b1101100011 (
#8472000000000
0!
#8472500000000
1!
b110001 +
b1011000110 (
1*
0)
0*
#8473000000000
0!
#8473500000000
1!
b1100010 +
b110001100 (
1'
1)
#8474000000000
0!
#8474500000000
1!
b11000100 +
b1100011001 (
#8475000000000
0!
#8475500000000
1!
b110001001 +
b1000110010 (
0'
0)
#8476000000000
0!
#8476500000000
1!
b1100010010 +
b1100101 (
1*
#8477000000000
0!
#8477500000000
1!
b1000100101 +
b11001010 (
1'
0*
#8478000000000
0!
#8478500000000
1!
b1001010 +
b110010100 (
0'
1*
1)
#8479000000000
0!
#8479500000000
1!
b10010100 +
b1100101001 (
1'
0*
#8480000000000
0!
#8480500000000
1!
b100101001 +
b1001010011 (
0'
0)
#8481000000000
0!
#8481500000000
1!
b1001010010 +
b10100110 (
1*
#8482000000000
0!
#8482500000000
1!
b10100101 +
b101001100 (
1'
0*
1)
#8483000000000
0!
#8483500000000
1!
b101001011 +
b1010011000 (
0)
1*
#8484000000000
0!
#8484500000000
1!
b1010010110 +
b100110000 (
0'
0*
1)
#8485000000000
0!
#8485500000000
1!
b100101100 +
b1001100000 (
1*
0)
0*
#8486000000000
0!
#8486500000000
1!
b1001011001 +
b11000000 (
1*
#8487000000000
0!
#8487500000000
1!
b10110011 +
b110000001 (
0*
1)
1*
#8488000000000
0!
#8488500000000
1!
b101100110 +
b1100000010 (
#8489000000000
0!
#8489500000000
1!
b1011001101 +
b1000000101 (
0*
0)
1*
#8490000000000
0!
#8490500000000
1!
b110011010 +
b1010 (
1'
0*
1*
#8491000000000
0!
#8491500000000
1!
b1100110100 +
b10101 (
0'
0*
1*
#8492000000000
0!
#8492500000000
1!
b1001101000 +
b101011 (
1'
0*
#8493000000000
0!
#8493500000000
1!
b11010001 +
b1010110 (
0'
1*
0*
#8494000000000
0!
#8494500000000
1!
b110100010 +
b10101100 (
1'
1*
#8495000000000
0!
#8495500000000
1!
b1101000100 +
b101011001 (
0*
1)
1*
#8496000000000
0!
#8496500000000
1!
b1010001000 +
b1010110011 (
0'
0)
#8497000000000
0!
#8497500000000
1!
b100010001 +
b101100110 (
0*
1)
1*
#8498000000000
0!
#8498500000000
1!
b1000100010 +
b1011001100 (
1'
0*
0)
#8499000000000
0!
#8499500000000
1!
b1000101 +
b110011001 (
1*
1)
0*
#8500000000000
0!
#8500500000000
1!
b10001011 +
b1100110010 (
0'
1*
#8501000000000
0!
#8501500000000
1!
b100010110 +
b1001100100 (
0)
0*
#8502000000000
0!
#8502500000000
1!
b1000101101 +
b11001001 (
1'
1*
0*
#8503000000000
0!
#8503500000000
1!
b1011010 +
b110010011 (
0'
1*
1)
#8504000000000
0!
#8504500000000
1!
b10110100 +
b1100100111 (
#8505000000000
0!
#8505500000000
1!
b101101001 +
b1001001111 (
1'
0)
#8506000000000
0!
#8506500000000
1!
b1011010010 +
b10011111 (
0*
#8507000000000
0!
#8507500000000
1!
b110100101 +
b100111111 (
1*
1)
0*
#8508000000000
0!
#8508500000000
1!
b1101001011 +
b1001111110 (
1*
0)
0*
#8509000000000
0!
#8509500000000
1!
b1010010111 +
b11111100 (
#8510000000000
0!
#8510500000000
1!
b100101110 +
b111111001 (
1*
1)
0*
#8511000000000
0!
#8511500000000
1!
b1001011101 +
b1111110011 (
0'
1*
0*
#8512000000000
0!
#8512500000000
1!
b10111010 +
b1111100111 (
1*
#8513000000000
0!
#8513500000000
1!
b101110100 +
b1111001110 (
1'
0*
#8514000000000
0!
#8514500000000
1!
b1011101001 +
b1110011101 (
1*
#8515000000000
0!
#8515500000000
1!
b111010011 +
b1100111010 (
0*
#8516000000000
0!
#8516500000000
1!
b1110100110 +
b1001110100 (
0'
1*
0)
#8517000000000
0!
#8517500000000
1!
b1101001100 +
b11101001 (
1'
0*
#8518000000000
0!
#8518500000000
1!
b1010011000 +
b111010010 (
0'
1)
#8519000000000
0!
#8519500000000
1!
b100110001 +
b1110100101 (
1*
#8520000000000
0!
#8520500000000
1!
b1001100010 +
b1101001011 (
1'
0*
1*
#8521000000000
0!
#8521500000000
1!
b11000101 +
b1010010111 (
0'
0*
0)
#8522000000000
0!
#8522500000000
1!
b110001011 +
b100101110 (
1'
1)
#8523000000000
0!
#8523500000000
1!
b1100010110 +
b1001011100 (
1*
0)
0*
#8524000000000
0!
#8524500000000
1!
b1000101100 +
b10111000 (
#8525000000000
0!
#8525500000000
1!
b1011000 +
b101110000 (
0'
1*
1)
#8526000000000
0!
#8526500000000
1!
b10110000 +
b1011100000 (
0)
0*
#8527000000000
0!
#8527500000000
1!
b101100000 +
b111000001 (
1)
1*
#8528000000000
0!
#8528500000000
1!
b1011000000 +
b1110000010 (
0*
#8529000000000
0!
#8529500000000
1!
b110000001 +
b1100000100 (
1*
#8530000000000
0!
#8530500000000
1!
b1100000010 +
b1000001001 (
1'
0*
0)
#8531000000000
0!
#8531500000000
1!
b1000000101 +
b10011 (
0'
1*
#8532000000000
0!
#8532500000000
1!
b1010 +
b100111 (
0*
#8533000000000
0!
#8533500000000
1!
b10100 +
b1001111 (
1'
1*
#8534000000000
0!
#8534500000000
1!
b101001 +
b10011110 (
#8535000000000
0!
#8535500000000
1!
b1010010 +
b100111101 (
1)
0*
#8536000000000
0!
#8536500000000
1!
b10100100 +
b1001111011 (
0)
1*
#8537000000000
0!
#8537500000000
1!
b101001001 +
b11110111 (
0'
0*
#8538000000000
0!
#8538500000000
1!
b1010010010 +
b111101110 (
1'
1*
1)
#8539000000000
0!
#8539500000000
1!
b100100101 +
b1111011101 (
0*
#8540000000000
0!
#8540500000000
1!
b1001001011 +
b1110111010 (
1*
#8541000000000
0!
#8541500000000
1!
b10010111 +
b1101110101 (
0'
0*
1*
#8542000000000
0!
#8542500000000
1!
b100101111 +
b1011101010 (
1'
0)
#8543000000000
0!
#8543500000000
1!
b1001011111 +
b111010100 (
0'
0*
1)
#8544000000000
0!
#8544500000000
1!
b10111110 +
b1110101001 (
1'
1*
0*
#8545000000000
0!
#8545500000000
1!
b101111101 +
b1101010010 (
0'
1*
#8546000000000
0!
#8546500000000
1!
b1011111011 +
b1010100101 (
0*
0)
1*
#8547000000000
0!
#8547500000000
1!
b111110111 +
b101001010 (
1'
0*
1)
#8548000000000
0!
#8548500000000
1!
b1111101111 +
b1010010100 (
0'
1*
0)
#8549000000000
0!
#8549500000000
1!
b1111011110 +
b100101001 (
1'
1)
#8550000000000
0!
#8550500000000
1!
b1110111100 +
b1001010010 (
0'
0)
#8551000000000
0!
#8551500000000
1!
b1101111000 +
b10100100 (
#8552000000000
0!
#8552500000000
1!
b1011110001 +
b101001001 (
1'
1)
#8553000000000
0!
#8553500000000
1!
b111100011 +
b1010010011 (
0'
0*
0)
#8554000000000
0!
#8554500000000
1!
b1111000110 +
b100100111 (
1*
1)
0*
#8555000000000
0!
#8555500000000
1!
b1110001100 +
b1001001110 (
1'
0)
#8556000000000
0!
#8556500000000
1!
b1100011000 +
b10011101 (
#8557000000000
0!
#8557500000000
1!
b1000110001 +
b100111010 (
1)
1*
#8558000000000
0!
#8558500000000
1!
b1100011 +
b1001110101 (
0'
0*
0)
#8559000000000
0!
#8559500000000
1!
b11000110 +
b11101011 (
1'
1*
#8560000000000
0!
#8560500000000
1!
b110001101 +
b111010111 (
0'
1)
#8561000000000
0!
#8561500000000
1!
b1100011011 +
b1110101110 (
1'
0*
1*
#8562000000000
0!
#8562500000000
1!
b1000110111 +
b1101011100 (
#8563000000000
0!
#8563500000000
1!
b1101110 +
b1010111001 (
0*
0)
1*
#8564000000000
0!
#8564500000000
1!
b11011101 +
b101110011 (
0'
1)
#8565000000000
0!
#8565500000000
1!
b110111011 +
b1011100111 (
0)
0*
#8566000000000
0!
#8566500000000
1!
b1101110110 +
b111001111 (
1'
1*
1)
#8567000000000
0!
#8567500000000
1!
b1011101100 +
b1110011110 (
#8568000000000
0!
#8568500000000
1!
b111011000 +
b1100111101 (
0*
#8569000000000
0!
#8569500000000
1!
b1110110000 +
b1001111010 (
1*
0)
0*
#8570000000000
0!
#8570500000000
1!
b1101100001 +
b11110101 (
0'
1*
#8571000000000
0!
#8571500000000
1!
b1011000011 +
b111101011 (
1'
1)
#8572000000000
0!
#8572500000000
1!
b110000111 +
b1111010110 (
0'
0*
1*
#8573000000000
0!
#8573500000000
1!
b1100001111 +
b1110101101 (
1'
0*
1*
#8574000000000
0!
#8574500000000
1!
b1000011110 +
b1101011011 (
#8575000000000
0!
#8575500000000
1!
b111100 +
b1010110111 (
0'
0*
0)
#8576000000000
0!
#8576500000000
1!
b1111001 +
b101101111 (
1'
1)
#8577000000000
0!
#8577500000000
1!
b11110010 +
b1011011110 (
0)
1*
#8578000000000
0!
#8578500000000
1!
b111100100 +
b110111100 (
1)
0*
#8579000000000
0!
#8579500000000
1!
b1111001001 +
b1101111000 (
1*
#8580000000000
0!
#8580500000000
1!
b1110010011 +
b1011110001 (
0'
0)
#8581000000000
0!
#8581500000000
1!
b1100100111 +
b111100011 (
1)
0*
#8582000000000
0!
#8582500000000
1!
b1001001110 +
b1111000110 (
#8583000000000
0!
#8583500000000
1!
b10011100 +
b1110001101 (
1'
1*
0*
#8584000000000
0!
#8584500000000
1!
b100111001 +
b1100011010 (
#8585000000000
0!
#8585500000000
1!
b1001110010 +
b1000110101 (
0'
1*
0)
#8586000000000
0!
#8586500000000
1!
b11100101 +
b1101011 (
1'
0*
1*
#8587000000000
0!
#8587500000000
1!
b111001011 +
b11010110 (
0'
0*
#8588000000000
0!
#8588500000000
1!
b1110010110 +
b110101101 (
1'
1*
1)
#8589000000000
0!
#8589500000000
1!
b1100101100 +
b1101011010 (
#8590000000000
0!
#8590500000000
1!
b1001011000 +
b1010110101 (
0'
0)
#8591000000000
0!
#8591500000000
1!
b10110001 +
b101101010 (
1'
0*
1)
#8592000000000
0!
#8592500000000
1!
b101100010 +
b1011010101 (
0'
0)
#8593000000000
0!
#8593500000000
1!
b1011000100 +
b110101011 (
1'
1*
1)
#8594000000000
0!
#8594500000000
1!
b110001000 +
b1101010110 (
0'
0*
1*
#8595000000000
0!
#8595500000000
1!
b1100010000 +
b1010101100 (
1'
0*
0)
#8596000000000
0!
#8596500000000
1!
b1000100001 +
b101011000 (
1)
1*
#8597000000000
0!
#8597500000000
1!
b1000011 +
b1010110001 (
0'
0*
0)
#8598000000000
0!
#8598500000000
1!
b10000110 +
b101100011 (
1)
1*
#8599000000000
0!
#8599500000000
1!
b100001101 +
b1011000111 (
0)
0*
#8600000000000
0!
#8600500000000
1!
b1000011011 +
b110001110 (
1'
1*
1)
#8601000000000
0!
#8601500000000
1!
b110111 +
b1100011100 (
0*
#8602000000000
0!
#8602500000000
1!
b1101111 +
b1000111001 (
0)
1*
#8603000000000
0!
#8603500000000
1!
b11011111 +
b1110010 (
0'
0*
#8604000000000
0!
#8604500000000
1!
b110111111 +
b11100100 (
#8605000000000
0!
#8605500000000
1!
b1101111111 +
b111001001 (
1'
1*
1)
#8606000000000
0!
#8606500000000
1!
b1011111110 +
b1110010010 (
0'
0*
#8607000000000
0!
#8607500000000
1!
b111111100 +
b1100100100 (
1*
#8608000000000
0!
#8608500000000
1!
b1111111001 +
b1001001000 (
1'
0*
0)
#8609000000000
0!
#8609500000000
1!
b1111110011 +
b10010001 (
0'
1*
#8610000000000
0!
#8610500000000
1!
b1111100111 +
b100100011 (
1)
0*
#8611000000000
0!
#8611500000000
1!
b1111001110 +
b1001000111 (
0)
1*
#8612000000000
0!
#8612500000000
1!
b1110011100 +
b10001111 (
1'
0*
#8613000000000
0!
#8613500000000
1!
b1100111000 +
b100011111 (
1)
1*
#8614000000000
0!
#8614500000000
1!
b1001110001 +
b1000111111 (
0)
0*
#8615000000000
0!
#8615500000000
1!
b11100011 +
b1111110 (
1*
#8616000000000
0!
#8616500000000
1!
b111000110 +
b11111101 (
#8617000000000
0!
#8617500000000
1!
b1110001101 +
b111111011 (
0*
1)
1*
#8618000000000
0!
#8618500000000
1!
b1100011010 +
b1111110110 (
0'
0*
#8619000000000
0!
#8619500000000
1!
b1000110101 +
b1111101100 (
1'
1*
#8620000000000
0!
#8620500000000
1!
b1101010 +
b1111011001 (
0*
#8621000000000
0!
#8621500000000
1!
b11010100 +
b1110110011 (
0'
1*
#8622000000000
0!
#8622500000000
1!
b110101001 +
b1101100111 (
#8623000000000
0!
#8623500000000
1!
b1101010010 +
b1011001111 (
1'
0*
0)
#8624000000000
0!
#8624500000000
1!
b1010100101 +
b110011110 (
1)
1*
#8625000000000
0!
#8625500000000
1!
b101001010 +
b1100111100 (
0*
#8626000000000
0!
#8626500000000
1!
b1010010100 +
b1001111000 (
1*
0)
0*
#8627000000000
0!
#8627500000000
1!
b100101000 +
b11110000 (
0'
1*
0*
#8628000000000
0!
#8628500000000
1!
b1001010000 +
b111100000 (
1*
1)
0*
#8629000000000
0!
#8629500000000
1!
b10100001 +
b1111000001 (
1*
#8630000000000
0!
#8630500000000
1!
b101000010 +
b1110000011 (
#8631000000000
0!
#8631500000000
1!
b1010000100 +
b1100000110 (
0*
#8632000000000
0!
#8632500000000
1!
b100001000 +
b1000001100 (
1'
1*
0)
#8633000000000
0!
#8633500000000
1!
b1000010000 +
b11000 (
0*
#8634000000000
0!
#8634500000000
1!
b100001 +
b110000 (
0'
1*
0*
#8635000000000
0!
#8635500000000
1!
b1000010 +
b1100001 (
#8636000000000
0!
#8636500000000
1!
b10000100 +
b11000011 (
#8637000000000
0!
#8637500000000
1!
b100001001 +
b110000110 (
1)
1*
#8638000000000
0!
#8638500000000
1!
b1000010010 +
b1100001100 (
1'
0*
1*
#8639000000000
0!
#8639500000000
1!
b100101 +
b1000011001 (
0*
0)
1*
#8640000000000
0!
#8640500000000
1!
b1001011 +
b110011 (
0'
0*
#8641000000000
0!
#8641500000000
1!
b10010110 +
b1100110 (
#8642000000000
0!
#8642500000000
1!
b100101101 +
b11001101 (
1'
1*
#8643000000000
0!
#8643500000000
1!
b1001011011 +
b110011010 (
0*
1)
1*
#8644000000000
0!
#8644500000000
1!
b10110111 +
b1100110101 (
0'
0*
1*
#8645000000000
0!
#8645500000000
1!
b101101111 +
b1001101010 (
1'
0)
#8646000000000
0!
#8646500000000
1!
b1011011111 +
b11010101 (
0'
0*
1*
#8647000000000
0!
#8647500000000
1!
b110111110 +
b110101010 (
1'
0*
1)
#8648000000000
0!
#8648500000000
1!
b1101111101 +
b1101010100 (
0'
1*
0*
#8649000000000
0!
#8649500000000
1!
b1011111010 +
b1010101001 (
1'
0)
#8650000000000
0!
#8650500000000
1!
b111110101 +
b101010011 (
0'
1*
1)
#8651000000000
0!
#8651500000000
1!
b1111101011 +
b1010100110 (
0*
0)
1*
#8652000000000
0!
#8652500000000
1!
b1111010111 +
b101001101 (
1'
1)
#8653000000000
0!
#8653500000000
1!
b1110101110 +
b1010011010 (
0)
0*
#8654000000000
0!
#8654500000000
1!
b1101011100 +
b100110101 (
0'
1)
#8655000000000
0!
#8655500000000
1!
b1010111000 +
b1001101011 (
1'
0)
#8656000000000
0!
#8656500000000
1!
b101110001 +
b11010111 (
0'
1*
0*
#8657000000000
0!
#8657500000000
1!
b1011100010 +
b110101111 (
1'
1*
1)
#8658000000000
0!
#8658500000000
1!
b111000101 +
b1101011111 (
0*
#8659000000000
0!
#8659500000000
1!
b1110001011 +
b1010111110 (
1*
0)
0*
#8660000000000
0!
#8660500000000
1!
b1100010111 +
b101111101 (
1)
1*
#8661000000000
0!
#8661500000000
1!
b1000101110 +
b1011111011 (
0)
0*
#8662000000000
0!
#8662500000000
1!
b1011100 +
b111110110 (
0'
1*
1)
#8663000000000
0!
#8663500000000
1!
b10111001 +
b1111101101 (
1'
0*
#8664000000000
0!
#8664500000000
1!
b101110010 +
b1111011011 (
#8665000000000
0!
#8665500000000
1!
b1011100100 +
b1110110110 (
0'
1*
0*
#8666000000000
0!
#8666500000000
1!
b111001000 +
b1101101100 (
1'
1*
0*
#8667000000000
0!
#8667500000000
1!
b1110010000 +
b1011011000 (
1*
0)
0*
#8668000000000
0!
#8668500000000
1!
b1100100001 +
b110110000 (
0'
1)
#8669000000000
0!
#8669500000000
1!
b1001000011 +
b1101100001 (
#8670000000000
0!
#8670500000000
1!
b10000111 +
b1011000011 (
1*
0)
0*
#8671000000000
0!
#8671500000000
1!
b100001111 +
b110000111 (
1)
1*
#8672000000000
0!
#8672500000000
1!
b1000011111 +
b1100001110 (
1'
0*
1*
#8673000000000
0!
#8673500000000
1!
b111110 +
b1000011100 (
0*
0)
1*
#8674000000000
0!
#8674500000000
1!
b1111101 +
b111000 (
#8675000000000
0!
#8675500000000
1!
b11111011 +
b1110001 (
0'
0*
#8676000000000
0!
#8676500000000
1!
b111110110 +
b11100011 (
#8677000000000
0!
#8677500000000
1!
b1111101101 +
b111000111 (
1*
1)
0*
#8678000000000
0!
#8678500000000
1!
b1111011010 +
b1110001110 (
1'
1*
#8679000000000
0!
#8679500000000
1!
b1110110101 +
b1100011101 (
#8680000000000
0!
#8680500000000
1!
b1101101010 +
b1000111011 (
0)
0*
#8681000000000
0!
#8681500000000
1!
b1011010101 +
b1110111 (
0'
1*
#8682000000000
0!
#8682500000000
1!
b110101010 +
b11101111 (
1'
0*
1*
#8683000000000
0!
#8683500000000
1!
b1101010100 +
b111011110 (
0*
1)
1*
#8684000000000
0!
#8684500000000
1!
b1010101000 +
b1110111100 (
#8685000000000
0!
#8685500000000
1!
b101010001 +
b1101111001 (
0*
#8686000000000
0!
#8686500000000
1!
b1010100010 +
b1011110011 (
0'
1*
0)
#8687000000000
0!
#8687500000000
1!
b101000101 +
b111100110 (
0*
1)
1*
#8688000000000
0!
#8688500000000
1!
b1010001011 +
b1111001101 (
1'
0*
1*
#8689000000000
0!
#8689500000000
1!
b100010111 +
b1110011010 (
0*
#8690000000000
0!
#8690500000000
1!
b1000101111 +
b1100110100 (
0'
1*
0*
#8691000000000
0!
#8691500000000
1!
b1011110 +
b1001101000 (
1'
1*
0)
#8692000000000
0!
#8692500000000
1!
b10111101 +
b11010000 (
0'
0*
#8693000000000
0!
#8693500000000
1!
b101111011 +
b110100001 (
1)
1*
#8694000000000
0!
#8694500000000
1!
b1011110110 +
b1101000011 (
0*
#8695000000000
0!
#8695500000000
1!
b111101100 +
b1010000111 (
1*
0)
0*
#8696000000000
0!
#8696500000000
1!
b1111011001 +
b100001110 (
1'
1*
1)
#8697000000000
0!
#8697500000000
1!
b1110110011 +
b1000011101 (
0)
0*
#8698000000000
0!
#8698500000000
1!
b1101100111 +
b111010 (
#8699000000000
0!
#8699500000000
1!
b1011001110 +
b1110100 (
0'
1*
#8700000000000
0!
#8700500000000
1!
b110011100 +
b11101000 (
1'
0*
1*
#8701000000000
0!
#8701500000000
1!
b1100111001 +
b111010000 (
0'
0*
1)
#8702000000000
0!
#8702500000000
1!
b1001110011 +
b1110100000 (
#8703000000000
0!
#8703500000000
1!
b11100111 +
b1101000000 (
1*
#8704000000000
0!
#8704500000000
1!
b111001111 +
b1010000000 (
0)
0*
#8705000000000
0!
#8705500000000
1!
b1110011111 +
b100000000 (
1*
1)
0*
#8706000000000
0!
#8706500000000
1!
b1100111110 +
b1000000001 (
0)
1*
#8707000000000
0!
#8707500000000
1!
b1001111100 +
b11 (
#8708000000000
0!
#8708500000000
1!
b11111000 +
b111 (
0*
#8709000000000
0!
#8709500000000
1!
b111110000 +
b1110 (
1'
1*
#8710000000000
0!
#8710500000000
1!
b1111100000 +
b11100 (
0*
#8711000000000
0!
#8711500000000
1!
b1111000001 +
b111001 (
#8712000000000
0!
#8712500000000
1!
b1110000011 +
b1110011 (
0'
1*
#8713000000000
0!
#8713500000000
1!
b1100000111 +
b11100110 (
#8714000000000
0!
#8714500000000
1!
b1000001110 +
b111001100 (
1'
1)
#8715000000000
0!
#8715500000000
1!
b11100 +
b1110011001 (
0*
#8716000000000
0!
#8716500000000
1!
b111001 +
b1100110011 (
0'
1*
#8717000000000
0!
#8717500000000
1!
b1110010 +
b1001100110 (
0)
0*
#8718000000000
0!
#8718500000000
1!
b11100100 +
b11001100 (
1'
1*
#8719000000000
0!
#8719500000000
1!
b111001001 +
b110011000 (
1)
0*
#8720000000000
0!
#8720500000000
1!
b1110010010 +
b1100110000 (
0'
1*
0*
#8721000000000
0!
#8721500000000
1!
b1100100101 +
b1001100001 (
0)
1*
#8722000000000
0!
#8722500000000
1!
b1001001010 +
b11000010 (
#8723000000000
0!
#8723500000000
1!
b10010101 +
b110000100 (
0*
1)
1*
#8724000000000
0!
#8724500000000
1!
b100101011 +
b1100001001 (
1'
0*
#8725000000000
0!
#8725500000000
1!
b1001010110 +
b1000010010 (
0'
1*
0)
#8726000000000
0!
#8726500000000
1!
b10101100 +
b100100 (
0*
#8727000000000
0!
#8727500000000
1!
b101011001 +
b1001000 (
1'
1*
#8728000000000
0!
#8728500000000
1!
b1010110010 +
b10010000 (
0'
0*
1*
#8729000000000
0!
#8729500000000
1!
b101100101 +
b100100001 (
0*
1)
1*
#8730000000000
0!
#8730500000000
1!
b1011001011 +
b1001000010 (
0*
0)
1*
#8731000000000
0!
#8731500000000
1!
b110010111 +
b10000100 (
0*
#8732000000000
0!
#8732500000000
1!
b1100101111 +
b100001000 (
1'
1*
1)
#8733000000000
0!
#8733500000000
1!
b1001011110 +
b1000010001 (
0'
0)
#8734000000000
0!
#8734500000000
1!
b10111100 +
b100011 (
0*
#8735000000000
0!
#8735500000000
1!
b101111001 +
b1000110 (
#8736000000000
0!
#8736500000000
1!
b1011110010 +
b10001100 (
1'
1*
0*
#8737000000000
0!
#8737500000000
1!
b111100101 +
b100011000 (
1*
1)
0*
#8738000000000
0!
#8738500000000
1!
b1111001011 +
b1000110001 (
0'
1*
0)
#8739000000000
0!
#8739500000000
1!
b1110010111 +
b1100010 (
#8740000000000
0!
#8740500000000
1!
b1100101110 +
b11000100 (
#8741000000000
0!
#8741500000000
1!
b1001011100 +
b110001000 (
1'
1)
#8742000000000
0!
#8742500000000
1!
b10111000 +
b1100010000 (
0'
0*
1*
#8743000000000
0!
#8743500000000
1!
b101110000 +
b1000100000 (
0)
0*
#8744000000000
0!
#8744500000000
1!
b1011100000 +
b1000000 (
1*
#8745000000000
0!
#8745500000000
1!
b111000001 +
b10000000 (
0*
#8746000000000
0!
#8746500000000
1!
b1110000010 +
b100000001 (
1*
1)
0*
#8747000000000
0!
#8747500000000
1!
b1100000101 +
b1000000011 (
0)
1*
#8748000000000
0!
#8748500000000
1!
b1000001010 +
b110 (
#8749000000000
0!
#8749500000000
1!
b10101 +
b1100 (
1'
0*
1*
#8750000000000
0!
#8750500000000
1!
b101011 +
b11001 (
#8751000000000
0!
#8751500000000
1!
b1010110 +
b110010 (
0'
0*
#8752000000000
0!
#8752500000000
1!
b10101101 +
b1100100 (
#8753000000000
0!
#8753500000000
1!
b101011011 +
b11001000 (
1'
1*
#8754000000000
0!
#8754500000000
1!
b1010110110 +
b110010001 (
0'
0*
1)
#8755000000000
0!
#8755500000000
1!
b101101100 +
b1100100010 (
1*
#8756000000000
0!
#8756500000000
1!
b1011011001 +
b1001000100 (
0*
0)
1*
#8757000000000
0!
#8757500000000
1!
b110110011 +
b10001000 (
1'
0*
1*
#8758000000000
0!
#8758500000000
1!
b1101100110 +
b100010001 (
0'
0*
1)
#8759000000000
0!
#8759500000000
1!
b1011001100 +
b1000100011 (
0)
1*
#8760000000000
0!
#8760500000000
1!
b110011000 +
b1000111 (
0*
#8761000000000
0!
#8761500000000
1!
b1100110000 +
b10001110 (
1'
1*
0*
#8762000000000
0!
#8762500000000
1!
b1001100001 +
b100011101 (
1)
1*
#8763000000000
0!
#8763500000000
1!
b11000011 +
b1000111010 (
0*
0)
1*
#8764000000000
0!
#8764500000000
1!
b110000110 +
b1110101 (
0'
0*
#8765000000000
0!
#8765500000000
1!
b1100001101 +
b11101010 (
1'
1*
0*
#8766000000000
0!
#8766500000000
1!
b1000011010 +
b111010101 (
0'
1)
#8767000000000
0!
#8767500000000
1!
b110101 +
b1110101011 (
1'
1*
0*
#8768000000000
0!
#8768500000000
1!
b1101011 +
b1101010111 (
0'
1*
#8769000000000
0!
#8769500000000
1!
b11010110 +
b1010101110 (
1'
0)
#8770000000000
0!
#8770500000000
1!
b110101101 +
b101011101 (
1)
0*
#8771000000000
0!
#8771500000000
1!
b1101011011 +
b1010111010 (
1*
0)
0*
#8772000000000
0!
#8772500000000
1!
b1010110111 +
b101110100 (
0'
1)
#8773000000000
0!
#8773500000000
1!
b101101110 +
b1011101001 (
1'
1*
0)
#8774000000000
0!
#8774500000000
1!
b1011011101 +
b111010011 (
0'
0*
1)
#8775000000000
0!
#8775500000000
1!
b110111010 +
b1110100111 (
1*
#8776000000000
0!
#8776500000000
1!
b1101110100 +
b1101001110 (
1'
0*
1*
#8777000000000
0!
#8777500000000
1!
b1011101000 +
b1010011100 (
0)
0*
#8778000000000
0!
#8778500000000
1!
b111010001 +
b100111001 (
1*
1)
0*
#8779000000000
0!
#8779500000000
1!
b1110100010 +
b1001110010 (
0'
1*
0)
#8780000000000
0!
#8780500000000
1!
b1101000101 +
b11100101 (
#8781000000000
0!
#8781500000000
1!
b1010001010 +
b111001011 (
1'
1)
#8782000000000
0!
#8782500000000
1!
b100010101 +
b1110010111 (
0'
0*
1*
#8783000000000
0!
#8783500000000
1!
b1000101011 +
b1100101111 (
1'
0*
1*
#8784000000000
0!
#8784500000000
1!
b1010111 +
b1001011111 (
0*
0)
1*
#8785000000000
0!
#8785500000000
1!
b10101111 +
b10111111 (
#8786000000000
0!
#8786500000000
1!
b101011111 +
b101111110 (
1)
0*
#8787000000000
0!
#8787500000000
1!
b1010111111 +
b1011111100 (
1*
0)
0*
#8788000000000
0!
#8788500000000
1!
b101111110 +
b111111000 (
1*
1)
0*
#8789000000000
0!
#8789500000000
1!
b1011111101 +
b1111110001 (
0'
1*
0*
#8790000000000
0!
#8790500000000
1!
b111111010 +
b1111100010 (
1*
#8791000000000
0!
#8791500000000
1!
b1111110100 +
b1111000101 (
0*
#8792000000000
0!
#8792500000000
1!
b1111101000 +
b1110001010 (
1'
1*
#8793000000000
0!
#8793500000000
1!
b1111010001 +
b1100010100 (
0'
0*
#8794000000000
0!
#8794500000000
1!
b1110100011 +
b1000101001 (
1'
0)
#8795000000000
0!
#8795500000000
1!
b1101000111 +
b1010010 (
0'
1*
#8796000000000
0!
#8796500000000
1!
b1010001110 +
b10100101 (
#8797000000000
0!
#8797500000000
1!
b100011100 +
b101001011 (
1'
0*
1)
#8798000000000
0!
#8798500000000
1!
b1000111001 +
b1010010110 (
0'
1*
0)
#8799000000000
0!
#8799500000000
1!
b1110011 +
b100101100 (
1'
0*
1)
#8800000000000
0!
#8800500000000
1!
b11100110 +
b1001011001 (
0)
1*
#8801000000000
0!
#8801500000000
1!
b111001101 +
b10110011 (
0'
0*
#8802000000000
0!
#8802500000000
1!
b1110011011 +
b101100111 (
1*
1)
0*
#8803000000000
0!
#8803500000000
1!
b1100110111 +
b1011001110 (
1'
0)
#8804000000000
0!
#8804500000000
1!
b1001101110 +
b110011100 (
1)
1*
#8805000000000
0!
#8805500000000
1!
b11011100 +
b1100111001 (
0*
#8806000000000
0!
#8806500000000
1!
b110111001 +
b1001110011 (
0'
0)
#8807000000000
0!
#8807500000000
1!
b1101110010 +
b11100111 (
1*
#8808000000000
0!
#8808500000000
1!
b1011100101 +
b111001110 (
1'
1)
#8809000000000
0!
#8809500000000
1!
b111001010 +
b1110011100 (
0*
#8810000000000
0!
#8810500000000
1!
b1110010100 +
b1100111000 (
1*
#8811000000000
0!
#8811500000000
1!
b1100101000 +
b1001110001 (
0'
0)
#8812000000000
0!
#8812500000000
1!
b1001010001 +
b11100010 (
#8813000000000
0!
#8813500000000
1!
b10100011 +
b111000101 (
0*
1)
1*
#8814000000000
0!
#8814500000000
1!
b101000110 +
b1110001011 (
1'
0*
#8815000000000
0!
#8815500000000
1!
b1010001101 +
b1100010110 (
0'
1*
0*
#8816000000000
0!
#8816500000000
1!
b100011010 +
b1000101100 (
1'
1*
0)
#8817000000000
0!
#8817500000000
1!
b1000110100 +
b1011001 (
0*
#8818000000000
0!
#8818500000000
1!
b1101000 +
b10110010 (
0'
1*
0*
#8819000000000
0!
#8819500000000
1!
b11010000 +
b101100101 (
1)
1*
#8820000000000
0!
#8820500000000
1!
b110100000 +
b1011001011 (
1'
0)
#8821000000000
0!
#8821500000000
1!
b1101000000 +
b110010111 (
0'
0*
1)
#8822000000000
0!
#8822500000000
1!
b1010000001 +
b1100101110 (
1'
1*
#8823000000000
0!
#8823500000000
1!
b100000011 +
b1001011101 (
0*
0)
1*
#8824000000000
0!
#8824500000000
1!
b1000000110 +
b10111010 (
0*
#8825000000000
0!
#8825500000000
1!
b1100 +
b101110101 (
0'
1*
1)
#8826000000000
0!
#8826500000000
1!
b11001 +
b1011101011 (
1'
0)
#8827000000000
0!
#8827500000000
1!
b110010 +
b111010110 (
0'
1)
#8828000000000
0!
#8828500000000
1!
b1100100 +
b1110101100 (
1'
0*
#8829000000000
0!
#8829500000000
1!
b11001001 +
b1101011001 (
#8830000000000
0!
#8830500000000
1!
b110010010 +
b1010110010 (
0'
0)
#8831000000000
0!
#8831500000000
1!
b1100100100 +
b101100100 (
1*
1)
0*
#8832000000000
0!
#8832500000000
1!
b1001001000 +
b1011001001 (
1'
0)
#8833000000000
0!
#8833500000000
1!
b10010001 +
b110010010 (
0'
1*
1)
#8834000000000
0!
#8834500000000
1!
b100100010 +
b1100100101 (
#8835000000000
0!
#8835500000000
1!
b1001000100 +
b1001001010 (
1'
0*
0)
#8836000000000
0!
#8836500000000
1!
b10001000 +
b10010100 (
0'
1*
0*
#8837000000000
0!
#8837500000000
1!
b100010000 +
b100101000 (
1'
1)
#8838000000000
0!
#8838500000000
1!
b1000100000 +
b1001010000 (
0'
1*
0)
#8839000000000
0!
#8839500000000
1!
b1000001 +
b10100001 (
0*
#8840000000000
0!
#8840500000000
1!
b10000010 +
b101000010 (
1)
1*
#8841000000000
0!
#8841500000000
1!
b100000100 +
b1010000100 (
0)
0*
#8842000000000
0!
#8842500000000
1!
b1000001001 +
b100001001 (
1'
1*
1)
#8843000000000
0!
#8843500000000
1!
b10011 +
b1000010011 (
0'
0*
0)
#8844000000000
0!
#8844500000000
1!
b100110 +
b100110 (
#8845000000000
0!
#8845500000000
1!
b1001101 +
b1001101 (
1'
1*
#8846000000000
0!
#8846500000000
1!
b10011011 +
b10011011 (
#8847000000000
0!
#8847500000000
1!
b100110110 +
b100110110 (
0'
1)
#8848000000000
0!
#8848500000000
1!
b1001101101 +
b1001101100 (
1'
0*
0)
#8849000000000
0!
#8849500000000
1!
b11011010 +
b11011001 (
1*
#8850000000000
0!
#8850500000000
1!
b110110100 +
b110110011 (
0'
1)
#8851000000000
0!
#8851500000000
1!
b1101101001 +
b1101100110 (
0*
#8852000000000
0!
#8852500000000
1!
b1011010011 +
b1011001101 (
1'
0)
#8853000000000
0!
#8853500000000
1!
b110100111 +
b110011011 (
1*
1)
0*
#8854000000000
0!
#8854500000000
1!
b1101001111 +
b1100110111 (
0'
1*
0*
#8855000000000
0!
#8855500000000
1!
b1010011110 +
b1001101111 (
1'
0)
#8856000000000
0!
#8856500000000
1!
b100111100 +
b11011110 (
1*
#8857000000000
0!
#8857500000000
1!
b1001111001 +
b110111101 (
0*
1)
1*
#8858000000000
0!
#8858500000000
1!
b11110011 +
b1101111010 (
0*
#8859000000000
0!
#8859500000000
1!
b111100110 +
b1011110100 (
0'
0)
#8860000000000
0!
#8860500000000
1!
b1111001101 +
b111101000 (
1'
1*
1)
#8861000000000
0!
#8861500000000
1!
b1110011010 +
b1111010001 (
0'
0*
#8862000000000
0!
#8862500000000
1!
b1100110101 +
b1110100011 (
#8863000000000
0!
#8863500000000
1!
b1001101010 +
b1101000111 (
#8864000000000
0!
#8864500000000
1!
b11010101 +
b1010001110 (
1'
1*
0)
#8865000000000
0!
#8865500000000
1!
b110101011 +
b100011100 (
1)
0*
#8866000000000
0!
#8866500000000
1!
b1101010110 +
b1000111000 (
1*
0)
0*
#8867000000000
0!
#8867500000000
1!
b1010101100 +
b1110000 (
0'
1*
#8868000000000
0!
#8868500000000
1!
b101011000 +
b11100001 (
0*
#8869000000000
0!
#8869500000000
1!
b1010110000 +
b111000010 (
1*
1)
0*
#8870000000000
0!
#8870500000000
1!
b101100001 +
b1110000101 (
1*
#8871000000000
0!
#8871500000000
1!
b1011000010 +
b1100001010 (
1'
0*
1*
#8872000000000
0!
#8872500000000
1!
b110000101 +
b1000010101 (
0'
0*
0)
#8873000000000
0!
#8873500000000
1!
b1100001011 +
b101010 (
1'
1*
0*
#8874000000000
0!
#8874500000000
1!
b1000010111 +
b1010100 (
0'
1*
#8875000000000
0!
#8875500000000
1!
b101110 +
b10101001 (
1'
0*
1*
#8876000000000
0!
#8876500000000
1!
b1011101 +
b101010010 (
0'
1)
#8877000000000
0!
#8877500000000
1!
b10111011 +
b1010100100 (
0)
0*
#8878000000000
0!
#8878500000000
1!
b101110110 +
b101001000 (
1'
1)
#8879000000000
0!
#8879500000000
1!
b1011101101 +
b1010010001 (
0'
1*
0)
#8880000000000
0!
#8880500000000
1!
b111011010 +
b100100010 (
0*
1)
1*
#8881000000000
0!
#8881500000000
1!
b1110110100 +
b1001000101 (
0*
0)
1*
#8882000000000
0!
#8882500000000
1!
b1101101000 +
b10001010 (
1'
0*
#8883000000000
0!
#8883500000000
1!
b1011010001 +
b100010100 (
0'
1)
#8884000000000
0!
#8884500000000
1!
b110100011 +
b1000101000 (
1'
1*
0)
#8885000000000
0!
#8885500000000
1!
b1101000110 +
b1010000 (
0'
0*
1*
#8886000000000
0!
#8886500000000
1!
b1010001100 +
b10100000 (
#8887000000000
0!
#8887500000000
1!
b100011000 +
b101000000 (
0*
1)
1*
#8888000000000
0!
#8888500000000
1!
b1000110000 +
b1010000001 (
0*
0)
1*
#8889000000000
0!
#8889500000000
1!
b1100001 +
b100000010 (
0*
1)
1*
#8890000000000
0!
#8890500000000
1!
b11000010 +
b1000000100 (
0)
0*
#8891000000000
0!
#8891500000000
1!
b110000100 +
b1000 (
1'
1*
#8892000000000
0!
#8892500000000
1!
b1100001001 +
b10000 (
0'
0*
1*
#8893000000000
0!
#8893500000000
1!
b1000010011 +
b100000 (
#8894000000000
0!
#8894500000000
1!
b100111 +
b1000001 (
0*
#8895000000000
0!
#8895500000000
1!
b1001111 +
b10000010 (
#8896000000000
0!
#8896500000000
1!
b10011111 +
b100000100 (
1)
1*
#8897000000000
0!
#8897500000000
1!
b100111111 +
b1000001000 (
1'
0)
#8898000000000
0!
#8898500000000
1!
b1001111111 +
b10001 (
0'
0*
1*
#8899000000000
0!
#8899500000000
1!
b11111110 +
b100010 (
0*
#8900000000000
0!
#8900500000000
1!
b111111101 +
b1000100 (
#8901000000000
0!
#8901500000000
1!
b1111111011 +
b10001001 (
1'
1*
0*
#8902000000000
0!
#8902500000000
1!
b1111110111 +
b100010011 (
0'
1)
#8903000000000
0!
#8903500000000
1!
b1111101110 +
b1000100110 (
0)
1*
#8904000000000
0!
#8904500000000
1!
b1111011100 +
b1001100 (
1'
0*
#8905000000000
0!
#8905500000000
1!
b1110111000 +
b10011001 (
#8906000000000
0!
#8906500000000
1!
b1101110001 +
b100110011 (
0'
1)
#8907000000000
0!
#8907500000000
1!
b1011100011 +
b1001100111 (
0)
1*
#8908000000000
0!
#8908500000000
1!
b111000111 +
b11001110 (
1'
0*
1*
#8909000000000
0!
#8909500000000
1!
b1110001111 +
b110011101 (
0*
1)
1*
#8910000000000
0!
#8910500000000
1!
b1100011110 +
b1100111011 (
#8911000000000
0!
#8911500000000
1!
b1000111100 +
b1001110110 (
0'
0)
#8912000000000
0!
#8912500000000
1!
b1111000 +
b11101100 (
1'
0*
1*
#8913000000000
0!
#8913500000000
1!
b11110000 +
b111011001 (
1)
0*
#8914000000000
0!
#8914500000000
1!
b111100000 +
b1110110010 (
0'
1*
#8915000000000
0!
#8915500000000
1!
b1111000000 +
b1101100101 (
0*
#8916000000000
0!
#8916500000000
1!
b1110000001 +
b1011001010 (
1'
0)
#8917000000000
0!
#8917500000000
1!
b1100000011 +
b110010101 (
0'
1)
#8918000000000
0!
#8918500000000
1!
b1000000111 +
b1100101011 (
1'
1*
#8919000000000
0!
#8919500000000
1!
b1110 +
b1001010110 (
0'
0*
0)
#8920000000000
0!
#8920500000000
1!
b11101 +
b10101101 (
1'
1*
#8921000000000
0!
#8921500000000
1!
b111011 +
b101011011 (
1)
0*
#8922000000000
0!
#8922500000000
1!
b1110110 +
b1010110110 (
0'
0)
#8923000000000
0!
#8923500000000
1!
b11101101 +
b101101101 (
1'
1)
#8924000000000
0!
#8924500000000
1!
b111011011 +
b1011011011 (
0)
1*
#8925000000000
0!
#8925500000000
1!
b1110110110 +
b110110111 (
0'
0*
1)
#8926000000000
0!
#8926500000000
1!
b1101101100 +
b1101101111 (
1'
1*
#8927000000000
0!
#8927500000000
1!
b1011011000 +
b1011011111 (
0)
0*
#8928000000000
0!
#8928500000000
1!
b110110001 +
b110111110 (
1*
1)
0*
#8929000000000
0!
#8929500000000
1!
b1101100010 +
b1101111101 (
1*
#8930000000000
0!
#8930500000000
1!
b1011000101 +
b1011111010 (
0)
0*
#8931000000000
0!
#8931500000000
1!
b110001010 +
b111110100 (
0'
1*
1)
#8932000000000
0!
#8932500000000
1!
b1100010100 +
b1111101000 (
1'
0*
1*
#8933000000000
0!
#8933500000000
1!
b1000101000 +
b1111010000 (
0'
0*
#8934000000000
0!
#8934500000000
1!
b1010001 +
b1110100001 (
1*
#8935000000000
0!
#8935500000000
1!
b10100010 +
b1101000010 (
#8936000000000
0!
#8936500000000
1!
b101000100 +
b1010000101 (
0)
0*
#8937000000000
0!
#8937500000000
1!
b1010001001 +
b100001011 (
1'
1*
1)
#8938000000000
0!
#8938500000000
1!
b100010011 +
b1000010110 (
0'
0*
0)
#8939000000000
0!
#8939500000000
1!
b1000100110 +
b101101 (
1'
1*
0*
#8940000000000
0!
#8940500000000
1!
b1001100 +
b1011010 (
1*
#8941000000000
0!
#8941500000000
1!
b10011001 +
b10110101 (
0'
0*
#8942000000000
0!
#8942500000000
1!
b100110010 +
b101101011 (
1'
1)
#8943000000000
0!
#8943500000000
1!
b1001100100 +
b1011010111 (
0'
1*
0)
#8944000000000
0!
#8944500000000
1!
b11001000 +
b110101110 (
1'
0*
1)
#8945000000000
0!
#8945500000000
1!
b110010000 +
b1101011101 (
#8946000000000
0!
#8946500000000
1!
b1100100000 +
b1010111011 (
1*
0)
0*
#8947000000000
0!
#8947500000000
1!
b1001000001 +
b101110110 (
0'
1)
#8948000000000
0!
#8948500000000
1!
b10000011 +
b1011101100 (
1'
1*
0)
#8949000000000
0!
#8949500000000
1!
b100000110 +
b111011000 (
1)
0*
#8950000000000
0!
#8950500000000
1!
b1000001101 +
b1110110000 (
0'
1*
0*
#8951000000000
0!
#8951500000000
1!
b11010 +
b1101100000 (
1*
#8952000000000
0!
#8952500000000
1!
b110100 +
b1011000001 (
0)
0*
#8953000000000
0!
#8953500000000
1!
b1101001 +
b110000010 (
1)
1*
#8954000000000
0!
#8954500000000
1!
b11010010 +
b1100000101 (
#8955000000000
0!
#8955500000000
1!
b110100100 +
b1000001011 (
1'
0)
#8956000000000
0!
#8956500000000
1!
b1101001001 +
b10110 (
0'
0*
1*
#8957000000000
0!
#8957500000000
1!
b1010010011 +
b101100 (
1'
0*
#8958000000000
0!
#8958500000000
1!
b100100111 +
b1011000 (
1*
#8959000000000
0!
#8959500000000
1!
b1001001111 +
b10110000 (
0'
0*
1*
#8960000000000
0!
#8960500000000
1!
b10011110 +
b101100000 (
0*
1)
1*
#8961000000000
0!
#8961500000000
1!
b100111101 +
b1011000000 (
0)
0*
#8962000000000
0!
#8962500000000
1!
b1001111011 +
b110000000 (
1*
1)
0*
#8963000000000
0!
#8963500000000
1!
b11110111 +
b1100000000 (
1*
#8964000000000
0!
#8964500000000
1!
b111101111 +
b1000000000 (
0)
0*
#8965000000000
0!
#8965500000000
1!
b1111011111 +
b1 (
1*
#8966000000000
0!
#8966500000000
1!
b1110111110 +
b10 (
#8967000000000
0!
#8967500000000
1!
b1101111100 +
b101 (
#8968000000000
0!
#8968500000000
1!
b1011111000 +
b1011 (
1'
0*
#8969000000000
0!
#8969500000000
1!
b111110001 +
b10111 (
0'
1*
0*
#8970000000000
0!
#8970500000000
1!
b1111100010 +
b101110 (
1'
1*
0*
#8971000000000
0!
#8971500000000
1!
b1111000101 +
b1011101 (
#8972000000000
0!
#8972500000000
1!
b1110001010 +
b10111011 (
#8973000000000
0!
#8973500000000
1!
b1100010101 +
b101110111 (
0'
1)
#8974000000000
0!
#8974500000000
1!
b1000101010 +
b1011101110 (
1'
0)
#8975000000000
0!
#8975500000000
1!
b1010101 +
b111011101 (
1*
1)
0*
#8976000000000
0!
#8976500000000
1!
b10101011 +
b1110111011 (
#8977000000000
0!
#8977500000000
1!
b101010110 +
b1101110111 (
0'
1*
#8978000000000
0!
#8978500000000
1!
b1010101101 +
b1011101111 (
1'
0*
0)
#8979000000000
0!
#8979500000000
1!
b101011010 +
b111011111 (
1*
1)
0*
#8980000000000
0!
#8980500000000
1!
b1010110100 +
b1110111110 (
1*
#8981000000000
0!
#8981500000000
1!
b101101000 +
b1101111100 (
0*
#8982000000000
0!
#8982500000000
1!
b1011010000 +
b1011111000 (
1*
0)
0*
#8983000000000
0!
#8983500000000
1!
b110100001 +
b111110001 (
0'
1*
1)
#8984000000000
0!
#8984500000000
1!
b1101000010 +
b1111100011 (
0*
#8985000000000
0!
#8985500000000
1!
b1010000101 +
b1111000111 (
#8986000000000
0!
#8986500000000
1!
b100001010 +
b1110001111 (
1'
1*
0*
#8987000000000
0!
#8987500000000
1!
b1000010100 +
b1100011111 (
1*
#8988000000000
0!
#8988500000000
1!
b101000 +
b1000111110 (
0*
0)
1*
#8989000000000
0!
#8989500000000
1!
b1010000 +
b1111100 (
#8990000000000
0!
#8990500000000
1!
b10100000 +
b11111000 (
#8991000000000
0!
#8991500000000
1!
b101000000 +
b111110000 (
0'
1)
#8992000000000
0!
#8992500000000
1!
b1010000000 +
b1111100001 (
0*
#8993000000000
0!
#8993500000000
1!
b100000001 +
b1111000010 (
1*
#8994000000000
0!
#8994500000000
1!
b1000000010 +
b1110000100 (
0*
#8995000000000
0!
#8995500000000
1!
b101 +
b1100001000 (
1'
1*
0*
#8996000000000
0!
#8996500000000
1!
b1011 +
b1000010000 (
0'
0)
#8997000000000
0!
#8997500000000
1!
b10110 +
b100001 (
#8998000000000
0!
#8998500000000
1!
b101101 +
b1000011 (
#8999000000000
0!
#8999500000000
1!
b1011011 +
b10000111 (
#9000000000000
0!
#9000500000000
1!
b10110110 +
b100001111 (
1'
1)
#9001000000000
0!
#9001500000000
1!
b101101101 +
b1000011111 (
0)
1*
#9002000000000
0!
#9002500000000
1!
b1011011011 +
b111111 (
0*
#9003000000000
0!
#9003500000000
1!
b110110111 +
b1111111 (
1*
#9004000000000
0!
#9004500000000
1!
b1101101111 +
b11111111 (
0*
#9005000000000
0!
#9005500000000
1!
b1011011110 +
b111111110 (
1)
1*
#9006000000000
0!
#9006500000000
1!
b110111100 +
b1111111101 (
0*
#9007000000000
0!
#9007500000000
1!
b1101111001 +
b1111111011 (
1*
#9008000000000
0!
#9008500000000
1!
b1011110011 +
b1111110111 (
0'
0*
#9009000000000
0!
#9009500000000
1!
b111100111 +
b1111101110 (
1'
1*
0*
#9010000000000
0!
#9010500000000
1!
b1111001111 +
b1111011100 (
1*
#9011000000000
0!
#9011500000000
1!
b1110011110 +
b1110111000 (
#9012000000000
0!
#9012500000000
1!
b1100111100 +
b1101110000 (
0'
0*
#9013000000000
0!
#9013500000000
1!
b1001111000 +
b1011100001 (
0)
1*
#9014000000000
0!
#9014500000000
1!
b11110001 +
b111000011 (
0*
1)
1*
#9015000000000
0!
#9015500000000
1!
b111100010 +
b1110000111 (
#9016000000000
0!
#9016500000000
1!
b1111000100 +
b1100001111 (
1'
0*
1*
#9017000000000
0!
#9017500000000
1!
b1110001000 +
b1000011110 (
0)
0*
#9018000000000
0!
#9018500000000
1!
b1100010001 +
b111101 (
#9019000000000
0!
#9019500000000
1!
b1000100011 +
b1111010 (
#9020000000000
0!
#9020500000000
1!
b1000111 +
b11110100 (
0'
1*
0*
#9021000000000
0!
#9021500000000
1!
b10001111 +
b111101001 (
1'
1)
#9022000000000
0!
#9022500000000
1!
b100011111 +
b1111010011 (
0'
1*
#9023000000000
0!
#9023500000000
1!
b1000111111 +
b1110100110 (
0*
#9024000000000
0!
#9024500000000
1!
b1111110 +
b1101001100 (
1'
1*
0*
#9025000000000
0!
#9025500000000
1!
b11111101 +
b1010011001 (
0)
1*
#9026000000000
0!
#9026500000000
1!
b111111011 +
b100110010 (
0'
1)
#9027000000000
0!
#9027500000000
1!
b1111110110 +
b1001100101 (
0*
0)
1*
#9028000000000
0!
#9028500000000
1!
b1111101100 +
b11001011 (
1'
0*
#9029000000000
0!
#9029500000000
1!
b1111011000 +
b110010110 (
0'
1)
#9030000000000
0!
#9030500000000
1!
b1110110001 +
b1100101100 (
1'
1*
#9031000000000
0!
#9031500000000
1!
b1101100011 +
b1001011000 (
0)
0*
#9032000000000
0!
#9032500000000
1!
b1011000111 +
b10110001 (
0'
1*
#9033000000000
0!
#9033500000000
1!
b110001110 +
b101100010 (
0*
1)
1*
#9034000000000
0!
#9034500000000
1!
b1100011101 +
b1011000101 (
0*
0)
1*
#9035000000000
0!
#9035500000000
1!
b1000111010 +
b110001011 (
1'
1)
#9036000000000
0!
#9036500000000
1!
b1110101 +
b1100010111 (
0'
0*
1*
#9037000000000
0!
#9037500000000
1!
b11101011 +
b1000101110 (
1'
0)
#9038000000000
0!
#9038500000000
1!
b111010110 +
b1011100 (
#9039000000000
0!
#9039500000000
1!
b1110101101 +
b10111001 (
0*
#9040000000000
0!
#9040500000000
1!
b1101011010 +
b101110010 (
0'
1)
#9041000000000
0!
#9041500000000
1!
b1010110101 +
b1011100101 (
0)
1*
#9042000000000
0!
#9042500000000
1!
b101101010 +
b111001010 (
1'
0*
1)
#9043000000000
0!
#9043500000000
1!
b1011010100 +
b1110010101 (
0'
1*
0*
#9044000000000
0!
#9044500000000
1!
b110101000 +
b1100101010 (
1'
1*
0*
#9045000000000
0!
#9045500000000
1!
b1101010000 +
b1001010100 (
0'
1*
0)
#9046000000000
0!
#9046500000000
1!
b1010100001 +
b10101000 (
1'
0*
#9047000000000
0!
#9047500000000
1!
b101000011 +
b101010000 (
0'
1*
1)
#9048000000000
0!
#9048500000000
1!
b1010000110 +
b1010100001 (
0*
0)
1*
#9049000000000
0!
#9049500000000
1!
b100001100 +
b101000011 (
0*
1)
1*
#9050000000000
0!
#9050500000000
1!
b1000011001 +
b1010000110 (
0*
0)
1*
#9051000000000
0!
#9051500000000
1!
b110011 +
b100001100 (
1'
0*
1)
#9052000000000
0!
#9052500000000
1!
b1100110 +
b1000011000 (
0)
1*
#9053000000000
0!
#9053500000000
1!
b11001101 +
b110001 (
0'
0*
#9054000000000
0!
#9054500000000
1!
b110011011 +
b1100011 (
#9055000000000
0!
#9055500000000
1!
b1100110110 +
b11000110 (
1*
#9056000000000
0!
#9056500000000
1!
b1001101100 +
b110001101 (
1'
1)
#9057000000000
0!
#9057500000000
1!
b11011000 +
b1100011011 (
0*
#9058000000000
0!
#9058500000000
1!
b110110000 +
b1000110111 (
0'
0)
#9059000000000
0!
#9059500000000
1!
b1101100000 +
b1101110 (
1'
1*
0*
#9060000000000
0!
#9060500000000
1!
b1011000001 +
b11011101 (
#9061000000000
0!
#9061500000000
1!
b110000011 +
b110111010 (
1*
1)
0*
#9062000000000
0!
#9062500000000
1!
b1100000110 +
b1101110100 (
0'
1*
0*
#9063000000000
0!
#9063500000000
1!
b1000001100 +
b1011101000 (
1'
0)
#9064000000000
0!
#9064500000000
1!
b11000 +
b111010001 (
0'
1*
1)
#9065000000000
0!
#9065500000000
1!
b110000 +
b1110100010 (
#9066000000000
0!
#9066500000000
1!
b1100000 +
b1101000101 (
#9067000000000
0!
#9067500000000
1!
b11000000 +
b1010001011 (
1'
0)
#9068000000000
0!
#9068500000000
1!
b110000000 +
b100010111 (
0'
1)
#9069000000000
0!
#9069500000000
1!
b1100000000 +
b1000101111 (
1'
0*
0)
#9070000000000
0!
#9070500000000
1!
b1000000001 +
b1011110 (
#9071000000000
0!
#9071500000000
1!
b11 +
b10111100 (
1*
#9072000000000
0!
#9072500000000
1!
b110 +
b101111001 (
1)
0*
#9073000000000
0!
#9073500000000
1!
b1101 +
b1011110010 (
0'
0)
#9074000000000
0!
#9074500000000
1!
b11011 +
b111100100 (
1)
1*
#9075000000000
0!
#9075500000000
1!
b110110 +
b1111001000 (
1'
0*
#9076000000000
0!
#9076500000000
1!
b1101101 +
b1110010001 (
0'
1*
#9077000000000
0!
#9077500000000
1!
b11011011 +
b1100100011 (
#9078000000000
0!
#9078500000000
1!
b110110110 +
b1001000110 (
0)
0*
#9079000000000
0!
#9079500000000
1!
b1101101101 +
b10001101 (
1'
1*
0*
#9080000000000
0!
#9080500000000
1!
b1011011010 +
b100011010 (
1)
1*
#9081000000000
0!
#9081500000000
1!
b110110101 +
b1000110100 (
0'
0*
0)
#9082000000000
0!
#9082500000000
1!
b1101101011 +
b1101001 (
1'
1*
0*
#9083000000000
0!
#9083500000000
1!
b1011010111 +
b11010011 (
0'
1*
#9084000000000
0!
#9084500000000
1!
b110101110 +
b110100110 (
0*
1)
1*
#9085000000000
0!
#9085500000000
1!
b1101011101 +
b1101001101 (
1'
0*
1*
#9086000000000
0!
#9086500000000
1!
b1010111010 +
b1010011011 (
0)
0*
#9087000000000
0!
#9087500000000
1!
b101110101 +
b100110111 (
0'
1*
1)
#9088000000000
0!
#9088500000000
1!
b1011101011 +
b1001101110 (
1'
0*
0)
#9089000000000
0!
#9089500000000
1!
b111010111 +
b11011100 (
1*
#9090000000000
0!
#9090500000000
1!
b1110101111 +
b110111000 (
0*
1)
1*
#9091000000000
0!
#9091500000000
1!
b1101011110 +
b1101110001 (
0'
0*
#9092000000000
0!
#9092500000000
1!
b1010111100 +
b1011100011 (
0)
1*
#9093000000000
0!
#9093500000000
1!
b101111000 +
b111000110 (
0*
1)
1*
#9094000000000
0!
#9094500000000
1!
b1011110000 +
b1110001100 (
1'
0*
1*
#9095000000000
0!
#9095500000000
1!
b111100001 +
b1100011000 (
0*
#9096000000000
0!
#9096500000000
1!
b1111000010 +
b1000110000 (
0'
1*
0)
#9097000000000
0!
#9097500000000
1!
b1110000101 +
b1100000 (
#9098000000000
0!
#9098500000000
1!
b1100001010 +
b11000001 (
#9099000000000
0!
#9099500000000
1!
b1000010101 +
b110000011 (
1)
0*
#9100000000000
0!
#9100500000000
1!
b101010 +
b1100000111 (
1*
#9101000000000
0!
#9101500000000
1!
b1010100 +
b1000001110 (
1'
0)
#9102000000000
0!
#9102500000000
1!
b10101001 +
b11101 (
#9103000000000
0!
#9103500000000
1!
b101010010 +
b111011 (
#9104000000000
0!
#9104500000000
1!
b1010100100 +
b1110110 (
0'
0*
1*
#9105000000000
0!
#9105500000000
1!
b101001000 +
b11101101 (
1'
0*
1*
#9106000000000
0!
#9106500000000
1!
b1010010000 +
b111011011 (
0*
1)
1*
#9107000000000
0!
#9107500000000
1!
b100100001 +
b1110110111 (
0'
0*
1*
#9108000000000
0!
#9108500000000
1!
b1001000010 +
b1101101110 (
1'
0*
1*
#9109000000000
0!
#9109500000000
1!
b10000101 +
b1011011101 (
0*
0)
1*
#9110000000000
0!
#9110500000000
1!
b100001011 +
b110111011 (
1)
0*
#9111000000000
0!
#9111500000000
1!
b1000010110 +
b1101110110 (
0'
1*
0*
#9112000000000
0!
#9112500000000
1!
b101100 +
b1011101101 (
1'
1*
0)
#9113000000000
0!
#9113500000000
1!
b1011001 +
b111011010 (
1)
0*
#9114000000000
0!
#9114500000000
1!
b10110010 +
b1110110101 (
0'
1*
#9115000000000
0!
#9115500000000
1!
b101100100 +
b1101101011 (
1'
0*
#9116000000000
0!
#9116500000000
1!
b1011001001 +
b1011010110 (
0'
1*
0)
#9117000000000
0!
#9117500000000
1!
b110010011 +
b110101100 (
1'
0*
1)
#9118000000000
0!
#9118500000000
1!
b1100100110 +
b1101011000 (
1*
#9119000000000
0!
#9119500000000
1!
b1001001100 +
b1010110000 (
0'
0)
#9120000000000
0!
#9120500000000
1!
b10011000 +
b101100001 (
0*
1)
1*
#9121000000000
0!
#9121500000000
1!
b100110000 +
b1011000010 (
0)
0*
#9122000000000
0!
#9122500000000
1!
b1001100000 +
b110000101 (
1*
1)
0*
#9123000000000
0!
#9123500000000
1!
b11000001 +
b1100001011 (
1'
1*
0*
#9124000000000
0!
#9124500000000
1!
b110000010 +
b1000010111 (
0'
0)
#9125000000000
0!
#9125500000000
1!
b1100000100 +
b101111 (
1'
1*
0*
#9126000000000
0!
#9126500000000
1!
b1000001000 +
b1011111 (
#9127000000000
0!
#9127500000000
1!
b10001 +
b10111110 (
1*
#9128000000000
0!
#9128500000000
1!
b100010 +
b101111100 (
1)
0*
#9129000000000
0!
#9129500000000
1!
b1000100 +
b1011111001 (
0)
1*
#9130000000000
0!
#9130500000000
1!
b10001001 +
b111110011 (
0'
1)
#9131000000000
0!
#9131500000000
1!
b100010010 +
b1111100110 (
#9132000000000
0!
#9132500000000
1!
b1000100100 +
b1111001100 (
1'
0*
1*
#9133000000000
0!
#9133500000000
1!
b1001000 +
b1110011000 (
0*
#9134000000000
0!
#9134500000000
1!
b10010000 +
b1100110001 (
0'
1*
#9135000000000
0!
#9135500000000
1!
b100100000 +
b1001100011 (
0)
0*
#9136000000000
0!
#9136500000000
1!
b1001000000 +
b11000111 (
1*
#9137000000000
0!
#9137500000000
1!
b10000001 +
b110001111 (
1'
0*
1)
#9138000000000
0!
#9138500000000
1!
b100000010 +
b1100011110 (
#9139000000000
0!
#9139500000000
1!
b1000000100 +
b1000111100 (
1*
0)
0*
#9140000000000
0!
#9140500000000
1!
b1000 +
b1111001 (
1*
#9141000000000
0!
#9141500000000
1!
b10000 +
b11110011 (
0'
0*
#9142000000000
0!
#9142500000000
1!
b100000 +
b111100111 (
1)
1*
#9143000000000
0!
#9143500000000
1!
b1000000 +
b1111001111 (
1'
0*
#9144000000000
0!
#9144500000000
1!
b10000000 +
b1110011111 (
#9145000000000
0!
#9145500000000
1!
b100000000 +
b1100111111 (
#9146000000000
0!
#9146500000000
1!
b1000000000 +
b1001111111 (
1*
0)
0*
#9147000000000
0!
#9147500000000
1!
b1 +
b11111110 (
1*
#9148000000000
0!
#9148500000000
1!
b10 +
b111111100 (
1)
0*
#9149000000000
0!
#9149500000000
1!
b100 +
b1111111000 (
#9150000000000
0!
#9150500000000
1!
b1001 +
b1111110000 (
0'
1*
#9151000000000
0!
#9151500000000
1!
b10010 +
b1111100000 (
#9152000000000
0!
#9152500000000
1!
b100100 +
b1111000000 (
#9153000000000
0!
#9153500000000
1!
b1001001 +
b1110000001 (
#9154000000000
0!
#9154500000000
1!
b10010010 +
b1100000011 (
#9155000000000
0!
#9155500000000
1!
b100100100 +
b1000000111 (
0)
0*
#9156000000000
0!
#9156500000000
1!
b1001001001 +
b1111 (
1'
1*
0*
#9157000000000
0!
#9157500000000
1!
b10010011 +
b11110 (
1*
#9158000000000
0!
#9158500000000
1!
b100100110 +
b111100 (
#9159000000000
0!
#9159500000000
1!
b1001001101 +
b1111000 (
0*
#9160000000000
0!
#9160500000000
1!
b10011010 +
b11110001 (
0'
1*
0*
#9161000000000
0!
#9161500000000
1!
b100110100 +
b111100010 (
1)
1*
#9162000000000
0!
#9162500000000
1!
b1001101001 +
b1111000100 (
0*
#9163000000000
0!
#9163500000000
1!
b11010011 +
b1110001000 (
1'
1*
0*
#9164000000000
0!
#9164500000000
1!
b110100110 +
b1100010001 (
0'
1*
#9165000000000
0!
#9165500000000
1!
b1101001101 +
b1000100010 (
0*
0)
1*
#9166000000000
0!
#9166500000000
1!
b1010011010 +
b1000101 (
#9167000000000
0!
#9167500000000
1!
b100110101 +
b10001011 (
1'
0*
1*
#9168000000000
0!
#9168500000000
1!
b1001101011 +
b100010110 (
0'
0*
1)
#9169000000000
0!
#9169500000000
1!
b11010111 +
b1000101101 (
1'
1*
0)
#9170000000000
0!
#9170500000000
1!
b110101111 +
b1011011 (
#9171000000000
0!
#9171500000000
1!
b1101011111 +
b10110111 (
0'
0*
1*
#9172000000000
0!
#9172500000000
1!
b1010111110 +
b101101110 (
1'
1)
#9173000000000
0!
#9173500000000
1!
b101111100 +
b1011011100 (
0*
0)
1*
#9174000000000
0!
#9174500000000
1!
b1011111001 +
b110111001 (
0*
1)
1*
#9175000000000
0!
#9175500000000
1!
b111110011 +
b1101110011 (
0'
0*
1*
#9176000000000
0!
#9176500000000
1!
b1111100110 +
b1011100110 (
0*
0)
1*
#9177000000000
0!
#9177500000000
1!
b1111001100 +
b111001101 (
1'
1)
#9178000000000
0!
#9178500000000
1!
b1110011000 +
b1110011011 (
#9179000000000
0!
#9179500000000
1!
b1100110001 +
b1100110110 (
0'
0*
#9180000000000
0!
#9180500000000
1!
b1001100011 +
b1001101101 (
1'
0)
#9181000000000
0!
#9181500000000
1!
b11000111 +
b11011011 (
1*
#9182000000000
0!
#9182500000000
1!
b110001111 +
b110110110 (
0'
1)
#9183000000000
0!
#9183500000000
1!
b1100011111 +
b1101101101 (
1'
0*
1*
#9184000000000
0!
#9184500000000
1!
b1000111110 +
b1011011010 (
0)
0*
#9185000000000
0!
#9185500000000
1!
b1111100 +
b110110101 (
0'
1*
1)
#9186000000000
0!
#9186500000000
1!
b11111001 +
b1101101010 (
1'
0*
#9187000000000
0!
#9187500000000
1!
b111110010 +
b1011010100 (
0'
0)
#9188000000000
0!
#9188500000000
1!
b1111100100 +
b110101001 (
1'
1*
1)
#9189000000000
0!
#9189500000000
1!
b1111001000 +
b1101010011 (
0'
0*
#9190000000000
0!
#9190500000000
1!
b1110010001 +
b1010100111 (
0)
1*
#9191000000000
0!
#9191500000000
1!
b1100100011 +
b101001111 (
1'
1)
#9192000000000
0!
#9192500000000
1!
b1001000111 +
b1010011111 (
0)
0*
#9193000000000
0!
#9193500000000
1!
b10001110 +
b100111110 (
1*
1)
0*
#9194000000000
0!
#9194500000000
1!
b100011101 +
b1001111100 (
0)
1*
#9195000000000
0!
#9195500000000
1!
b1000111011 +
b11111001 (
0*
#9196000000000
0!
#9196500000000
1!
b1110111 +
b111110010 (
0'
1*
1)
#9197000000000
0!
#9197500000000
1!
b11101111 +
b1111100100 (
#9198000000000
0!
#9198500000000
1!
b111011111 +
b1111001001 (
1'
0*
#9199000000000
0!
#9199500000000
1!
b1110111111 +
b1110010011 (
0'
1*
0*
#9200000000000
0!
#9200500000000
1!
b1101111110 +
b1100100110 (
#9201000000000
0!
#9201500000000
1!
b1011111100 +
b1001001101 (
1'
0)
#9202000000000
0!
#9202500000000
1!
b111111000 +
b10011010 (
1*
#9203000000000
0!
#9203500000000
1!
b1111110000 +
b100110100 (
0'
0*
1)
#9204000000000
0!
#9204500000000
1!
b1111100001 +
b1001101001 (
1'
0)
#9205000000000
0!
#9205500000000
1!
b1111000011 +
b11010010 (
0'
1*
#9206000000000
0!
#9206500000000
1!
b1110000111 +
b110100100 (
1)
0*
#9207000000000
0!
#9207500000000
1!
b1100001110 +
b1101001000 (
1'
1*
#9208000000000
0!
#9208500000000
1!
b1000011100 +
b1010010000 (
0'
0)
#9209000000000
0!
#9209500000000
1!
b111000 +
b100100000 (
0*
1)
1*
#9210000000000
0!
#9210500000000
1!
b1110000 +
b1001000000 (
0)
0*
#9211000000000
0!
#9211500000000
1!
b11100000 +
b10000001 (
#9212000000000
0!
#9212500000000
1!
b111000000 +
b100000011 (
1)
1*
#9213000000000
0!
#9213500000000
1!
b1110000000 +
b1000000110 (
0*
0)
1*
#9214000000000
0!
#9214500000000
1!
b1100000001 +
b1101 (
1'
0*
#9215000000000
0!
#9215500000000
1!
b1000000011 +
b11011 (
#9216000000000
0!
#9216500000000
1!
b111 +
b110111 (
0'
1*
0*
#9217000000000
0!
#9217500000000
1!
b1111 +
b1101111 (
1'
1*
#9218000000000
0!
#9218500000000
1!
b11111 +
b11011111 (
#9219000000000
0!
#9219500000000
1!
b111111 +
b110111111 (
1)
0*
#9220000000000
0!
#9220500000000
1!
b1111111 +
b1101111111 (
#9221000000000
0!
#9221500000000
1!
b11111111 +
b1011111111 (
0)
1*
#9222000000000
0!
#9222500000000
1!
b111111111 +
b111111111 (
1)
0*
#9223000000000
0!
#9223500000000
1!
b1111111111 +
b1111111111 (
1*
#9224000000000
0!
#9224500000000
1!
b1111111110 +
b1111111110 (
#9225000000000
