$comment Generated by Amaranth $end
$date 2025-11-22 06:07:06.583652 $end
$timescale 1 fs $end
$scope module bench $end
$scope module top $end
$var wire 1 ! clk $end
$var wire 1 " rst $end
$var wire 1 # valid_prn $end
$var wire 4 $ prn $end
$var wire 10 % g2_init_val $end
$var wire 1 & code_bit $end
$var wire 10 ' g1 $end
$var wire 10 ( g2 $end
$var wire 1 ) code_prompt $end
$var wire 1 * code_early $end
$var wire 1 + code_late $end
$var wire 1 , reset $end
$var wire 1 - chip_strobe $end
$upscope $end
$upscope $end
$enddefinitions $end
#0
$dumpvars
0!
0"
1#
b1 $
b11001000 %
1&
b1111111111 '
b0 (
1)
1*
1+
1,
0-
$end
#500000000
1!
b11001000 (
0,
1-
#1000000000
0!
#1500000000
1!
b110010001 (
b1111111110 '
0-
1-
#2000000000
0!
#2500000000
1!
b1100100010 (
b1111111100 '
0&
0*
0+
0)
0-
1-
#3000000000
0!
#3500000000
1!
b1001000100 (
b1111111000 '
0-
1-
#4000000000
0!
#4500000000
1!
b10001000 (
b1111110001 '
1&
1*
1+
1)
0-
1-
#5000000000
0!
#5500000000
1!
b100010001 (
b1111100011 '
0-
1-
#6000000000
0!
#6500000000
1!
b1000100011 (
b1111000111 '
0&
0*
0+
0)
0-
1-
#7000000000
0!
#7500000000
1!
b1000111 (
b1110001110 '
1&
1*
1+
1)
0-
1-
#8000000000
0!
#8500000000
1!
b10001110 (
b1100011100 '
0-
1-
#9000000000
0!
#9500000000
1!
b100011101 (
b1000111000 '
0-
1-
#10000000000
0!
#10500000000
1!
b1000111010 (
b1110001 '
0-
1-
#11000000000
0!
#11500000000
1!
b1110101 (
b11100010 '
0&
0*
0+
0)
0-
1-
#12000000000
0!
#12500000000
1!
b11101010 (
b111000100 '
0-
1-
#13000000000
0!
#13500000000
1!
b111010101 (
b1110001001 '
1&
1*
1+
1)
0-
1-
#14000000000
0!
#14500000000
1!
b1110101011 (
b1100010011 '
0&
0*
0+
0)
0-
1-
#15000000000
0!
#15500000000
1!
b1101010111 (
b1000100111 '
0-
1-
#16000000000
0!
#16500000000
1!
b1010101110 (
b1001110 '
1&
1*
1+
1)
0-
1-
#17000000000
0!
#17500000000
1!
b101011101 (
b10011101 '
0&
0*
0+
0)
0-
1-
#18000000000
0!
#18500000000
1!
b1010111010 (
b100111011 '
1&
1*
1+
1)
0-
1-
#19000000000
0!
#19500000000
1!
b101110100 (
b1001110110 '
0-
1-
#20000000000
0!
#20500000000
1!
b1011101001 (
b11101100 '
0-
1-
#21000000000
0!
#21500000000
1!
b111010011 (
b111011001 '
0&
0*
0+
0)
0-
1-
#22000000000
0!
#22500000000
1!
b1110100111 (
b1110110010 '
0-
1-
#23000000000
0!
#23500000000
1!
b1101001110 (
b1101100101 '
0-
1-
#24000000000
0!
#24500000000
1!
b1010011100 (
b1011001010 '
0-
1-
#25000000000
0!
#25500000000
1!
b100111001 (
b110010101 '
0-
1-
#26000000000
0!
#26500000000
1!
b1001110010 (
b1100101011 '
0-
1-
#27000000000
0!
#27500000000
1!
b11100101 (
b1001010111 '
1&
1*
1+
1)
0-
1-
#28000000000
0!
#28500000000
1!
b111001011 (
b10101110 '
0&
0*
0+
0)
0-
1-
#29000000000
0!
#29500000000
1!
b1110010111 (
b101011101 '
1&
1*
1+
1)
0-
1-
#30000000000
0!
#30500000000
1!
b1100101111 (
b1010111011 '
0&
0*
0+
0)
0-
1-
#31000000000
0!
#31500000000
1!
b1001011111 (
b101110111 '
1&
1*
1+
1)
0-
1-
#32000000000
0!
#32500000000
1!
b10111111 (
b1011101111 '
0-
1-
#33000000000
0!
#33500000000
1!
b101111110 (
b111011110 '
0&
0*
0+
0)
0-
1-
#34000000000
0!
#34500000000
1!
b1011111100 (
b1110111101 '
0-
1-
#35000000000
0!
#35500000000
1!
b111111000 (
b1101111010 '
1&
1*
1+
1)
0-
1-
#36000000000
0!
#36500000000
1!
b1111110001 (
b1011110101 '
0&
0*
0+
0)
0-
1-
#37000000000
0!
#37500000000
1!
b1111100010 (
b111101010 '
1&
1*
1+
1)
0-
1-
#38000000000
0!
#38500000000
1!
b1111000101 (
b1111010100 '
0&
0*
0+
0)
0-
1-
#39000000000
0!
#39500000000
1!
b1110001010 (
b1110101000 '
0-
1-
#40000000000
0!
#40500000000
1!
b1100010100 (
b1101010001 '
0-
1-
#41000000000
0!
#41500000000
1!
b1000101001 (
b1010100011 '
0-
1-
#42000000000
0!
#42500000000
1!
b1010010 (
b101000111 '
0-
1-
#43000000000
0!
#43500000000
1!
b10100101 (
b1010001111 '
1&
1*
1+
1)
0-
1-
#44000000000
0!
#44500000000
1!
b101001011 (
b100011110 '
0&
0*
0+
0)
0-
1-
#45000000000
0!
#45500000000
1!
b1010010110 (
b1000111101 '
0-
1-
#46000000000
0!
#46500000000
1!
b100101100 (
b1111010 '
0-
1-
#47000000000
0!
#47500000000
1!
b1001011001 (
b11110100 '
1&
1*
1+
1)
0-
1-
#48000000000
0!
#48500000000
1!
b10110011 (
b111101001 '
0&
0*
0+
0)
0-
1-
#49000000000
0!
#49500000000
1!
b101100111 (
b1111010010 '
1&
1*
1+
1)
0-
1-
#50000000000
0!
#50500000000
1!
b1011001110 (
b1110100101 '
0&
0*
0+
0)
0-
1-
#51000000000
0!
#51500000000
1!
b110011100 (
b1101001010 '
1&
1*
1+
1)
0-
1-
#52000000000
0!
#52500000000
1!
b1100111001 (
b1010010101 '
0&
0*
0+
0)
0-
1-
#53000000000
0!
#53500000000
1!
b1001110011 (
b100101010 '
1&
1*
1+
1)
0-
1-
#54000000000
0!
#54500000000
1!
b11100111 (
b1001010100 '
0-
1-
#55000000000
0!
#55500000000
1!
b111001110 (
b10101000 '
0&
0*
0+
0)
0-
1-
#56000000000
0!
#56500000000
1!
b1110011100 (
b101010000 '
1&
1*
1+
1)
0-
1-
#57000000000
0!
#57500000000
1!
b1100111000 (
b1010100000 '
0&
0*
0+
0)
0-
1-
#58000000000
0!
#58500000000
1!
b1001110001 (
b101000001 '
1&
1*
1+
1)
0-
1-
#59000000000
0!
#59500000000
1!
b11100010 (
b1010000010 '
0-
1-
#60000000000
0!
#60500000000
1!
b111000101 (
b100000101 '
0&
0*
0+
0)
0-
1-
#61000000000
0!
#61500000000
1!
b1110001011 (
b1000001011 '
0-
1-
#62000000000
0!
#62500000000
1!
b1100010110 (
b10111 '
1&
1*
1+
1)
0-
1-
#63000000000
0!
#63500000000
1!
b1000101100 (
b101111 '
0-
1-
#64000000000
0!
#64500000000
1!
b1011001 (
b1011111 '
0&
0*
0+
0)
0-
1-
#65000000000
0!
#65500000000
1!
b10110010 (
b10111111 '
0-
1-
#66000000000
0!
#66500000000
1!
b101100101 (
b101111111 '
0-
1-
#67000000000
0!
#67500000000
1!
b1011001011 (
b1011111111 '
0-
1-
#68000000000
0!
#68500000000
1!
b110010111 (
b111111110 '
0-
1-
#69000000000
0!
#69500000000
1!
b1100101110 (
b1111111101 '
0-
1-
#70000000000
0!
#70500000000
1!
b1001011101 (
b1111111010 '
0-
1-
#71000000000
0!
#71500000000
1!
b10111010 (
b1111110101 '
1&
1*
1+
1)
0-
1-
#72000000000
0!
#72500000000
1!
b101110101 (
b1111101010 '
0-
1-
#73000000000
0!
#73500000000
1!
b1011101011 (
b1111010101 '
0&
0*
0+
0)
0-
1-
#74000000000
0!
#74500000000
1!
b111010110 (
b1110101010 '
1&
1*
1+
1)
0-
1-
#75000000000
0!
#75500000000
1!
b1110101100 (
b1101010101 '
0&
0*
0+
0)
0-
1-
#76000000000
0!
#76500000000
1!
b1101011001 (
b1010101010 '
0-
1-
#77000000000
0!
#77500000000
1!
b1010110010 (
b101010101 '
1&
1*
1+
1)
0-
1-
#78000000000
0!
#78500000000
1!
b101100100 (
b1010101011 '
0-
1-
#79000000000
0!
#79500000000
1!
b1011001001 (
b101010111 '
0-
1-
#80000000000
0!
#80500000000
1!
b110010010 (
b1010101111 '
0-
1-
#81000000000
0!
#81500000000
1!
b1100100101 (
b101011110 '
0-
1-
#82000000000
0!
#82500000000
1!
b1001001010 (
b1010111101 '
0&
0*
0+
0)
0-
1-
#83000000000
0!
#83500000000
1!
b10010100 (
b101111010 '
0-
1-
#84000000000
0!
#84500000000
1!
b100101000 (
b1011110100 '
1&
1*
1+
1)
0-
1-
#85000000000
0!
#85500000000
1!
b1001010000 (
b111101000 '
0-
1-
#86000000000
0!
#86500000000
1!
b10100001 (
b1111010000 '
0-
1-
#87000000000
0!
#87500000000
1!
b101000010 (
b1110100001 '
0-
1-
#88000000000
0!
#88500000000
1!
b1010000100 (
b1101000011 '
0&
0*
0+
0)
0-
1-
#89000000000
0!
#89500000000
1!
b100001001 (
b1010000111 '
1&
1*
1+
1)
0-
1-
#90000000000
0!
#90500000000
1!
b1000010011 (
b100001110 '
0-
1-
#91000000000
0!
#91500000000
1!
b100110 (
b1000011101 '
0-
1-
#92000000000
0!
#92500000000
1!
b1001101 (
b111010 '
0&
0*
0+
0)
0-
1-
#93000000000
0!
#93500000000
1!
b10011011 (
b1110100 '
0-
1-
#94000000000
0!
#94500000000
1!
b100110110 (
b11101001 '
0-
1-
#95000000000
0!
#95500000000
1!
b1001101100 (
b111010010 '
1&
1*
1+
1)
0-
1-
#96000000000
0!
#96500000000
1!
b11011001 (
b1110100100 '
0-
1-
#97000000000
0!
#97500000000
1!
b110110011 (
b1101001000 '
0-
1-
#98000000000
0!
#98500000000
1!
b1101100110 (
b1010010001 '
0&
0*
0+
0)
0-
1-
#99000000000
0!
#99500000000
1!
b1011001101 (
b100100011 '
1&
1*
1+
1)
0-
1-
#100000000000
0!
#100500000000
1!
b110011011 (
b1001000110 '
0-
1-
#101000000000
0!
#101500000000
1!
b1100110111 (
b10001100 '
0-
1-
#102000000000
0!
#102500000000
1!
b1001101111 (
b100011001 '
0-
1-
#103000000000
0!
#103500000000
1!
b11011110 (
b1000110010 '
0-
1-
#104000000000
0!
#104500000000
1!
b110111101 (
b1100101 '
0&
0*
0+
0)
0-
1-
#105000000000
0!
#105500000000
1!
b1101111010 (
b11001011 '
1&
1*
1+
1)
0-
1-
#106000000000
0!
#106500000000
1!
b1011110100 (
b110010110 '
0-
1-
#107000000000
0!
#107500000000
1!
b111101000 (
b1100101101 '
0-
1-
#108000000000
0!
#108500000000
1!
b1111010001 (
b1001011010 '
0&
0*
0+
0)
0-
1-
#109000000000
0!
#109500000000
1!
b1110100011 (
b10110101 '
1&
1*
1+
1)
0-
1-
#110000000000
0!
#110500000000
1!
b1101000111 (
b101101011 '
0-
1-
#111000000000
0!
#111500000000
1!
b1010001110 (
b1011010110 '
0&
0*
0+
0)
0-
1-
#112000000000
0!
#112500000000
1!
b100011100 (
b110101100 '
0-
1-
#113000000000
0!
#113500000000
1!
b1000111000 (
b1101011001 '
0-
1-
#114000000000
0!
#114500000000
1!
b1110000 (
b1010110011 '
1&
1*
1+
1)
0-
1-
#115000000000
0!
#115500000000
1!
b11100001 (
b101100111 '
0&
0*
0+
0)
0-
1-
#116000000000
0!
#116500000000
1!
b111000010 (
b1011001111 '
1&
1*
1+
1)
0-
1-
#117000000000
0!
#117500000000
1!
b1110000101 (
b110011110 '
0-
1-
#118000000000
0!
#118500000000
1!
b1100001010 (
b1100111101 '
0&
0*
0+
0)
0-
1-
#119000000000
0!
#119500000000
1!
b1000010101 (
b1001111010 '
0-
1-
#120000000000
0!
#120500000000
1!
b101010 (
b11110101 '
0-
1-
#121000000000
0!
#121500000000
1!
b1010100 (
b111101011 '
0-
1-
#122000000000
0!
#122500000000
1!
b10101001 (
b1111010110 '
1&
1*
1+
1)
0-
1-
#123000000000
0!
#123500000000
1!
b101010010 (
b1110101100 '
0-
1-
#124000000000
0!
#124500000000
1!
b1010100100 (
b1101011000 '
0&
0*
0+
0)
0-
1-
#125000000000
0!
#125500000000
1!
b101001000 (
b1010110001 '
1&
1*
1+
1)
0-
1-
#126000000000
0!
#126500000000
1!
b1010010001 (
b101100011 '
0-
1-
#127000000000
0!
#127500000000
1!
b100100010 (
b1011000110 '
0-
1-
#128000000000
0!
#128500000000
1!
b1001000101 (
b110001100 '
0-
1-
#129000000000
0!
#129500000000
1!
b10001010 (
b1100011001 '
0-
1-
#130000000000
0!
#130500000000
1!
b100010100 (
b1000110011 '
0-
1-
#131000000000
0!
#131500000000
1!
b1000101000 (
b1100111 '
0-
1-
#132000000000
0!
#132500000000
1!
b1010000 (
b11001111 '
0&
0*
0+
0)
0-
1-
#133000000000
0!
#133500000000
1!
b10100000 (
b110011111 '
0-
1-
#134000000000
0!
#134500000000
1!
b101000000 (
b1100111111 '
1&
1*
1+
1)
0-
1-
#135000000000
0!
#135500000000
1!
b1010000001 (
b1001111110 '
0&
0*
0+
0)
0-
1-
#136000000000
0!
#136500000000
1!
b100000010 (
b11111100 '
0-
1-
#137000000000
0!
#137500000000
1!
b1000000100 (
b111111001 '
1&
1*
1+
1)
0-
1-
#138000000000
0!
#138500000000
1!
b1000 (
b1111110010 '
0-
1-
#139000000000
0!
#139500000000
1!
b10000 (
b1111100101 '
0-
1-
#140000000000
0!
#140500000000
1!
b100000 (
b1111001010 '
0-
1-
#141000000000
0!
#141500000000
1!
b1000001 (
b1110010101 '
0-
1-
#142000000000
0!
#142500000000
1!
b10000010 (
b1100101010 '
0-
1-
#143000000000
0!
#143500000000
1!
b100000100 (
b1001010101 '
0-
1-
#144000000000
0!
#144500000000
1!
b1000001000 (
b10101010 '
0-
1-
#145000000000
0!
#145500000000
1!
b10001 (
b101010100 '
0&
0*
0+
0)
0-
1-
#146000000000
0!
#146500000000
1!
b100010 (
b1010101001 '
1&
1*
1+
1)
0-
1-
#147000000000
0!
#147500000000
1!
b1000100 (
b101010011 '
0&
0*
0+
0)
0-
1-
#148000000000
0!
#148500000000
1!
b10001001 (
b1010100110 '
1&
1*
1+
1)
0-
1-
#149000000000
0!
#149500000000
1!
b100010011 (
b101001100 '
0&
0*
0+
0)
0-
1-
#150000000000
0!
#150500000000
1!
b1000100110 (
b1010011001 '
0-
1-
#151000000000
0!
#151500000000
1!
b1001100 (
b100110011 '
0-
1-
#152000000000
0!
#152500000000
1!
b10011001 (
b1001100110 '
1&
1*
1+
1)
0-
1-
#153000000000
0!
#153500000000
1!
b100110011 (
b11001100 '
0&
0*
0+
0)
0-
1-
#154000000000
0!
#154500000000
1!
b1001100111 (
b110011001 '
1&
1*
1+
1)
0-
1-
#155000000000
0!
#155500000000
1!
b11001110 (
b1100110010 '
0-
1-
#156000000000
0!
#156500000000
1!
b110011101 (
b1001100101 '
0-
1-
#157000000000
0!
#157500000000
1!
b1100111011 (
b11001010 '
0-
1-
#158000000000
0!
#158500000000
1!
b1001110110 (
b110010100 '
0-
1-
#159000000000
0!
#159500000000
1!
b11101100 (
b1100101001 '
0-
1-
#160000000000
0!
#160500000000
1!
b111011001 (
b1001010011 '
0-
1-
#161000000000
0!
#161500000000
1!
b1110110010 (
b10100111 '
0-
1-
#162000000000
0!
#162500000000
1!
b1101100101 (
b101001111 '
0-
1-
#163000000000
0!
#163500000000
1!
b1011001010 (
b1010011111 '
0&
0*
0+
0)
0-
1-
#164000000000
0!
#164500000000
1!
b110010101 (
b100111110 '
0-
1-
#165000000000
0!
#165500000000
1!
b1100101011 (
b1001111101 '
0-
1-
#166000000000
0!
#166500000000
1!
b1001010110 (
b11111010 '
1&
1*
1+
1)
0-
1-
#167000000000
0!
#167500000000
1!
b10101101 (
b111110100 '
0&
0*
0+
0)
0-
1-
#168000000000
0!
#168500000000
1!
b101011011 (
b1111101001 '
1&
1*
1+
1)
0-
1-
#169000000000
0!
#169500000000
1!
b1010110110 (
b1111010011 '
0&
0*
0+
0)
0-
1-
#170000000000
0!
#170500000000
1!
b101101101 (
b1110100111 '
1&
1*
1+
1)
0-
1-
#171000000000
0!
#171500000000
1!
b1011011011 (
b1101001110 '
0&
0*
0+
0)
0-
1-
#172000000000
0!
#172500000000
1!
b110110111 (
b1010011100 '
1&
1*
1+
1)
0-
1-
#173000000000
0!
#173500000000
1!
b1101101111 (
b100111000 '
0-
1-
#174000000000
0!
#174500000000
1!
b1011011111 (
b1001110000 '
0&
0*
0+
0)
0-
1-
#175000000000
0!
#175500000000
1!
b110111110 (
b11100001 '
0-
1-
#176000000000
0!
#176500000000
1!
b1101111101 (
b111000010 '
1&
1*
1+
1)
0-
1-
#177000000000
0!
#177500000000
1!
b1011111010 (
b1110000100 '
0&
0*
0+
0)
0-
1-
#178000000000
0!
#178500000000
1!
b111110100 (
b1100001000 '
1&
1*
1+
1)
0-
1-
#179000000000
0!
#179500000000
1!
b1111101000 (
b1000010001 '
0&
0*
0+
0)
0-
1-
#180000000000
0!
#180500000000
1!
b1111010000 (
b100011 '
1&
1*
1+
1)
0-
1-
#181000000000
0!
#181500000000
1!
b1110100001 (
b1000110 '
0-
1-
#182000000000
0!
#182500000000
1!
b1101000010 (
b10001101 '
0-
1-
#183000000000
0!
#183500000000
1!
b1010000101 (
b100011011 '
0-
1-
#184000000000
0!
#184500000000
1!
b100001011 (
b1000110110 '
0-
1-
#185000000000
0!
#185500000000
1!
b1000010110 (
b1101100 '
0-
1-
#186000000000
0!
#186500000000
1!
b101101 (
b11011001 '
0&
0*
0+
0)
0-
1-
#187000000000
0!
#187500000000
1!
b1011010 (
b110110010 '
0-
1-
#188000000000
0!
#188500000000
1!
b10110101 (
b1101100100 '
1&
1*
1+
1)
0-
1-
#189000000000
0!
#189500000000
1!
b101101011 (
b1011001000 '
0-
1-
#190000000000
0!
#190500000000
1!
b1011010111 (
b110010001 '
0-
1-
#191000000000
0!
#191500000000
1!
b110101110 (
b1100100010 '
0-
1-
#192000000000
0!
#192500000000
1!
b1101011101 (
b1001000101 '
0&
0*
0+
0)
0-
1-
#193000000000
0!
#193500000000
1!
b1010111011 (
b10001010 '
1&
1*
1+
1)
0-
1-
#194000000000
0!
#194500000000
1!
b101110110 (
b100010100 '
0&
0*
0+
0)
0-
1-
#195000000000
0!
#195500000000
1!
b1011101100 (
b1000101001 '
0-
1-
#196000000000
0!
#196500000000
1!
b111011000 (
b1010011 '
0-
1-
#197000000000
0!
#197500000000
1!
b1110110000 (
b10100110 '
1&
1*
1+
1)
0-
1-
#198000000000
0!
#198500000000
1!
b1101100000 (
b101001101 '
0-
1-
#199000000000
0!
#199500000000
1!
b1011000001 (
b1010011011 '
0&
0*
0+
0)
0-
1-
#200000000000
0!
#200500000000
1!
b110000010 (
b100110111 '
0-
1-
#201000000000
0!
#201500000000
1!
b1100000101 (
b1001101111 '
0-
1-
#202000000000
0!
#202500000000
1!
b1000001011 (
b11011110 '
1&
1*
1+
1)
0-
1-
#203000000000
0!
#203500000000
1!
b10110 (
b110111101 '
0&
0*
0+
0)
0-
1-
#204000000000
0!
#204500000000
1!
b101100 (
b1101111011 '
1&
1*
1+
1)
0-
1-
#205000000000
0!
#205500000000
1!
b1011000 (
b1011110111 '
0-
1-
#206000000000
0!
#206500000000
1!
b10110000 (
b111101110 '
0&
0*
0+
0)
0-
1-
#207000000000
0!
#207500000000
1!
b101100000 (
b1111011101 '
1&
1*
1+
1)
0-
1-
#208000000000
0!
#208500000000
1!
b1011000000 (
b1110111010 '
0&
0*
0+
0)
0-
1-
#209000000000
0!
#209500000000
1!
b110000000 (
b1101110101 '
1&
1*
1+
1)
0-
1-
#210000000000
0!
#210500000000
1!
b1100000000 (
b1011101010 '
0&
0*
0+
0)
0-
1-
#211000000000
0!
#211500000000
1!
b1000000000 (
b111010101 '
1&
1*
1+
1)
0-
1-
#212000000000
0!
#212500000000
1!
b1 (
b1110101011 '
0-
1-
#213000000000
0!
#213500000000
1!
b10 (
b1101010111 '
0-
1-
#214000000000
0!
#214500000000
1!
b101 (
b1010101110 '
0-
1-
#215000000000
0!
#215500000000
1!
b1011 (
b101011100 '
0&
0*
0+
0)
0-
1-
#216000000000
0!
#216500000000
1!
b10111 (
b1010111001 '
1&
1*
1+
1)
0-
1-
#217000000000
0!
#217500000000
1!
b101110 (
b101110011 '
0&
0*
0+
0)
0-
1-
#218000000000
0!
#218500000000
1!
b1011101 (
b1011100110 '
1&
1*
1+
1)
0-
1-
#219000000000
0!
#219500000000
1!
b10111011 (
b111001100 '
0&
0*
0+
0)
0-
1-
#220000000000
0!
#220500000000
1!
b101110111 (
b1110011001 '
1&
1*
1+
1)
0-
1-
#221000000000
0!
#221500000000
1!
b1011101110 (
b1100110011 '
0&
0*
0+
0)
0-
1-
#222000000000
0!
#222500000000
1!
b111011101 (
b1001100111 '
1&
1*
1+
1)
0-
1-
#223000000000
0!
#223500000000
1!
b1110111011 (
b11001110 '
0-
1-
#224000000000
0!
#224500000000
1!
b1101110111 (
b110011101 '
0-
1-
#225000000000
0!
#225500000000
1!
b1011101111 (
b1100111011 '
0&
0*
0+
0)
0-
1-
#226000000000
0!
#226500000000
1!
b111011111 (
b1001110111 '
1&
1*
1+
1)
0-
1-
#227000000000
0!
#227500000000
1!
b1110111110 (
b11101110 '
0-
1-
#228000000000
0!
#228500000000
1!
b1101111100 (
b111011101 '
0-
1-
#229000000000
0!
#229500000000
1!
b1011111000 (
b1110111011 '
0&
0*
0+
0)
0-
1-
#230000000000
0!
#230500000000
1!
b111110001 (
b1101110111 '
1&
1*
1+
1)
0-
1-
#231000000000
0!
#231500000000
1!
b1111100011 (
b1011101110 '
0&
0*
0+
0)
0-
1-
#232000000000
0!
#232500000000
1!
b1111000111 (
b111011100 '
1&
1*
1+
1)
0-
1-
#233000000000
0!
#233500000000
1!
b1110001111 (
b1110111001 '
0&
0*
0+
0)
0-
1-
#234000000000
0!
#234500000000
1!
b1100011111 (
b1101110011 '
0-
1-
#235000000000
0!
#235500000000
1!
b1000111110 (
b1011100111 '
0-
1-
#236000000000
0!
#236500000000
1!
b1111100 (
b111001110 '
0-
1-
#237000000000
0!
#237500000000
1!
b11111000 (
b1110011101 '
1&
1*
1+
1)
0-
1-
#238000000000
0!
#238500000000
1!
b111110000 (
b1100111010 '
0-
1-
#239000000000
0!
#239500000000
1!
b1111100001 (
b1001110101 '
0&
0*
0+
0)
0-
1-
#240000000000
0!
#240500000000
1!
b1111000010 (
b11101010 '
1&
1*
1+
1)
0-
1-
#241000000000
0!
#241500000000
1!
b1110000100 (
b111010100 '
0-
1-
#242000000000
0!
#242500000000
1!
b1100001000 (
b1110101001 '
0&
0*
0+
0)
0-
1-
#243000000000
0!
#243500000000
1!
b1000010000 (
b1101010011 '
0-
1-
#244000000000
0!
#244500000000
1!
b100001 (
b1010100111 '
1&
1*
1+
1)
0-
1-
#245000000000
0!
#245500000000
1!
b1000011 (
b101001110 '
0&
0*
0+
0)
0-
1-
#246000000000
0!
#246500000000
1!
b10000111 (
b1010011101 '
1&
1*
1+
1)
0-
1-
#247000000000
0!
#247500000000
1!
b100001111 (
b100111010 '
0&
0*
0+
0)
0-
1-
#248000000000
0!
#248500000000
1!
b1000011111 (
b1001110100 '
0-
1-
#249000000000
0!
#249500000000
1!
b111111 (
b11101000 '
0-
1-
#250000000000
0!
#250500000000
1!
b1111111 (
b111010000 '
0-
1-
#251000000000
0!
#251500000000
1!
b11111111 (
b1110100000 '
1&
1*
1+
1)
0-
1-
#252000000000
0!
#252500000000
1!
b111111110 (
b1101000001 '
0-
1-
#253000000000
0!
#253500000000
1!
b1111111101 (
b1010000011 '
0&
0*
0+
0)
0-
1-
#254000000000
0!
#254500000000
1!
b1111111011 (
b100000111 '
1&
1*
1+
1)
0-
1-
#255000000000
0!
#255500000000
1!
b1111110111 (
b1000001111 '
0&
0*
0+
0)
0-
1-
#256000000000
0!
#256500000000
1!
b1111101110 (
b11110 '
1&
1*
1+
1)
0-
1-
#257000000000
0!
#257500000000
1!
b1111011100 (
b111101 '
0-
1-
#258000000000
0!
#258500000000
1!
b1110111000 (
b1111011 '
0-
1-
#259000000000
0!
#259500000000
1!
b1101110000 (
b11110110 '
0-
1-
#260000000000
0!
#260500000000
1!
b1011100001 (
b111101101 '
0-
1-
#261000000000
0!
#261500000000
1!
b111000011 (
b1111011011 '
0-
1-
#262000000000
0!
#262500000000
1!
b1110000111 (
b1110110111 '
0&
0*
0+
0)
0-
1-
#263000000000
0!
#263500000000
1!
b1100001111 (
b1101101110 '
0-
1-
#264000000000
0!
#264500000000
1!
b1000011110 (
b1011011100 '
0-
1-
#265000000000
0!
#265500000000
1!
b111101 (
b110111000 '
0-
1-
#266000000000
0!
#266500000000
1!
b1111010 (
b1101110000 '
1&
1*
1+
1)
0-
1-
#267000000000
0!
#267500000000
1!
b11110100 (
b1011100001 '
0-
1-
#268000000000
0!
#268500000000
1!
b111101001 (
b111000011 '
0&
0*
0+
0)
0-
1-
#269000000000
0!
#269500000000
1!
b1111010011 (
b1110000110 '
0-
1-
#270000000000
0!
#270500000000
1!
b1110100110 (
b1100001100 '
0-
1-
#271000000000
0!
#271500000000
1!
b1101001100 (
b1000011000 '
0-
1-
#272000000000
0!
#272500000000
1!
b1010011001 (
b110001 '
1&
1*
1+
1)
0-
1-
#273000000000
0!
#273500000000
1!
b100110010 (
b1100010 '
0&
0*
0+
0)
0-
1-
#274000000000
0!
#274500000000
1!
b1001100101 (
b11000100 '
1&
1*
1+
1)
0-
1-
#275000000000
0!
#275500000000
1!
b11001011 (
b110001001 '
0&
0*
0+
0)
0-
1-
#276000000000
0!
#276500000000
1!
b110010110 (
b1100010010 '
1&
1*
1+
1)
0-
1-
#277000000000
0!
#277500000000
1!
b1100101100 (
b1000100101 '
0&
0*
0+
0)
0-
1-
#278000000000
0!
#278500000000
1!
b1001011000 (
b1001010 '
1&
1*
1+
1)
0-
1-
#279000000000
0!
#279500000000
1!
b10110001 (
b10010100 '
0&
0*
0+
0)
0-
1-
#280000000000
0!
#280500000000
1!
b101100010 (
b100101001 '
0-
1-
#281000000000
0!
#281500000000
1!
b1011000101 (
b1001010010 '
0-
1-
#282000000000
0!
#282500000000
1!
b110001011 (
b10100101 '
0-
1-
#283000000000
0!
#283500000000
1!
b1100010111 (
b101001011 '
1&
1*
1+
1)
0-
1-
#284000000000
0!
#284500000000
1!
b1000101110 (
b1010010110 '
0&
0*
0+
0)
0-
1-
#285000000000
0!
#285500000000
1!
b1011100 (
b100101100 '
0-
1-
#286000000000
0!
#286500000000
1!
b10111001 (
b1001011001 '
1&
1*
1+
1)
0-
1-
#287000000000
0!
#287500000000
1!
b101110010 (
b10110011 '
0&
0*
0+
0)
0-
1-
#288000000000
0!
#288500000000
1!
b1011100101 (
b101100110 '
1&
1*
1+
1)
0-
1-
#289000000000
0!
#289500000000
1!
b111001010 (
b1011001101 '
0-
1-
#290000000000
0!
#290500000000
1!
b1110010101 (
b110011010 '
0-
1-
#291000000000
0!
#291500000000
1!
b1100101010 (
b1100110100 '
0&
0*
0+
0)
0-
1-
#292000000000
0!
#292500000000
1!
b1001010100 (
b1001101000 '
0-
1-
#293000000000
0!
#293500000000
1!
b10101000 (
b11010001 '
0-
1-
#294000000000
0!
#294500000000
1!
b101010000 (
b110100010 '
0-
1-
#295000000000
0!
#295500000000
1!
b1010100001 (
b1101000100 '
0-
1-
#296000000000
0!
#296500000000
1!
b101000011 (
b1010001000 '
1&
1*
1+
1)
0-
1-
#297000000000
0!
#297500000000
1!
b1010000110 (
b100010001 '
0-
1-
#298000000000
0!
#298500000000
1!
b100001100 (
b1000100010 '
0-
1-
#299000000000
0!
#299500000000
1!
b1000011000 (
b1000101 '
0-
1-
#300000000000
0!
#300500000000
1!
b110001 (
b10001011 '
0&
0*
0+
0)
0-
1-
#301000000000
0!
#301500000000
1!
b1100011 (
b100010110 '
0-
1-
#302000000000
0!
#302500000000
1!
b11000110 (
b1000101101 '
1&
1*
1+
1)
0-
1-
#303000000000
0!
#303500000000
1!
b110001101 (
b1011010 '
0&
0*
0+
0)
0-
1-
#304000000000
0!
#304500000000
1!
b1100011011 (
b10110100 '
1&
1*
1+
1)
0-
1-
#305000000000
0!
#305500000000
1!
b1000110111 (
b101101001 '
0-
1-
#306000000000
0!
#306500000000
1!
b1101110 (
b1011010010 '
0-
1-
#307000000000
0!
#307500000000
1!
b11011101 (
b110100101 '
0&
0*
0+
0)
0-
1-
#308000000000
0!
#308500000000
1!
b110111010 (
b1101001011 '
1&
1*
1+
1)
0-
1-
#309000000000
0!
#309500000000
1!
b1101110100 (
b1010010111 '
0&
0*
0+
0)
0-
1-
#310000000000
0!
#310500000000
1!
b1011101000 (
b100101110 '
1&
1*
1+
1)
0-
1-
#311000000000
0!
#311500000000
1!
b111010001 (
b1001011101 '
0-
1-
#312000000000
0!
#312500000000
1!
b1110100010 (
b10111010 '
0-
1-
#313000000000
0!
#313500000000
1!
b1101000101 (
b101110100 '
0-
1-
#314000000000
0!
#314500000000
1!
b1010001011 (
b1011101001 '
0&
0*
0+
0)
0-
1-
#315000000000
0!
#315500000000
1!
b100010111 (
b111010011 '
0-
1-
#316000000000
0!
#316500000000
1!
b1000101111 (
b1110100110 '
0-
1-
#317000000000
0!
#317500000000
1!
b1011110 (
b1101001100 '
1&
1*
1+
1)
0-
1-
#318000000000
0!
#318500000000
1!
b10111100 (
b1010011000 '
0-
1-
#319000000000
0!
#319500000000
1!
b101111001 (
b100110001 '
0&
0*
0+
0)
0-
1-
#320000000000
0!
#320500000000
1!
b1011110010 (
b1001100010 '
0-
1-
#321000000000
0!
#321500000000
1!
b111100100 (
b11000101 '
0-
1-
#322000000000
0!
#322500000000
1!
b1111001000 (
b110001011 '
1&
1*
1+
1)
0-
1-
#323000000000
0!
#323500000000
1!
b1110010001 (
b1100010110 '
0&
0*
0+
0)
0-
1-
#324000000000
0!
#324500000000
1!
b1100100011 (
b1000101100 '
0-
1-
#325000000000
0!
#325500000000
1!
b1001000110 (
b1011000 '
1&
1*
1+
1)
0-
1-
#326000000000
0!
#326500000000
1!
b10001101 (
b10110000 '
0&
0*
0+
0)
0-
1-
#327000000000
0!
#327500000000
1!
b100011010 (
b101100000 '
0-
1-
#328000000000
0!
#328500000000
1!
b1000110100 (
b1011000000 '
0-
1-
#329000000000
0!
#329500000000
1!
b1101001 (
b110000001 '
0-
1-
#330000000000
0!
#330500000000
1!
b11010011 (
b1100000010 '
1&
1*
1+
1)
0-
1-
#331000000000
0!
#331500000000
1!
b110100110 (
b1000000101 '
0-
1-
#332000000000
0!
#332500000000
1!
b1101001101 (
b1010 '
0-
1-
#333000000000
0!
#333500000000
1!
b1010011011 (
b10100 '
0-
1-
#334000000000
0!
#334500000000
1!
b100110111 (
b101001 '
0&
0*
0+
0)
0-
1-
#335000000000
0!
#335500000000
1!
b1001101110 (
b1010010 '
1&
1*
1+
1)
0-
1-
#336000000000
0!
#336500000000
1!
b11011100 (
b10100100 '
0&
0*
0+
0)
0-
1-
#337000000000
0!
#337500000000
1!
b110111000 (
b101001001 '
0-
1-
#338000000000
0!
#338500000000
1!
b1101110001 (
b1010010010 '
0-
1-
#339000000000
0!
#339500000000
1!
b1011100011 (
b100100101 '
1&
1*
1+
1)
0-
1-
#340000000000
0!
#340500000000
1!
b111000110 (
b1001001011 '
0-
1-
#341000000000
0!
#341500000000
1!
b1110001100 (
b10010111 '
0-
1-
#342000000000
0!
#342500000000
1!
b1100011000 (
b100101111 '
0-
1-
#343000000000
0!
#343500000000
1!
b1000110000 (
b1001011111 '
0&
0*
0+
0)
0-
1-
#344000000000
0!
#344500000000
1!
b1100000 (
b10111110 '
0-
1-
#345000000000
0!
#345500000000
1!
b11000001 (
b101111101 '
0-
1-
#346000000000
0!
#346500000000
1!
b110000011 (
b1011111011 '
1&
1*
1+
1)
0-
1-
#347000000000
0!
#347500000000
1!
b1100000111 (
b111110111 '
0-
1-
#348000000000
0!
#348500000000
1!
b1000001110 (
b1111101111 '
0&
0*
0+
0)
0-
1-
#349000000000
0!
#349500000000
1!
b11101 (
b1111011110 '
1&
1*
1+
1)
0-
1-
#350000000000
0!
#350500000000
1!
b111011 (
b1110111100 '
0-
1-
#351000000000
0!
#351500000000
1!
b1110110 (
b1101111000 '
0-
1-
#352000000000
0!
#352500000000
1!
b11101101 (
b1011110001 '
0-
1-
#353000000000
0!
#353500000000
1!
b111011011 (
b111100011 '
0&
0*
0+
0)
0-
1-
#354000000000
0!
#354500000000
1!
b1110110111 (
b1111000110 '
0-
1-
#355000000000
0!
#355500000000
1!
b1101101110 (
b1110001100 '
0-
1-
#356000000000
0!
#356500000000
1!
b1011011101 (
b1100011000 '
0-
1-
#357000000000
0!
#357500000000
1!
b110111011 (
b1000110001 '
1&
1*
1+
1)
0-
1-
#358000000000
0!
#358500000000
1!
b1101110110 (
b1100011 '
0-
1-
#359000000000
0!
#359500000000
1!
b1011101101 (
b11000110 '
0-
1-
#360000000000
0!
#360500000000
1!
b111011010 (
b110001101 '
0&
0*
0+
0)
0-
1-
#361000000000
0!
#361500000000
1!
b1110110101 (
b1100011011 '
0-
1-
#362000000000
0!
#362500000000
1!
b1101101011 (
b1000110111 '
0-
1-
#363000000000
0!
#363500000000
1!
b1011010110 (
b1101110 '
1&
1*
1+
1)
0-
1-
#364000000000
0!
#364500000000
1!
b110101100 (
b11011101 '
0&
0*
0+
0)
0-
1-
#365000000000
0!
#365500000000
1!
b1101011000 (
b110111011 '
1&
1*
1+
1)
0-
1-
#366000000000
0!
#366500000000
1!
b1010110000 (
b1101110110 '
0&
0*
0+
0)
0-
1-
#367000000000
0!
#367500000000
1!
b101100001 (
b1011101100 '
1&
1*
1+
1)
0-
1-
#368000000000
0!
#368500000000
1!
b1011000010 (
b111011000 '
0-
1-
#369000000000
0!
#369500000000
1!
b110000101 (
b1110110000 '
0-
1-
#370000000000
0!
#370500000000
1!
b1100001011 (
b1101100001 '
0&
0*
0+
0)
0-
1-
#371000000000
0!
#371500000000
1!
b1000010111 (
b1011000011 '
0-
1-
#372000000000
0!
#372500000000
1!
b101111 (
b110000111 '
0-
1-
#373000000000
0!
#373500000000
1!
b1011111 (
b1100001111 '
1&
1*
1+
1)
0-
1-
#374000000000
0!
#374500000000
1!
b10111110 (
b1000011110 '
0-
1-
#375000000000
0!
#375500000000
1!
b101111100 (
b111100 '
0&
0*
0+
0)
0-
1-
#376000000000
0!
#376500000000
1!
b1011111001 (
b1111001 '
1&
1*
1+
1)
0-
1-
#377000000000
0!
#377500000000
1!
b111110011 (
b11110010 '
0&
0*
0+
0)
0-
1-
#378000000000
0!
#378500000000
1!
b1111100110 (
b111100100 '
1&
1*
1+
1)
0-
1-
#379000000000
0!
#379500000000
1!
b1111001100 (
b1111001001 '
0&
0*
0+
0)
0-
1-
#380000000000
0!
#380500000000
1!
b1110011000 (
b1110010011 '
0-
1-
#381000000000
0!
#381500000000
1!
b1100110001 (
b1100100111 '
0-
1-
#382000000000
0!
#382500000000
1!
b1001100011 (
b1001001110 '
0-
1-
#383000000000
0!
#383500000000
1!
b11000111 (
b10011100 '
0-
1-
#384000000000
0!
#384500000000
1!
b110001111 (
b100111001 '
0-
1-
#385000000000
0!
#385500000000
1!
b1100011110 (
b1001110010 '
0-
1-
#386000000000
0!
#386500000000
1!
b1000111100 (
b11100101 '
1&
1*
1+
1)
0-
1-
#387000000000
0!
#387500000000
1!
b1111001 (
b111001011 '
0&
0*
0+
0)
0-
1-
#388000000000
0!
#388500000000
1!
b11110011 (
b1110010110 '
1&
1*
1+
1)
0-
1-
#389000000000
0!
#389500000000
1!
b111100111 (
b1100101100 '
0-
1-
#390000000000
0!
#390500000000
1!
b1111001111 (
b1001011000 '
0&
0*
0+
0)
0-
1-
#391000000000
0!
#391500000000
1!
b1110011111 (
b10110001 '
1&
1*
1+
1)
0-
1-
#392000000000
0!
#392500000000
1!
b1100111111 (
b101100010 '
0-
1-
#393000000000
0!
#393500000000
1!
b1001111111 (
b1011000100 '
0&
0*
0+
0)
0-
1-
#394000000000
0!
#394500000000
1!
b11111110 (
b110001000 '
0-
1-
#395000000000
0!
#395500000000
1!
b111111100 (
b1100010000 '
1&
1*
1+
1)
0-
1-
#396000000000
0!
#396500000000
1!
b1111111000 (
b1000100001 '
0&
0*
0+
0)
0-
1-
#397000000000
0!
#397500000000
1!
b1111110000 (
b1000011 '
1&
1*
1+
1)
0-
1-
#398000000000
0!
#398500000000
1!
b1111100000 (
b10000110 '
0-
1-
#399000000000
0!
#399500000000
1!
b1111000000 (
b100001101 '
0-
1-
#400000000000
0!
#400500000000
1!
b1110000001 (
b1000011011 '
0&
0*
0+
0)
0-
1-
#401000000000
0!
#401500000000
1!
b1100000011 (
b110111 '
1&
1*
1+
1)
0-
1-
#402000000000
0!
#402500000000
1!
b1000000111 (
b1101111 '
0-
1-
#403000000000
0!
#403500000000
1!
b1111 (
b11011111 '
0&
0*
0+
0)
0-
1-
#404000000000
0!
#404500000000
1!
b11110 (
b110111111 '
0-
1-
#405000000000
0!
#405500000000
1!
b111100 (
b1101111111 '
1&
1*
1+
1)
0-
1-
#406000000000
0!
#406500000000
1!
b1111000 (
b1011111110 '
0-
1-
#407000000000
0!
#407500000000
1!
b11110001 (
b111111100 '
0&
0*
0+
0)
0-
1-
#408000000000
0!
#408500000000
1!
b111100010 (
b1111111001 '
1&
1*
1+
1)
0-
1-
#409000000000
0!
#409500000000
1!
b1111000100 (
b1111110011 '
0&
0*
0+
0)
0-
1-
#410000000000
0!
#410500000000
1!
b1110001000 (
b1111100111 '
0-
1-
#411000000000
0!
#411500000000
1!
b1100010001 (
b1111001110 '
0-
1-
#412000000000
0!
#412500000000
1!
b1000100010 (
b1110011100 '
0-
1-
#413000000000
0!
#413500000000
1!
b1000101 (
b1100111000 '
1&
1*
1+
1)
0-
1-
#414000000000
0!
#414500000000
1!
b10001011 (
b1001110001 '
0-
1-
#415000000000
0!
#415500000000
1!
b100010110 (
b11100011 '
0&
0*
0+
0)
0-
1-
#416000000000
0!
#416500000000
1!
b1000101101 (
b111000110 '
1&
1*
1+
1)
0-
1-
#417000000000
0!
#417500000000
1!
b1011011 (
b1110001101 '
0-
1-
#418000000000
0!
#418500000000
1!
b10110111 (
b1100011010 '
0-
1-
#419000000000
0!
#419500000000
1!
b101101110 (
b1000110101 '
0-
1-
#420000000000
0!
#420500000000
1!
b1011011100 (
b1101010 '
0-
1-
#421000000000
0!
#421500000000
1!
b110111001 (
b11010100 '
0&
0*
0+
0)
0-
1-
#422000000000
0!
#422500000000
1!
b1101110011 (
b110101001 '
1&
1*
1+
1)
0-
1-
#423000000000
0!
#423500000000
1!
b1011100110 (
b1101010010 '
0&
0*
0+
0)
0-
1-
#424000000000
0!
#424500000000
1!
b111001101 (
b1010100101 '
1&
1*
1+
1)
0-
1-
#425000000000
0!
#425500000000
1!
b1110011011 (
b101001010 '
0-
1-
#426000000000
0!
#426500000000
1!
b1100110110 (
b1010010100 '
0&
0*
0+
0)
0-
1-
#427000000000
0!
#427500000000
1!
b1001101101 (
b100101000 '
1&
1*
1+
1)
0-
1-
#428000000000
0!
#428500000000
1!
b11011011 (
b1001010000 '
0-
1-
#429000000000
0!
#429500000000
1!
b110110110 (
b10100001 '
0&
0*
0+
0)
0-
1-
#430000000000
0!
#430500000000
1!
b1101101101 (
b101000010 '
1&
1*
1+
1)
0-
1-
#431000000000
0!
#431500000000
1!
b1011011010 (
b1010000100 '
0&
0*
0+
0)
0-
1-
#432000000000
0!
#432500000000
1!
b110110101 (
b100001000 '
0-
1-
#433000000000
0!
#433500000000
1!
b1101101010 (
b1000010000 '
0-
1-
#434000000000
0!
#434500000000
1!
b1011010100 (
b100001 '
1&
1*
1+
1)
0-
1-
#435000000000
0!
#435500000000
1!
b110101001 (
b1000010 '
0&
0*
0+
0)
0-
1-
#436000000000
0!
#436500000000
1!
b1101010011 (
b10000100 '
1&
1*
1+
1)
0-
1-
#437000000000
0!
#437500000000
1!
b1010100111 (
b100001001 '
0-
1-
#438000000000
0!
#438500000000
1!
b101001111 (
b1000010010 '
0-
1-
#439000000000
0!
#439500000000
1!
b1010011111 (
b100101 '
0-
1-
#440000000000
0!
#440500000000
1!
b100111110 (
b1001011 '
0&
0*
0+
0)
0-
1-
#441000000000
0!
#441500000000
1!
b1001111100 (
b10010110 '
1&
1*
1+
1)
0-
1-
#442000000000
0!
#442500000000
1!
b11111001 (
b100101101 '
0&
0*
0+
0)
0-
1-
#443000000000
0!
#443500000000
1!
b111110010 (
b1001011011 '
1&
1*
1+
1)
0-
1-
#444000000000
0!
#444500000000
1!
b1111100100 (
b10110111 '
0-
1-
#445000000000
0!
#445500000000
1!
b1111001001 (
b101101111 '
0-
1-
#446000000000
0!
#446500000000
1!
b1110010011 (
b1011011111 '
0&
0*
0+
0)
0-
1-
#447000000000
0!
#447500000000
1!
b1100100110 (
b110111110 '
1&
1*
1+
1)
0-
1-
#448000000000
0!
#448500000000
1!
b1001001101 (
b1101111101 '
0&
0*
0+
0)
0-
1-
#449000000000
0!
#449500000000
1!
b10011010 (
b1011111010 '
1&
1*
1+
1)
0-
1-
#450000000000
0!
#450500000000
1!
b100110100 (
b111110101 '
0&
0*
0+
0)
0-
1-
#451000000000
0!
#451500000000
1!
b1001101001 (
b1111101011 '
0-
1-
#452000000000
0!
#452500000000
1!
b11010010 (
b1111010111 '
1&
1*
1+
1)
0-
1-
#453000000000
0!
#453500000000
1!
b110100100 (
b1110101110 '
0-
1-
#454000000000
0!
#454500000000
1!
b1101001000 (
b1101011100 '
0&
0*
0+
0)
0-
1-
#455000000000
0!
#455500000000
1!
b1010010000 (
b1010111000 '
0-
1-
#456000000000
0!
#456500000000
1!
b100100000 (
b101110001 '
0-
1-
#457000000000
0!
#457500000000
1!
b1001000000 (
b1011100010 '
0-
1-
#458000000000
0!
#458500000000
1!
b10000001 (
b111000101 '
0-
1-
#459000000000
0!
#459500000000
1!
b100000011 (
b1110001011 '
1&
1*
1+
1)
0-
1-
#460000000000
0!
#460500000000
1!
b1000000110 (
b1100010111 '
0&
0*
0+
0)
0-
1-
#461000000000
0!
#461500000000
1!
b1101 (
b1000101110 '
1&
1*
1+
1)
0-
1-
#462000000000
0!
#462500000000
1!
b11011 (
b1011100 '
0&
0*
0+
0)
0-
1-
#463000000000
0!
#463500000000
1!
b110111 (
b10111001 '
0-
1-
#464000000000
0!
#464500000000
1!
b1101111 (
b101110010 '
0-
1-
#465000000000
0!
#465500000000
1!
b11011111 (
b1011100100 '
1&
1*
1+
1)
0-
1-
#466000000000
0!
#466500000000
1!
b110111111 (
b111001000 '
0&
0*
0+
0)
0-
1-
#467000000000
0!
#467500000000
1!
b1101111111 (
b1110010000 '
0-
1-
#468000000000
0!
#468500000000
1!
b1011111111 (
b1100100001 '
0-
1-
#469000000000
0!
#469500000000
1!
b111111111 (
b1001000011 '
1&
1*
1+
1)
0-
1-
#470000000000
0!
#470500000000
1!
b1111111111 (
b10000111 '
0-
1-
#471000000000
0!
#471500000000
1!
b1111111110 (
b100001111 '
0-
1-
#472000000000
0!
#472500000000
1!
b1111111100 (
b1000011111 '
0&
0*
0+
0)
0-
1-
#473000000000
0!
#473500000000
1!
b1111111001 (
b111110 '
1&
1*
1+
1)
0-
1-
#474000000000
0!
#474500000000
1!
b1111110010 (
b1111101 '
0-
1-
#475000000000
0!
#475500000000
1!
b1111100101 (
b11111011 '
0-
1-
#476000000000
0!
#476500000000
1!
b1111001011 (
b111110110 '
0-
1-
#477000000000
0!
#477500000000
1!
b1110010110 (
b1111101101 '
0&
0*
0+
0)
0-
1-
#478000000000
0!
#478500000000
1!
b1100101101 (
b1111011010 '
0-
1-
#479000000000
0!
#479500000000
1!
b1001011010 (
b1110110101 '
0-
1-
#480000000000
0!
#480500000000
1!
b10110100 (
b1101101010 '
1&
1*
1+
1)
0-
1-
#481000000000
0!
#481500000000
1!
b101101001 (
b1011010101 '
0-
1-
#482000000000
0!
#482500000000
1!
b1011010010 (
b110101010 '
0-
1-
#483000000000
0!
#483500000000
1!
b110100101 (
b1101010100 '
0-
1-
#484000000000
0!
#484500000000
1!
b1101001010 (
b1010101000 '
0&
0*
0+
0)
0-
1-
#485000000000
0!
#485500000000
1!
b1010010101 (
b101010001 '
1&
1*
1+
1)
0-
1-
#486000000000
0!
#486500000000
1!
b100101011 (
b1010100010 '
0-
1-
#487000000000
0!
#487500000000
1!
b1001010111 (
b101000101 '
0-
1-
#488000000000
0!
#488500000000
1!
b10101111 (
b1010001011 '
0-
1-
#489000000000
0!
#489500000000
1!
b101011110 (
b100010111 '
0&
0*
0+
0)
0-
1-
#490000000000
0!
#490500000000
1!
b1010111101 (
b1000101111 '
0-
1-
#491000000000
0!
#491500000000
1!
b101111010 (
b1011110 '
0-
1-
#492000000000
0!
#492500000000
1!
b1011110101 (
b10111101 '
1&
1*
1+
1)
0-
1-
#493000000000
0!
#493500000000
1!
b111101010 (
b101111011 '
0&
0*
0+
0)
0-
1-
#494000000000
0!
#494500000000
1!
b1111010100 (
b1011110110 '
0-
1-
#495000000000
0!
#495500000000
1!
b1110101000 (
b111101100 '
1&
1*
1+
1)
0-
1-
#496000000000
0!
#496500000000
1!
b1101010000 (
b1111011001 '
0&
0*
0+
0)
0-
1-
#497000000000
0!
#497500000000
1!
b1010100000 (
b1110110011 '
0-
1-
#498000000000
0!
#498500000000
1!
b101000001 (
b1101100111 '
1&
1*
1+
1)
0-
1-
#499000000000
0!
#499500000000
1!
b1010000011 (
b1011001110 '
0&
0*
0+
0)
0-
1-
#500000000000
0!
#500500000000
1!
b100000111 (
b110011100 '
0-
1-
#501000000000
0!
#501500000000
1!
b1000001111 (
b1100111001 '
0-
1-
#502000000000
0!
#502500000000
1!
b11111 (
b1001110011 '
1&
1*
1+
1)
0-
1-
#503000000000
0!
#503500000000
1!
b111110 (
b11100111 '
0&
0*
0+
0)
0-
1-
#504000000000
0!
#504500000000
1!
b1111101 (
b111001111 '
0-
1-
#505000000000
0!
#505500000000
1!
b11111010 (
b1110011111 '
1&
1*
1+
1)
0-
1-
#506000000000
0!
#506500000000
1!
b111110101 (
b1100111110 '
0-
1-
#507000000000
0!
#507500000000
1!
b1111101010 (
b1001111100 '
0&
0*
0+
0)
0-
1-
#508000000000
0!
#508500000000
1!
b1111010101 (
b11111000 '
1&
1*
1+
1)
0-
1-
#509000000000
0!
#509500000000
1!
b1110101010 (
b111110000 '
0-
1-
#510000000000
0!
#510500000000
1!
b1101010101 (
b1111100000 '
0&
0*
0+
0)
0-
1-
#511000000000
0!
#511500000000
1!
b1010101011 (
b1111000001 '
0-
1-
#512000000000
0!
#512500000000
1!
b101010110 (
b1110000011 '
1&
1*
1+
1)
0-
1-
#513000000000
0!
#513500000000
1!
b1010101101 (
b1100000111 '
0&
0*
0+
0)
0-
1-
#514000000000
0!
#514500000000
1!
b101011010 (
b1000001110 '
1&
1*
1+
1)
0-
1-
#515000000000
0!
#515500000000
1!
b1010110100 (
b11100 '
0-
1-
#516000000000
0!
#516500000000
1!
b101101000 (
b111001 '
0&
0*
0+
0)
0-
1-
#517000000000
0!
#517500000000
1!
b1011010000 (
b1110010 '
1&
1*
1+
1)
0-
1-
#518000000000
0!
#518500000000
1!
b110100000 (
b11100100 '
0&
0*
0+
0)
0-
1-
#519000000000
0!
#519500000000
1!
b1101000001 (
b111001001 '
1&
1*
1+
1)
0-
1-
#520000000000
0!
#520500000000
1!
b1010000010 (
b1110010010 '
0&
0*
0+
0)
0-
1-
#521000000000
0!
#521500000000
1!
b100000101 (
b1100100101 '
1&
1*
1+
1)
0-
1-
#522000000000
0!
#522500000000
1!
b1000001010 (
b1001001010 '
0&
0*
0+
0)
0-
1-
#523000000000
0!
#523500000000
1!
b10100 (
b10010101 '
0-
1-
#524000000000
0!
#524500000000
1!
b101001 (
b100101011 '
0-
1-
#525000000000
0!
#525500000000
1!
b1010011 (
b1001010110 '
1&
1*
1+
1)
0-
1-
#526000000000
0!
#526500000000
1!
b10100111 (
b10101100 '
0&
0*
0+
0)
0-
1-
#527000000000
0!
#527500000000
1!
b101001110 (
b101011001 '
0-
1-
#528000000000
0!
#528500000000
1!
b1010011101 (
b1010110010 '
0-
1-
#529000000000
0!
#529500000000
1!
b100111011 (
b101100101 '
0-
1-
#530000000000
0!
#530500000000
1!
b1001110111 (
b1011001011 '
0-
1-
#531000000000
0!
#531500000000
1!
b11101110 (
b110010111 '
0-
1-
#532000000000
0!
#532500000000
1!
b111011100 (
b1100101111 '
1&
1*
1+
1)
0-
1-
#533000000000
0!
#533500000000
1!
b1110111001 (
b1001011110 '
0&
0*
0+
0)
0-
1-
#534000000000
0!
#534500000000
1!
b1101110010 (
b10111100 '
1&
1*
1+
1)
0-
1-
#535000000000
0!
#535500000000
1!
b1011100100 (
b101111001 '
0-
1-
#536000000000
0!
#536500000000
1!
b111001000 (
b1011110010 '
0-
1-
#537000000000
0!
#537500000000
1!
b1110010000 (
b111100101 '
0-
1-
#538000000000
0!
#538500000000
1!
b1100100001 (
b1111001011 '
0&
0*
0+
0)
0-
1-
#539000000000
0!
#539500000000
1!
b1001000011 (
b1110010111 '
0-
1-
#540000000000
0!
#540500000000
1!
b10000110 (
b1100101110 '
1&
1*
1+
1)
0-
1-
#541000000000
0!
#541500000000
1!
b100001101 (
b1001011100 '
0-
1-
#542000000000
0!
#542500000000
1!
b1000011010 (
b10111000 '
0-
1-
#543000000000
0!
#543500000000
1!
b110100 (
b101110000 '
0&
0*
0+
0)
0-
1-
#544000000000
0!
#544500000000
1!
b1101000 (
b1011100000 '
1&
1*
1+
1)
0-
1-
#545000000000
0!
#545500000000
1!
b11010001 (
b111000001 '
0&
0*
0+
0)
0-
1-
#546000000000
0!
#546500000000
1!
b110100011 (
b1110000010 '
1&
1*
1+
1)
0-
1-
#547000000000
0!
#547500000000
1!
b1101000110 (
b1100000101 '
0&
0*
0+
0)
0-
1-
#548000000000
0!
#548500000000
1!
b1010001100 (
b1000001010 '
0-
1-
#549000000000
0!
#549500000000
1!
b100011001 (
b10101 '
0-
1-
#550000000000
0!
#550500000000
1!
b1000110011 (
b101011 '
1&
1*
1+
1)
0-
1-
#551000000000
0!
#551500000000
1!
b1100111 (
b1010110 '
0&
0*
0+
0)
0-
1-
#552000000000
0!
#552500000000
1!
b11001111 (
b10101101 '
0-
1-
#553000000000
0!
#553500000000
1!
b110011111 (
b101011011 '
0-
1-
#554000000000
0!
#554500000000
1!
b1100111110 (
b1010110110 '
0-
1-
#555000000000
0!
#555500000000
1!
b1001111101 (
b101101100 '
1&
1*
1+
1)
0-
1-
#556000000000
0!
#556500000000
1!
b11111011 (
b1011011001 '
0-
1-
#557000000000
0!
#557500000000
1!
b111110111 (
b110110011 '
0&
0*
0+
0)
0-
1-
#558000000000
0!
#558500000000
1!
b1111101111 (
b1101100110 '
0-
1-
#559000000000
0!
#559500000000
1!
b1111011110 (
b1011001100 '
0-
1-
#560000000000
0!
#560500000000
1!
b1110111101 (
b110011000 '
1&
1*
1+
1)
0-
1-
#561000000000
0!
#561500000000
1!
b1101111011 (
b1100110000 '
0&
0*
0+
0)
0-
1-
#562000000000
0!
#562500000000
1!
b1011110110 (
b1001100001 '
0-
1-
#563000000000
0!
#563500000000
1!
b111101101 (
b11000011 '
0-
1-
#564000000000
0!
#564500000000
1!
b1111011010 (
b110000110 '
1&
1*
1+
1)
0-
1-
#565000000000
0!
#565500000000
1!
b1110110100 (
b1100001101 '
0&
0*
0+
0)
0-
1-
#566000000000
0!
#566500000000
1!
b1101101001 (
b1000011010 '
0-
1-
#567000000000
0!
#567500000000
1!
b1011010011 (
b110101 '
1&
1*
1+
1)
0-
1-
#568000000000
0!
#568500000000
1!
b110100111 (
b1101011 '
0&
0*
0+
0)
0-
1-
#569000000000
0!
#569500000000
1!
b1101001111 (
b11010110 '
1&
1*
1+
1)
0-
1-
#570000000000
0!
#570500000000
1!
b1010011110 (
b110101101 '
0-
1-
#571000000000
0!
#571500000000
1!
b100111100 (
b1101011011 '
0-
1-
#572000000000
0!
#572500000000
1!
b1001111001 (
b1010110111 '
0&
0*
0+
0)
0-
1-
#573000000000
0!
#573500000000
1!
b11110010 (
b101101110 '
0-
1-
#574000000000
0!
#574500000000
1!
b111100101 (
b1011011101 '
1&
1*
1+
1)
0-
1-
#575000000000
0!
#575500000000
1!
b1111001010 (
b110111010 '
0-
1-
#576000000000
0!
#576500000000
1!
b1110010100 (
b1101110100 '
0&
0*
0+
0)
0-
1-
#577000000000
0!
#577500000000
1!
b1100101000 (
b1011101000 '
0-
1-
#578000000000
0!
#578500000000
1!
b1001010001 (
b111010001 '
1&
1*
1+
1)
0-
1-
#579000000000
0!
#579500000000
1!
b10100011 (
b1110100010 '
0-
1-
#580000000000
0!
#580500000000
1!
b101000111 (
b1101000101 '
0-
1-
#581000000000
0!
#581500000000
1!
b1010001111 (
b1010001010 '
0&
0*
0+
0)
0-
1-
#582000000000
0!
#582500000000
1!
b100011110 (
b100010101 '
0-
1-
#583000000000
0!
#583500000000
1!
b1000111101 (
b1000101011 '
0-
1-
#584000000000
0!
#584500000000
1!
b1111011 (
b1010111 '
0-
1-
#585000000000
0!
#585500000000
1!
b11110110 (
b10101111 '
0-
1-
#586000000000
0!
#586500000000
1!
b111101100 (
b101011111 '
0-
1-
#587000000000
0!
#587500000000
1!
b1111011000 (
b1010111111 '
0-
1-
#588000000000
0!
#588500000000
1!
b1110110001 (
b101111110 '
1&
1*
1+
1)
0-
1-
#589000000000
0!
#589500000000
1!
b1101100010 (
b1011111101 '
0&
0*
0+
0)
0-
1-
#590000000000
0!
#590500000000
1!
b1011000100 (
b111111010 '
1&
1*
1+
1)
0-
1-
#591000000000
0!
#591500000000
1!
b110001001 (
b1111110100 '
0-
1-
#592000000000
0!
#592500000000
1!
b1100010010 (
b1111101000 '
0&
0*
0+
0)
0-
1-
#593000000000
0!
#593500000000
1!
b1000100101 (
b1111010001 '
0-
1-
#594000000000
0!
#594500000000
1!
b1001011 (
b1110100011 '
1&
1*
1+
1)
0-
1-
#595000000000
0!
#595500000000
1!
b10010111 (
b1101000111 '
0-
1-
#596000000000
0!
#596500000000
1!
b100101111 (
b1010001110 '
0-
1-
#597000000000
0!
#597500000000
1!
b1001011110 (
b100011100 '
0-
1-
#598000000000
0!
#598500000000
1!
b10111101 (
b1000111001 '
0-
1-
#599000000000
0!
#599500000000
1!
b101111011 (
b1110011 '
0&
0*
0+
0)
0-
1-
#600000000000
0!
#600500000000
1!
b1011110111 (
b11100110 '
1&
1*
1+
1)
0-
1-
#601000000000
0!
#601500000000
1!
b111101111 (
b111001101 '
0&
0*
0+
0)
0-
1-
#602000000000
0!
#602500000000
1!
b1111011111 (
b1110011011 '
0-
1-
#603000000000
0!
#603500000000
1!
b1110111111 (
b1100110111 '
0-
1-
#604000000000
0!
#604500000000
1!
b1101111110 (
b1001101110 '
0-
1-
#605000000000
0!
#605500000000
1!
b1011111101 (
b11011100 '
1&
1*
1+
1)
0-
1-
#606000000000
0!
#606500000000
1!
b111111010 (
b110111001 '
0&
0*
0+
0)
0-
1-
#607000000000
0!
#607500000000
1!
b1111110100 (
b1101110010 '
0-
1-
#608000000000
0!
#608500000000
1!
b1111101001 (
b1011100101 '
0-
1-
#609000000000
0!
#609500000000
1!
b1111010010 (
b111001010 '
1&
1*
1+
1)
0-
1-
#610000000000
0!
#610500000000
1!
b1110100100 (
b1110010100 '
0&
0*
0+
0)
0-
1-
#611000000000
0!
#611500000000
1!
b1101001001 (
b1100101000 '
0-
1-
#612000000000
0!
#612500000000
1!
b1010010010 (
b1001010001 '
0-
1-
#613000000000
0!
#613500000000
1!
b100100101 (
b10100011 '
0-
1-
#614000000000
0!
#614500000000
1!
b1001001011 (
b101000110 '
1&
1*
1+
1)
0-
1-
#615000000000
0!
#615500000000
1!
b10010110 (
b1010001101 '
0-
1-
#616000000000
0!
#616500000000
1!
b100101101 (
b100011010 '
0&
0*
0+
0)
0-
1-
#617000000000
0!
#617500000000
1!
b1001011011 (
b1000110100 '
0-
1-
#618000000000
0!
#618500000000
1!
b10110110 (
b1101000 '
0-
1-
#619000000000
0!
#619500000000
1!
b101101100 (
b11010000 '
0-
1-
#620000000000
0!
#620500000000
1!
b1011011001 (
b110100000 '
1&
1*
1+
1)
0-
1-
#621000000000
0!
#621500000000
1!
b110110010 (
b1101000000 '
0-
1-
#622000000000
0!
#622500000000
1!
b1101100100 (
b1010000001 '
0&
0*
0+
0)
0-
1-
#623000000000
0!
#623500000000
1!
b1011001000 (
b100000011 '
1&
1*
1+
1)
0-
1-
#624000000000
0!
#624500000000
1!
b110010000 (
b1000000110 '
0-
1-
#625000000000
0!
#625500000000
1!
b1100100000 (
b1100 '
0-
1-
#626000000000
0!
#626500000000
1!
b1001000001 (
b11001 '
0-
1-
#627000000000
0!
#627500000000
1!
b10000011 (
b110010 '
0&
0*
0+
0)
0-
1-
#628000000000
0!
#628500000000
1!
b100000110 (
b1100100 '
0-
1-
#629000000000
0!
#629500000000
1!
b1000001101 (
b11001001 '
1&
1*
1+
1)
0-
1-
#630000000000
0!
#630500000000
1!
b11010 (
b110010010 '
0&
0*
0+
0)
0-
1-
#631000000000
0!
#631500000000
1!
b110101 (
b1100100100 '
1&
1*
1+
1)
0-
1-
#632000000000
0!
#632500000000
1!
b1101010 (
b1001001000 '
0-
1-
#633000000000
0!
#633500000000
1!
b11010100 (
b10010001 '
0&
0*
0+
0)
0-
1-
#634000000000
0!
#634500000000
1!
b110101000 (
b100100010 '
0-
1-
#635000000000
0!
#635500000000
1!
b1101010001 (
b1001000100 '
0-
1-
#636000000000
0!
#636500000000
1!
b1010100010 (
b10001000 '
1&
1*
1+
1)
0-
1-
#637000000000
0!
#637500000000
1!
b101000100 (
b100010000 '
0&
0*
0+
0)
0-
1-
#638000000000
0!
#638500000000
1!
b1010001000 (
b1000100000 '
0-
1-
#639000000000
0!
#639500000000
1!
b100010000 (
b1000001 '
0-
1-
#640000000000
0!
#640500000000
1!
b1000100001 (
b10000010 '
1&
1*
1+
1)
0-
1-
#641000000000
0!
#641500000000
1!
b1000010 (
b100000100 '
0&
0*
0+
0)
0-
1-
#642000000000
0!
#642500000000
1!
b10000101 (
b1000001001 '
1&
1*
1+
1)
0-
1-
#643000000000
0!
#643500000000
1!
b100001010 (
b10011 '
0&
0*
0+
0)
0-
1-
#644000000000
0!
#644500000000
1!
b1000010100 (
b100110 '
1&
1*
1+
1)
0-
1-
#645000000000
0!
#645500000000
1!
b101000 (
b1001101 '
0&
0*
0+
0)
0-
1-
#646000000000
0!
#646500000000
1!
b1010001 (
b10011011 '
0-
1-
#647000000000
0!
#647500000000
1!
b10100010 (
b100110110 '
0-
1-
#648000000000
0!
#648500000000
1!
b101000101 (
b1001101101 '
1&
1*
1+
1)
0-
1-
#649000000000
0!
#649500000000
1!
b1010001010 (
b11011010 '
0-
1-
#650000000000
0!
#650500000000
1!
b100010101 (
b110110100 '
0&
0*
0+
0)
0-
1-
#651000000000
0!
#651500000000
1!
b1000101010 (
b1101101001 '
0-
1-
#652000000000
0!
#652500000000
1!
b1010101 (
b1011010011 '
1&
1*
1+
1)
0-
1-
#653000000000
0!
#653500000000
1!
b10101011 (
b110100111 '
0&
0*
0+
0)
0-
1-
#654000000000
0!
#654500000000
1!
b101010111 (
b1101001111 '
1&
1*
1+
1)
0-
1-
#655000000000
0!
#655500000000
1!
b1010101111 (
b1010011110 '
0&
0*
0+
0)
0-
1-
#656000000000
0!
#656500000000
1!
b101011111 (
b100111100 '
0-
1-
#657000000000
0!
#657500000000
1!
b1010111111 (
b1001111001 '
0-
1-
#658000000000
0!
#658500000000
1!
b101111111 (
b11110011 '
0-
1-
#659000000000
0!
#659500000000
1!
b1011111110 (
b111100110 '
1&
1*
1+
1)
0-
1-
#660000000000
0!
#660500000000
1!
b111111101 (
b1111001101 '
0-
1-
#661000000000
0!
#661500000000
1!
b1111111010 (
b1110011010 '
0&
0*
0+
0)
0-
1-
#662000000000
0!
#662500000000
1!
b1111110101 (
b1100110101 '
0-
1-
#663000000000
0!
#663500000000
1!
b1111101011 (
b1001101010 '
0-
1-
#664000000000
0!
#664500000000
1!
b1111010111 (
b11010101 '
1&
1*
1+
1)
0-
1-
#665000000000
0!
#665500000000
1!
b1110101111 (
b110101011 '
0-
1-
#666000000000
0!
#666500000000
1!
b1101011110 (
b1101010110 '
0&
0*
0+
0)
0-
1-
#667000000000
0!
#667500000000
1!
b1010111100 (
b1010101100 '
0-
1-
#668000000000
0!
#668500000000
1!
b101111000 (
b101011000 '
0-
1-
#669000000000
0!
#669500000000
1!
b1011110000 (
b1010110000 '
0-
1-
#670000000000
0!
#670500000000
1!
b111100001 (
b101100001 '
0-
1-
#671000000000
0!
#671500000000
1!
b1111000011 (
b1011000010 '
0-
1-
#672000000000
0!
#672500000000
1!
b1110000110 (
b110000101 '
1&
1*
1+
1)
0-
1-
#673000000000
0!
#673500000000
1!
b1100001101 (
b1100001011 '
0&
0*
0+
0)
0-
1-
#674000000000
0!
#674500000000
1!
b1000011011 (
b1000010111 '
0-
1-
#675000000000
0!
#675500000000
1!
b110110 (
b101110 '
0-
1-
#676000000000
0!
#676500000000
1!
b1101101 (
b1011101 '
0-
1-
#677000000000
0!
#677500000000
1!
b11011010 (
b10111011 '
0-
1-
#678000000000
0!
#678500000000
1!
b110110100 (
b101110110 '
0-
1-
#679000000000
0!
#679500000000
1!
b1101101000 (
b1011101101 '
0-
1-
#680000000000
0!
#680500000000
1!
b1011010001 (
b111011010 '
1&
1*
1+
1)
0-
1-
#681000000000
0!
#681500000000
1!
b110100010 (
b1110110100 '
0-
1-
#682000000000
0!
#682500000000
1!
b1101000100 (
b1101101000 '
0&
0*
0+
0)
0-
1-
#683000000000
0!
#683500000000
1!
b1010001001 (
b1011010001 '
0-
1-
#684000000000
0!
#684500000000
1!
b100010010 (
b110100011 '
0-
1-
#685000000000
0!
#685500000000
1!
b1000100100 (
b1101000110 '
0-
1-
#686000000000
0!
#686500000000
1!
b1001001 (
b1010001100 '
1&
1*
1+
1)
0-
1-
#687000000000
0!
#687500000000
1!
b10010010 (
b100011000 '
0&
0*
0+
0)
0-
1-
#688000000000
0!
#688500000000
1!
b100100100 (
b1000110000 '
1&
1*
1+
1)
0-
1-
#689000000000
0!
#689500000000
1!
b1001001001 (
b1100001 '
0-
1-
#690000000000
0!
#690500000000
1!
b10010011 (
b11000010 '
0&
0*
0+
0)
0-
1-
#691000000000
0!
#691500000000
1!
b100100110 (
b110000100 '
0-
1-
#692000000000
0!
#692500000000
1!
b1001001100 (
b1100001001 '
0-
1-
#693000000000
0!
#693500000000
1!
b10011000 (
b1000010011 '
1&
1*
1+
1)
0-
1-
#694000000000
0!
#694500000000
1!
b100110001 (
b100111 '
0&
0*
0+
0)
0-
1-
#695000000000
0!
#695500000000
1!
b1001100010 (
b1001111 '
1&
1*
1+
1)
0-
1-
#696000000000
0!
#696500000000
1!
b11000101 (
b10011111 '
0&
0*
0+
0)
0-
1-
#697000000000
0!
#697500000000
1!
b110001010 (
b100111111 '
0-
1-
#698000000000
0!
#698500000000
1!
b1100010101 (
b1001111111 '
0-
1-
#699000000000
0!
#699500000000
1!
b1000101011 (
b11111110 '
1&
1*
1+
1)
0-
1-
#700000000000
0!
#700500000000
1!
b1010111 (
b111111101 '
0&
0*
0+
0)
0-
1-
#701000000000
0!
#701500000000
1!
b10101110 (
b1111111011 '
1&
1*
1+
1)
0-
1-
#702000000000
0!
#702500000000
1!
b101011100 (
b1111110111 '
0-
1-
#703000000000
0!
#703500000000
1!
b1010111000 (
b1111101110 '
0&
0*
0+
0)
0-
1-
#704000000000
0!
#704500000000
1!
b101110001 (
b1111011100 '
1&
1*
1+
1)
0-
1-
#705000000000
0!
#705500000000
1!
b1011100010 (
b1110111000 '
0&
0*
0+
0)
0-
1-
#706000000000
0!
#706500000000
1!
b111000100 (
b1101110001 '
1&
1*
1+
1)
0-
1-
#707000000000
0!
#707500000000
1!
b1110001001 (
b1011100011 '
0&
0*
0+
0)
0-
1-
#708000000000
0!
#708500000000
1!
b1100010011 (
b111000111 '
1&
1*
1+
1)
0-
1-
#709000000000
0!
#709500000000
1!
b1000100111 (
b1110001111 '
0&
0*
0+
0)
0-
1-
#710000000000
0!
#710500000000
1!
b1001110 (
b1100011110 '
1&
1*
1+
1)
0-
1-
#711000000000
0!
#711500000000
1!
b10011100 (
b1000111100 '
0-
1-
#712000000000
0!
#712500000000
1!
b100111000 (
b1111000 '
0&
0*
0+
0)
0-
1-
#713000000000
0!
#713500000000
1!
b1001110000 (
b11110000 '
1&
1*
1+
1)
0-
1-
#714000000000
0!
#714500000000
1!
b11100000 (
b111100000 '
0&
0*
0+
0)
0-
1-
#715000000000
0!
#715500000000
1!
b111000000 (
b1111000000 '
1&
1*
1+
1)
0-
1-
#716000000000
0!
#716500000000
1!
b1110000000 (
b1110000001 '
0&
0*
0+
0)
0-
1-
#717000000000
0!
#717500000000
1!
b1100000001 (
b1100000011 '
0-
1-
#718000000000
0!
#718500000000
1!
b1000000010 (
b1000000111 '
0-
1-
#719000000000
0!
#719500000000
1!
b100 (
b1110 '
0-
1-
#720000000000
0!
#720500000000
1!
b1001 (
b11101 '
0-
1-
#721000000000
0!
#721500000000
1!
b10010 (
b111011 '
0-
1-
#722000000000
0!
#722500000000
1!
b100101 (
b1110110 '
0-
1-
#723000000000
0!
#723500000000
1!
b1001010 (
b11101101 '
0-
1-
#724000000000
0!
#724500000000
1!
b10010101 (
b111011011 '
0-
1-
#725000000000
0!
#725500000000
1!
b100101010 (
b1110110110 '
1&
1*
1+
1)
0-
1-
#726000000000
0!
#726500000000
1!
b1001010101 (
b1101101100 '
0&
0*
0+
0)
0-
1-
#727000000000
0!
#727500000000
1!
b10101010 (
b1011011000 '
1&
1*
1+
1)
0-
1-
#728000000000
0!
#728500000000
1!
b101010101 (
b110110001 '
0&
0*
0+
0)
0-
1-
#729000000000
0!
#729500000000
1!
b1010101010 (
b1101100010 '
0-
1-
#730000000000
0!
#730500000000
1!
b101010100 (
b1011000101 '
1&
1*
1+
1)
0-
1-
#731000000000
0!
#731500000000
1!
b1010101000 (
b110001010 '
0-
1-
#732000000000
0!
#732500000000
1!
b101010001 (
b1100010100 '
0-
1-
#733000000000
0!
#733500000000
1!
b1010100011 (
b1000101000 '
0&
0*
0+
0)
0-
1-
#734000000000
0!
#734500000000
1!
b101000110 (
b1010001 '
0-
1-
#735000000000
0!
#735500000000
1!
b1010001101 (
b10100010 '
1&
1*
1+
1)
0-
1-
#736000000000
0!
#736500000000
1!
b100011011 (
b101000100 '
0&
0*
0+
0)
0-
1-
#737000000000
0!
#737500000000
1!
b1000110110 (
b1010001001 '
0-
1-
#738000000000
0!
#738500000000
1!
b1101100 (
b100010011 '
0-
1-
#739000000000
0!
#739500000000
1!
b11011000 (
b1000100110 '
1&
1*
1+
1)
0-
1-
#740000000000
0!
#740500000000
1!
b110110001 (
b1001100 '
0&
0*
0+
0)
0-
1-
#741000000000
0!
#741500000000
1!
b1101100011 (
b10011001 '
1&
1*
1+
1)
0-
1-
#742000000000
0!
#742500000000
1!
b1011000110 (
b100110010 '
0-
1-
#743000000000
0!
#743500000000
1!
b110001100 (
b1001100100 '
0-
1-
#744000000000
0!
#744500000000
1!
b1100011001 (
b11001000 '
0-
1-
#745000000000
0!
#745500000000
1!
b1000110010 (
b110010000 '
0-
1-
#746000000000
0!
#746500000000
1!
b1100101 (
b1100100000 '
0-
1-
#747000000000
0!
#747500000000
1!
b11001010 (
b1001000001 '
0-
1-
#748000000000
0!
#748500000000
1!
b110010100 (
b10000011 '
0&
0*
0+
0)
0-
1-
#749000000000
0!
#749500000000
1!
b1100101001 (
b100000110 '
1&
1*
1+
1)
0-
1-
#750000000000
0!
#750500000000
1!
b1001010011 (
b1000001101 '
0&
0*
0+
0)
0-
1-
#751000000000
0!
#751500000000
1!
b10100110 (
b11010 '
0-
1-
#752000000000
0!
#752500000000
1!
b101001100 (
b110100 '
0-
1-
#753000000000
0!
#753500000000
1!
b1010011000 (
b1101001 '
1&
1*
1+
1)
0-
1-
#754000000000
0!
#754500000000
1!
b100110000 (
b11010010 '
0&
0*
0+
0)
0-
1-
#755000000000
0!
#755500000000
1!
b1001100000 (
b110100100 '
1&
1*
1+
1)
0-
1-
#756000000000
0!
#756500000000
1!
b11000000 (
b1101001001 '
0-
1-
#757000000000
0!
#757500000000
1!
b110000001 (
b1010010011 '
0-
1-
#758000000000
0!
#758500000000
1!
b1100000010 (
b100100111 '
0-
1-
#759000000000
0!
#759500000000
1!
b1000000101 (
b1001001111 '
0&
0*
0+
0)
0-
1-
#760000000000
0!
#760500000000
1!
b1010 (
b10011110 '
0-
1-
#761000000000
0!
#761500000000
1!
b10101 (
b100111101 '
0-
1-
#762000000000
0!
#762500000000
1!
b101011 (
b1001111011 '
1&
1*
1+
1)
0-
1-
#763000000000
0!
#763500000000
1!
b1010110 (
b11110111 '
0&
0*
0+
0)
0-
1-
#764000000000
0!
#764500000000
1!
b10101100 (
b111101111 '
0-
1-
#765000000000
0!
#765500000000
1!
b101011001 (
b1111011111 '
1&
1*
1+
1)
0-
1-
#766000000000
0!
#766500000000
1!
b1010110011 (
b1110111110 '
0&
0*
0+
0)
0-
1-
#767000000000
0!
#767500000000
1!
b101100110 (
b1101111100 '
1&
1*
1+
1)
0-
1-
#768000000000
0!
#768500000000
1!
b1011001100 (
b1011111000 '
0&
0*
0+
0)
0-
1-
#769000000000
0!
#769500000000
1!
b110011001 (
b111110001 '
0-
1-
#770000000000
0!
#770500000000
1!
b1100110010 (
b1111100010 '
0-
1-
#771000000000
0!
#771500000000
1!
b1001100100 (
b1111000101 '
0-
1-
#772000000000
0!
#772500000000
1!
b11001001 (
b1110001010 '
1&
1*
1+
1)
0-
1-
#773000000000
0!
#773500000000
1!
b110010011 (
b1100010101 '
0-
1-
#774000000000
0!
#774500000000
1!
b1100100111 (
b1000101010 '
0&
0*
0+
0)
0-
1-
#775000000000
0!
#775500000000
1!
b1001001111 (
b1010101 '
1&
1*
1+
1)
0-
1-
#776000000000
0!
#776500000000
1!
b10011111 (
b10101011 '
0&
0*
0+
0)
0-
1-
#777000000000
0!
#777500000000
1!
b100111111 (
b101010110 '
0-
1-
#778000000000
0!
#778500000000
1!
b1001111110 (
b1010101101 '
0-
1-
#779000000000
0!
#779500000000
1!
b11111100 (
b101011010 '
0-
1-
#780000000000
0!
#780500000000
1!
b111111001 (
b1010110100 '
1&
1*
1+
1)
0-
1-
#781000000000
0!
#781500000000
1!
b1111110011 (
b101101000 '
0-
1-
#782000000000
0!
#782500000000
1!
b1111100111 (
b1011010000 '
0&
0*
0+
0)
0-
1-
#783000000000
0!
#783500000000
1!
b1111001110 (
b110100001 '
1&
1*
1+
1)
0-
1-
#784000000000
0!
#784500000000
1!
b1110011101 (
b1101000010 '
0&
0*
0+
0)
0-
1-
#785000000000
0!
#785500000000
1!
b1100111010 (
b1010000101 '
0-
1-
#786000000000
0!
#786500000000
1!
b1001110100 (
b100001010 '
1&
1*
1+
1)
0-
1-
#787000000000
0!
#787500000000
1!
b11101001 (
b1000010100 '
0-
1-
#788000000000
0!
#788500000000
1!
b111010010 (
b101000 '
0&
0*
0+
0)
0-
1-
#789000000000
0!
#789500000000
1!
b1110100101 (
b1010000 '
1&
1*
1+
1)
0-
1-
#790000000000
0!
#790500000000
1!
b1101001011 (
b10100000 '
0-
1-
#791000000000
0!
#791500000000
1!
b1010010111 (
b101000000 '
0-
1-
#792000000000
0!
#792500000000
1!
b100101110 (
b1010000000 '
0-
1-
#793000000000
0!
#793500000000
1!
b1001011100 (
b100000001 '
0-
1-
#794000000000
0!
#794500000000
1!
b10111000 (
b1000000010 '
0-
1-
#795000000000
0!
#795500000000
1!
b101110000 (
b101 '
0&
0*
0+
0)
0-
1-
#796000000000
0!
#796500000000
1!
b1011100000 (
b1011 '
1&
1*
1+
1)
0-
1-
#797000000000
0!
#797500000000
1!
b111000001 (
b10110 '
0&
0*
0+
0)
0-
1-
#798000000000
0!
#798500000000
1!
b1110000010 (
b101101 '
1&
1*
1+
1)
0-
1-
#799000000000
0!
#799500000000
1!
b1100000100 (
b1011011 '
0-
1-
#800000000000
0!
#800500000000
1!
b1000001001 (
b10110110 '
0-
1-
#801000000000
0!
#801500000000
1!
b10011 (
b101101101 '
0&
0*
0+
0)
0-
1-
#802000000000
0!
#802500000000
1!
b100111 (
b1011011011 '
1&
1*
1+
1)
0-
1-
#803000000000
0!
#803500000000
1!
b1001111 (
b110110111 '
0&
0*
0+
0)
0-
1-
#804000000000
0!
#804500000000
1!
b10011110 (
b1101101111 '
1&
1*
1+
1)
0-
1-
#805000000000
0!
#805500000000
1!
b100111101 (
b1011011110 '
0-
1-
#806000000000
0!
#806500000000
1!
b1001111011 (
b110111100 '
0-
1-
#807000000000
0!
#807500000000
1!
b11110111 (
b1101111001 '
0-
1-
#808000000000
0!
#808500000000
1!
b111101110 (
b1011110011 '
0-
1-
#809000000000
0!
#809500000000
1!
b1111011101 (
b111100111 '
0-
1-
#810000000000
0!
#810500000000
1!
b1110111010 (
b1111001111 '
0&
0*
0+
0)
0-
1-
#811000000000
0!
#811500000000
1!
b1101110101 (
b1110011110 '
0-
1-
#812000000000
0!
#812500000000
1!
b1011101010 (
b1100111100 '
0-
1-
#813000000000
0!
#813500000000
1!
b111010100 (
b1001111000 '
1&
1*
1+
1)
0-
1-
#814000000000
0!
#814500000000
1!
b1110101001 (
b11110001 '
0-
1-
#815000000000
0!
#815500000000
1!
b1101010010 (
b111100010 '
0-
1-
#816000000000
0!
#816500000000
1!
b1010100101 (
b1111000100 '
0&
0*
0+
0)
0-
1-
#817000000000
0!
#817500000000
1!
b101001010 (
b1110001000 '
1&
1*
1+
1)
0-
1-
#818000000000
0!
#818500000000
1!
b1010010100 (
b1100010001 '
0&
0*
0+
0)
0-
1-
#819000000000
0!
#819500000000
1!
b100101001 (
b1000100011 '
1&
1*
1+
1)
0-
1-
#820000000000
0!
#820500000000
1!
b1001010010 (
b1000111 '
0-
1-
#821000000000
0!
#821500000000
1!
b10100100 (
b10001111 '
0&
0*
0+
0)
0-
1-
#822000000000
0!
#822500000000
1!
b101001001 (
b100011111 '
0-
1-
#823000000000
0!
#823500000000
1!
b1010010011 (
b1000111111 '
0-
1-
#824000000000
0!
#824500000000
1!
b100100111 (
b1111110 '
0-
1-
#825000000000
0!
#825500000000
1!
b1001001110 (
b11111101 '
1&
1*
1+
1)
0-
1-
#826000000000
0!
#826500000000
1!
b10011101 (
b111111011 '
0&
0*
0+
0)
0-
1-
#827000000000
0!
#827500000000
1!
b100111010 (
b1111110110 '
1&
1*
1+
1)
0-
1-
#828000000000
0!
#828500000000
1!
b1001110101 (
b1111101100 '
0&
0*
0+
0)
0-
1-
#829000000000
0!
#829500000000
1!
b11101011 (
b1111011000 '
1&
1*
1+
1)
0-
1-
#830000000000
0!
#830500000000
1!
b111010111 (
b1110110001 '
0-
1-
#831000000000
0!
#831500000000
1!
b1110101110 (
b1101100011 '
0&
0*
0+
0)
0-
1-
#832000000000
0!
#832500000000
1!
b1101011100 (
b1011000111 '
0-
1-
#833000000000
0!
#833500000000
1!
b1010111001 (
b110001110 '
1&
1*
1+
1)
0-
1-
#834000000000
0!
#834500000000
1!
b101110011 (
b1100011101 '
0-
1-
#835000000000
0!
#835500000000
1!
b1011100111 (
b1000111010 '
0&
0*
0+
0)
0-
1-
#836000000000
0!
#836500000000
1!
b111001111 (
b1110101 '
0-
1-
#837000000000
0!
#837500000000
1!
b1110011110 (
b11101011 '
1&
1*
1+
1)
0-
1-
#838000000000
0!
#838500000000
1!
b1100111101 (
b111010110 '
0-
1-
#839000000000
0!
#839500000000
1!
b1001111010 (
b1110101101 '
0&
0*
0+
0)
0-
1-
#840000000000
0!
#840500000000
1!
b11110101 (
b1101011010 '
1&
1*
1+
1)
0-
1-
#841000000000
0!
#841500000000
1!
b111101011 (
b1010110101 '
0-
1-
#842000000000
0!
#842500000000
1!
b1111010110 (
b101101010 '
0-
1-
#843000000000
0!
#843500000000
1!
b1110101101 (
b1011010100 '
0&
0*
0+
0)
0-
1-
#844000000000
0!
#844500000000
1!
b1101011011 (
b110101000 '
1&
1*
1+
1)
0-
1-
#845000000000
0!
#845500000000
1!
b1010110111 (
b1101010000 '
0&
0*
0+
0)
0-
1-
#846000000000
0!
#846500000000
1!
b101101111 (
b1010100001 '
1&
1*
1+
1)
0-
1-
#847000000000
0!
#847500000000
1!
b1011011110 (
b101000011 '
0-
1-
#848000000000
0!
#848500000000
1!
b110111100 (
b1010000110 '
0-
1-
#849000000000
0!
#849500000000
1!
b1101111000 (
b100001100 '
0-
1-
#850000000000
0!
#850500000000
1!
b1011110001 (
b1000011001 '
0&
0*
0+
0)
0-
1-
#851000000000
0!
#851500000000
1!
b111100011 (
b110011 '
0-
1-
#852000000000
0!
#852500000000
1!
b1111000110 (
b1100110 '
1&
1*
1+
1)
0-
1-
#853000000000
0!
#853500000000
1!
b1110001101 (
b11001101 '
0-
1-
#854000000000
0!
#854500000000
1!
b1100011010 (
b110011011 '
0-
1-
#855000000000
0!
#855500000000
1!
b1000110101 (
b1100110110 '
0&
0*
0+
0)
0-
1-
#856000000000
0!
#856500000000
1!
b1101011 (
b1001101100 '
1&
1*
1+
1)
0-
1-
#857000000000
0!
#857500000000
1!
b11010110 (
b11011000 '
0&
0*
0+
0)
0-
1-
#858000000000
0!
#858500000000
1!
b110101101 (
b110110000 '
0-
1-
#859000000000
0!
#859500000000
1!
b1101011010 (
b1101100000 '
0-
1-
#860000000000
0!
#860500000000
1!
b1010110101 (
b1011000001 '
0-
1-
#861000000000
0!
#861500000000
1!
b101101010 (
b110000011 '
0-
1-
#862000000000
0!
#862500000000
1!
b1011010101 (
b1100000110 '
0-
1-
#863000000000
0!
#863500000000
1!
b110101011 (
b1000001100 '
1&
1*
1+
1)
0-
1-
#864000000000
0!
#864500000000
1!
b1101010110 (
b11000 '
0-
1-
#865000000000
0!
#865500000000
1!
b1010101100 (
b110000 '
0-
1-
#866000000000
0!
#866500000000
1!
b101011000 (
b1100000 '
0&
0*
0+
0)
0-
1-
#867000000000
0!
#867500000000
1!
b1010110001 (
b11000000 '
1&
1*
1+
1)
0-
1-
#868000000000
0!
#868500000000
1!
b101100011 (
b110000000 '
0&
0*
0+
0)
0-
1-
#869000000000
0!
#869500000000
1!
b1011000111 (
b1100000000 '
0-
1-
#870000000000
0!
#870500000000
1!
b110001110 (
b1000000001 '
1&
1*
1+
1)
0-
1-
#871000000000
0!
#871500000000
1!
b1100011100 (
b11 '
0-
1-
#872000000000
0!
#872500000000
1!
b1000111001 (
b110 '
0-
1-
#873000000000
0!
#873500000000
1!
b1110010 (
b1101 '
0&
0*
0+
0)
0-
1-
#874000000000
0!
#874500000000
1!
b11100100 (
b11011 '
0-
1-
#875000000000
0!
#875500000000
1!
b111001001 (
b110110 '
0-
1-
#876000000000
0!
#876500000000
1!
b1110010010 (
b1101101 '
1&
1*
1+
1)
0-
1-
#877000000000
0!
#877500000000
1!
b1100100100 (
b11011011 '
0-
1-
#878000000000
0!
#878500000000
1!
b1001001000 (
b110110110 '
0-
1-
#879000000000
0!
#879500000000
1!
b10010001 (
b1101101101 '
0-
1-
#880000000000
0!
#880500000000
1!
b100100011 (
b1011011010 '
0-
1-
#881000000000
0!
#881500000000
1!
b1001000111 (
b110110101 '
0-
1-
#882000000000
0!
#882500000000
1!
b10001111 (
b1101101011 '
0-
1-
#883000000000
0!
#883500000000
1!
b100011111 (
b1011010111 '
0-
1-
#884000000000
0!
#884500000000
1!
b1000111111 (
b110101110 '
0-
1-
#885000000000
0!
#885500000000
1!
b1111110 (
b1101011101 '
0-
1-
#886000000000
0!
#886500000000
1!
b11111101 (
b1010111010 '
0-
1-
#887000000000
0!
#887500000000
1!
b111111011 (
b101110101 '
0&
0*
0+
0)
0-
1-
#888000000000
0!
#888500000000
1!
b1111110110 (
b1011101011 '
0-
1-
#889000000000
0!
#889500000000
1!
b1111101100 (
b111010111 '
1&
1*
1+
1)
0-
1-
#890000000000
0!
#890500000000
1!
b1111011001 (
b1110101111 '
0&
0*
0+
0)
0-
1-
#891000000000
0!
#891500000000
1!
b1110110011 (
b1101011110 '
0-
1-
#892000000000
0!
#892500000000
1!
b1101100111 (
b1010111100 '
0-
1-
#893000000000
0!
#893500000000
1!
b1011001111 (
b101111000 '
1&
1*
1+
1)
0-
1-
#894000000000
0!
#894500000000
1!
b110011110 (
b1011110000 '
0-
1-
#895000000000
0!
#895500000000
1!
b1100111100 (
b111100001 '
0-
1-
#896000000000
0!
#896500000000
1!
b1001111000 (
b1111000010 '
0&
0*
0+
0)
0-
1-
#897000000000
0!
#897500000000
1!
b11110000 (
b1110000101 '
1&
1*
1+
1)
0-
1-
#898000000000
0!
#898500000000
1!
b111100000 (
b1100001010 '
0-
1-
#899000000000
0!
#899500000000
1!
b1111000001 (
b1000010101 '
0&
0*
0+
0)
0-
1-
#900000000000
0!
#900500000000
1!
b1110000011 (
b101010 '
1&
1*
1+
1)
0-
1-
#901000000000
0!
#901500000000
1!
b1100000110 (
b1010100 '
0-
1-
#902000000000
0!
#902500000000
1!
b1000001100 (
b10101001 '
0-
1-
#903000000000
0!
#903500000000
1!
b11000 (
b101010010 '
0&
0*
0+
0)
0-
1-
#904000000000
0!
#904500000000
1!
b110000 (
b1010100100 '
1&
1*
1+
1)
0-
1-
#905000000000
0!
#905500000000
1!
b1100001 (
b101001000 '
0&
0*
0+
0)
0-
1-
#906000000000
0!
#906500000000
1!
b11000011 (
b1010010000 '
1&
1*
1+
1)
0-
1-
#907000000000
0!
#907500000000
1!
b110000110 (
b100100001 '
0&
0*
0+
0)
0-
1-
#908000000000
0!
#908500000000
1!
b1100001100 (
b1001000010 '
0-
1-
#909000000000
0!
#909500000000
1!
b1000011001 (
b10000101 '
1&
1*
1+
1)
0-
1-
#910000000000
0!
#910500000000
1!
b110011 (
b100001011 '
0&
0*
0+
0)
0-
1-
#911000000000
0!
#911500000000
1!
b1100110 (
b1000010110 '
1&
1*
1+
1)
0-
1-
#912000000000
0!
#912500000000
1!
b11001101 (
b101100 '
0&
0*
0+
0)
0-
1-
#913000000000
0!
#913500000000
1!
b110011010 (
b1011001 '
0-
1-
#914000000000
0!
#914500000000
1!
b1100110101 (
b10110010 '
1&
1*
1+
1)
0-
1-
#915000000000
0!
#915500000000
1!
b1001101010 (
b101100100 '
0-
1-
#916000000000
0!
#916500000000
1!
b11010101 (
b1011001001 '
0-
1-
#917000000000
0!
#917500000000
1!
b110101010 (
b110010011 '
0&
0*
0+
0)
0-
1-
#918000000000
0!
#918500000000
1!
b1101010100 (
b1100100110 '
0-
1-
#919000000000
0!
#919500000000
1!
b1010101001 (
b1001001100 '
0-
1-
#920000000000
0!
#920500000000
1!
b101010011 (
b10011000 '
0-
1-
#921000000000
0!
#921500000000
1!
b1010100110 (
b100110000 '
1&
1*
1+
1)
0-
1-
#922000000000
0!
#922500000000
1!
b101001101 (
b1001100000 '
0-
1-
#923000000000
0!
#923500000000
1!
b1010011010 (
b11000001 '
0-
1-
#924000000000
0!
#924500000000
1!
b100110101 (
b110000010 '
0&
0*
0+
0)
0-
1-
#925000000000
0!
#925500000000
1!
b1001101011 (
b1100000100 '
0-
1-
#926000000000
0!
#926500000000
1!
b11010111 (
b1000001000 '
1&
1*
1+
1)
0-
1-
#927000000000
0!
#927500000000
1!
b110101111 (
b10001 '
0&
0*
0+
0)
0-
1-
#928000000000
0!
#928500000000
1!
b1101011111 (
b100010 '
1&
1*
1+
1)
0-
1-
#929000000000
0!
#929500000000
1!
b1010111110 (
b1000100 '
0-
1-
#930000000000
0!
#930500000000
1!
b101111101 (
b10001001 '
0&
0*
0+
0)
0-
1-
#931000000000
0!
#931500000000
1!
b1011111011 (
b100010010 '
1&
1*
1+
1)
0-
1-
#932000000000
0!
#932500000000
1!
b111110110 (
b1000100100 '
0-
1-
#933000000000
0!
#933500000000
1!
b1111101101 (
b1001000 '
0-
1-
#934000000000
0!
#934500000000
1!
b1111011011 (
b10010000 '
0-
1-
#935000000000
0!
#935500000000
1!
b1110110110 (
b100100000 '
0-
1-
#936000000000
0!
#936500000000
1!
b1101101100 (
b1001000000 '
0&
0*
0+
0)
0-
1-
#937000000000
0!
#937500000000
1!
b1011011000 (
b10000001 '
1&
1*
1+
1)
0-
1-
#938000000000
0!
#938500000000
1!
b110110000 (
b100000010 '
0&
0*
0+
0)
0-
1-
#939000000000
0!
#939500000000
1!
b1101100001 (
b1000000100 '
0-
1-
#940000000000
0!
#940500000000
1!
b1011000011 (
b1000 '
1&
1*
1+
1)
0-
1-
#941000000000
0!
#941500000000
1!
b110000111 (
b10000 '
0&
0*
0+
0)
0-
1-
#942000000000
0!
#942500000000
1!
b1100001110 (
b100000 '
1&
1*
1+
1)
0-
1-
#943000000000
0!
#943500000000
1!
b1000011100 (
b1000000 '
0-
1-
#944000000000
0!
#944500000000
1!
b111000 (
b10000000 '
0&
0*
0+
0)
0-
1-
#945000000000
0!
#945500000000
1!
b1110001 (
b100000000 '
0-
1-
#946000000000
0!
#946500000000
1!
b11100011 (
b1000000000 '
1&
1*
1+
1)
0-
1-
#947000000000
0!
#947500000000
1!
b111000111 (
b1 '
0&
0*
0+
0)
0-
1-
#948000000000
0!
#948500000000
1!
b1110001110 (
b10 '
1&
1*
1+
1)
0-
1-
#949000000000
0!
#949500000000
1!
b1100011101 (
b100 '
0-
1-
#950000000000
0!
#950500000000
1!
b1000111011 (
b1001 '
0-
1-
#951000000000
0!
#951500000000
1!
b1110111 (
b10010 '
0&
0*
0+
0)
0-
1-
#952000000000
0!
#952500000000
1!
b11101111 (
b100100 '
0-
1-
#953000000000
0!
#953500000000
1!
b111011110 (
b1001001 '
0-
1-
#954000000000
0!
#954500000000
1!
b1110111100 (
b10010010 '
1&
1*
1+
1)
0-
1-
#955000000000
0!
#955500000000
1!
b1101111001 (
b100100100 '
0-
1-
#956000000000
0!
#956500000000
1!
b1011110011 (
b1001001001 '
0&
0*
0+
0)
0-
1-
#957000000000
0!
#957500000000
1!
b111100110 (
b10010011 '
0-
1-
#958000000000
0!
#958500000000
1!
b1111001101 (
b100100110 '
1&
1*
1+
1)
0-
1-
#959000000000
0!
#959500000000
1!
b1110011010 (
b1001001101 '
0&
0*
0+
0)
0-
1-
#960000000000
0!
#960500000000
1!
b1100110100 (
b10011010 '
1&
1*
1+
1)
0-
1-
#961000000000
0!
#961500000000
1!
b1001101000 (
b100110100 '
0-
1-
#962000000000
0!
#962500000000
1!
b11010000 (
b1001101001 '
0-
1-
#963000000000
0!
#963500000000
1!
b110100001 (
b11010011 '
0&
0*
0+
0)
0-
1-
#964000000000
0!
#964500000000
1!
b1101000011 (
b110100110 '
1&
1*
1+
1)
0-
1-
#965000000000
0!
#965500000000
1!
b1010000111 (
b1101001101 '
0&
0*
0+
0)
0-
1-
#966000000000
0!
#966500000000
1!
b100001110 (
b1010011010 '
1&
1*
1+
1)
0-
1-
#967000000000
0!
#967500000000
1!
b1000011101 (
b100110101 '
0-
1-
#968000000000
0!
#968500000000
1!
b111010 (
b1001101011 '
0-
1-
#969000000000
0!
#969500000000
1!
b1110100 (
b11010111 '
0&
0*
0+
0)
0-
1-
#970000000000
0!
#970500000000
1!
b11101000 (
b110101111 '
0-
1-
#971000000000
0!
#971500000000
1!
b111010000 (
b1101011111 '
1&
1*
1+
1)
0-
1-
#972000000000
0!
#972500000000
1!
b1110100000 (
b1010111110 '
0&
0*
0+
0)
0-
1-
#973000000000
0!
#973500000000
1!
b1101000000 (
b101111100 '
1&
1*
1+
1)
0-
1-
#974000000000
0!
#974500000000
1!
b1010000000 (
b1011111001 '
0&
0*
0+
0)
0-
1-
#975000000000
0!
#975500000000
1!
b100000000 (
b111110011 '
0-
1-
#976000000000
0!
#976500000000
1!
b1000000001 (
b1111100110 '
0-
1-
#977000000000
0!
#977500000000
1!
b11 (
b1111001100 '
1&
1*
1+
1)
0-
1-
#978000000000
0!
#978500000000
1!
b111 (
b1110011000 '
0-
1-
#979000000000
0!
#979500000000
1!
b1110 (
b1100110001 '
0-
1-
#980000000000
0!
#980500000000
1!
b11100 (
b1001100011 '
0-
1-
#981000000000
0!
#981500000000
1!
b111001 (
b11000111 '
0&
0*
0+
0)
0-
1-
#982000000000
0!
#982500000000
1!
b1110011 (
b110001111 '
0-
1-
#983000000000
0!
#983500000000
1!
b11100110 (
b1100011111 '
1&
1*
1+
1)
0-
1-
#984000000000
0!
#984500000000
1!
b111001100 (
b1000111110 '
0-
1-
#985000000000
0!
#985500000000
1!
b1110011001 (
b1111100 '
0-
1-
#986000000000
0!
#986500000000
1!
b1100110011 (
b11111001 '
0-
1-
#987000000000
0!
#987500000000
1!
b1001100110 (
b111110010 '
0-
1-
#988000000000
0!
#988500000000
1!
b11001100 (
b1111100100 '
0-
1-
#989000000000
0!
#989500000000
1!
b110011000 (
b1111001000 '
0-
1-
#990000000000
0!
#990500000000
1!
b1100110000 (
b1110010001 '
0&
0*
0+
0)
0-
1-
#991000000000
0!
#991500000000
1!
b1001100001 (
b1100100011 '
0-
1-
#992000000000
0!
#992500000000
1!
b11000010 (
b1001000111 '
1&
1*
1+
1)
0-
1-
#993000000000
0!
#993500000000
1!
b110000100 (
b10001110 '
0&
0*
0+
0)
0-
1-
#994000000000
0!
#994500000000
1!
b1100001001 (
b100011101 '
1&
1*
1+
1)
0-
1-
#995000000000
0!
#995500000000
1!
b1000010010 (
b1000111011 '
0&
0*
0+
0)
0-
1-
#996000000000
0!
#996500000000
1!
b100100 (
b1110111 '
0-
1-
#997000000000
0!
#997500000000
1!
b1001000 (
b11101111 '
0-
1-
#998000000000
0!
#998500000000
1!
b10010000 (
b111011111 '
0-
1-
#999000000000
0!
#999500000000
1!
b100100001 (
b1110111111 '
1&
1*
1+
1)
0-
1-
#1000000000000
0!
#1000500000000
1!
b1001000010 (
b1101111110 '
0&
0*
0+
0)
0-
1-
#1001000000000
0!
#1001500000000
1!
b10000100 (
b1011111100 '
1&
1*
1+
1)
0-
1-
#1002000000000
0!
#1002500000000
1!
b100001000 (
b111111000 '
0&
0*
0+
0)
0-
1-
#1003000000000
0!
#1003500000000
1!
b1000010001 (
b1111110000 '
0-
1-
#1004000000000
0!
#1004500000000
1!
b100011 (
b1111100001 '
1&
1*
1+
1)
0-
1-
#1005000000000
0!
#1005500000000
1!
b1000110 (
b1111000011 '
0-
1-
#1006000000000
0!
#1006500000000
1!
b10001100 (
b1110000111 '
0-
1-
#1007000000000
0!
#1007500000000
1!
b100011000 (
b1100001110 '
0-
1-
#1008000000000
0!
#1008500000000
1!
b1000110001 (
b1000011100 '
0&
0*
0+
0)
0-
1-
#1009000000000
0!
#1009500000000
1!
b1100010 (
b111000 '
0-
1-
#1010000000000
0!
#1010500000000
1!
b11000100 (
b1110000 '
0-
1-
#1011000000000
0!
#1011500000000
1!
b110001000 (
b11100000 '
0-
1-
#1012000000000
0!
#1012500000000
1!
b1100010000 (
b111000000 '
1&
1*
1+
1)
0-
1-
#1013000000000
0!
#1013500000000
1!
b1000100000 (
b1110000000 '
0&
0*
0+
0)
0-
1-
#1014000000000
0!
#1014500000000
1!
b1000000 (
b1100000001 '
1&
1*
1+
1)
0-
1-
#1015000000000
0!
#1015500000000
1!
b10000000 (
b1000000011 '
0-
1-
#1016000000000
0!
#1016500000000
1!
b100000001 (
b111 '
0&
0*
0+
0)
0-
1-
#1017000000000
0!
#1017500000000
1!
b1000000011 (
b1111 '
1&
1*
1+
1)
0-
1-
#1018000000000
0!
#1018500000000
1!
b110 (
b11111 '
0&
0*
0+
0)
0-
1-
#1019000000000
0!
#1019500000000
1!
b1100 (
b111111 '
0-
1-
#1020000000000
0!
#1020500000000
1!
b11001 (
b1111111 '
0-
1-
#1021000000000
0!
#1021500000000
1!
b110010 (
b11111111 '
0-
1-
#1022000000000
0!
#1022500000000
1!
b1100100 (
b111111111 '
0-
1-
#1023000000000
0!
#1023500000000
1!
b11001000 (
b1111111111 '
1&
1*
1+
1)
0-
b10 $
b11001 %
1,
#1024000000000
0!
#1024500000000
1!
b11001 (
0,
1-
#1025000000000
0!
#1025500000000
1!
b110010 (
b1111111110 '
0-
1-
#1026000000000
0!
#1026500000000
1!
b1100100 (
b1111111100 '
0-
1-
#1027000000000
0!
#1027500000000
1!
b11001000 (
b1111111000 '
0-
1-
#1028000000000
0!
#1028500000000
1!
b110010001 (
b1111110001 '
0-
1-
#1029000000000
0!
#1029500000000
1!
b1100100010 (
b1111100011 '
0&
0*
0+
0)
0-
1-
#1030000000000
0!
#1030500000000
1!
b1001000100 (
b1111000111 '
0-
1-
#1031000000000
0!
#1031500000000
1!
b10001000 (
b1110001110 '
1&
1*
1+
1)
0-
1-
#1032000000000
0!
#1032500000000
1!
b100010001 (
b1100011100 '
0-
1-
#1033000000000
0!
#1033500000000
1!
b1000100011 (
b1000111000 '
0&
0*
0+
0)
0-
1-
#1034000000000
0!
#1034500000000
1!
b1000111 (
b1110001 '
0-
1-
#1035000000000
0!
#1035500000000
1!
b10001110 (
b11100010 '
0-
1-
#1036000000000
0!
#1036500000000
1!
b100011101 (
b111000100 '
0-
1-
#1037000000000
0!
#1037500000000
1!
b1000111010 (
b1110001001 '
0-
1-
#1038000000000
0!
#1038500000000
1!
b1110101 (
b1100010011 '
1&
1*
1+
1)
0-
1-
#1039000000000
0!
#1039500000000
1!
b11101010 (
b1000100111 '
0-
1-
#1040000000000
0!
#1040500000000
1!
b111010101 (
b1001110 '
0&
0*
0+
0)
0-
1-
#1041000000000
0!
#1041500000000
1!
b1110101011 (
b10011101 '
1&
1*
1+
1)
0-
1-
#1042000000000
0!
#1042500000000
1!
b1101010111 (
b100111011 '
0-
1-
#1043000000000
0!
#1043500000000
1!
b1010101110 (
b1001110110 '
0&
0*
0+
0)
0-
1-
#1044000000000
0!
#1044500000000
1!
b101011101 (
b11101100 '
0-
1-
#1045000000000
0!
#1045500000000
1!
b1010111010 (
b111011001 '
1&
1*
1+
1)
0-
1-
#1046000000000
0!
#1046500000000
1!
b101110100 (
b1110110010 '
0-
1-
#1047000000000
0!
#1047500000000
1!
b1011101001 (
b1101100101 '
0&
0*
0+
0)
0-
1-
#1048000000000
0!
#1048500000000
1!
b111010011 (
b1011001010 '
1&
1*
1+
1)
0-
1-
#1049000000000
0!
#1049500000000
1!
b1110100111 (
b110010101 '
0-
1-
#1050000000000
0!
#1050500000000
1!
b1101001110 (
b1100101011 '
0&
0*
0+
0)
0-
1-
#1051000000000
0!
#1051500000000
1!
b1010011100 (
b1001010111 '
0-
1-
#1052000000000
0!
#1052500000000
1!
b100111001 (
b10101110 '
0-
1-
#1053000000000
0!
#1053500000000
1!
b1001110010 (
b101011101 '
1&
1*
1+
1)
0-
1-
#1054000000000
0!
#1054500000000
1!
b11100101 (
b1010111011 '
0-
1-
#1055000000000
0!
#1055500000000
1!
b111001011 (
b101110111 '
0&
0*
0+
0)
0-
1-
#1056000000000
0!
#1056500000000
1!
b1110010111 (
b1011101111 '
0-
1-
#1057000000000
0!
#1057500000000
1!
b1100101111 (
b111011110 '
1&
1*
1+
1)
0-
1-
#1058000000000
0!
#1058500000000
1!
b1001011111 (
b1110111101 '
0&
0*
0+
0)
0-
1-
#1059000000000
0!
#1059500000000
1!
b10111111 (
b1101111010 '
1&
1*
1+
1)
0-
1-
#1060000000000
0!
#1060500000000
1!
b101111110 (
b1011110101 '
0-
1-
#1061000000000
0!
#1061500000000
1!
b1011111100 (
b111101010 '
0-
1-
#1062000000000
0!
#1062500000000
1!
b111111000 (
b1111010100 '
0-
1-
#1063000000000
0!
#1063500000000
1!
b1111110001 (
b1110101000 '
0&
0*
0+
0)
0-
1-
#1064000000000
0!
#1064500000000
1!
b1111100010 (
b1101010001 '
0-
1-
#1065000000000
0!
#1065500000000
1!
b1111000101 (
b1010100011 '
0-
1-
#1066000000000
0!
#1066500000000
1!
b1110001010 (
b101000111 '
1&
1*
1+
1)
0-
1-
#1067000000000
0!
#1067500000000
1!
b1100010100 (
b1010001111 '
0&
0*
0+
0)
0-
1-
#1068000000000
0!
#1068500000000
1!
b1000101001 (
b100011110 '
1&
1*
1+
1)
0-
1-
#1069000000000
0!
#1069500000000
1!
b1010010 (
b1000111101 '
0-
1-
#1070000000000
0!
#1070500000000
1!
b10100101 (
b1111010 '
0&
0*
0+
0)
0-
1-
#1071000000000
0!
#1071500000000
1!
b101001011 (
b11110100 '
0-
1-
#1072000000000
0!
#1072500000000
1!
b1010010110 (
b111101001 '
1&
1*
1+
1)
0-
1-
#1073000000000
0!
#1073500000000
1!
b100101100 (
b1111010010 '
0-
1-
#1074000000000
0!
#1074500000000
1!
b1001011001 (
b1110100101 '
0&
0*
0+
0)
0-
1-
#1075000000000
0!
#1075500000000
1!
b10110011 (
b1101001010 '
1&
1*
1+
1)
0-
1-
#1076000000000
0!
#1076500000000
1!
b101100111 (
b1010010101 '
0-
1-
#1077000000000
0!
#1077500000000
1!
b1011001110 (
b100101010 '
0-
1-
#1078000000000
0!
#1078500000000
1!
b110011100 (
b1001010100 '
0-
1-
#1079000000000
0!
#1079500000000
1!
b1100111001 (
b10101000 '
0-
1-
#1080000000000
0!
#1080500000000
1!
b1001110011 (
b101010000 '
0-
1-
#1081000000000
0!
#1081500000000
1!
b11100111 (
b1010100000 '
0-
1-
#1082000000000
0!
#1082500000000
1!
b111001110 (
b101000001 '
0&
0*
0+
0)
0-
1-
#1083000000000
0!
#1083500000000
1!
b1110011100 (
b1010000010 '
0-
1-
#1084000000000
0!
#1084500000000
1!
b1100111000 (
b100000101 '
1&
1*
1+
1)
0-
1-
#1085000000000
0!
#1085500000000
1!
b1001110001 (
b1000001011 '
0&
0*
0+
0)
0-
1-
#1086000000000
0!
#1086500000000
1!
b11100010 (
b10111 '
0-
1-
#1087000000000
0!
#1087500000000
1!
b111000101 (
b101111 '
0-
1-
#1088000000000
0!
#1088500000000
1!
b1110001011 (
b1011111 '
1&
1*
1+
1)
0-
1-
#1089000000000
0!
#1089500000000
1!
b1100010110 (
b10111111 '
0-
1-
#1090000000000
0!
#1090500000000
1!
b1000101100 (
b101111111 '
0-
1-
#1091000000000
0!
#1091500000000
1!
b1011001 (
b1011111111 '
0-
1-
#1092000000000
0!
#1092500000000
1!
b10110010 (
b111111110 '
0&
0*
0+
0)
0-
1-
#1093000000000
0!
#1093500000000
1!
b101100101 (
b1111111101 '
1&
1*
1+
1)
0-
1-
#1094000000000
0!
#1094500000000
1!
b1011001011 (
b1111111010 '
0&
0*
0+
0)
0-
1-
#1095000000000
0!
#1095500000000
1!
b110010111 (
b1111110101 '
1&
1*
1+
1)
0-
1-
#1096000000000
0!
#1096500000000
1!
b1100101110 (
b1111101010 '
0&
0*
0+
0)
0-
1-
#1097000000000
0!
#1097500000000
1!
b1001011101 (
b1111010101 '
0-
1-
#1098000000000
0!
#1098500000000
1!
b10111010 (
b1110101010 '
1&
1*
1+
1)
0-
1-
#1099000000000
0!
#1099500000000
1!
b101110101 (
b1101010101 '
0-
1-
#1100000000000
0!
#1100500000000
1!
b1011101011 (
b1010101010 '
0&
0*
0+
0)
0-
1-
#1101000000000
0!
#1101500000000
1!
b111010110 (
b101010101 '
0-
1-
#1102000000000
0!
#1102500000000
1!
b1110101100 (
b1010101011 '
0-
1-
#1103000000000
0!
#1103500000000
1!
b1101011001 (
b101010111 '
1&
1*
1+
1)
0-
1-
#1104000000000
0!
#1104500000000
1!
b1010110010 (
b1010101111 '
0&
0*
0+
0)
0-
1-
#1105000000000
0!
#1105500000000
1!
b101100100 (
b101011110 '
0-
1-
#1106000000000
0!
#1106500000000
1!
b1011001001 (
b1010111101 '
0-
1-
#1107000000000
0!
#1107500000000
1!
b110010010 (
b101111010 '
0-
1-
#1108000000000
0!
#1108500000000
1!
b1100100101 (
b1011110100 '
0-
1-
#1109000000000
0!
#1109500000000
1!
b1001001010 (
b111101000 '
1&
1*
1+
1)
0-
1-
#1110000000000
0!
#1110500000000
1!
b10010100 (
b1111010000 '
0-
1-
#1111000000000
0!
#1111500000000
1!
b100101000 (
b1110100001 '
0-
1-
#1112000000000
0!
#1112500000000
1!
b1001010000 (
b1101000011 '
0&
0*
0+
0)
0-
1-
#1113000000000
0!
#1113500000000
1!
b10100001 (
b1010000111 '
1&
1*
1+
1)
0-
1-
#1114000000000
0!
#1114500000000
1!
b101000010 (
b100001110 '
0&
0*
0+
0)
0-
1-
#1115000000000
0!
#1115500000000
1!
b1010000100 (
b1000011101 '
0-
1-
#1116000000000
0!
#1116500000000
1!
b100001001 (
b111010 '
0-
1-
#1117000000000
0!
#1117500000000
1!
b1000010011 (
b1110100 '
1&
1*
1+
1)
0-
1-
#1118000000000
0!
#1118500000000
1!
b100110 (
b11101001 '
0&
0*
0+
0)
0-
1-
#1119000000000
0!
#1119500000000
1!
b1001101 (
b111010010 '
0-
1-
#1120000000000
0!
#1120500000000
1!
b10011011 (
b1110100100 '
1&
1*
1+
1)
0-
1-
#1121000000000
0!
#1121500000000
1!
b100110110 (
b1101001000 '
0-
1-
#1122000000000
0!
#1122500000000
1!
b1001101100 (
b1010010001 '
0&
0*
0+
0)
0-
1-
#1123000000000
0!
#1123500000000
1!
b11011001 (
b100100011 '
0-
1-
#1124000000000
0!
#1124500000000
1!
b110110011 (
b1001000110 '
1&
1*
1+
1)
0-
1-
#1125000000000
0!
#1125500000000
1!
b1101100110 (
b10001100 '
0-
1-
#1126000000000
0!
#1126500000000
1!
b1011001101 (
b100011001 '
0-
1-
#1127000000000
0!
#1127500000000
1!
b110011011 (
b1000110010 '
0-
1-
#1128000000000
0!
#1128500000000
1!
b1100110111 (
b1100101 '
0-
1-
#1129000000000
0!
#1129500000000
1!
b1001101111 (
b11001011 '
0-
1-
#1130000000000
0!
#1130500000000
1!
b11011110 (
b110010110 '
0&
0*
0+
0)
0-
1-
#1131000000000
0!
#1131500000000
1!
b110111101 (
b1100101101 '
1&
1*
1+
1)
0-
1-
#1132000000000
0!
#1132500000000
1!
b1101111010 (
b1001011010 '
0&
0*
0+
0)
0-
1-
#1133000000000
0!
#1133500000000
1!
b1011110100 (
b10110101 '
1&
1*
1+
1)
0-
1-
#1134000000000
0!
#1134500000000
1!
b111101000 (
b101101011 '
0&
0*
0+
0)
0-
1-
#1135000000000
0!
#1135500000000
1!
b1111010001 (
b1011010110 '
0-
1-
#1136000000000
0!
#1136500000000
1!
b1110100011 (
b110101100 '
1&
1*
1+
1)
0-
1-
#1137000000000
0!
#1137500000000
1!
b1101000111 (
b1101011001 '
0&
0*
0+
0)
0-
1-
#1138000000000
0!
#1138500000000
1!
b1010001110 (
b1010110011 '
0-
1-
#1139000000000
0!
#1139500000000
1!
b100011100 (
b101100111 '
0-
1-
#1140000000000
0!
#1140500000000
1!
b1000111000 (
b1011001111 '
0-
1-
#1141000000000
0!
#1141500000000
1!
b1110000 (
b110011110 '
0-
1-
#1142000000000
0!
#1142500000000
1!
b11100001 (
b1100111101 '
1&
1*
1+
1)
0-
1-
#1143000000000
0!
#1143500000000
1!
b111000010 (
b1001111010 '
0-
1-
#1144000000000
0!
#1144500000000
1!
b1110000101 (
b11110101 '
0-
1-
#1145000000000
0!
#1145500000000
1!
b1100001010 (
b111101011 '
0-
1-
#1146000000000
0!
#1146500000000
1!
b1000010101 (
b1111010110 '
0&
0*
0+
0)
0-
1-
#1147000000000
0!
#1147500000000
1!
b101010 (
b1110101100 '
1&
1*
1+
1)
0-
1-
#1148000000000
0!
#1148500000000
1!
b1010100 (
b1101011000 '
0-
1-
#1149000000000
0!
#1149500000000
1!
b10101001 (
b1010110001 '
0-
1-
#1150000000000
0!
#1150500000000
1!
b101010010 (
b101100011 '
0&
0*
0+
0)
0-
1-
#1151000000000
0!
#1151500000000
1!
b1010100100 (
b1011000110 '
0-
1-
#1152000000000
0!
#1152500000000
1!
b101001000 (
b110001100 '
0-
1-
#1153000000000
0!
#1153500000000
1!
b1010010001 (
b1100011001 '
0-
1-
#1154000000000
0!
#1154500000000
1!
b100100010 (
b1000110011 '
1&
1*
1+
1)
0-
1-
#1155000000000
0!
#1155500000000
1!
b1001000101 (
b1100111 '
0-
1-
#1156000000000
0!
#1156500000000
1!
b10001010 (
b11001111 '
0&
0*
0+
0)
0-
1-
#1157000000000
0!
#1157500000000
1!
b100010100 (
b110011111 '
0-
1-
#1158000000000
0!
#1158500000000
1!
b1000101000 (
b1100111111 '
0-
1-
#1159000000000
0!
#1159500000000
1!
b1010000 (
b1001111110 '
1&
1*
1+
1)
0-
1-
#1160000000000
0!
#1160500000000
1!
b10100000 (
b11111100 '
0&
0*
0+
0)
0-
1-
#1161000000000
0!
#1161500000000
1!
b101000000 (
b111111001 '
0-
1-
#1162000000000
0!
#1162500000000
1!
b1010000001 (
b1111110010 '
0-
1-
#1163000000000
0!
#1163500000000
1!
b100000010 (
b1111100101 '
1&
1*
1+
1)
0-
1-
#1164000000000
0!
#1164500000000
1!
b1000000100 (
b1111001010 '
0&
0*
0+
0)
0-
1-
#1165000000000
0!
#1165500000000
1!
b1000 (
b1110010101 '
1&
1*
1+
1)
0-
1-
#1166000000000
0!
#1166500000000
1!
b10000 (
b1100101010 '
0-
1-
#1167000000000
0!
#1167500000000
1!
b100000 (
b1001010101 '
0-
1-
#1168000000000
0!
#1168500000000
1!
b1000001 (
b10101010 '
0&
0*
0+
0)
0-
1-
#1169000000000
0!
#1169500000000
1!
b10000010 (
b101010100 '
0-
1-
#1170000000000
0!
#1170500000000
1!
b100000100 (
b1010101001 '
1&
1*
1+
1)
0-
1-
#1171000000000
0!
#1171500000000
1!
b1000001000 (
b101010011 '
0-
1-
#1172000000000
0!
#1172500000000
1!
b10001 (
b1010100110 '
0-
1-
#1173000000000
0!
#1173500000000
1!
b100010 (
b101001100 '
0&
0*
0+
0)
0-
1-
#1174000000000
0!
#1174500000000
1!
b1000100 (
b1010011001 '
1&
1*
1+
1)
0-
1-
#1175000000000
0!
#1175500000000
1!
b10001001 (
b100110011 '
0&
0*
0+
0)
0-
1-
#1176000000000
0!
#1176500000000
1!
b100010011 (
b1001100110 '
1&
1*
1+
1)
0-
1-
#1177000000000
0!
#1177500000000
1!
b1000100110 (
b11001100 '
0-
1-
#1178000000000
0!
#1178500000000
1!
b1001100 (
b110011001 '
0&
0*
0+
0)
0-
1-
#1179000000000
0!
#1179500000000
1!
b10011001 (
b1100110010 '
1&
1*
1+
1)
0-
1-
#1180000000000
0!
#1180500000000
1!
b100110011 (
b1001100101 '
0-
1-
#1181000000000
0!
#1181500000000
1!
b1001100111 (
b11001010 '
0-
1-
#1182000000000
0!
#1182500000000
1!
b11001110 (
b110010100 '
0&
0*
0+
0)
0-
1-
#1183000000000
0!
#1183500000000
1!
b110011101 (
b1100101001 '
1&
1*
1+
1)
0-
1-
#1184000000000
0!
#1184500000000
1!
b1100111011 (
b1001010011 '
0&
0*
0+
0)
0-
1-
#1185000000000
0!
#1185500000000
1!
b1001110110 (
b10100111 '
1&
1*
1+
1)
0-
1-
#1186000000000
0!
#1186500000000
1!
b11101100 (
b101001111 '
0&
0*
0+
0)
0-
1-
#1187000000000
0!
#1187500000000
1!
b111011001 (
b1010011111 '
1&
1*
1+
1)
0-
1-
#1188000000000
0!
#1188500000000
1!
b1110110010 (
b100111110 '
0-
1-
#1189000000000
0!
#1189500000000
1!
b1101100101 (
b1001111101 '
0&
0*
0+
0)
0-
1-
#1190000000000
0!
#1190500000000
1!
b1011001010 (
b11111010 '
1&
1*
1+
1)
0-
1-
#1191000000000
0!
#1191500000000
1!
b110010101 (
b111110100 '
0&
0*
0+
0)
0-
1-
#1192000000000
0!
#1192500000000
1!
b1100101011 (
b1111101001 '
0-
1-
#1193000000000
0!
#1193500000000
1!
b1001010110 (
b1111010011 '
0-
1-
#1194000000000
0!
#1194500000000
1!
b10101101 (
b1110100111 '
1&
1*
1+
1)
0-
1-
#1195000000000
0!
#1195500000000
1!
b101011011 (
b1101001110 '
0-
1-
#1196000000000
0!
#1196500000000
1!
b1010110110 (
b1010011100 '
0&
0*
0+
0)
0-
1-
#1197000000000
0!
#1197500000000
1!
b101101101 (
b100111000 '
0-
1-
#1198000000000
0!
#1198500000000
1!
b1011011011 (
b1001110000 '
0-
1-
#1199000000000
0!
#1199500000000
1!
b110110111 (
b11100001 '
0-
1-
#1200000000000
0!
#1200500000000
1!
b1101101111 (
b111000010 '
1&
1*
1+
1)
0-
1-
#1201000000000
0!
#1201500000000
1!
b1011011111 (
b1110000100 '
0&
0*
0+
0)
0-
1-
#1202000000000
0!
#1202500000000
1!
b110111110 (
b1100001000 '
1&
1*
1+
1)
0-
1-
#1203000000000
0!
#1203500000000
1!
b1101111101 (
b1000010001 '
0&
0*
0+
0)
0-
1-
#1204000000000
0!
#1204500000000
1!
b1011111010 (
b100011 '
1&
1*
1+
1)
0-
1-
#1205000000000
0!
#1205500000000
1!
b111110100 (
b1000110 '
0&
0*
0+
0)
0-
1-
#1206000000000
0!
#1206500000000
1!
b1111101000 (
b10001101 '
1&
1*
1+
1)
0-
1-
#1207000000000
0!
#1207500000000
1!
b1111010000 (
b100011011 '
0-
1-
#1208000000000
0!
#1208500000000
1!
b1110100001 (
b1000110110 '
0&
0*
0+
0)
0-
1-
#1209000000000
0!
#1209500000000
1!
b1101000010 (
b1101100 '
1&
1*
1+
1)
0-
1-
#1210000000000
0!
#1210500000000
1!
b1010000101 (
b11011001 '
0-
1-
#1211000000000
0!
#1211500000000
1!
b100001011 (
b110110010 '
0&
0*
0+
0)
0-
1-
#1212000000000
0!
#1212500000000
1!
b1000010110 (
b1101100100 '
0-
1-
#1213000000000
0!
#1213500000000
1!
b101101 (
b1011001000 '
1&
1*
1+
1)
0-
1-
#1214000000000
0!
#1214500000000
1!
b1011010 (
b110010001 '
0&
0*
0+
0)
0-
1-
#1215000000000
0!
#1215500000000
1!
b10110101 (
b1100100010 '
1&
1*
1+
1)
0-
1-
#1216000000000
0!
#1216500000000
1!
b101101011 (
b1001000101 '
0-
1-
#1217000000000
0!
#1217500000000
1!
b1011010111 (
b10001010 '
0-
1-
#1218000000000
0!
#1218500000000
1!
b110101110 (
b100010100 '
0&
0*
0+
0)
0-
1-
#1219000000000
0!
#1219500000000
1!
b1101011101 (
b1000101001 '
0-
1-
#1220000000000
0!
#1220500000000
1!
b1010111011 (
b1010011 '
1&
1*
1+
1)
0-
1-
#1221000000000
0!
#1221500000000
1!
b101110110 (
b10100110 '
0&
0*
0+
0)
0-
1-
#1222000000000
0!
#1222500000000
1!
b1011101100 (
b101001101 '
1&
1*
1+
1)
0-
1-
#1223000000000
0!
#1223500000000
1!
b111011000 (
b1010011011 '
0-
1-
#1224000000000
0!
#1224500000000
1!
b1110110000 (
b100110111 '
0-
1-
#1225000000000
0!
#1225500000000
1!
b1101100000 (
b1001101111 '
0&
0*
0+
0)
0-
1-
#1226000000000
0!
#1226500000000
1!
b1011000001 (
b11011110 '
1&
1*
1+
1)
0-
1-
#1227000000000
0!
#1227500000000
1!
b110000010 (
b110111101 '
0&
0*
0+
0)
0-
1-
#1228000000000
0!
#1228500000000
1!
b1100000101 (
b1101111011 '
0-
1-
#1229000000000
0!
#1229500000000
1!
b1000001011 (
b1011110111 '
0-
1-
#1230000000000
0!
#1230500000000
1!
b10110 (
b111101110 '
0-
1-
#1231000000000
0!
#1231500000000
1!
b101100 (
b1111011101 '
1&
1*
1+
1)
0-
1-
#1232000000000
0!
#1232500000000
1!
b1011000 (
b1110111010 '
0-
1-
#1233000000000
0!
#1233500000000
1!
b10110000 (
b1101110101 '
0-
1-
#1234000000000
0!
#1234500000000
1!
b101100000 (
b1011101010 '
0-
1-
#1235000000000
0!
#1235500000000
1!
b1011000000 (
b111010101 '
0-
1-
#1236000000000
0!
#1236500000000
1!
b110000000 (
b1110101011 '
0-
1-
#1237000000000
0!
#1237500000000
1!
b1100000000 (
b1101010111 '
0&
0*
0+
0)
0-
1-
#1238000000000
0!
#1238500000000
1!
b1000000000 (
b1010101110 '
0-
1-
#1239000000000
0!
#1239500000000
1!
b1 (
b101011100 '
0-
1-
#1240000000000
0!
#1240500000000
1!
b10 (
b1010111001 '
1&
1*
1+
1)
0-
1-
#1241000000000
0!
#1241500000000
1!
b101 (
b101110011 '
0&
0*
0+
0)
0-
1-
#1242000000000
0!
#1242500000000
1!
b1011 (
b1011100110 '
1&
1*
1+
1)
0-
1-
#1243000000000
0!
#1243500000000
1!
b10111 (
b111001100 '
0&
0*
0+
0)
0-
1-
#1244000000000
0!
#1244500000000
1!
b101110 (
b1110011001 '
1&
1*
1+
1)
0-
1-
#1245000000000
0!
#1245500000000
1!
b1011101 (
b1100110011 '
0-
1-
#1246000000000
0!
#1246500000000
1!
b10111011 (
b1001100111 '
0-
1-
#1247000000000
0!
#1247500000000
1!
b101110111 (
b11001110 '
0&
0*
0+
0)
0-
1-
#1248000000000
0!
#1248500000000
1!
b1011101110 (
b110011101 '
1&
1*
1+
1)
0-
1-
#1249000000000
0!
#1249500000000
1!
b111011101 (
b1100111011 '
0-
1-
#1250000000000
0!
#1250500000000
1!
b1110111011 (
b1001110111 '
0&
0*
0+
0)
0-
1-
#1251000000000
0!
#1251500000000
1!
b1101110111 (
b11101110 '
1&
1*
1+
1)
0-
1-
#1252000000000
0!
#1252500000000
1!
b1011101111 (
b111011101 '
0-
1-
#1253000000000
0!
#1253500000000
1!
b111011111 (
b1110111011 '
0-
1-
#1254000000000
0!
#1254500000000
1!
b1110111110 (
b1101110111 '
0&
0*
0+
0)
0-
1-
#1255000000000
0!
#1255500000000
1!
b1101111100 (
b1011101110 '
0-
1-
#1256000000000
0!
#1256500000000
1!
b1011111000 (
b111011100 '
1&
1*
1+
1)
0-
1-
#1257000000000
0!
#1257500000000
1!
b111110001 (
b1110111001 '
0-
1-
#1258000000000
0!
#1258500000000
1!
b1111100011 (
b1101110011 '
0&
0*
0+
0)
0-
1-
#1259000000000
0!
#1259500000000
1!
b1111000111 (
b1011100111 '
0-
1-
#1260000000000
0!
#1260500000000
1!
b1110001111 (
b111001110 '
1&
1*
1+
1)
0-
1-
#1261000000000
0!
#1261500000000
1!
b1100011111 (
b1110011101 '
0&
0*
0+
0)
0-
1-
#1262000000000
0!
#1262500000000
1!
b1000111110 (
b1100111010 '
0-
1-
#1263000000000
0!
#1263500000000
1!
b1111100 (
b1001110101 '
1&
1*
1+
1)
0-
1-
#1264000000000
0!
#1264500000000
1!
b11111000 (
b11101010 '
0&
0*
0+
0)
0-
1-
#1265000000000
0!
#1265500000000
1!
b111110000 (
b111010100 '
0-
1-
#1266000000000
0!
#1266500000000
1!
b1111100001 (
b1110101001 '
0-
1-
#1267000000000
0!
#1267500000000
1!
b1111000010 (
b1101010011 '
0-
1-
#1268000000000
0!
#1268500000000
1!
b1110000100 (
b1010100111 '
0-
1-
#1269000000000
0!
#1269500000000
1!
b1100001000 (
b101001110 '
1&
1*
1+
1)
0-
1-
#1270000000000
0!
#1270500000000
1!
b1000010000 (
b1010011101 '
0&
0*
0+
0)
0-
1-
#1271000000000
0!
#1271500000000
1!
b100001 (
b100111010 '
0-
1-
#1272000000000
0!
#1272500000000
1!
b1000011 (
b1001110100 '
1&
1*
1+
1)
0-
1-
#1273000000000
0!
#1273500000000
1!
b10000111 (
b11101000 '
0&
0*
0+
0)
0-
1-
#1274000000000
0!
#1274500000000
1!
b100001111 (
b111010000 '
0-
1-
#1275000000000
0!
#1275500000000
1!
b1000011111 (
b1110100000 '
0-
1-
#1276000000000
0!
#1276500000000
1!
b111111 (
b1101000001 '
1&
1*
1+
1)
0-
1-
#1277000000000
0!
#1277500000000
1!
b1111111 (
b1010000011 '
0-
1-
#1278000000000
0!
#1278500000000
1!
b11111111 (
b100000111 '
0&
0*
0+
0)
0-
1-
#1279000000000
0!
#1279500000000
1!
b111111110 (
b1000001111 '
1&
1*
1+
1)
0-
1-
#1280000000000
0!
#1280500000000
1!
b1111111101 (
b11110 '
0-
1-
#1281000000000
0!
#1281500000000
1!
b1111111011 (
b111101 '
0-
1-
#1282000000000
0!
#1282500000000
1!
b1111110111 (
b1111011 '
0-
1-
#1283000000000
0!
#1283500000000
1!
b1111101110 (
b11110110 '
0-
1-
#1284000000000
0!
#1284500000000
1!
b1111011100 (
b111101101 '
0-
1-
#1285000000000
0!
#1285500000000
1!
b1110111000 (
b1111011011 '
0&
0*
0+
0)
0-
1-
#1286000000000
0!
#1286500000000
1!
b1101110000 (
b1110110111 '
0-
1-
#1287000000000
0!
#1287500000000
1!
b1011100001 (
b1101101110 '
0-
1-
#1288000000000
0!
#1288500000000
1!
b111000011 (
b1011011100 '
1&
1*
1+
1)
0-
1-
#1289000000000
0!
#1289500000000
1!
b1110000111 (
b110111000 '
0-
1-
#1290000000000
0!
#1290500000000
1!
b1100001111 (
b1101110000 '
0&
0*
0+
0)
0-
1-
#1291000000000
0!
#1291500000000
1!
b1000011110 (
b1011100001 '
0-
1-
#1292000000000
0!
#1292500000000
1!
b111101 (
b111000011 '
0-
1-
#1293000000000
0!
#1293500000000
1!
b1111010 (
b1110000110 '
1&
1*
1+
1)
0-
1-
#1294000000000
0!
#1294500000000
1!
b11110100 (
b1100001100 '
0-
1-
#1295000000000
0!
#1295500000000
1!
b111101001 (
b1000011000 '
0-
1-
#1296000000000
0!
#1296500000000
1!
b1111010011 (
b110001 '
0-
1-
#1297000000000
0!
#1297500000000
1!
b1110100110 (
b1100010 '
0-
1-
#1298000000000
0!
#1298500000000
1!
b1101001100 (
b11000100 '
0-
1-
#1299000000000
0!
#1299500000000
1!
b1010011001 (
b110001001 '
0-
1-
#1300000000000
0!
#1300500000000
1!
b100110010 (
b1100010010 '
0-
1-
#1301000000000
0!
#1301500000000
1!
b1001100101 (
b1000100101 '
0&
0*
0+
0)
0-
1-
#1302000000000
0!
#1302500000000
1!
b11001011 (
b1001010 '
0-
1-
#1303000000000
0!
#1303500000000
1!
b110010110 (
b10010100 '
0-
1-
#1304000000000
0!
#1304500000000
1!
b1100101100 (
b100101001 '
1&
1*
1+
1)
0-
1-
#1305000000000
0!
#1305500000000
1!
b1001011000 (
b1001010010 '
0&
0*
0+
0)
0-
1-
#1306000000000
0!
#1306500000000
1!
b10110001 (
b10100101 '
0-
1-
#1307000000000
0!
#1307500000000
1!
b101100010 (
b101001011 '
0-
1-
#1308000000000
0!
#1308500000000
1!
b1011000101 (
b1010010110 '
0-
1-
#1309000000000
0!
#1309500000000
1!
b110001011 (
b100101100 '
0-
1-
#1310000000000
0!
#1310500000000
1!
b1100010111 (
b1001011001 '
0-
1-
#1311000000000
0!
#1311500000000
1!
b1000101110 (
b10110011 '
1&
1*
1+
1)
0-
1-
#1312000000000
0!
#1312500000000
1!
b1011100 (
b101100110 '
0&
0*
0+
0)
0-
1-
#1313000000000
0!
#1313500000000
1!
b10111001 (
b1011001101 '
1&
1*
1+
1)
0-
1-
#1314000000000
0!
#1314500000000
1!
b101110010 (
b110011010 '
0&
0*
0+
0)
0-
1-
#1315000000000
0!
#1315500000000
1!
b1011100101 (
b1100110100 '
0-
1-
#1316000000000
0!
#1316500000000
1!
b111001010 (
b1001101000 '
1&
1*
1+
1)
0-
1-
#1317000000000
0!
#1317500000000
1!
b1110010101 (
b11010001 '
0-
1-
#1318000000000
0!
#1318500000000
1!
b1100101010 (
b110100010 '
0-
1-
#1319000000000
0!
#1319500000000
1!
b1001010100 (
b1101000100 '
0&
0*
0+
0)
0-
1-
#1320000000000
0!
#1320500000000
1!
b10101000 (
b1010001000 '
1&
1*
1+
1)
0-
1-
#1321000000000
0!
#1321500000000
1!
b101010000 (
b100010001 '
0&
0*
0+
0)
0-
1-
#1322000000000
0!
#1322500000000
1!
b1010100001 (
b1000100010 '
0-
1-
#1323000000000
0!
#1323500000000
1!
b101000011 (
b1000101 '
0-
1-
#1324000000000
0!
#1324500000000
1!
b1010000110 (
b10001011 '
1&
1*
1+
1)
0-
1-
#1325000000000
0!
#1325500000000
1!
b100001100 (
b100010110 '
0&
0*
0+
0)
0-
1-
#1326000000000
0!
#1326500000000
1!
b1000011000 (
b1000101101 '
0-
1-
#1327000000000
0!
#1327500000000
1!
b110001 (
b1011010 '
0-
1-
#1328000000000
0!
#1328500000000
1!
b1100011 (
b10110100 '
0-
1-
#1329000000000
0!
#1329500000000
1!
b11000110 (
b101101001 '
0-
1-
#1330000000000
0!
#1330500000000
1!
b110001101 (
b1011010010 '
1&
1*
1+
1)
0-
1-
#1331000000000
0!
#1331500000000
1!
b1100011011 (
b110100101 '
0-
1-
#1332000000000
0!
#1332500000000
1!
b1000110111 (
b1101001011 '
0&
0*
0+
0)
0-
1-
#1333000000000
0!
#1333500000000
1!
b1101110 (
b1010010111 '
1&
1*
1+
1)
0-
1-
#1334000000000
0!
#1334500000000
1!
b11011101 (
b100101110 '
0&
0*
0+
0)
0-
1-
#1335000000000
0!
#1335500000000
1!
b110111010 (
b1001011101 '
1&
1*
1+
1)
0-
1-
#1336000000000
0!
#1336500000000
1!
b1101110100 (
b10111010 '
0-
1-
#1337000000000
0!
#1337500000000
1!
b1011101000 (
b101110100 '
0-
1-
#1338000000000
0!
#1338500000000
1!
b111010001 (
b1011101001 '
0-
1-
#1339000000000
0!
#1339500000000
1!
b1110100010 (
b111010011 '
0-
1-
#1340000000000
0!
#1340500000000
1!
b1101000101 (
b1110100110 '
0&
0*
0+
0)
0-
1-
#1341000000000
0!
#1341500000000
1!
b1010001011 (
b1101001100 '
0-
1-
#1342000000000
0!
#1342500000000
1!
b100010111 (
b1010011000 '
1&
1*
1+
1)
0-
1-
#1343000000000
0!
#1343500000000
1!
b1000101111 (
b100110001 '
0-
1-
#1344000000000
0!
#1344500000000
1!
b1011110 (
b1001100010 '
0-
1-
#1345000000000
0!
#1345500000000
1!
b10111100 (
b11000101 '
0&
0*
0+
0)
0-
1-
#1346000000000
0!
#1346500000000
1!
b101111001 (
b110001011 '
0-
1-
#1347000000000
0!
#1347500000000
1!
b1011110010 (
b1100010110 '
0-
1-
#1348000000000
0!
#1348500000000
1!
b111100100 (
b1000101100 '
1&
1*
1+
1)
0-
1-
#1349000000000
0!
#1349500000000
1!
b1111001000 (
b1011000 '
0-
1-
#1350000000000
0!
#1350500000000
1!
b1110010001 (
b10110000 '
0-
1-
#1351000000000
0!
#1351500000000
1!
b1100100011 (
b101100000 '
0-
1-
#1352000000000
0!
#1352500000000
1!
b1001000110 (
b1011000000 '
0&
0*
0+
0)
0-
1-
#1353000000000
0!
#1353500000000
1!
b10001101 (
b110000001 '
0-
1-
#1354000000000
0!
#1354500000000
1!
b100011010 (
b1100000010 '
1&
1*
1+
1)
0-
1-
#1355000000000
0!
#1355500000000
1!
b1000110100 (
b1000000101 '
0&
0*
0+
0)
0-
1-
#1356000000000
0!
#1356500000000
1!
b1101001 (
b1010 '
0-
1-
#1357000000000
0!
#1357500000000
1!
b11010011 (
b10100 '
0-
1-
#1358000000000
0!
#1358500000000
1!
b110100110 (
b101001 '
0-
1-
#1359000000000
0!
#1359500000000
1!
b1101001101 (
b1010010 '
1&
1*
1+
1)
0-
1-
#1360000000000
0!
#1360500000000
1!
b1010011011 (
b10100100 '
0-
1-
#1361000000000
0!
#1361500000000
1!
b100110111 (
b101001001 '
0&
0*
0+
0)
0-
1-
#1362000000000
0!
#1362500000000
1!
b1001101110 (
b1010010010 '
0-
1-
#1363000000000
0!
#1363500000000
1!
b11011100 (
b100100101 '
0-
1-
#1364000000000
0!
#1364500000000
1!
b110111000 (
b1001001011 '
1&
1*
1+
1)
0-
1-
#1365000000000
0!
#1365500000000
1!
b1101110001 (
b10010111 '
0-
1-
#1366000000000
0!
#1366500000000
1!
b1011100011 (
b100101111 '
0-
1-
#1367000000000
0!
#1367500000000
1!
b111000110 (
b1001011111 '
0-
1-
#1368000000000
0!
#1368500000000
1!
b1110001100 (
b10111110 '
0-
1-
#1369000000000
0!
#1369500000000
1!
b1100011000 (
b101111101 '
0-
1-
#1370000000000
0!
#1370500000000
1!
b1000110000 (
b1011111011 '
0&
0*
0+
0)
0-
1-
#1371000000000
0!
#1371500000000
1!
b1100000 (
b111110111 '
0-
1-
#1372000000000
0!
#1372500000000
1!
b11000001 (
b1111101111 '
1&
1*
1+
1)
0-
1-
#1373000000000
0!
#1373500000000
1!
b110000011 (
b1111011110 '
0-
1-
#1374000000000
0!
#1374500000000
1!
b1100000111 (
b1110111100 '
0&
0*
0+
0)
0-
1-
#1375000000000
0!
#1375500000000
1!
b1000001110 (
b1101111000 '
0-
1-
#1376000000000
0!
#1376500000000
1!
b11101 (
b1011110001 '
1&
1*
1+
1)
0-
1-
#1377000000000
0!
#1377500000000
1!
b111011 (
b111100011 '
0&
0*
0+
0)
0-
1-
#1378000000000
0!
#1378500000000
1!
b1110110 (
b1111000110 '
1&
1*
1+
1)
0-
1-
#1379000000000
0!
#1379500000000
1!
b11101101 (
b1110001100 '
0-
1-
#1380000000000
0!
#1380500000000
1!
b111011011 (
b1100011000 '
0-
1-
#1381000000000
0!
#1381500000000
1!
b1110110111 (
b1000110001 '
0&
0*
0+
0)
0-
1-
#1382000000000
0!
#1382500000000
1!
b1101101110 (
b1100011 '
1&
1*
1+
1)
0-
1-
#1383000000000
0!
#1383500000000
1!
b1011011101 (
b11000110 '
0-
1-
#1384000000000
0!
#1384500000000
1!
b110111011 (
b110001101 '
0&
0*
0+
0)
0-
1-
#1385000000000
0!
#1385500000000
1!
b1101110110 (
b1100011011 '
0-
1-
#1386000000000
0!
#1386500000000
1!
b1011101101 (
b1000110111 '
0-
1-
#1387000000000
0!
#1387500000000
1!
b111011010 (
b1101110 '
0-
1-
#1388000000000
0!
#1388500000000
1!
b1110110101 (
b11011101 '
1&
1*
1+
1)
0-
1-
#1389000000000
0!
#1389500000000
1!
b1101101011 (
b110111011 '
0-
1-
#1390000000000
0!
#1390500000000
1!
b1011010110 (
b1101110110 '
0&
0*
0+
0)
0-
1-
#1391000000000
0!
#1391500000000
1!
b110101100 (
b1011101100 '
1&
1*
1+
1)
0-
1-
#1392000000000
0!
#1392500000000
1!
b1101011000 (
b111011000 '
0-
1-
#1393000000000
0!
#1393500000000
1!
b1010110000 (
b1110110000 '
0&
0*
0+
0)
0-
1-
#1394000000000
0!
#1394500000000
1!
b101100001 (
b1101100001 '
1&
1*
1+
1)
0-
1-
#1395000000000
0!
#1395500000000
1!
b1011000010 (
b1011000011 '
0&
0*
0+
0)
0-
1-
#1396000000000
0!
#1396500000000
1!
b110000101 (
b110000111 '
0-
1-
#1397000000000
0!
#1397500000000
1!
b1100001011 (
b1100001111 '
0-
1-
#1398000000000
0!
#1398500000000
1!
b1000010111 (
b1000011110 '
0-
1-
#1399000000000
0!
#1399500000000
1!
b101111 (
b111100 '
0-
1-
#1400000000000
0!
#1400500000000
1!
b1011111 (
b1111001 '
0-
1-
#1401000000000
0!
#1401500000000
1!
b10111110 (
b11110010 '
0-
1-
#1402000000000
0!
#1402500000000
1!
b101111100 (
b111100100 '
0-
1-
#1403000000000
0!
#1403500000000
1!
b1011111001 (
b1111001001 '
0-
1-
#1404000000000
0!
#1404500000000
1!
b111110011 (
b1110010011 '
1&
1*
1+
1)
0-
1-
#1405000000000
0!
#1405500000000
1!
b1111100110 (
b1100100111 '
0&
0*
0+
0)
0-
1-
#1406000000000
0!
#1406500000000
1!
b1111001100 (
b1001001110 '
0-
1-
#1407000000000
0!
#1407500000000
1!
b1110011000 (
b10011100 '
1&
1*
1+
1)
0-
1-
#1408000000000
0!
#1408500000000
1!
b1100110001 (
b100111001 '
0-
1-
#1409000000000
0!
#1409500000000
1!
b1001100011 (
b1001110010 '
0&
0*
0+
0)
0-
1-
#1410000000000
0!
#1410500000000
1!
b11000111 (
b11100101 '
0-
1-
#1411000000000
0!
#1411500000000
1!
b110001111 (
b111001011 '
0-
1-
#1412000000000
0!
#1412500000000
1!
b1100011110 (
b1110010110 '
0-
1-
#1413000000000
0!
#1413500000000
1!
b1000111100 (
b1100101100 '
0-
1-
#1414000000000
0!
#1414500000000
1!
b1111001 (
b1001011000 '
1&
1*
1+
1)
0-
1-
#1415000000000
0!
#1415500000000
1!
b11110011 (
b10110001 '
0&
0*
0+
0)
0-
1-
#1416000000000
0!
#1416500000000
1!
b111100111 (
b101100010 '
0-
1-
#1417000000000
0!
#1417500000000
1!
b1111001111 (
b1011000100 '
0-
1-
#1418000000000
0!
#1418500000000
1!
b1110011111 (
b110001000 '
1&
1*
1+
1)
0-
1-
#1419000000000
0!
#1419500000000
1!
b1100111111 (
b1100010000 '
0&
0*
0+
0)
0-
1-
#1420000000000
0!
#1420500000000
1!
b1001111111 (
b1000100001 '
0-
1-
#1421000000000
0!
#1421500000000
1!
b11111110 (
b1000011 '
0-
1-
#1422000000000
0!
#1422500000000
1!
b111111100 (
b10000110 '
0-
1-
#1423000000000
0!
#1423500000000
1!
b1111111000 (
b100001101 '
1&
1*
1+
1)
0-
1-
#1424000000000
0!
#1424500000000
1!
b1111110000 (
b1000011011 '
0&
0*
0+
0)
0-
1-
#1425000000000
0!
#1425500000000
1!
b1111100000 (
b110111 '
1&
1*
1+
1)
0-
1-
#1426000000000
0!
#1426500000000
1!
b1111000000 (
b1101111 '
0-
1-
#1427000000000
0!
#1427500000000
1!
b1110000001 (
b11011111 '
0-
1-
#1428000000000
0!
#1428500000000
1!
b1100000011 (
b110111111 '
0-
1-
#1429000000000
0!
#1429500000000
1!
b1000000111 (
b1101111111 '
0&
0*
0+
0)
0-
1-
#1430000000000
0!
#1430500000000
1!
b1111 (
b1011111110 '
1&
1*
1+
1)
0-
1-
#1431000000000
0!
#1431500000000
1!
b11110 (
b111111100 '
0&
0*
0+
0)
0-
1-
#1432000000000
0!
#1432500000000
1!
b111100 (
b1111111001 '
1&
1*
1+
1)
0-
1-
#1433000000000
0!
#1433500000000
1!
b1111000 (
b1111110011 '
0-
1-
#1434000000000
0!
#1434500000000
1!
b11110001 (
b1111100111 '
0-
1-
#1435000000000
0!
#1435500000000
1!
b111100010 (
b1111001110 '
0-
1-
#1436000000000
0!
#1436500000000
1!
b1111000100 (
b1110011100 '
0&
0*
0+
0)
0-
1-
#1437000000000
0!
#1437500000000
1!
b1110001000 (
b1100111000 '
0-
1-
#1438000000000
0!
#1438500000000
1!
b1100010001 (
b1001110001 '
0-
1-
#1439000000000
0!
#1439500000000
1!
b1000100010 (
b11100011 '
1&
1*
1+
1)
0-
1-
#1440000000000
0!
#1440500000000
1!
b1000101 (
b111000110 '
0&
0*
0+
0)
0-
1-
#1441000000000
0!
#1441500000000
1!
b10001011 (
b1110001101 '
1&
1*
1+
1)
0-
1-
#1442000000000
0!
#1442500000000
1!
b100010110 (
b1100011010 '
0-
1-
#1443000000000
0!
#1443500000000
1!
b1000101101 (
b1000110101 '
0&
0*
0+
0)
0-
1-
#1444000000000
0!
#1444500000000
1!
b1011011 (
b1101010 '
0-
1-
#1445000000000
0!
#1445500000000
1!
b10110111 (
b11010100 '
0-
1-
#1446000000000
0!
#1446500000000
1!
b101101110 (
b110101001 '
0-
1-
#1447000000000
0!
#1447500000000
1!
b1011011100 (
b1101010010 '
0-
1-
#1448000000000
0!
#1448500000000
1!
b110111001 (
b1010100101 '
1&
1*
1+
1)
0-
1-
#1449000000000
0!
#1449500000000
1!
b1101110011 (
b101001010 '
0-
1-
#1450000000000
0!
#1450500000000
1!
b1011100110 (
b1010010100 '
0&
0*
0+
0)
0-
1-
#1451000000000
0!
#1451500000000
1!
b111001101 (
b100101000 '
0-
1-
#1452000000000
0!
#1452500000000
1!
b1110011011 (
b1001010000 '
0-
1-
#1453000000000
0!
#1453500000000
1!
b1100110110 (
b10100001 '
1&
1*
1+
1)
0-
1-
#1454000000000
0!
#1454500000000
1!
b1001101101 (
b101000010 '
0-
1-
#1455000000000
0!
#1455500000000
1!
b11011011 (
b1010000100 '
0-
1-
#1456000000000
0!
#1456500000000
1!
b110110110 (
b100001000 '
0&
0*
0+
0)
0-
1-
#1457000000000
0!
#1457500000000
1!
b1101101101 (
b1000010000 '
0-
1-
#1458000000000
0!
#1458500000000
1!
b1011011010 (
b100001 '
1&
1*
1+
1)
0-
1-
#1459000000000
0!
#1459500000000
1!
b110110101 (
b1000010 '
0&
0*
0+
0)
0-
1-
#1460000000000
0!
#1460500000000
1!
b1101101010 (
b10000100 '
1&
1*
1+
1)
0-
1-
#1461000000000
0!
#1461500000000
1!
b1011010100 (
b100001001 '
0-
1-
#1462000000000
0!
#1462500000000
1!
b110101001 (
b1000010010 '
0-
1-
#1463000000000
0!
#1463500000000
1!
b1101010011 (
b100101 '
0-
1-
#1464000000000
0!
#1464500000000
1!
b1010100111 (
b1001011 '
0-
1-
#1465000000000
0!
#1465500000000
1!
b101001111 (
b10010110 '
0&
0*
0+
0)
0-
1-
#1466000000000
0!
#1466500000000
1!
b1010011111 (
b100101101 '
1&
1*
1+
1)
0-
1-
#1467000000000
0!
#1467500000000
1!
b100111110 (
b1001011011 '
0-
1-
#1468000000000
0!
#1468500000000
1!
b1001111100 (
b10110111 '
0-
1-
#1469000000000
0!
#1469500000000
1!
b11111001 (
b101101111 '
0&
0*
0+
0)
0-
1-
#1470000000000
0!
#1470500000000
1!
b111110010 (
b1011011111 '
1&
1*
1+
1)
0-
1-
#1471000000000
0!
#1471500000000
1!
b1111100100 (
b110111110 '
0-
1-
#1472000000000
0!
#1472500000000
1!
b1111001001 (
b1101111101 '
0&
0*
0+
0)
0-
1-
#1473000000000
0!
#1473500000000
1!
b1110010011 (
b1011111010 '
0-
1-
#1474000000000
0!
#1474500000000
1!
b1100100110 (
b111110101 '
1&
1*
1+
1)
0-
1-
#1475000000000
0!
#1475500000000
1!
b1001001101 (
b1111101011 '
0&
0*
0+
0)
0-
1-
#1476000000000
0!
#1476500000000
1!
b10011010 (
b1111010111 '
1&
1*
1+
1)
0-
1-
#1477000000000
0!
#1477500000000
1!
b100110100 (
b1110101110 '
0-
1-
#1478000000000
0!
#1478500000000
1!
b1001101001 (
b1101011100 '
0&
0*
0+
0)
0-
1-
#1479000000000
0!
#1479500000000
1!
b11010010 (
b1010111000 '
1&
1*
1+
1)
0-
1-
#1480000000000
0!
#1480500000000
1!
b110100100 (
b101110001 '
0&
0*
0+
0)
0-
1-
#1481000000000
0!
#1481500000000
1!
b1101001000 (
b1011100010 '
0-
1-
#1482000000000
0!
#1482500000000
1!
b1010010000 (
b111000101 '
1&
1*
1+
1)
0-
1-
#1483000000000
0!
#1483500000000
1!
b100100000 (
b1110001011 '
0-
1-
#1484000000000
0!
#1484500000000
1!
b1001000000 (
b1100010111 '
0&
0*
0+
0)
0-
1-
#1485000000000
0!
#1485500000000
1!
b10000001 (
b1000101110 '
1&
1*
1+
1)
0-
1-
#1486000000000
0!
#1486500000000
1!
b100000011 (
b1011100 '
0&
0*
0+
0)
0-
1-
#1487000000000
0!
#1487500000000
1!
b1000000110 (
b10111001 '
1&
1*
1+
1)
0-
1-
#1488000000000
0!
#1488500000000
1!
b1101 (
b101110010 '
0&
0*
0+
0)
0-
1-
#1489000000000
0!
#1489500000000
1!
b11011 (
b1011100100 '
1&
1*
1+
1)
0-
1-
#1490000000000
0!
#1490500000000
1!
b110111 (
b111001000 '
0&
0*
0+
0)
0-
1-
#1491000000000
0!
#1491500000000
1!
b1101111 (
b1110010000 '
1&
1*
1+
1)
0-
1-
#1492000000000
0!
#1492500000000
1!
b11011111 (
b1100100001 '
0-
1-
#1493000000000
0!
#1493500000000
1!
b110111111 (
b1001000011 '
0-
1-
#1494000000000
0!
#1494500000000
1!
b1101111111 (
b10000111 '
0-
1-
#1495000000000
0!
#1495500000000
1!
b1011111111 (
b100001111 '
0-
1-
#1496000000000
0!
#1496500000000
1!
b111111111 (
b1000011111 '
0-
1-
#1497000000000
0!
#1497500000000
1!
b1111111111 (
b111110 '
0-
1-
#1498000000000
0!
#1498500000000
1!
b1111111110 (
b1111101 '
0-
1-
#1499000000000
0!
#1499500000000
1!
b1111111100 (
b11111011 '
0-
1-
#1500000000000
0!
#1500500000000
1!
b1111111001 (
b111110110 '
0-
1-
#1501000000000
0!
#1501500000000
1!
b1111110010 (
b1111101101 '
0&
0*
0+
0)
0-
1-
#1502000000000
0!
#1502500000000
1!
b1111100101 (
b1111011010 '
0-
1-
#1503000000000
0!
#1503500000000
1!
b1111001011 (
b1110110101 '
0-
1-
#1504000000000
0!
#1504500000000
1!
b1110010110 (
b1101101010 '
0-
1-
#1505000000000
0!
#1505500000000
1!
b1100101101 (
b1011010101 '
0-
1-
#1506000000000
0!
#1506500000000
1!
b1001011010 (
b110101010 '
1&
1*
1+
1)
0-
1-
#1507000000000
0!
#1507500000000
1!
b10110100 (
b1101010100 '
0-
1-
#1508000000000
0!
#1508500000000
1!
b101101001 (
b1010101000 '
0-
1-
#1509000000000
0!
#1509500000000
1!
b1011010010 (
b101010001 '
0-
1-
#1510000000000
0!
#1510500000000
1!
b110100101 (
b1010100010 '
0-
1-
#1511000000000
0!
#1511500000000
1!
b1101001010 (
b101000101 '
0-
1-
#1512000000000
0!
#1512500000000
1!
b1010010101 (
b1010001011 '
0&
0*
0+
0)
0-
1-
#1513000000000
0!
#1513500000000
1!
b100101011 (
b100010111 '
0-
1-
#1514000000000
0!
#1514500000000
1!
b1001010111 (
b1000101111 '
0-
1-
#1515000000000
0!
#1515500000000
1!
b10101111 (
b1011110 '
0-
1-
#1516000000000
0!
#1516500000000
1!
b101011110 (
b10111101 '
0-
1-
#1517000000000
0!
#1517500000000
1!
b1010111101 (
b101111011 '
1&
1*
1+
1)
0-
1-
#1518000000000
0!
#1518500000000
1!
b101111010 (
b1011110110 '
0-
1-
#1519000000000
0!
#1519500000000
1!
b1011110101 (
b111101100 '
0-
1-
#1520000000000
0!
#1520500000000
1!
b111101010 (
b1111011001 '
0-
1-
#1521000000000
0!
#1521500000000
1!
b1111010100 (
b1110110011 '
0&
0*
0+
0)
0-
1-
#1522000000000
0!
#1522500000000
1!
b1110101000 (
b1101100111 '
0-
1-
#1523000000000
0!
#1523500000000
1!
b1101010000 (
b1011001110 '
0-
1-
#1524000000000
0!
#1524500000000
1!
b1010100000 (
b110011100 '
1&
1*
1+
1)
0-
1-
#1525000000000
0!
#1525500000000
1!
b101000001 (
b1100111001 '
0-
1-
#1526000000000
0!
#1526500000000
1!
b1010000011 (
b1001110011 '
0&
0*
0+
0)
0-
1-
#1527000000000
0!
#1527500000000
1!
b100000111 (
b11100111 '
0-
1-
#1528000000000
0!
#1528500000000
1!
b1000001111 (
b111001111 '
1&
1*
1+
1)
0-
1-
#1529000000000
0!
#1529500000000
1!
b11111 (
b1110011111 '
0-
1-
#1530000000000
0!
#1530500000000
1!
b111110 (
b1100111110 '
0-
1-
#1531000000000
0!
#1531500000000
1!
b1111101 (
b1001111100 '
0-
1-
#1532000000000
0!
#1532500000000
1!
b11111010 (
b11111000 '
0&
0*
0+
0)
0-
1-
#1533000000000
0!
#1533500000000
1!
b111110101 (
b111110000 '
0-
1-
#1534000000000
0!
#1534500000000
1!
b1111101010 (
b1111100000 '
0-
1-
#1535000000000
0!
#1535500000000
1!
b1111010101 (
b1111000001 '
0-
1-
#1536000000000
0!
#1536500000000
1!
b1110101010 (
b1110000011 '
0-
1-
#1537000000000
0!
#1537500000000
1!
b1101010101 (
b1100000111 '
0-
1-
#1538000000000
0!
#1538500000000
1!
b1010101011 (
b1000001110 '
0-
1-
#1539000000000
0!
#1539500000000
1!
b101010110 (
b11100 '
0-
1-
#1540000000000
0!
#1540500000000
1!
b1010101101 (
b111001 '
1&
1*
1+
1)
0-
1-
#1541000000000
0!
#1541500000000
1!
b101011010 (
b1110010 '
0&
0*
0+
0)
0-
1-
#1542000000000
0!
#1542500000000
1!
b1010110100 (
b11100100 '
1&
1*
1+
1)
0-
1-
#1543000000000
0!
#1543500000000
1!
b101101000 (
b111001001 '
0&
0*
0+
0)
0-
1-
#1544000000000
0!
#1544500000000
1!
b1011010000 (
b1110010010 '
0-
1-
#1545000000000
0!
#1545500000000
1!
b110100000 (
b1100100101 '
1&
1*
1+
1)
0-
1-
#1546000000000
0!
#1546500000000
1!
b1101000001 (
b1001001010 '
0&
0*
0+
0)
0-
1-
#1547000000000
0!
#1547500000000
1!
b1010000010 (
b10010101 '
1&
1*
1+
1)
0-
1-
#1548000000000
0!
#1548500000000
1!
b100000101 (
b100101011 '
0&
0*
0+
0)
0-
1-
#1549000000000
0!
#1549500000000
1!
b1000001010 (
b1001010110 '
0-
1-
#1550000000000
0!
#1550500000000
1!
b10100 (
b10101100 '
0-
1-
#1551000000000
0!
#1551500000000
1!
b101001 (
b101011001 '
0-
1-
#1552000000000
0!
#1552500000000
1!
b1010011 (
b1010110010 '
1&
1*
1+
1)
0-
1-
#1553000000000
0!
#1553500000000
1!
b10100111 (
b101100101 '
0&
0*
0+
0)
0-
1-
#1554000000000
0!
#1554500000000
1!
b101001110 (
b1011001011 '
1&
1*
1+
1)
0-
1-
#1555000000000
0!
#1555500000000
1!
b1010011101 (
b110010111 '
0-
1-
#1556000000000
0!
#1556500000000
1!
b100111011 (
b1100101111 '
0-
1-
#1557000000000
0!
#1557500000000
1!
b1001110111 (
b1001011110 '
0&
0*
0+
0)
0-
1-
#1558000000000
0!
#1558500000000
1!
b11101110 (
b10111100 '
0-
1-
#1559000000000
0!
#1559500000000
1!
b111011100 (
b101111001 '
0-
1-
#1560000000000
0!
#1560500000000
1!
b1110111001 (
b1011110010 '
0-
1-
#1561000000000
0!
#1561500000000
1!
b1101110010 (
b111100101 '
1&
1*
1+
1)
0-
1-
#1562000000000
0!
#1562500000000
1!
b1011100100 (
b1111001011 '
0&
0*
0+
0)
0-
1-
#1563000000000
0!
#1563500000000
1!
b111001000 (
b1110010111 '
1&
1*
1+
1)
0-
1-
#1564000000000
0!
#1564500000000
1!
b1110010000 (
b1100101110 '
0&
0*
0+
0)
0-
1-
#1565000000000
0!
#1565500000000
1!
b1100100001 (
b1001011100 '
0-
1-
#1566000000000
0!
#1566500000000
1!
b1001000011 (
b10111000 '
1&
1*
1+
1)
0-
1-
#1567000000000
0!
#1567500000000
1!
b10000110 (
b101110000 '
0&
0*
0+
0)
0-
1-
#1568000000000
0!
#1568500000000
1!
b100001101 (
b1011100000 '
1&
1*
1+
1)
0-
1-
#1569000000000
0!
#1569500000000
1!
b1000011010 (
b111000001 '
0-
1-
#1570000000000
0!
#1570500000000
1!
b110100 (
b1110000010 '
0-
1-
#1571000000000
0!
#1571500000000
1!
b1101000 (
b1100000101 '
0-
1-
#1572000000000
0!
#1572500000000
1!
b11010001 (
b1000001010 '
0-
1-
#1573000000000
0!
#1573500000000
1!
b110100011 (
b10101 '
0&
0*
0+
0)
0-
1-
#1574000000000
0!
#1574500000000
1!
b1101000110 (
b101011 '
1&
1*
1+
1)
0-
1-
#1575000000000
0!
#1575500000000
1!
b1010001100 (
b1010110 '
0-
1-
#1576000000000
0!
#1576500000000
1!
b100011001 (
b10101101 '
0&
0*
0+
0)
0-
1-
#1577000000000
0!
#1577500000000
1!
b1000110011 (
b101011011 '
1&
1*
1+
1)
0-
1-
#1578000000000
0!
#1578500000000
1!
b1100111 (
b1010110110 '
0-
1-
#1579000000000
0!
#1579500000000
1!
b11001111 (
b101101100 '
0&
0*
0+
0)
0-
1-
#1580000000000
0!
#1580500000000
1!
b110011111 (
b1011011001 '
1&
1*
1+
1)
0-
1-
#1581000000000
0!
#1581500000000
1!
b1100111110 (
b110110011 '
0-
1-
#1582000000000
0!
#1582500000000
1!
b1001111101 (
b1101100110 '
0&
0*
0+
0)
0-
1-
#1583000000000
0!
#1583500000000
1!
b11111011 (
b1011001100 '
1&
1*
1+
1)
0-
1-
#1584000000000
0!
#1584500000000
1!
b111110111 (
b110011000 '
0&
0*
0+
0)
0-
1-
#1585000000000
0!
#1585500000000
1!
b1111101111 (
b1100110000 '
0-
1-
#1586000000000
0!
#1586500000000
1!
b1111011110 (
b1001100001 '
0-
1-
#1587000000000
0!
#1587500000000
1!
b1110111101 (
b11000011 '
1&
1*
1+
1)
0-
1-
#1588000000000
0!
#1588500000000
1!
b1101111011 (
b110000110 '
0-
1-
#1589000000000
0!
#1589500000000
1!
b1011110110 (
b1100001101 '
0&
0*
0+
0)
0-
1-
#1590000000000
0!
#1590500000000
1!
b111101101 (
b1000011010 '
1&
1*
1+
1)
0-
1-
#1591000000000
0!
#1591500000000
1!
b1111011010 (
b110101 '
0-
1-
#1592000000000
0!
#1592500000000
1!
b1110110100 (
b1101011 '
0-
1-
#1593000000000
0!
#1593500000000
1!
b1101101001 (
b11010110 '
0-
1-
#1594000000000
0!
#1594500000000
1!
b1011010011 (
b110101101 '
0-
1-
#1595000000000
0!
#1595500000000
1!
b110100111 (
b1101011011 '
0-
1-
#1596000000000
0!
#1596500000000
1!
b1101001111 (
b1010110111 '
0&
0*
0+
0)
0-
1-
#1597000000000
0!
#1597500000000
1!
b1010011110 (
b101101110 '
1&
1*
1+
1)
0-
1-
#1598000000000
0!
#1598500000000
1!
b100111100 (
b1011011101 '
0-
1-
#1599000000000
0!
#1599500000000
1!
b1001111001 (
b110111010 '
0-
1-
#1600000000000
0!
#1600500000000
1!
b11110010 (
b1101110100 '
0-
1-
#1601000000000
0!
#1601500000000
1!
b111100101 (
b1011101000 '
0-
1-
#1602000000000
0!
#1602500000000
1!
b1111001010 (
b111010001 '
0-
1-
#1603000000000
0!
#1603500000000
1!
b1110010100 (
b1110100010 '
0&
0*
0+
0)
0-
1-
#1604000000000
0!
#1604500000000
1!
b1100101000 (
b1101000101 '
0-
1-
#1605000000000
0!
#1605500000000
1!
b1001010001 (
b1010001010 '
0-
1-
#1606000000000
0!
#1606500000000
1!
b10100011 (
b100010101 '
0-
1-
#1607000000000
0!
#1607500000000
1!
b101000111 (
b1000101011 '
1&
1*
1+
1)
0-
1-
#1608000000000
0!
#1608500000000
1!
b1010001111 (
b1010111 '
0-
1-
#1609000000000
0!
#1609500000000
1!
b100011110 (
b10101111 '
0&
0*
0+
0)
0-
1-
#1610000000000
0!
#1610500000000
1!
b1000111101 (
b101011111 '
1&
1*
1+
1)
0-
1-
#1611000000000
0!
#1611500000000
1!
b1111011 (
b1010111111 '
0-
1-
#1612000000000
0!
#1612500000000
1!
b11110110 (
b101111110 '
0&
0*
0+
0)
0-
1-
#1613000000000
0!
#1613500000000
1!
b111101100 (
b1011111101 '
1&
1*
1+
1)
0-
1-
#1614000000000
0!
#1614500000000
1!
b1111011000 (
b111111010 '
0-
1-
#1615000000000
0!
#1615500000000
1!
b1110110001 (
b1111110100 '
0&
0*
0+
0)
0-
1-
#1616000000000
0!
#1616500000000
1!
b1101100010 (
b1111101000 '
0-
1-
#1617000000000
0!
#1617500000000
1!
b1011000100 (
b1111010001 '
0-
1-
#1618000000000
0!
#1618500000000
1!
b110001001 (
b1110100011 '
1&
1*
1+
1)
0-
1-
#1619000000000
0!
#1619500000000
1!
b1100010010 (
b1101000111 '
0&
0*
0+
0)
0-
1-
#1620000000000
0!
#1620500000000
1!
b1000100101 (
b1010001110 '
0-
1-
#1621000000000
0!
#1621500000000
1!
b1001011 (
b100011100 '
0-
1-
#1622000000000
0!
#1622500000000
1!
b10010111 (
b1000111001 '
1&
1*
1+
1)
0-
1-
#1623000000000
0!
#1623500000000
1!
b100101111 (
b1110011 '
0&
0*
0+
0)
0-
1-
#1624000000000
0!
#1624500000000
1!
b1001011110 (
b11100110 '
1&
1*
1+
1)
0-
1-
#1625000000000
0!
#1625500000000
1!
b10111101 (
b111001101 '
0&
0*
0+
0)
0-
1-
#1626000000000
0!
#1626500000000
1!
b101111011 (
b1110011011 '
1&
1*
1+
1)
0-
1-
#1627000000000
0!
#1627500000000
1!
b1011110111 (
b1100110111 '
0&
0*
0+
0)
0-
1-
#1628000000000
0!
#1628500000000
1!
b111101111 (
b1001101110 '
1&
1*
1+
1)
0-
1-
#1629000000000
0!
#1629500000000
1!
b1111011111 (
b11011100 '
0-
1-
#1630000000000
0!
#1630500000000
1!
b1110111111 (
b110111001 '
0-
1-
#1631000000000
0!
#1631500000000
1!
b1101111110 (
b1101110010 '
0&
0*
0+
0)
0-
1-
#1632000000000
0!
#1632500000000
1!
b1011111101 (
b1011100101 '
0-
1-
#1633000000000
0!
#1633500000000
1!
b111111010 (
b111001010 '
0-
1-
#1634000000000
0!
#1634500000000
1!
b1111110100 (
b1110010100 '
0-
1-
#1635000000000
0!
#1635500000000
1!
b1111101001 (
b1100101000 '
0-
1-
#1636000000000
0!
#1636500000000
1!
b1111010010 (
b1001010001 '
0-
1-
#1637000000000
0!
#1637500000000
1!
b1110100100 (
b10100011 '
1&
1*
1+
1)
0-
1-
#1638000000000
0!
#1638500000000
1!
b1101001001 (
b101000110 '
0-
1-
#1639000000000
0!
#1639500000000
1!
b1010010010 (
b1010001101 '
0&
0*
0+
0)
0-
1-
#1640000000000
0!
#1640500000000
1!
b100100101 (
b100011010 '
0-
1-
#1641000000000
0!
#1641500000000
1!
b1001001011 (
b1000110100 '
0-
1-
#1642000000000
0!
#1642500000000
1!
b10010110 (
b1101000 '
0-
1-
#1643000000000
0!
#1643500000000
1!
b100101101 (
b11010000 '
0-
1-
#1644000000000
0!
#1644500000000
1!
b1001011011 (
b110100000 '
1&
1*
1+
1)
0-
1-
#1645000000000
0!
#1645500000000
1!
b10110110 (
b1101000000 '
0-
1-
#1646000000000
0!
#1646500000000
1!
b101101100 (
b1010000001 '
0-
1-
#1647000000000
0!
#1647500000000
1!
b1011011001 (
b100000011 '
0-
1-
#1648000000000
0!
#1648500000000
1!
b110110010 (
b1000000110 '
0-
1-
#1649000000000
0!
#1649500000000
1!
b1101100100 (
b1100 '
0-
1-
#1650000000000
0!
#1650500000000
1!
b1011001000 (
b11001 '
0-
1-
#1651000000000
0!
#1651500000000
1!
b110010000 (
b110010 '
0&
0*
0+
0)
0-
1-
#1652000000000
0!
#1652500000000
1!
b1100100000 (
b1100100 '
1&
1*
1+
1)
0-
1-
#1653000000000
0!
#1653500000000
1!
b1001000001 (
b11001001 '
0-
1-
#1654000000000
0!
#1654500000000
1!
b10000011 (
b110010010 '
0&
0*
0+
0)
0-
1-
#1655000000000
0!
#1655500000000
1!
b100000110 (
b1100100100 '
1&
1*
1+
1)
0-
1-
#1656000000000
0!
#1656500000000
1!
b1000001101 (
b1001001000 '
0&
0*
0+
0)
0-
1-
#1657000000000
0!
#1657500000000
1!
b11010 (
b10010001 '
0-
1-
#1658000000000
0!
#1658500000000
1!
b110101 (
b100100010 '
0-
1-
#1659000000000
0!
#1659500000000
1!
b1101010 (
b1001000100 '
1&
1*
1+
1)
0-
1-
#1660000000000
0!
#1660500000000
1!
b11010100 (
b10001000 '
0&
0*
0+
0)
0-
1-
#1661000000000
0!
#1661500000000
1!
b110101000 (
b100010000 '
0-
1-
#1662000000000
0!
#1662500000000
1!
b1101010001 (
b1000100000 '
0-
1-
#1663000000000
0!
#1663500000000
1!
b1010100010 (
b1000001 '
1&
1*
1+
1)
0-
1-
#1664000000000
0!
#1664500000000
1!
b101000100 (
b10000010 '
0&
0*
0+
0)
0-
1-
#1665000000000
0!
#1665500000000
1!
b1010001000 (
b100000100 '
1&
1*
1+
1)
0-
1-
#1666000000000
0!
#1666500000000
1!
b100010000 (
b1000001001 '
0-
1-
#1667000000000
0!
#1667500000000
1!
b1000100001 (
b10011 '
0-
1-
#1668000000000
0!
#1668500000000
1!
b1000010 (
b100110 '
0&
0*
0+
0)
0-
1-
#1669000000000
0!
#1669500000000
1!
b10000101 (
b1001101 '
0-
1-
#1670000000000
0!
#1670500000000
1!
b100001010 (
b10011011 '
0-
1-
#1671000000000
0!
#1671500000000
1!
b1000010100 (
b100110110 '
1&
1*
1+
1)
0-
1-
#1672000000000
0!
#1672500000000
1!
b101000 (
b1001101101 '
0-
1-
#1673000000000
0!
#1673500000000
1!
b1010001 (
b11011010 '
0&
0*
0+
0)
0-
1-
#1674000000000
0!
#1674500000000
1!
b10100010 (
b110110100 '
0-
1-
#1675000000000
0!
#1675500000000
1!
b101000101 (
b1101101001 '
1&
1*
1+
1)
0-
1-
#1676000000000
0!
#1676500000000
1!
b1010001010 (
b1011010011 '
0&
0*
0+
0)
0-
1-
#1677000000000
0!
#1677500000000
1!
b100010101 (
b110100111 '
0-
1-
#1678000000000
0!
#1678500000000
1!
b1000101010 (
b1101001111 '
0-
1-
#1679000000000
0!
#1679500000000
1!
b1010101 (
b1010011110 '
1&
1*
1+
1)
0-
1-
#1680000000000
0!
#1680500000000
1!
b10101011 (
b100111100 '
0&
0*
0+
0)
0-
1-
#1681000000000
0!
#1681500000000
1!
b101010111 (
b1001111001 '
1&
1*
1+
1)
0-
1-
#1682000000000
0!
#1682500000000
1!
b1010101111 (
b11110011 '
0-
1-
#1683000000000
0!
#1683500000000
1!
b101011111 (
b111100110 '
0&
0*
0+
0)
0-
1-
#1684000000000
0!
#1684500000000
1!
b1010111111 (
b1111001101 '
0-
1-
#1685000000000
0!
#1685500000000
1!
b101111111 (
b1110011010 '
1&
1*
1+
1)
0-
1-
#1686000000000
0!
#1686500000000
1!
b1011111110 (
b1100110101 '
0&
0*
0+
0)
0-
1-
#1687000000000
0!
#1687500000000
1!
b111111101 (
b1001101010 '
1&
1*
1+
1)
0-
1-
#1688000000000
0!
#1688500000000
1!
b1111111010 (
b11010101 '
0-
1-
#1689000000000
0!
#1689500000000
1!
b1111110101 (
b110101011 '
0-
1-
#1690000000000
0!
#1690500000000
1!
b1111101011 (
b1101010110 '
0&
0*
0+
0)
0-
1-
#1691000000000
0!
#1691500000000
1!
b1111010111 (
b1010101100 '
0-
1-
#1692000000000
0!
#1692500000000
1!
b1110101111 (
b101011000 '
1&
1*
1+
1)
0-
1-
#1693000000000
0!
#1693500000000
1!
b1101011110 (
b1010110000 '
0&
0*
0+
0)
0-
1-
#1694000000000
0!
#1694500000000
1!
b1010111100 (
b101100001 '
1&
1*
1+
1)
0-
1-
#1695000000000
0!
#1695500000000
1!
b101111000 (
b1011000010 '
0-
1-
#1696000000000
0!
#1696500000000
1!
b1011110000 (
b110000101 '
0-
1-
#1697000000000
0!
#1697500000000
1!
b111100001 (
b1100001011 '
0-
1-
#1698000000000
0!
#1698500000000
1!
b1111000011 (
b1000010111 '
0&
0*
0+
0)
0-
1-
#1699000000000
0!
#1699500000000
1!
b1110000110 (
b101110 '
1&
1*
1+
1)
0-
1-
#1700000000000
0!
#1700500000000
1!
b1100001101 (
b1011101 '
0-
1-
#1701000000000
0!
#1701500000000
1!
b1000011011 (
b10111011 '
0-
1-
#1702000000000
0!
#1702500000000
1!
b110110 (
b101110110 '
0&
0*
0+
0)
0-
1-
#1703000000000
0!
#1703500000000
1!
b1101101 (
b1011101101 '
1&
1*
1+
1)
0-
1-
#1704000000000
0!
#1704500000000
1!
b11011010 (
b111011010 '
0&
0*
0+
0)
0-
1-
#1705000000000
0!
#1705500000000
1!
b110110100 (
b1110110100 '
1&
1*
1+
1)
0-
1-
#1706000000000
0!
#1706500000000
1!
b1101101000 (
b1101101000 '
0&
0*
0+
0)
0-
1-
#1707000000000
0!
#1707500000000
1!
b1011010001 (
b1011010001 '
0-
1-
#1708000000000
0!
#1708500000000
1!
b110100010 (
b110100011 '
0-
1-
#1709000000000
0!
#1709500000000
1!
b1101000100 (
b1101000110 '
0-
1-
#1710000000000
0!
#1710500000000
1!
b1010001001 (
b1010001100 '
0-
1-
#1711000000000
0!
#1711500000000
1!
b100010010 (
b100011000 '
0-
1-
#1712000000000
0!
#1712500000000
1!
b1000100100 (
b1000110000 '
0-
1-
#1713000000000
0!
#1713500000000
1!
b1001001 (
b1100001 '
0-
1-
#1714000000000
0!
#1714500000000
1!
b10010010 (
b11000010 '
0-
1-
#1715000000000
0!
#1715500000000
1!
b100100100 (
b110000100 '
0-
1-
#1716000000000
0!
#1716500000000
1!
b1001001001 (
b1100001001 '
0-
1-
#1717000000000
0!
#1717500000000
1!
b10010011 (
b1000010011 '
1&
1*
1+
1)
0-
1-
#1718000000000
0!
#1718500000000
1!
b100100110 (
b100111 '
0&
0*
0+
0)
0-
1-
#1719000000000
0!
#1719500000000
1!
b1001001100 (
b1001111 '
1&
1*
1+
1)
0-
1-
#1720000000000
0!
#1720500000000
1!
b10011000 (
b10011111 '
0&
0*
0+
0)
0-
1-
#1721000000000
0!
#1721500000000
1!
b100110001 (
b100111111 '
0-
1-
#1722000000000
0!
#1722500000000
1!
b1001100010 (
b1001111111 '
0-
1-
#1723000000000
0!
#1723500000000
1!
b11000101 (
b11111110 '
0-
1-
#1724000000000
0!
#1724500000000
1!
b110001010 (
b111111101 '
0-
1-
#1725000000000
0!
#1725500000000
1!
b1100010101 (
b1111111011 '
0-
1-
#1726000000000
0!
#1726500000000
1!
b1000101011 (
b1111110111 '
0-
1-
#1727000000000
0!
#1727500000000
1!
b1010111 (
b1111101110 '
1&
1*
1+
1)
0-
1-
#1728000000000
0!
#1728500000000
1!
b10101110 (
b1111011100 '
0-
1-
#1729000000000
0!
#1729500000000
1!
b101011100 (
b1110111000 '
0-
1-
#1730000000000
0!
#1730500000000
1!
b1010111000 (
b1101110001 '
0&
0*
0+
0)
0-
1-
#1731000000000
0!
#1731500000000
1!
b101110001 (
b1011100011 '
1&
1*
1+
1)
0-
1-
#1732000000000
0!
#1732500000000
1!
b1011100010 (
b111000111 '
0-
1-
#1733000000000
0!
#1733500000000
1!
b111000100 (
b1110001111 '
0-
1-
#1734000000000
0!
#1734500000000
1!
b1110001001 (
b1100011110 '
0&
0*
0+
0)
0-
1-
#1735000000000
0!
#1735500000000
1!
b1100010011 (
b1000111100 '
0-
1-
#1736000000000
0!
#1736500000000
1!
b1000100111 (
b1111000 '
1&
1*
1+
1)
0-
1-
#1737000000000
0!
#1737500000000
1!
b1001110 (
b11110000 '
0&
0*
0+
0)
0-
1-
#1738000000000
0!
#1738500000000
1!
b10011100 (
b111100000 '
0-
1-
#1739000000000
0!
#1739500000000
1!
b100111000 (
b1111000000 '
1&
1*
1+
1)
0-
1-
#1740000000000
0!
#1740500000000
1!
b1001110000 (
b1110000001 '
0&
0*
0+
0)
0-
1-
#1741000000000
0!
#1741500000000
1!
b11100000 (
b1100000011 '
1&
1*
1+
1)
0-
1-
#1742000000000
0!
#1742500000000
1!
b111000000 (
b1000000111 '
0-
1-
#1743000000000
0!
#1743500000000
1!
b1110000000 (
b1110 '
0-
1-
#1744000000000
0!
#1744500000000
1!
b1100000001 (
b11101 '
0-
1-
#1745000000000
0!
#1745500000000
1!
b1000000010 (
b111011 '
0-
1-
#1746000000000
0!
#1746500000000
1!
b100 (
b1110110 '
0&
0*
0+
0)
0-
1-
#1747000000000
0!
#1747500000000
1!
b1001 (
b11101101 '
0-
1-
#1748000000000
0!
#1748500000000
1!
b10010 (
b111011011 '
0-
1-
#1749000000000
0!
#1749500000000
1!
b100101 (
b1110110110 '
1&
1*
1+
1)
0-
1-
#1750000000000
0!
#1750500000000
1!
b1001010 (
b1101101100 '
0-
1-
#1751000000000
0!
#1751500000000
1!
b10010101 (
b1011011000 '
0-
1-
#1752000000000
0!
#1752500000000
1!
b100101010 (
b110110001 '
0&
0*
0+
0)
0-
1-
#1753000000000
0!
#1753500000000
1!
b1001010101 (
b1101100010 '
0-
1-
#1754000000000
0!
#1754500000000
1!
b10101010 (
b1011000101 '
1&
1*
1+
1)
0-
1-
#1755000000000
0!
#1755500000000
1!
b101010101 (
b110001010 '
0&
0*
0+
0)
0-
1-
#1756000000000
0!
#1756500000000
1!
b1010101010 (
b1100010100 '
0-
1-
#1757000000000
0!
#1757500000000
1!
b101010100 (
b1000101000 '
1&
1*
1+
1)
0-
1-
#1758000000000
0!
#1758500000000
1!
b1010101000 (
b1010001 '
0-
1-
#1759000000000
0!
#1759500000000
1!
b101010001 (
b10100010 '
0&
0*
0+
0)
0-
1-
#1760000000000
0!
#1760500000000
1!
b1010100011 (
b101000100 '
1&
1*
1+
1)
0-
1-
#1761000000000
0!
#1761500000000
1!
b101000110 (
b1010001001 '
0-
1-
#1762000000000
0!
#1762500000000
1!
b1010001101 (
b100010011 '
0-
1-
#1763000000000
0!
#1763500000000
1!
b100011011 (
b1000100110 '
0-
1-
#1764000000000
0!
#1764500000000
1!
b1000110110 (
b1001100 '
0-
1-
#1765000000000
0!
#1765500000000
1!
b1101100 (
b10011001 '
0&
0*
0+
0)
0-
1-
#1766000000000
0!
#1766500000000
1!
b11011000 (
b100110010 '
0-
1-
#1767000000000
0!
#1767500000000
1!
b110110001 (
b1001100100 '
1&
1*
1+
1)
0-
1-
#1768000000000
0!
#1768500000000
1!
b1101100011 (
b11001000 '
0-
1-
#1769000000000
0!
#1769500000000
1!
b1011000110 (
b110010000 '
0-
1-
#1770000000000
0!
#1770500000000
1!
b110001100 (
b1100100000 '
0-
1-
#1771000000000
0!
#1771500000000
1!
b1100011001 (
b1001000001 '
0&
0*
0+
0)
0-
1-
#1772000000000
0!
#1772500000000
1!
b1000110010 (
b10000011 '
1&
1*
1+
1)
0-
1-
#1773000000000
0!
#1773500000000
1!
b1100101 (
b100000110 '
0&
0*
0+
0)
0-
1-
#1774000000000
0!
#1774500000000
1!
b11001010 (
b1000001101 '
1&
1*
1+
1)
0-
1-
#1775000000000
0!
#1775500000000
1!
b110010100 (
b11010 '
0&
0*
0+
0)
0-
1-
#1776000000000
0!
#1776500000000
1!
b1100101001 (
b110100 '
1&
1*
1+
1)
0-
1-
#1777000000000
0!
#1777500000000
1!
b1001010011 (
b1101001 '
0-
1-
#1778000000000
0!
#1778500000000
1!
b10100110 (
b11010010 '
0&
0*
0+
0)
0-
1-
#1779000000000
0!
#1779500000000
1!
b101001100 (
b110100100 '
0-
1-
#1780000000000
0!
#1780500000000
1!
b1010011000 (
b1101001001 '
0-
1-
#1781000000000
0!
#1781500000000
1!
b100110000 (
b1010010011 '
1&
1*
1+
1)
0-
1-
#1782000000000
0!
#1782500000000
1!
b1001100000 (
b100100111 '
0-
1-
#1783000000000
0!
#1783500000000
1!
b11000000 (
b1001001111 '
0-
1-
#1784000000000
0!
#1784500000000
1!
b110000001 (
b10011110 '
0&
0*
0+
0)
0-
1-
#1785000000000
0!
#1785500000000
1!
b1100000010 (
b100111101 '
1&
1*
1+
1)
0-
1-
#1786000000000
0!
#1786500000000
1!
b1000000101 (
b1001111011 '
0&
0*
0+
0)
0-
1-
#1787000000000
0!
#1787500000000
1!
b1010 (
b11110111 '
0-
1-
#1788000000000
0!
#1788500000000
1!
b10101 (
b111101111 '
0-
1-
#1789000000000
0!
#1789500000000
1!
b101011 (
b1111011111 '
1&
1*
1+
1)
0-
1-
#1790000000000
0!
#1790500000000
1!
b1010110 (
b1110111110 '
0-
1-
#1791000000000
0!
#1791500000000
1!
b10101100 (
b1101111100 '
0-
1-
#1792000000000
0!
#1792500000000
1!
b101011001 (
b1011111000 '
0-
1-
#1793000000000
0!
#1793500000000
1!
b1010110011 (
b111110001 '
0-
1-
#1794000000000
0!
#1794500000000
1!
b101100110 (
b1111100010 '
0-
1-
#1795000000000
0!
#1795500000000
1!
b1011001100 (
b1111000101 '
0&
0*
0+
0)
0-
1-
#1796000000000
0!
#1796500000000
1!
b110011001 (
b1110001010 '
1&
1*
1+
1)
0-
1-
#1797000000000
0!
#1797500000000
1!
b1100110010 (
b1100010101 '
0&
0*
0+
0)
0-
1-
#1798000000000
0!
#1798500000000
1!
b1001100100 (
b1000101010 '
0-
1-
#1799000000000
0!
#1799500000000
1!
b11001001 (
b1010101 '
0-
1-
#1800000000000
0!
#1800500000000
1!
b110010011 (
b10101011 '
0-
1-
#1801000000000
0!
#1801500000000
1!
b1100100111 (
b101010110 '
1&
1*
1+
1)
0-
1-
#1802000000000
0!
#1802500000000
1!
b1001001111 (
b1010101101 '
0&
0*
0+
0)
0-
1-
#1803000000000
0!
#1803500000000
1!
b10011111 (
b101011010 '
0-
1-
#1804000000000
0!
#1804500000000
1!
b100111111 (
b1010110100 '
1&
1*
1+
1)
0-
1-
#1805000000000
0!
#1805500000000
1!
b1001111110 (
b101101000 '
0-
1-
#1806000000000
0!
#1806500000000
1!
b11111100 (
b1011010000 '
0-
1-
#1807000000000
0!
#1807500000000
1!
b111111001 (
b110100001 '
0&
0*
0+
0)
0-
1-
#1808000000000
0!
#1808500000000
1!
b1111110011 (
b1101000010 '
0-
1-
#1809000000000
0!
#1809500000000
1!
b1111100111 (
b1010000101 '
0-
1-
#1810000000000
0!
#1810500000000
1!
b1111001110 (
b100001010 '
1&
1*
1+
1)
0-
1-
#1811000000000
0!
#1811500000000
1!
b1110011101 (
b1000010100 '
0&
0*
0+
0)
0-
1-
#1812000000000
0!
#1812500000000
1!
b1100111010 (
b101000 '
1&
1*
1+
1)
0-
1-
#1813000000000
0!
#1813500000000
1!
b1001110100 (
b1010000 '
0-
1-
#1814000000000
0!
#1814500000000
1!
b11101001 (
b10100000 '
0&
0*
0+
0)
0-
1-
#1815000000000
0!
#1815500000000
1!
b111010010 (
b101000000 '
0-
1-
#1816000000000
0!
#1816500000000
1!
b1110100101 (
b1010000000 '
0-
1-
#1817000000000
0!
#1817500000000
1!
b1101001011 (
b100000001 '
1&
1*
1+
1)
0-
1-
#1818000000000
0!
#1818500000000
1!
b1010010111 (
b1000000010 '
0&
0*
0+
0)
0-
1-
#1819000000000
0!
#1819500000000
1!
b100101110 (
b101 '
0-
1-
#1820000000000
0!
#1820500000000
1!
b1001011100 (
b1011 '
1&
1*
1+
1)
0-
1-
#1821000000000
0!
#1821500000000
1!
b10111000 (
b10110 '
0&
0*
0+
0)
0-
1-
#1822000000000
0!
#1822500000000
1!
b101110000 (
b101101 '
0-
1-
#1823000000000
0!
#1823500000000
1!
b1011100000 (
b1011011 '
1&
1*
1+
1)
0-
1-
#1824000000000
0!
#1824500000000
1!
b111000001 (
b10110110 '
0&
0*
0+
0)
0-
1-
#1825000000000
0!
#1825500000000
1!
b1110000010 (
b101101101 '
1&
1*
1+
1)
0-
1-
#1826000000000
0!
#1826500000000
1!
b1100000100 (
b1011011011 '
0&
0*
0+
0)
0-
1-
#1827000000000
0!
#1827500000000
1!
b1000001001 (
b110110111 '
1&
1*
1+
1)
0-
1-
#1828000000000
0!
#1828500000000
1!
b10011 (
b1101101111 '
0-
1-
#1829000000000
0!
#1829500000000
1!
b100111 (
b1011011110 '
0-
1-
#1830000000000
0!
#1830500000000
1!
b1001111 (
b110111100 '
0&
0*
0+
0)
0-
1-
#1831000000000
0!
#1831500000000
1!
b10011110 (
b1101111001 '
1&
1*
1+
1)
0-
1-
#1832000000000
0!
#1832500000000
1!
b100111101 (
b1011110011 '
0-
1-
#1833000000000
0!
#1833500000000
1!
b1001111011 (
b111100111 '
0-
1-
#1834000000000
0!
#1834500000000
1!
b11110111 (
b1111001111 '
0-
1-
#1835000000000
0!
#1835500000000
1!
b111101110 (
b1110011110 '
0-
1-
#1836000000000
0!
#1836500000000
1!
b1111011101 (
b1100111100 '
0&
0*
0+
0)
0-
1-
#1837000000000
0!
#1837500000000
1!
b1110111010 (
b1001111000 '
0-
1-
#1838000000000
0!
#1838500000000
1!
b1101110101 (
b11110001 '
1&
1*
1+
1)
0-
1-
#1839000000000
0!
#1839500000000
1!
b1011101010 (
b111100010 '
0-
1-
#1840000000000
0!
#1840500000000
1!
b111010100 (
b1111000100 '
0-
1-
#1841000000000
0!
#1841500000000
1!
b1110101001 (
b1110001000 '
0&
0*
0+
0)
0-
1-
#1842000000000
0!
#1842500000000
1!
b1101010010 (
b1100010001 '
0-
1-
#1843000000000
0!
#1843500000000
1!
b1010100101 (
b1000100011 '
0-
1-
#1844000000000
0!
#1844500000000
1!
b101001010 (
b1000111 '
0-
1-
#1845000000000
0!
#1845500000000
1!
b1010010100 (
b10001111 '
1&
1*
1+
1)
0-
1-
#1846000000000
0!
#1846500000000
1!
b100101001 (
b100011111 '
0&
0*
0+
0)
0-
1-
#1847000000000
0!
#1847500000000
1!
b1001010010 (
b1000111111 '
0-
1-
#1848000000000
0!
#1848500000000
1!
b10100100 (
b1111110 '
0-
1-
#1849000000000
0!
#1849500000000
1!
b101001001 (
b11111101 '
0-
1-
#1850000000000
0!
#1850500000000
1!
b1010010011 (
b111111011 '
1&
1*
1+
1)
0-
1-
#1851000000000
0!
#1851500000000
1!
b100100111 (
b1111110110 '
0-
1-
#1852000000000
0!
#1852500000000
1!
b1001001110 (
b1111101100 '
0&
0*
0+
0)
0-
1-
#1853000000000
0!
#1853500000000
1!
b10011101 (
b1111011000 '
1&
1*
1+
1)
0-
1-
#1854000000000
0!
#1854500000000
1!
b100111010 (
b1110110001 '
0-
1-
#1855000000000
0!
#1855500000000
1!
b1001110101 (
b1101100011 '
0&
0*
0+
0)
0-
1-
#1856000000000
0!
#1856500000000
1!
b11101011 (
b1011000111 '
1&
1*
1+
1)
0-
1-
#1857000000000
0!
#1857500000000
1!
b111010111 (
b110001110 '
0&
0*
0+
0)
0-
1-
#1858000000000
0!
#1858500000000
1!
b1110101110 (
b1100011101 '
0-
1-
#1859000000000
0!
#1859500000000
1!
b1101011100 (
b1000111010 '
0-
1-
#1860000000000
0!
#1860500000000
1!
b1010111001 (
b1110101 '
1&
1*
1+
1)
0-
1-
#1861000000000
0!
#1861500000000
1!
b101110011 (
b11101011 '
0&
0*
0+
0)
0-
1-
#1862000000000
0!
#1862500000000
1!
b1011100111 (
b111010110 '
1&
1*
1+
1)
0-
1-
#1863000000000
0!
#1863500000000
1!
b111001111 (
b1110101101 '
0-
1-
#1864000000000
0!
#1864500000000
1!
b1110011110 (
b1101011010 '
0&
0*
0+
0)
0-
1-
#1865000000000
0!
#1865500000000
1!
b1100111101 (
b1010110101 '
0-
1-
#1866000000000
0!
#1866500000000
1!
b1001111010 (
b101101010 '
1&
1*
1+
1)
0-
1-
#1867000000000
0!
#1867500000000
1!
b11110101 (
b1011010100 '
0-
1-
#1868000000000
0!
#1868500000000
1!
b111101011 (
b110101000 '
0&
0*
0+
0)
0-
1-
#1869000000000
0!
#1869500000000
1!
b1111010110 (
b1101010000 '
0-
1-
#1870000000000
0!
#1870500000000
1!
b1110101101 (
b1010100001 '
0-
1-
#1871000000000
0!
#1871500000000
1!
b1101011011 (
b101000011 '
1&
1*
1+
1)
0-
1-
#1872000000000
0!
#1872500000000
1!
b1010110111 (
b1010000110 '
0&
0*
0+
0)
0-
1-
#1873000000000
0!
#1873500000000
1!
b101101111 (
b100001100 '
0-
1-
#1874000000000
0!
#1874500000000
1!
b1011011110 (
b1000011001 '
0-
1-
#1875000000000
0!
#1875500000000
1!
b110111100 (
b110011 '
0-
1-
#1876000000000
0!
#1876500000000
1!
b1101111000 (
b1100110 '
1&
1*
1+
1)
0-
1-
#1877000000000
0!
#1877500000000
1!
b1011110001 (
b11001101 '
0-
1-
#1878000000000
0!
#1878500000000
1!
b111100011 (
b110011011 '
0&
0*
0+
0)
0-
1-
#1879000000000
0!
#1879500000000
1!
b1111000110 (
b1100110110 '
0-
1-
#1880000000000
0!
#1880500000000
1!
b1110001101 (
b1001101100 '
0-
1-
#1881000000000
0!
#1881500000000
1!
b1100011010 (
b11011000 '
1&
1*
1+
1)
0-
1-
#1882000000000
0!
#1882500000000
1!
b1000110101 (
b110110000 '
0-
1-
#1883000000000
0!
#1883500000000
1!
b1101011 (
b1101100000 '
0-
1-
#1884000000000
0!
#1884500000000
1!
b11010110 (
b1011000001 '
0-
1-
#1885000000000
0!
#1885500000000
1!
b110101101 (
b110000011 '
0&
0*
0+
0)
0-
1-
#1886000000000
0!
#1886500000000
1!
b1101011010 (
b1100000110 '
0-
1-
#1887000000000
0!
#1887500000000
1!
b1010110101 (
b1000001100 '
0-
1-
#1888000000000
0!
#1888500000000
1!
b101101010 (
b11000 '
0-
1-
#1889000000000
0!
#1889500000000
1!
b1011010101 (
b110000 '
1&
1*
1+
1)
0-
1-
#1890000000000
0!
#1890500000000
1!
b110101011 (
b1100000 '
0&
0*
0+
0)
0-
1-
#1891000000000
0!
#1891500000000
1!
b1101010110 (
b11000000 '
1&
1*
1+
1)
0-
1-
#1892000000000
0!
#1892500000000
1!
b1010101100 (
b110000000 '
0-
1-
#1893000000000
0!
#1893500000000
1!
b101011000 (
b1100000000 '
0-
1-
#1894000000000
0!
#1894500000000
1!
b1010110001 (
b1000000001 '
0&
0*
0+
0)
0-
1-
#1895000000000
0!
#1895500000000
1!
b101100011 (
b11 '
0-
1-
#1896000000000
0!
#1896500000000
1!
b1011000111 (
b110 '
1&
1*
1+
1)
0-
1-
#1897000000000
0!
#1897500000000
1!
b110001110 (
b1101 '
0&
0*
0+
0)
0-
1-
#1898000000000
0!
#1898500000000
1!
b1100011100 (
b11011 '
1&
1*
1+
1)
0-
1-
#1899000000000
0!
#1899500000000
1!
b1000111001 (
b110110 '
0-
1-
#1900000000000
0!
#1900500000000
1!
b1110010 (
b1101101 '
0&
0*
0+
0)
0-
1-
#1901000000000
0!
#1901500000000
1!
b11100100 (
b11011011 '
0-
1-
#1902000000000
0!
#1902500000000
1!
b111001001 (
b110110110 '
0-
1-
#1903000000000
0!
#1903500000000
1!
b1110010010 (
b1101101101 '
0-
1-
#1904000000000
0!
#1904500000000
1!
b1100100100 (
b1011011010 '
0-
1-
#1905000000000
0!
#1905500000000
1!
b1001001000 (
b110110101 '
1&
1*
1+
1)
0-
1-
#1906000000000
0!
#1906500000000
1!
b10010001 (
b1101101011 '
0-
1-
#1907000000000
0!
#1907500000000
1!
b100100011 (
b1011010111 '
0-
1-
#1908000000000
0!
#1908500000000
1!
b1001000111 (
b110101110 '
0-
1-
#1909000000000
0!
#1909500000000
1!
b10001111 (
b1101011101 '
0-
1-
#1910000000000
0!
#1910500000000
1!
b100011111 (
b1010111010 '
0-
1-
#1911000000000
0!
#1911500000000
1!
b1000111111 (
b101110101 '
0-
1-
#1912000000000
0!
#1912500000000
1!
b1111110 (
b1011101011 '
0-
1-
#1913000000000
0!
#1913500000000
1!
b11111101 (
b111010111 '
0&
0*
0+
0)
0-
1-
#1914000000000
0!
#1914500000000
1!
b111111011 (
b1110101111 '
1&
1*
1+
1)
0-
1-
#1915000000000
0!
#1915500000000
1!
b1111110110 (
b1101011110 '
0&
0*
0+
0)
0-
1-
#1916000000000
0!
#1916500000000
1!
b1111101100 (
b1010111100 '
0-
1-
#1917000000000
0!
#1917500000000
1!
b1111011001 (
b101111000 '
1&
1*
1+
1)
0-
1-
#1918000000000
0!
#1918500000000
1!
b1110110011 (
b1011110000 '
0&
0*
0+
0)
0-
1-
#1919000000000
0!
#1919500000000
1!
b1101100111 (
b111100001 '
1&
1*
1+
1)
0-
1-
#1920000000000
0!
#1920500000000
1!
b1011001111 (
b1111000010 '
0&
0*
0+
0)
0-
1-
#1921000000000
0!
#1921500000000
1!
b110011110 (
b1110000101 '
1&
1*
1+
1)
0-
1-
#1922000000000
0!
#1922500000000
1!
b1100111100 (
b1100001010 '
0&
0*
0+
0)
0-
1-
#1923000000000
0!
#1923500000000
1!
b1001111000 (
b1000010101 '
0-
1-
#1924000000000
0!
#1924500000000
1!
b11110000 (
b101010 '
0-
1-
#1925000000000
0!
#1925500000000
1!
b111100000 (
b1010100 '
0-
1-
#1926000000000
0!
#1926500000000
1!
b1111000001 (
b10101001 '
1&
1*
1+
1)
0-
1-
#1927000000000
0!
#1927500000000
1!
b1110000011 (
b101010010 '
0-
1-
#1928000000000
0!
#1928500000000
1!
b1100000110 (
b1010100100 '
0&
0*
0+
0)
0-
1-
#1929000000000
0!
#1929500000000
1!
b1000001100 (
b101001000 '
1&
1*
1+
1)
0-
1-
#1930000000000
0!
#1930500000000
1!
b11000 (
b1010010000 '
0-
1-
#1931000000000
0!
#1931500000000
1!
b110000 (
b100100001 '
0&
0*
0+
0)
0-
1-
#1932000000000
0!
#1932500000000
1!
b1100001 (
b1001000010 '
1&
1*
1+
1)
0-
1-
#1933000000000
0!
#1933500000000
1!
b11000011 (
b10000101 '
0&
0*
0+
0)
0-
1-
#1934000000000
0!
#1934500000000
1!
b110000110 (
b100001011 '
0-
1-
#1935000000000
0!
#1935500000000
1!
b1100001100 (
b1000010110 '
0-
1-
#1936000000000
0!
#1936500000000
1!
b1000011001 (
b101100 '
1&
1*
1+
1)
0-
1-
#1937000000000
0!
#1937500000000
1!
b110011 (
b1011001 '
0&
0*
0+
0)
0-
1-
#1938000000000
0!
#1938500000000
1!
b1100110 (
b10110010 '
0-
1-
#1939000000000
0!
#1939500000000
1!
b11001101 (
b101100100 '
0-
1-
#1940000000000
0!
#1940500000000
1!
b110011010 (
b1011001001 '
1&
1*
1+
1)
0-
1-
#1941000000000
0!
#1941500000000
1!
b1100110101 (
b110010011 '
0-
1-
#1942000000000
0!
#1942500000000
1!
b1001101010 (
b1100100110 '
0&
0*
0+
0)
0-
1-
#1943000000000
0!
#1943500000000
1!
b11010101 (
b1001001100 '
1&
1*
1+
1)
0-
1-
#1944000000000
0!
#1944500000000
1!
b110101010 (
b10011000 '
0&
0*
0+
0)
0-
1-
#1945000000000
0!
#1945500000000
1!
b1101010100 (
b100110000 '
1&
1*
1+
1)
0-
1-
#1946000000000
0!
#1946500000000
1!
b1010101001 (
b1001100000 '
0&
0*
0+
0)
0-
1-
#1947000000000
0!
#1947500000000
1!
b101010011 (
b11000001 '
0-
1-
#1948000000000
0!
#1948500000000
1!
b1010100110 (
b110000010 '
1&
1*
1+
1)
0-
1-
#1949000000000
0!
#1949500000000
1!
b101001101 (
b1100000100 '
0-
1-
#1950000000000
0!
#1950500000000
1!
b1010011010 (
b1000001000 '
0&
0*
0+
0)
0-
1-
#1951000000000
0!
#1951500000000
1!
b100110101 (
b10001 '
0-
1-
#1952000000000
0!
#1952500000000
1!
b1001101011 (
b100010 '
1&
1*
1+
1)
0-
1-
#1953000000000
0!
#1953500000000
1!
b11010111 (
b1000100 '
0&
0*
0+
0)
0-
1-
#1954000000000
0!
#1954500000000
1!
b110101111 (
b10001001 '
0-
1-
#1955000000000
0!
#1955500000000
1!
b1101011111 (
b100010010 '
1&
1*
1+
1)
0-
1-
#1956000000000
0!
#1956500000000
1!
b1010111110 (
b1000100100 '
0&
0*
0+
0)
0-
1-
#1957000000000
0!
#1957500000000
1!
b101111101 (
b1001000 '
0-
1-
#1958000000000
0!
#1958500000000
1!
b1011111011 (
b10010000 '
1&
1*
1+
1)
0-
1-
#1959000000000
0!
#1959500000000
1!
b111110110 (
b100100000 '
0&
0*
0+
0)
0-
1-
#1960000000000
0!
#1960500000000
1!
b1111101101 (
b1001000000 '
0-
1-
#1961000000000
0!
#1961500000000
1!
b1111011011 (
b10000001 '
1&
1*
1+
1)
0-
1-
#1962000000000
0!
#1962500000000
1!
b1110110110 (
b100000010 '
0-
1-
#1963000000000
0!
#1963500000000
1!
b1101101100 (
b1000000100 '
0&
0*
0+
0)
0-
1-
#1964000000000
0!
#1964500000000
1!
b1011011000 (
b1000 '
1&
1*
1+
1)
0-
1-
#1965000000000
0!
#1965500000000
1!
b110110000 (
b10000 '
0&
0*
0+
0)
0-
1-
#1966000000000
0!
#1966500000000
1!
b1101100001 (
b100000 '
1&
1*
1+
1)
0-
1-
#1967000000000
0!
#1967500000000
1!
b1011000011 (
b1000000 '
0-
1-
#1968000000000
0!
#1968500000000
1!
b110000111 (
b10000000 '
0&
0*
0+
0)
0-
1-
#1969000000000
0!
#1969500000000
1!
b1100001110 (
b100000000 '
1&
1*
1+
1)
0-
1-
#1970000000000
0!
#1970500000000
1!
b1000011100 (
b1000000000 '
0&
0*
0+
0)
0-
1-
#1971000000000
0!
#1971500000000
1!
b111000 (
b1 '
0-
1-
#1972000000000
0!
#1972500000000
1!
b1110001 (
b10 '
0-
1-
#1973000000000
0!
#1973500000000
1!
b11100011 (
b100 '
0-
1-
#1974000000000
0!
#1974500000000
1!
b111000111 (
b1001 '
0-
1-
#1975000000000
0!
#1975500000000
1!
b1110001110 (
b10010 '
1&
1*
1+
1)
0-
1-
#1976000000000
0!
#1976500000000
1!
b1100011101 (
b100100 '
0-
1-
#1977000000000
0!
#1977500000000
1!
b1000111011 (
b1001001 '
0-
1-
#1978000000000
0!
#1978500000000
1!
b1110111 (
b10010010 '
0&
0*
0+
0)
0-
1-
#1979000000000
0!
#1979500000000
1!
b11101111 (
b100100100 '
0-
1-
#1980000000000
0!
#1980500000000
1!
b111011110 (
b1001001001 '
1&
1*
1+
1)
0-
1-
#1981000000000
0!
#1981500000000
1!
b1110111100 (
b10010011 '
0-
1-
#1982000000000
0!
#1982500000000
1!
b1101111001 (
b100100110 '
0-
1-
#1983000000000
0!
#1983500000000
1!
b1011110011 (
b1001001101 '
0&
0*
0+
0)
0-
1-
#1984000000000
0!
#1984500000000
1!
b111100110 (
b10011010 '
0-
1-
#1985000000000
0!
#1985500000000
1!
b1111001101 (
b100110100 '
1&
1*
1+
1)
0-
1-
#1986000000000
0!
#1986500000000
1!
b1110011010 (
b1001101001 '
0&
0*
0+
0)
0-
1-
#1987000000000
0!
#1987500000000
1!
b1100110100 (
b11010011 '
1&
1*
1+
1)
0-
1-
#1988000000000
0!
#1988500000000
1!
b1001101000 (
b110100110 '
0-
1-
#1989000000000
0!
#1989500000000
1!
b11010000 (
b1101001101 '
0-
1-
#1990000000000
0!
#1990500000000
1!
b110100001 (
b1010011010 '
0-
1-
#1991000000000
0!
#1991500000000
1!
b1101000011 (
b100110101 '
0-
1-
#1992000000000
0!
#1992500000000
1!
b1010000111 (
b1001101011 '
0&
0*
0+
0)
0-
1-
#1993000000000
0!
#1993500000000
1!
b100001110 (
b11010111 '
0-
1-
#1994000000000
0!
#1994500000000
1!
b1000011101 (
b110101111 '
1&
1*
1+
1)
0-
1-
#1995000000000
0!
#1995500000000
1!
b111010 (
b1101011111 '
0-
1-
#1996000000000
0!
#1996500000000
1!
b1110100 (
b1010111110 '
0-
1-
#1997000000000
0!
#1997500000000
1!
b11101000 (
b101111100 '
0&
0*
0+
0)
0-
1-
#1998000000000
0!
#1998500000000
1!
b111010000 (
b1011111001 '
1&
1*
1+
1)
0-
1-
#1999000000000
0!
#1999500000000
1!
b1110100000 (
b111110011 '
0-
1-
#2000000000000
0!
#2000500000000
1!
b1101000000 (
b1111100110 '
0&
0*
0+
0)
0-
1-
#2001000000000
0!
#2001500000000
1!
b1010000000 (
b1111001100 '
0-
1-
#2002000000000
0!
#2002500000000
1!
b100000000 (
b1110011000 '
1&
1*
1+
1)
0-
1-
#2003000000000
0!
#2003500000000
1!
b1000000001 (
b1100110001 '
0&
0*
0+
0)
0-
1-
#2004000000000
0!
#2004500000000
1!
b11 (
b1001100011 '
1&
1*
1+
1)
0-
1-
#2005000000000
0!
#2005500000000
1!
b111 (
b11000111 '
0&
0*
0+
0)
0-
1-
#2006000000000
0!
#2006500000000
1!
b1110 (
b110001111 '
0-
1-
#2007000000000
0!
#2007500000000
1!
b11100 (
b1100011111 '
1&
1*
1+
1)
0-
1-
#2008000000000
0!
#2008500000000
1!
b111001 (
b1000111110 '
0-
1-
#2009000000000
0!
#2009500000000
1!
b1110011 (
b1111100 '
0&
0*
0+
0)
0-
1-
#2010000000000
0!
#2010500000000
1!
b11100110 (
b11111001 '
0-
1-
#2011000000000
0!
#2011500000000
1!
b111001100 (
b111110010 '
0-
1-
#2012000000000
0!
#2012500000000
1!
b1110011001 (
b1111100100 '
0-
1-
#2013000000000
0!
#2013500000000
1!
b1100110011 (
b1111001000 '
0-
1-
#2014000000000
0!
#2014500000000
1!
b1001100110 (
b1110010001 '
0-
1-
#2015000000000
0!
#2015500000000
1!
b11001100 (
b1100100011 '
1&
1*
1+
1)
0-
1-
#2016000000000
0!
#2016500000000
1!
b110011000 (
b1001000111 '
0-
1-
#2017000000000
0!
#2017500000000
1!
b1100110000 (
b10001110 '
0-
1-
#2018000000000
0!
#2018500000000
1!
b1001100001 (
b100011101 '
0-
1-
#2019000000000
0!
#2019500000000
1!
b11000010 (
b1000111011 '
0-
1-
#2020000000000
0!
#2020500000000
1!
b110000100 (
b1110111 '
0&
0*
0+
0)
0-
1-
#2021000000000
0!
#2021500000000
1!
b1100001001 (
b11101111 '
1&
1*
1+
1)
0-
1-
#2022000000000
0!
#2022500000000
1!
b1000010010 (
b111011111 '
0-
1-
#2023000000000
0!
#2023500000000
1!
b100100 (
b1110111111 '
0-
1-
#2024000000000
0!
#2024500000000
1!
b1001000 (
b1101111110 '
0-
1-
#2025000000000
0!
#2025500000000
1!
b10010000 (
b1011111100 '
0-
1-
#2026000000000
0!
#2026500000000
1!
b100100001 (
b111111000 '
0&
0*
0+
0)
0-
1-
#2027000000000
0!
#2027500000000
1!
b1001000010 (
b1111110000 '
0-
1-
#2028000000000
0!
#2028500000000
1!
b10000100 (
b1111100001 '
1&
1*
1+
1)
0-
1-
#2029000000000
0!
#2029500000000
1!
b100001000 (
b1111000011 '
0-
1-
#2030000000000
0!
#2030500000000
1!
b1000010001 (
b1110000111 '
0&
0*
0+
0)
0-
1-
#2031000000000
0!
#2031500000000
1!
b100011 (
b1100001110 '
1&
1*
1+
1)
0-
1-
#2032000000000
0!
#2032500000000
1!
b1000110 (
b1000011100 '
0-
1-
#2033000000000
0!
#2033500000000
1!
b10001100 (
b111000 '
0&
0*
0+
0)
0-
1-
#2034000000000
0!
#2034500000000
1!
b100011000 (
b1110000 '
0-
1-
#2035000000000
0!
#2035500000000
1!
b1000110001 (
b11100000 '
1&
1*
1+
1)
0-
1-
#2036000000000
0!
#2036500000000
1!
b1100010 (
b111000000 '
0&
0*
0+
0)
0-
1-
#2037000000000
0!
#2037500000000
1!
b11000100 (
b1110000000 '
1&
1*
1+
1)
0-
1-
#2038000000000
0!
#2038500000000
1!
b110001000 (
b1100000001 '
0-
1-
#2039000000000
0!
#2039500000000
1!
b1100010000 (
b1000000011 '
0&
0*
0+
0)
0-
1-
#2040000000000
0!
#2040500000000
1!
b1000100000 (
b111 '
1&
1*
1+
1)
0-
1-
#2041000000000
0!
#2041500000000
1!
b1000000 (
b1111 '
0&
0*
0+
0)
0-
1-
#2042000000000
0!
#2042500000000
1!
b10000000 (
b11111 '
0-
1-
#2043000000000
0!
#2043500000000
1!
b100000001 (
b111111 '
0-
1-
#2044000000000
0!
#2044500000000
1!
b1000000011 (
b1111111 '
1&
1*
1+
1)
0-
1-
#2045000000000
0!
#2045500000000
1!
b110 (
b11111111 '
0&
0*
0+
0)
0-
1-
#2046000000000
0!
#2046500000000
1!
b1100 (
b111111111 '
0-
1-
#2047000000000
0!
#2047500000000
1!
b11001 (
b1111111111 '
1&
1*
1+
1)
0-
b11 $
b1000000 %
1,
#2048000000000
0!
#2048500000000
1!
b1000000 (
0,
1-
#2049000000000
0!
#2049500000000
1!
b10000000 (
b1111111110 '
0-
1-
#2050000000000
0!
#2050500000000
1!
b100000001 (
b1111111100 '
0-
1-
#2051000000000
0!
#2051500000000
1!
b1000000011 (
b1111111000 '
0&
0*
0+
0)
0-
1-
#2052000000000
0!
#2052500000000
1!
b110 (
b1111110001 '
1&
1*
1+
1)
0-
1-
#2053000000000
0!
#2053500000000
1!
b1100 (
b1111100011 '
0-
1-
#2054000000000
0!
#2054500000000
1!
b11001 (
b1111000111 '
0-
1-
#2055000000000
0!
#2055500000000
1!
b110010 (
b1110001110 '
0-
1-
#2056000000000
0!
#2056500000000
1!
b1100100 (
b1100011100 '
0-
1-
#2057000000000
0!
#2057500000000
1!
b11001000 (
b1000111000 '
0-
1-
#2058000000000
0!
#2058500000000
1!
b110010001 (
b1110001 '
0&
0*
0+
0)
0-
1-
#2059000000000
0!
#2059500000000
1!
b1100100010 (
b11100010 '
1&
1*
1+
1)
0-
1-
#2060000000000
0!
#2060500000000
1!
b1001000100 (
b111000100 '
0-
1-
#2061000000000
0!
#2061500000000
1!
b10001000 (
b1110001001 '
0-
1-
#2062000000000
0!
#2062500000000
1!
b100010001 (
b1100010011 '
0-
1-
#2063000000000
0!
#2063500000000
1!
b1000100011 (
b1000100111 '
0&
0*
0+
0)
0-
1-
#2064000000000
0!
#2064500000000
1!
b1000111 (
b1001110 '
0-
1-
#2065000000000
0!
#2065500000000
1!
b10001110 (
b10011101 '
0-
1-
#2066000000000
0!
#2066500000000
1!
b100011101 (
b100111011 '
0-
1-
#2067000000000
0!
#2067500000000
1!
b1000111010 (
b1001110110 '
0-
1-
#2068000000000
0!
#2068500000000
1!
b1110101 (
b11101100 '
0-
1-
#2069000000000
0!
#2069500000000
1!
b11101010 (
b111011001 '
0-
1-
#2070000000000
0!
#2070500000000
1!
b111010101 (
b1110110010 '
1&
1*
1+
1)
0-
1-
#2071000000000
0!
#2071500000000
1!
b1110101011 (
b1101100101 '
0&
0*
0+
0)
0-
1-
#2072000000000
0!
#2072500000000
1!
b1101010111 (
b1011001010 '
0-
1-
#2073000000000
0!
#2073500000000
1!
b1010101110 (
b110010101 '
1&
1*
1+
1)
0-
1-
#2074000000000
0!
#2074500000000
1!
b101011101 (
b1100101011 '
0-
1-
#2075000000000
0!
#2075500000000
1!
b1010111010 (
b1001010111 '
0&
0*
0+
0)
0-
1-
#2076000000000
0!
#2076500000000
1!
b101110100 (
b10101110 '
0-
1-
#2077000000000
0!
#2077500000000
1!
b1011101001 (
b101011101 '
1&
1*
1+
1)
0-
1-
#2078000000000
0!
#2078500000000
1!
b111010011 (
b1010111011 '
0-
1-
#2079000000000
0!
#2079500000000
1!
b1110100111 (
b101110111 '
0-
1-
#2080000000000
0!
#2080500000000
1!
b1101001110 (
b1011101111 '
0&
0*
0+
0)
0-
1-
#2081000000000
0!
#2081500000000
1!
b1010011100 (
b111011110 '
1&
1*
1+
1)
0-
1-
#2082000000000
0!
#2082500000000
1!
b100111001 (
b1110111101 '
0-
1-
#2083000000000
0!
#2083500000000
1!
b1001110010 (
b1101111010 '
0&
0*
0+
0)
0-
1-
#2084000000000
0!
#2084500000000
1!
b11100101 (
b1011110101 '
1&
1*
1+
1)
0-
1-
#2085000000000
0!
#2085500000000
1!
b111001011 (
b111101010 '
0&
0*
0+
0)
0-
1-
#2086000000000
0!
#2086500000000
1!
b1110010111 (
b1111010100 '
0-
1-
#2087000000000
0!
#2087500000000
1!
b1100101111 (
b1110101000 '
0-
1-
#2088000000000
0!
#2088500000000
1!
b1001011111 (
b1101010001 '
0-
1-
#2089000000000
0!
#2089500000000
1!
b10111111 (
b1010100011 '
1&
1*
1+
1)
0-
1-
#2090000000000
0!
#2090500000000
1!
b101111110 (
b101000111 '
0&
0*
0+
0)
0-
1-
#2091000000000
0!
#2091500000000
1!
b1011111100 (
b1010001111 '
0-
1-
#2092000000000
0!
#2092500000000
1!
b111111000 (
b100011110 '
0-
1-
#2093000000000
0!
#2093500000000
1!
b1111110001 (
b1000111101 '
0-
1-
#2094000000000
0!
#2094500000000
1!
b1111100010 (
b1111010 '
1&
1*
1+
1)
0-
1-
#2095000000000
0!
#2095500000000
1!
b1111000101 (
b11110100 '
0-
1-
#2096000000000
0!
#2096500000000
1!
b1110001010 (
b111101001 '
0-
1-
#2097000000000
0!
#2097500000000
1!
b1100010100 (
b1111010010 '
0&
0*
0+
0)
0-
1-
#2098000000000
0!
#2098500000000
1!
b1000101001 (
b1110100101 '
0-
1-
#2099000000000
0!
#2099500000000
1!
b1010010 (
b1101001010 '
1&
1*
1+
1)
0-
1-
#2100000000000
0!
#2100500000000
1!
b10100101 (
b1010010101 '
0-
1-
#2101000000000
0!
#2101500000000
1!
b101001011 (
b100101010 '
0&
0*
0+
0)
0-
1-
#2102000000000
0!
#2102500000000
1!
b1010010110 (
b1001010100 '
0-
1-
#2103000000000
0!
#2103500000000
1!
b100101100 (
b10101000 '
0-
1-
#2104000000000
0!
#2104500000000
1!
b1001011001 (
b101010000 '
1&
1*
1+
1)
0-
1-
#2105000000000
0!
#2105500000000
1!
b10110011 (
b1010100000 '
0-
1-
#2106000000000
0!
#2106500000000
1!
b101100111 (
b101000001 '
0&
0*
0+
0)
0-
1-
#2107000000000
0!
#2107500000000
1!
b1011001110 (
b1010000010 '
0-
1-
#2108000000000
0!
#2108500000000
1!
b110011100 (
b100000101 '
0-
1-
#2109000000000
0!
#2109500000000
1!
b1100111001 (
b1000001011 '
0-
1-
#2110000000000
0!
#2110500000000
1!
b1001110011 (
b10111 '
1&
1*
1+
1)
0-
1-
#2111000000000
0!
#2111500000000
1!
b11100111 (
b101111 '
0&
0*
0+
0)
0-
1-
#2112000000000
0!
#2112500000000
1!
b111001110 (
b1011111 '
0-
1-
#2113000000000
0!
#2113500000000
1!
b1110011100 (
b10111111 '
1&
1*
1+
1)
0-
1-
#2114000000000
0!
#2114500000000
1!
b1100111000 (
b101111111 '
0-
1-
#2115000000000
0!
#2115500000000
1!
b1001110001 (
b1011111111 '
0&
0*
0+
0)
0-
1-
#2116000000000
0!
#2116500000000
1!
b11100010 (
b111111110 '
0-
1-
#2117000000000
0!
#2117500000000
1!
b111000101 (
b1111111101 '
1&
1*
1+
1)
0-
1-
#2118000000000
0!
#2118500000000
1!
b1110001011 (
b1111111010 '
0&
0*
0+
0)
0-
1-
#2119000000000
0!
#2119500000000
1!
b1100010110 (
b1111110101 '
0-
1-
#2120000000000
0!
#2120500000000
1!
b1000101100 (
b1111101010 '
0-
1-
#2121000000000
0!
#2121500000000
1!
b1011001 (
b1111010101 '
1&
1*
1+
1)
0-
1-
#2122000000000
0!
#2122500000000
1!
b10110010 (
b1110101010 '
0-
1-
#2123000000000
0!
#2123500000000
1!
b101100101 (
b1101010101 '
0-
1-
#2124000000000
0!
#2124500000000
1!
b1011001011 (
b1010101010 '
0&
0*
0+
0)
0-
1-
#2125000000000
0!
#2125500000000
1!
b110010111 (
b101010101 '
0-
1-
#2126000000000
0!
#2126500000000
1!
b1100101110 (
b1010101011 '
0-
1-
#2127000000000
0!
#2127500000000
1!
b1001011101 (
b101010111 '
1&
1*
1+
1)
0-
1-
#2128000000000
0!
#2128500000000
1!
b10111010 (
b1010101111 '
0-
1-
#2129000000000
0!
#2129500000000
1!
b101110101 (
b101011110 '
0&
0*
0+
0)
0-
1-
#2130000000000
0!
#2130500000000
1!
b1011101011 (
b1010111101 '
0-
1-
#2131000000000
0!
#2131500000000
1!
b111010110 (
b101111010 '
0-
1-
#2132000000000
0!
#2132500000000
1!
b1110101100 (
b1011110100 '
0-
1-
#2133000000000
0!
#2133500000000
1!
b1101011001 (
b111101000 '
1&
1*
1+
1)
0-
1-
#2134000000000
0!
#2134500000000
1!
b1010110010 (
b1111010000 '
0&
0*
0+
0)
0-
1-
#2135000000000
0!
#2135500000000
1!
b101100100 (
b1110100001 '
1&
1*
1+
1)
0-
1-
#2136000000000
0!
#2136500000000
1!
b1011001001 (
b1101000011 '
0&
0*
0+
0)
0-
1-
#2137000000000
0!
#2137500000000
1!
b110010010 (
b1010000111 '
1&
1*
1+
1)
0-
1-
#2138000000000
0!
#2138500000000
1!
b1100100101 (
b100001110 '
0-
1-
#2139000000000
0!
#2139500000000
1!
b1001001010 (
b1000011101 '
0&
0*
0+
0)
0-
1-
#2140000000000
0!
#2140500000000
1!
b10010100 (
b111010 '
0-
1-
#2141000000000
0!
#2141500000000
1!
b100101000 (
b1110100 '
0-
1-
#2142000000000
0!
#2142500000000
1!
b1001010000 (
b11101001 '
1&
1*
1+
1)
0-
1-
#2143000000000
0!
#2143500000000
1!
b10100001 (
b111010010 '
0&
0*
0+
0)
0-
1-
#2144000000000
0!
#2144500000000
1!
b101000010 (
b1110100100 '
1&
1*
1+
1)
0-
1-
#2145000000000
0!
#2145500000000
1!
b1010000100 (
b1101001000 '
0&
0*
0+
0)
0-
1-
#2146000000000
0!
#2146500000000
1!
b100001001 (
b1010010001 '
1&
1*
1+
1)
0-
1-
#2147000000000
0!
#2147500000000
1!
b1000010011 (
b100100011 '
0-
1-
#2148000000000
0!
#2148500000000
1!
b100110 (
b1001000110 '
0-
1-
#2149000000000
0!
#2149500000000
1!
b1001101 (
b10001100 '
0&
0*
0+
0)
0-
1-
#2150000000000
0!
#2150500000000
1!
b10011011 (
b100011001 '
0-
1-
#2151000000000
0!
#2151500000000
1!
b100110110 (
b1000110010 '
1&
1*
1+
1)
0-
1-
#2152000000000
0!
#2152500000000
1!
b1001101100 (
b1100101 '
0-
1-
#2153000000000
0!
#2153500000000
1!
b11011001 (
b11001011 '
0&
0*
0+
0)
0-
1-
#2154000000000
0!
#2154500000000
1!
b110110011 (
b110010110 '
0-
1-
#2155000000000
0!
#2155500000000
1!
b1101100110 (
b1100101101 '
0-
1-
#2156000000000
0!
#2156500000000
1!
b1011001101 (
b1001011010 '
0-
1-
#2157000000000
0!
#2157500000000
1!
b110011011 (
b10110101 '
0-
1-
#2158000000000
0!
#2158500000000
1!
b1100110111 (
b101101011 '
1&
1*
1+
1)
0-
1-
#2159000000000
0!
#2159500000000
1!
b1001101111 (
b1011010110 '
0&
0*
0+
0)
0-
1-
#2160000000000
0!
#2160500000000
1!
b11011110 (
b110101100 '
0-
1-
#2161000000000
0!
#2161500000000
1!
b110111101 (
b1101011001 '
1&
1*
1+
1)
0-
1-
#2162000000000
0!
#2162500000000
1!
b1101111010 (
b1010110011 '
0&
0*
0+
0)
0-
1-
#2163000000000
0!
#2163500000000
1!
b1011110100 (
b101100111 '
1&
1*
1+
1)
0-
1-
#2164000000000
0!
#2164500000000
1!
b111101000 (
b1011001111 '
0-
1-
#2165000000000
0!
#2165500000000
1!
b1111010001 (
b110011110 '
0-
1-
#2166000000000
0!
#2166500000000
1!
b1110100011 (
b1100111101 '
0&
0*
0+
0)
0-
1-
#2167000000000
0!
#2167500000000
1!
b1101000111 (
b1001111010 '
0-
1-
#2168000000000
0!
#2168500000000
1!
b1010001110 (
b11110101 '
1&
1*
1+
1)
0-
1-
#2169000000000
0!
#2169500000000
1!
b100011100 (
b111101011 '
0&
0*
0+
0)
0-
1-
#2170000000000
0!
#2170500000000
1!
b1000111000 (
b1111010110 '
0-
1-
#2171000000000
0!
#2171500000000
1!
b1110000 (
b1110101100 '
1&
1*
1+
1)
0-
1-
#2172000000000
0!
#2172500000000
1!
b11100001 (
b1101011000 '
0-
1-
#2173000000000
0!
#2173500000000
1!
b111000010 (
b1010110001 '
0-
1-
#2174000000000
0!
#2174500000000
1!
b1110000101 (
b101100011 '
0-
1-
#2175000000000
0!
#2175500000000
1!
b1100001010 (
b1011000110 '
0&
0*
0+
0)
0-
1-
#2176000000000
0!
#2176500000000
1!
b1000010101 (
b110001100 '
1&
1*
1+
1)
0-
1-
#2177000000000
0!
#2177500000000
1!
b101010 (
b1100011001 '
0-
1-
#2178000000000
0!
#2178500000000
1!
b1010100 (
b1000110011 '
0-
1-
#2179000000000
0!
#2179500000000
1!
b10101001 (
b1100111 '
0&
0*
0+
0)
0-
1-
#2180000000000
0!
#2180500000000
1!
b101010010 (
b11001111 '
0-
1-
#2181000000000
0!
#2181500000000
1!
b1010100100 (
b110011111 '
1&
1*
1+
1)
0-
1-
#2182000000000
0!
#2182500000000
1!
b101001000 (
b1100111111 '
0-
1-
#2183000000000
0!
#2183500000000
1!
b1010010001 (
b1001111110 '
0&
0*
0+
0)
0-
1-
#2184000000000
0!
#2184500000000
1!
b100100010 (
b11111100 '
0-
1-
#2185000000000
0!
#2185500000000
1!
b1001000101 (
b111111001 '
1&
1*
1+
1)
0-
1-
#2186000000000
0!
#2186500000000
1!
b10001010 (
b1111110010 '
0-
1-
#2187000000000
0!
#2187500000000
1!
b100010100 (
b1111100101 '
0-
1-
#2188000000000
0!
#2188500000000
1!
b1000101000 (
b1111001010 '
0&
0*
0+
0)
0-
1-
#2189000000000
0!
#2189500000000
1!
b1010000 (
b1110010101 '
1&
1*
1+
1)
0-
1-
#2190000000000
0!
#2190500000000
1!
b10100000 (
b1100101010 '
0-
1-
#2191000000000
0!
#2191500000000
1!
b101000000 (
b1001010101 '
0-
1-
#2192000000000
0!
#2192500000000
1!
b1010000001 (
b10101010 '
0-
1-
#2193000000000
0!
#2193500000000
1!
b100000010 (
b101010100 '
0&
0*
0+
0)
0-
1-
#2194000000000
0!
#2194500000000
1!
b1000000100 (
b1010101001 '
0-
1-
#2195000000000
0!
#2195500000000
1!
b1000 (
b101010011 '
0-
1-
#2196000000000
0!
#2196500000000
1!
b10000 (
b1010100110 '
1&
1*
1+
1)
0-
1-
#2197000000000
0!
#2197500000000
1!
b100000 (
b101001100 '
0&
0*
0+
0)
0-
1-
#2198000000000
0!
#2198500000000
1!
b1000001 (
b1010011001 '
1&
1*
1+
1)
0-
1-
#2199000000000
0!
#2199500000000
1!
b10000010 (
b100110011 '
0&
0*
0+
0)
0-
1-
#2200000000000
0!
#2200500000000
1!
b100000100 (
b1001100110 '
1&
1*
1+
1)
0-
1-
#2201000000000
0!
#2201500000000
1!
b1000001000 (
b11001100 '
0-
1-
#2202000000000
0!
#2202500000000
1!
b10001 (
b110011001 '
0&
0*
0+
0)
0-
1-
#2203000000000
0!
#2203500000000
1!
b100010 (
b1100110010 '
1&
1*
1+
1)
0-
1-
#2204000000000
0!
#2204500000000
1!
b1000100 (
b1001100101 '
0-
1-
#2205000000000
0!
#2205500000000
1!
b10001001 (
b11001010 '
0&
0*
0+
0)
0-
1-
#2206000000000
0!
#2206500000000
1!
b100010011 (
b110010100 '
0-
1-
#2207000000000
0!
#2207500000000
1!
b1000100110 (
b1100101001 '
0-
1-
#2208000000000
0!
#2208500000000
1!
b1001100 (
b1001010011 '
1&
1*
1+
1)
0-
1-
#2209000000000
0!
#2209500000000
1!
b10011001 (
b10100111 '
0&
0*
0+
0)
0-
1-
#2210000000000
0!
#2210500000000
1!
b100110011 (
b101001111 '
0-
1-
#2211000000000
0!
#2211500000000
1!
b1001100111 (
b1010011111 '
0-
1-
#2212000000000
0!
#2212500000000
1!
b11001110 (
b100111110 '
0-
1-
#2213000000000
0!
#2213500000000
1!
b110011101 (
b1001111101 '
1&
1*
1+
1)
0-
1-
#2214000000000
0!
#2214500000000
1!
b1100111011 (
b11111010 '
0-
1-
#2215000000000
0!
#2215500000000
1!
b1001110110 (
b111110100 '
0-
1-
#2216000000000
0!
#2216500000000
1!
b11101100 (
b1111101001 '
0-
1-
#2217000000000
0!
#2217500000000
1!
b111011001 (
b1111010011 '
0-
1-
#2218000000000
0!
#2218500000000
1!
b1110110010 (
b1110100111 '
0&
0*
0+
0)
0-
1-
#2219000000000
0!
#2219500000000
1!
b1101100101 (
b1101001110 '
0-
1-
#2220000000000
0!
#2220500000000
1!
b1011001010 (
b1010011100 '
0-
1-
#2221000000000
0!
#2221500000000
1!
b110010101 (
b100111000 '
0-
1-
#2222000000000
0!
#2222500000000
1!
b1100101011 (
b1001110000 '
0-
1-
#2223000000000
0!
#2223500000000
1!
b1001010110 (
b11100001 '
1&
1*
1+
1)
0-
1-
#2224000000000
0!
#2224500000000
1!
b10101101 (
b111000010 '
0&
0*
0+
0)
0-
1-
#2225000000000
0!
#2225500000000
1!
b101011011 (
b1110000100 '
1&
1*
1+
1)
0-
1-
#2226000000000
0!
#2226500000000
1!
b1010110110 (
b1100001000 '
0&
0*
0+
0)
0-
1-
#2227000000000
0!
#2227500000000
1!
b101101101 (
b1000010001 '
1&
1*
1+
1)
0-
1-
#2228000000000
0!
#2228500000000
1!
b1011011011 (
b100011 '
0-
1-
#2229000000000
0!
#2229500000000
1!
b110110111 (
b1000110 '
0&
0*
0+
0)
0-
1-
#2230000000000
0!
#2230500000000
1!
b1101101111 (
b10001101 '
1&
1*
1+
1)
0-
1-
#2231000000000
0!
#2231500000000
1!
b1011011111 (
b100011011 '
0-
1-
#2232000000000
0!
#2232500000000
1!
b110111110 (
b1000110110 '
0-
1-
#2233000000000
0!
#2233500000000
1!
b1101111101 (
b1101100 '
0-
1-
#2234000000000
0!
#2234500000000
1!
b1011111010 (
b11011001 '
0-
1-
#2235000000000
0!
#2235500000000
1!
b111110100 (
b110110010 '
0&
0*
0+
0)
0-
1-
#2236000000000
0!
#2236500000000
1!
b1111101000 (
b1101100100 '
0-
1-
#2237000000000
0!
#2237500000000
1!
b1111010000 (
b1011001000 '
0-
1-
#2238000000000
0!
#2238500000000
1!
b1110100001 (
b110010001 '
1&
1*
1+
1)
0-
1-
#2239000000000
0!
#2239500000000
1!
b1101000010 (
b1100100010 '
0&
0*
0+
0)
0-
1-
#2240000000000
0!
#2240500000000
1!
b1010000101 (
b1001000101 '
0-
1-
#2241000000000
0!
#2241500000000
1!
b100001011 (
b10001010 '
0-
1-
#2242000000000
0!
#2242500000000
1!
b1000010110 (
b100010100 '
1&
1*
1+
1)
0-
1-
#2243000000000
0!
#2243500000000
1!
b101101 (
b1000101001 '
0-
1-
#2244000000000
0!
#2244500000000
1!
b1011010 (
b1010011 '
0&
0*
0+
0)
0-
1-
#2245000000000
0!
#2245500000000
1!
b10110101 (
b10100110 '
0-
1-
#2246000000000
0!
#2246500000000
1!
b101101011 (
b101001101 '
0-
1-
#2247000000000
0!
#2247500000000
1!
b1011010111 (
b1010011011 '
0-
1-
#2248000000000
0!
#2248500000000
1!
b110101110 (
b100110111 '
0-
1-
#2249000000000
0!
#2249500000000
1!
b1101011101 (
b1001101111 '
0-
1-
#2250000000000
0!
#2250500000000
1!
b1010111011 (
b11011110 '
1&
1*
1+
1)
0-
1-
#2251000000000
0!
#2251500000000
1!
b101110110 (
b110111101 '
0&
0*
0+
0)
0-
1-
#2252000000000
0!
#2252500000000
1!
b1011101100 (
b1101111011 '
0-
1-
#2253000000000
0!
#2253500000000
1!
b111011000 (
b1011110111 '
1&
1*
1+
1)
0-
1-
#2254000000000
0!
#2254500000000
1!
b1110110000 (
b111101110 '
0-
1-
#2255000000000
0!
#2255500000000
1!
b1101100000 (
b1111011101 '
0&
0*
0+
0)
0-
1-
#2256000000000
0!
#2256500000000
1!
b1011000001 (
b1110111010 '
0-
1-
#2257000000000
0!
#2257500000000
1!
b110000010 (
b1101110101 '
1&
1*
1+
1)
0-
1-
#2258000000000
0!
#2258500000000
1!
b1100000101 (
b1011101010 '
0&
0*
0+
0)
0-
1-
#2259000000000
0!
#2259500000000
1!
b1000001011 (
b111010101 '
1&
1*
1+
1)
0-
1-
#2260000000000
0!
#2260500000000
1!
b10110 (
b1110101011 '
0-
1-
#2261000000000
0!
#2261500000000
1!
b101100 (
b1101010111 '
0-
1-
#2262000000000
0!
#2262500000000
1!
b1011000 (
b1010101110 '
0-
1-
#2263000000000
0!
#2263500000000
1!
b10110000 (
b101011100 '
0&
0*
0+
0)
0-
1-
#2264000000000
0!
#2264500000000
1!
b101100000 (
b1010111001 '
1&
1*
1+
1)
0-
1-
#2265000000000
0!
#2265500000000
1!
b1011000000 (
b101110011 '
0-
1-
#2266000000000
0!
#2266500000000
1!
b110000000 (
b1011100110 '
0-
1-
#2267000000000
0!
#2267500000000
1!
b1100000000 (
b111001100 '
0-
1-
#2268000000000
0!
#2268500000000
1!
b1000000000 (
b1110011001 '
0&
0*
0+
0)
0-
1-
#2269000000000
0!
#2269500000000
1!
b1 (
b1100110011 '
1&
1*
1+
1)
0-
1-
#2270000000000
0!
#2270500000000
1!
b10 (
b1001100111 '
0-
1-
#2271000000000
0!
#2271500000000
1!
b101 (
b11001110 '
0&
0*
0+
0)
0-
1-
#2272000000000
0!
#2272500000000
1!
b1011 (
b110011101 '
0-
1-
#2273000000000
0!
#2273500000000
1!
b10111 (
b1100111011 '
1&
1*
1+
1)
0-
1-
#2274000000000
0!
#2274500000000
1!
b101110 (
b1001110111 '
0-
1-
#2275000000000
0!
#2275500000000
1!
b1011101 (
b11101110 '
0&
0*
0+
0)
0-
1-
#2276000000000
0!
#2276500000000
1!
b10111011 (
b111011101 '
0-
1-
#2277000000000
0!
#2277500000000
1!
b101110111 (
b1110111011 '
1&
1*
1+
1)
0-
1-
#2278000000000
0!
#2278500000000
1!
b1011101110 (
b1101110111 '
0&
0*
0+
0)
0-
1-
#2279000000000
0!
#2279500000000
1!
b111011101 (
b1011101110 '
1&
1*
1+
1)
0-
1-
#2280000000000
0!
#2280500000000
1!
b1110111011 (
b111011100 '
0-
1-
#2281000000000
0!
#2281500000000
1!
b1101110111 (
b1110111001 '
0&
0*
0+
0)
0-
1-
#2282000000000
0!
#2282500000000
1!
b1011101111 (
b1101110011 '
0-
1-
#2283000000000
0!
#2283500000000
1!
b111011111 (
b1011100111 '
1&
1*
1+
1)
0-
1-
#2284000000000
0!
#2284500000000
1!
b1110111110 (
b111001110 '
0-
1-
#2285000000000
0!
#2285500000000
1!
b1101111100 (
b1110011101 '
0&
0*
0+
0)
0-
1-
#2286000000000
0!
#2286500000000
1!
b1011111000 (
b1100111010 '
0-
1-
#2287000000000
0!
#2287500000000
1!
b111110001 (
b1001110101 '
1&
1*
1+
1)
0-
1-
#2288000000000
0!
#2288500000000
1!
b1111100011 (
b11101010 '
0-
1-
#2289000000000
0!
#2289500000000
1!
b1111000111 (
b111010100 '
0-
1-
#2290000000000
0!
#2290500000000
1!
b1110001111 (
b1110101001 '
0&
0*
0+
0)
0-
1-
#2291000000000
0!
#2291500000000
1!
b1100011111 (
b1101010011 '
0-
1-
#2292000000000
0!
#2292500000000
1!
b1000111110 (
b1010100111 '
0-
1-
#2293000000000
0!
#2293500000000
1!
b1111100 (
b101001110 '
0-
1-
#2294000000000
0!
#2294500000000
1!
b11111000 (
b1010011101 '
1&
1*
1+
1)
0-
1-
#2295000000000
0!
#2295500000000
1!
b111110000 (
b100111010 '
0&
0*
0+
0)
0-
1-
#2296000000000
0!
#2296500000000
1!
b1111100001 (
b1001110100 '
0-
1-
#2297000000000
0!
#2297500000000
1!
b1111000010 (
b11101000 '
1&
1*
1+
1)
0-
1-
#2298000000000
0!
#2298500000000
1!
b1110000100 (
b111010000 '
0-
1-
#2299000000000
0!
#2299500000000
1!
b1100001000 (
b1110100000 '
0&
0*
0+
0)
0-
1-
#2300000000000
0!
#2300500000000
1!
b1000010000 (
b1101000001 '
0-
1-
#2301000000000
0!
#2301500000000
1!
b100001 (
b1010000011 '
1&
1*
1+
1)
0-
1-
#2302000000000
0!
#2302500000000
1!
b1000011 (
b100000111 '
0&
0*
0+
0)
0-
1-
#2303000000000
0!
#2303500000000
1!
b10000111 (
b1000001111 '
1&
1*
1+
1)
0-
1-
#2304000000000
0!
#2304500000000
1!
b100001111 (
b11110 '
0&
0*
0+
0)
0-
1-
#2305000000000
0!
#2305500000000
1!
b1000011111 (
b111101 '
1&
1*
1+
1)
0-
1-
#2306000000000
0!
#2306500000000
1!
b111111 (
b1111011 '
0&
0*
0+
0)
0-
1-
#2307000000000
0!
#2307500000000
1!
b1111111 (
b11110110 '
0-
1-
#2308000000000
0!
#2308500000000
1!
b11111111 (
b111101101 '
0-
1-
#2309000000000
0!
#2309500000000
1!
b111111110 (
b1111011011 '
1&
1*
1+
1)
0-
1-
#2310000000000
0!
#2310500000000
1!
b1111111101 (
b1110110111 '
0&
0*
0+
0)
0-
1-
#2311000000000
0!
#2311500000000
1!
b1111111011 (
b1101101110 '
0-
1-
#2312000000000
0!
#2312500000000
1!
b1111110111 (
b1011011100 '
0-
1-
#2313000000000
0!
#2313500000000
1!
b1111101110 (
b110111000 '
1&
1*
1+
1)
0-
1-
#2314000000000
0!
#2314500000000
1!
b1111011100 (
b1101110000 '
0&
0*
0+
0)
0-
1-
#2315000000000
0!
#2315500000000
1!
b1110111000 (
b1011100001 '
0-
1-
#2316000000000
0!
#2316500000000
1!
b1101110000 (
b111000011 '
1&
1*
1+
1)
0-
1-
#2317000000000
0!
#2317500000000
1!
b1011100001 (
b1110000110 '
0&
0*
0+
0)
0-
1-
#2318000000000
0!
#2318500000000
1!
b111000011 (
b1100001100 '
1&
1*
1+
1)
0-
1-
#2319000000000
0!
#2319500000000
1!
b1110000111 (
b1000011000 '
0&
0*
0+
0)
0-
1-
#2320000000000
0!
#2320500000000
1!
b1100001111 (
b110001 '
1&
1*
1+
1)
0-
1-
#2321000000000
0!
#2321500000000
1!
b1000011110 (
b1100010 '
0-
1-
#2322000000000
0!
#2322500000000
1!
b111101 (
b11000100 '
0&
0*
0+
0)
0-
1-
#2323000000000
0!
#2323500000000
1!
b1111010 (
b110001001 '
0-
1-
#2324000000000
0!
#2324500000000
1!
b11110100 (
b1100010010 '
1&
1*
1+
1)
0-
1-
#2325000000000
0!
#2325500000000
1!
b111101001 (
b1000100101 '
0-
1-
#2326000000000
0!
#2326500000000
1!
b1111010011 (
b1001010 '
0-
1-
#2327000000000
0!
#2327500000000
1!
b1110100110 (
b10010100 '
0-
1-
#2328000000000
0!
#2328500000000
1!
b1101001100 (
b100101001 '
0-
1-
#2329000000000
0!
#2329500000000
1!
b1010011001 (
b1001010010 '
0&
0*
0+
0)
0-
1-
#2330000000000
0!
#2330500000000
1!
b100110010 (
b10100101 '
0-
1-
#2331000000000
0!
#2331500000000
1!
b1001100101 (
b101001011 '
1&
1*
1+
1)
0-
1-
#2332000000000
0!
#2332500000000
1!
b11001011 (
b1010010110 '
0-
1-
#2333000000000
0!
#2333500000000
1!
b110010110 (
b100101100 '
0&
0*
0+
0)
0-
1-
#2334000000000
0!
#2334500000000
1!
b1100101100 (
b1001011001 '
0-
1-
#2335000000000
0!
#2335500000000
1!
b1001011000 (
b10110011 '
1&
1*
1+
1)
0-
1-
#2336000000000
0!
#2336500000000
1!
b10110001 (
b101100110 '
0&
0*
0+
0)
0-
1-
#2337000000000
0!
#2337500000000
1!
b101100010 (
b1011001101 '
1&
1*
1+
1)
0-
1-
#2338000000000
0!
#2338500000000
1!
b1011000101 (
b110011010 '
0-
1-
#2339000000000
0!
#2339500000000
1!
b110001011 (
b1100110100 '
0-
1-
#2340000000000
0!
#2340500000000
1!
b1100010111 (
b1001101000 '
0&
0*
0+
0)
0-
1-
#2341000000000
0!
#2341500000000
1!
b1000101110 (
b11010001 '
1&
1*
1+
1)
0-
1-
#2342000000000
0!
#2342500000000
1!
b1011100 (
b110100010 '
0&
0*
0+
0)
0-
1-
#2343000000000
0!
#2343500000000
1!
b10111001 (
b1101000100 '
1&
1*
1+
1)
0-
1-
#2344000000000
0!
#2344500000000
1!
b101110010 (
b1010001000 '
0-
1-
#2345000000000
0!
#2345500000000
1!
b1011100101 (
b100010001 '
0-
1-
#2346000000000
0!
#2346500000000
1!
b111001010 (
b1000100010 '
0-
1-
#2347000000000
0!
#2347500000000
1!
b1110010101 (
b1000101 '
0-
1-
#2348000000000
0!
#2348500000000
1!
b1100101010 (
b10001011 '
0-
1-
#2349000000000
0!
#2349500000000
1!
b1001010100 (
b100010110 '
0-
1-
#2350000000000
0!
#2350500000000
1!
b10101000 (
b1000101101 '
0-
1-
#2351000000000
0!
#2351500000000
1!
b101010000 (
b1011010 '
0&
0*
0+
0)
0-
1-
#2352000000000
0!
#2352500000000
1!
b1010100001 (
b10110100 '
1&
1*
1+
1)
0-
1-
#2353000000000
0!
#2353500000000
1!
b101000011 (
b101101001 '
0&
0*
0+
0)
0-
1-
#2354000000000
0!
#2354500000000
1!
b1010000110 (
b1011010010 '
0-
1-
#2355000000000
0!
#2355500000000
1!
b100001100 (
b110100101 '
0-
1-
#2356000000000
0!
#2356500000000
1!
b1000011000 (
b1101001011 '
0-
1-
#2357000000000
0!
#2357500000000
1!
b110001 (
b1010010111 '
1&
1*
1+
1)
0-
1-
#2358000000000
0!
#2358500000000
1!
b1100011 (
b100101110 '
0&
0*
0+
0)
0-
1-
#2359000000000
0!
#2359500000000
1!
b11000110 (
b1001011101 '
1&
1*
1+
1)
0-
1-
#2360000000000
0!
#2360500000000
1!
b110001101 (
b10111010 '
0&
0*
0+
0)
0-
1-
#2361000000000
0!
#2361500000000
1!
b1100011011 (
b101110100 '
1&
1*
1+
1)
0-
1-
#2362000000000
0!
#2362500000000
1!
b1000110111 (
b1011101001 '
0&
0*
0+
0)
0-
1-
#2363000000000
0!
#2363500000000
1!
b1101110 (
b111010011 '
0-
1-
#2364000000000
0!
#2364500000000
1!
b11011101 (
b1110100110 '
1&
1*
1+
1)
0-
1-
#2365000000000
0!
#2365500000000
1!
b110111010 (
b1101001100 '
0-
1-
#2366000000000
0!
#2366500000000
1!
b1101110100 (
b1010011000 '
0&
0*
0+
0)
0-
1-
#2367000000000
0!
#2367500000000
1!
b1011101000 (
b100110001 '
1&
1*
1+
1)
0-
1-
#2368000000000
0!
#2368500000000
1!
b111010001 (
b1001100010 '
0-
1-
#2369000000000
0!
#2369500000000
1!
b1110100010 (
b11000101 '
0-
1-
#2370000000000
0!
#2370500000000
1!
b1101000101 (
b110001011 '
0-
1-
#2371000000000
0!
#2371500000000
1!
b1010001011 (
b1100010110 '
0&
0*
0+
0)
0-
1-
#2372000000000
0!
#2372500000000
1!
b100010111 (
b1000101100 '
1&
1*
1+
1)
0-
1-
#2373000000000
0!
#2373500000000
1!
b1000101111 (
b1011000 '
0-
1-
#2374000000000
0!
#2374500000000
1!
b1011110 (
b10110000 '
0&
0*
0+
0)
0-
1-
#2375000000000
0!
#2375500000000
1!
b10111100 (
b101100000 '
0-
1-
#2376000000000
0!
#2376500000000
1!
b101111001 (
b1011000000 '
1&
1*
1+
1)
0-
1-
#2377000000000
0!
#2377500000000
1!
b1011110010 (
b110000001 '
0-
1-
#2378000000000
0!
#2378500000000
1!
b111100100 (
b1100000010 '
0-
1-
#2379000000000
0!
#2379500000000
1!
b1111001000 (
b1000000101 '
0&
0*
0+
0)
0-
1-
#2380000000000
0!
#2380500000000
1!
b1110010001 (
b1010 '
1&
1*
1+
1)
0-
1-
#2381000000000
0!
#2381500000000
1!
b1100100011 (
b10100 '
0-
1-
#2382000000000
0!
#2382500000000
1!
b1001000110 (
b101001 '
0-
1-
#2383000000000
0!
#2383500000000
1!
b10001101 (
b1010010 '
0&
0*
0+
0)
0-
1-
#2384000000000
0!
#2384500000000
1!
b100011010 (
b10100100 '
0-
1-
#2385000000000
0!
#2385500000000
1!
b1000110100 (
b101001001 '
1&
1*
1+
1)
0-
1-
#2386000000000
0!
#2386500000000
1!
b1101001 (
b1010010010 '
0-
1-
#2387000000000
0!
#2387500000000
1!
b11010011 (
b100100101 '
0&
0*
0+
0)
0-
1-
#2388000000000
0!
#2388500000000
1!
b110100110 (
b1001001011 '
1&
1*
1+
1)
0-
1-
#2389000000000
0!
#2389500000000
1!
b1101001101 (
b10010111 '
0-
1-
#2390000000000
0!
#2390500000000
1!
b1010011011 (
b100101111 '
0-
1-
#2391000000000
0!
#2391500000000
1!
b100110111 (
b1001011111 '
0-
1-
#2392000000000
0!
#2392500000000
1!
b1001101110 (
b10111110 '
0-
1-
#2393000000000
0!
#2393500000000
1!
b11011100 (
b101111101 '
0&
0*
0+
0)
0-
1-
#2394000000000
0!
#2394500000000
1!
b110111000 (
b1011111011 '
1&
1*
1+
1)
0-
1-
#2395000000000
0!
#2395500000000
1!
b1101110001 (
b111110111 '
0-
1-
#2396000000000
0!
#2396500000000
1!
b1011100011 (
b1111101111 '
0&
0*
0+
0)
0-
1-
#2397000000000
0!
#2397500000000
1!
b111000110 (
b1111011110 '
1&
1*
1+
1)
0-
1-
#2398000000000
0!
#2398500000000
1!
b1110001100 (
b1110111100 '
0&
0*
0+
0)
0-
1-
#2399000000000
0!
#2399500000000
1!
b1100011000 (
b1101111000 '
0-
1-
#2400000000000
0!
#2400500000000
1!
b1000110000 (
b1011110001 '
0-
1-
#2401000000000
0!
#2401500000000
1!
b1100000 (
b111100011 '
0-
1-
#2402000000000
0!
#2402500000000
1!
b11000001 (
b1111000110 '
1&
1*
1+
1)
0-
1-
#2403000000000
0!
#2403500000000
1!
b110000011 (
b1110001100 '
0-
1-
#2404000000000
0!
#2404500000000
1!
b1100000111 (
b1100011000 '
0&
0*
0+
0)
0-
1-
#2405000000000
0!
#2405500000000
1!
b1000001110 (
b1000110001 '
0-
1-
#2406000000000
0!
#2406500000000
1!
b11101 (
b1100011 '
0-
1-
#2407000000000
0!
#2407500000000
1!
b111011 (
b11000110 '
0-
1-
#2408000000000
0!
#2408500000000
1!
b1110110 (
b110001101 '
0-
1-
#2409000000000
0!
#2409500000000
1!
b11101101 (
b1100011011 '
1&
1*
1+
1)
0-
1-
#2410000000000
0!
#2410500000000
1!
b111011011 (
b1000110111 '
0-
1-
#2411000000000
0!
#2411500000000
1!
b1110110111 (
b1101110 '
0-
1-
#2412000000000
0!
#2412500000000
1!
b1101101110 (
b11011101 '
0-
1-
#2413000000000
0!
#2413500000000
1!
b1011011101 (
b110111011 '
0-
1-
#2414000000000
0!
#2414500000000
1!
b110111011 (
b1101110110 '
0-
1-
#2415000000000
0!
#2415500000000
1!
b1101110110 (
b1011101100 '
0&
0*
0+
0)
0-
1-
#2416000000000
0!
#2416500000000
1!
b1011101101 (
b111011000 '
1&
1*
1+
1)
0-
1-
#2417000000000
0!
#2417500000000
1!
b111011010 (
b1110110000 '
0-
1-
#2418000000000
0!
#2418500000000
1!
b1110110101 (
b1101100001 '
0&
0*
0+
0)
0-
1-
#2419000000000
0!
#2419500000000
1!
b1101101011 (
b1011000011 '
0-
1-
#2420000000000
0!
#2420500000000
1!
b1011010110 (
b110000111 '
1&
1*
1+
1)
0-
1-
#2421000000000
0!
#2421500000000
1!
b110101100 (
b1100001111 '
0-
1-
#2422000000000
0!
#2422500000000
1!
b1101011000 (
b1000011110 '
0&
0*
0+
0)
0-
1-
#2423000000000
0!
#2423500000000
1!
b1010110000 (
b111100 '
1&
1*
1+
1)
0-
1-
#2424000000000
0!
#2424500000000
1!
b101100001 (
b1111001 '
0&
0*
0+
0)
0-
1-
#2425000000000
0!
#2425500000000
1!
b1011000010 (
b11110010 '
1&
1*
1+
1)
0-
1-
#2426000000000
0!
#2426500000000
1!
b110000101 (
b111100100 '
0&
0*
0+
0)
0-
1-
#2427000000000
0!
#2427500000000
1!
b1100001011 (
b1111001001 '
0-
1-
#2428000000000
0!
#2428500000000
1!
b1000010111 (
b1110010011 '
0-
1-
#2429000000000
0!
#2429500000000
1!
b101111 (
b1100100111 '
1&
1*
1+
1)
0-
1-
#2430000000000
0!
#2430500000000
1!
b1011111 (
b1001001110 '
0-
1-
#2431000000000
0!
#2431500000000
1!
b10111110 (
b10011100 '
0&
0*
0+
0)
0-
1-
#2432000000000
0!
#2432500000000
1!
b101111100 (
b100111001 '
0-
1-
#2433000000000
0!
#2433500000000
1!
b1011111001 (
b1001110010 '
0-
1-
#2434000000000
0!
#2434500000000
1!
b111110011 (
b11100101 '
0-
1-
#2435000000000
0!
#2435500000000
1!
b1111100110 (
b111001011 '
1&
1*
1+
1)
0-
1-
#2436000000000
0!
#2436500000000
1!
b1111001100 (
b1110010110 '
0&
0*
0+
0)
0-
1-
#2437000000000
0!
#2437500000000
1!
b1110011000 (
b1100101100 '
0-
1-
#2438000000000
0!
#2438500000000
1!
b1100110001 (
b1001011000 '
0-
1-
#2439000000000
0!
#2439500000000
1!
b1001100011 (
b10110001 '
1&
1*
1+
1)
0-
1-
#2440000000000
0!
#2440500000000
1!
b11000111 (
b101100010 '
0&
0*
0+
0)
0-
1-
#2441000000000
0!
#2441500000000
1!
b110001111 (
b1011000100 '
1&
1*
1+
1)
0-
1-
#2442000000000
0!
#2442500000000
1!
b1100011110 (
b110001000 '
0-
1-
#2443000000000
0!
#2443500000000
1!
b1000111100 (
b1100010000 '
0&
0*
0+
0)
0-
1-
#2444000000000
0!
#2444500000000
1!
b1111001 (
b1000100001 '
1&
1*
1+
1)
0-
1-
#2445000000000
0!
#2445500000000
1!
b11110011 (
b1000011 '
0&
0*
0+
0)
0-
1-
#2446000000000
0!
#2446500000000
1!
b111100111 (
b10000110 '
0-
1-
#2447000000000
0!
#2447500000000
1!
b1111001111 (
b100001101 '
1&
1*
1+
1)
0-
1-
#2448000000000
0!
#2448500000000
1!
b1110011111 (
b1000011011 '
0&
0*
0+
0)
0-
1-
#2449000000000
0!
#2449500000000
1!
b1100111111 (
b110111 '
1&
1*
1+
1)
0-
1-
#2450000000000
0!
#2450500000000
1!
b1001111111 (
b1101111 '
0-
1-
#2451000000000
0!
#2451500000000
1!
b11111110 (
b11011111 '
0&
0*
0+
0)
0-
1-
#2452000000000
0!
#2452500000000
1!
b111111100 (
b110111111 '
0-
1-
#2453000000000
0!
#2453500000000
1!
b1111111000 (
b1101111111 '
0-
1-
#2454000000000
0!
#2454500000000
1!
b1111110000 (
b1011111110 '
0-
1-
#2455000000000
0!
#2455500000000
1!
b1111100000 (
b111111100 '
1&
1*
1+
1)
0-
1-
#2456000000000
0!
#2456500000000
1!
b1111000000 (
b1111111001 '
0&
0*
0+
0)
0-
1-
#2457000000000
0!
#2457500000000
1!
b1110000001 (
b1111110011 '
0-
1-
#2458000000000
0!
#2458500000000
1!
b1100000011 (
b1111100111 '
0-
1-
#2459000000000
0!
#2459500000000
1!
b1000000111 (
b1111001110 '
0-
1-
#2460000000000
0!
#2460500000000
1!
b1111 (
b1110011100 '
1&
1*
1+
1)
0-
1-
#2461000000000
0!
#2461500000000
1!
b11110 (
b1100111000 '
0-
1-
#2462000000000
0!
#2462500000000
1!
b111100 (
b1001110001 '
0-
1-
#2463000000000
0!
#2463500000000
1!
b1111000 (
b11100011 '
0&
0*
0+
0)
0-
1-
#2464000000000
0!
#2464500000000
1!
b11110001 (
b111000110 '
0-
1-
#2465000000000
0!
#2465500000000
1!
b111100010 (
b1110001101 '
1&
1*
1+
1)
0-
1-
#2466000000000
0!
#2466500000000
1!
b1111000100 (
b1100011010 '
0&
0*
0+
0)
0-
1-
#2467000000000
0!
#2467500000000
1!
b1110001000 (
b1000110101 '
0-
1-
#2468000000000
0!
#2468500000000
1!
b1100010001 (
b1101010 '
1&
1*
1+
1)
0-
1-
#2469000000000
0!
#2469500000000
1!
b1000100010 (
b11010100 '
0-
1-
#2470000000000
0!
#2470500000000
1!
b1000101 (
b110101001 '
0&
0*
0+
0)
0-
1-
#2471000000000
0!
#2471500000000
1!
b10001011 (
b1101010010 '
1&
1*
1+
1)
0-
1-
#2472000000000
0!
#2472500000000
1!
b100010110 (
b1010100101 '
0-
1-
#2473000000000
0!
#2473500000000
1!
b1000101101 (
b101001010 '
0-
1-
#2474000000000
0!
#2474500000000
1!
b1011011 (
b1010010100 '
0-
1-
#2475000000000
0!
#2475500000000
1!
b10110111 (
b100101000 '
0&
0*
0+
0)
0-
1-
#2476000000000
0!
#2476500000000
1!
b101101110 (
b1001010000 '
1&
1*
1+
1)
0-
1-
#2477000000000
0!
#2477500000000
1!
b1011011100 (
b10100001 '
0-
1-
#2478000000000
0!
#2478500000000
1!
b110111001 (
b101000010 '
0&
0*
0+
0)
0-
1-
#2479000000000
0!
#2479500000000
1!
b1101110011 (
b1010000100 '
0-
1-
#2480000000000
0!
#2480500000000
1!
b1011100110 (
b100001000 '
1&
1*
1+
1)
0-
1-
#2481000000000
0!
#2481500000000
1!
b111001101 (
b1000010000 '
0-
1-
#2482000000000
0!
#2482500000000
1!
b1110011011 (
b100001 '
0-
1-
#2483000000000
0!
#2483500000000
1!
b1100110110 (
b1000010 '
0-
1-
#2484000000000
0!
#2484500000000
1!
b1001101101 (
b10000100 '
0-
1-
#2485000000000
0!
#2485500000000
1!
b11011011 (
b100001001 '
0&
0*
0+
0)
0-
1-
#2486000000000
0!
#2486500000000
1!
b110110110 (
b1000010010 '
1&
1*
1+
1)
0-
1-
#2487000000000
0!
#2487500000000
1!
b1101101101 (
b100101 '
0-
1-
#2488000000000
0!
#2488500000000
1!
b1011011010 (
b1001011 '
0-
1-
#2489000000000
0!
#2489500000000
1!
b110110101 (
b10010110 '
0&
0*
0+
0)
0-
1-
#2490000000000
0!
#2490500000000
1!
b1101101010 (
b100101101 '
1&
1*
1+
1)
0-
1-
#2491000000000
0!
#2491500000000
1!
b1011010100 (
b1001011011 '
0&
0*
0+
0)
0-
1-
#2492000000000
0!
#2492500000000
1!
b110101001 (
b10110111 '
0-
1-
#2493000000000
0!
#2493500000000
1!
b1101010011 (
b101101111 '
1&
1*
1+
1)
0-
1-
#2494000000000
0!
#2494500000000
1!
b1010100111 (
b1011011111 '
0&
0*
0+
0)
0-
1-
#2495000000000
0!
#2495500000000
1!
b101001111 (
b110111110 '
0-
1-
#2496000000000
0!
#2496500000000
1!
b1010011111 (
b1101111101 '
0-
1-
#2497000000000
0!
#2497500000000
1!
b100111110 (
b1011111010 '
1&
1*
1+
1)
0-
1-
#2498000000000
0!
#2498500000000
1!
b1001111100 (
b111110101 '
0-
1-
#2499000000000
0!
#2499500000000
1!
b11111001 (
b1111101011 '
0-
1-
#2500000000000
0!
#2500500000000
1!
b111110010 (
b1111010111 '
0-
1-
#2501000000000
0!
#2501500000000
1!
b1111100100 (
b1110101110 '
0&
0*
0+
0)
0-
1-
#2502000000000
0!
#2502500000000
1!
b1111001001 (
b1101011100 '
0-
1-
#2503000000000
0!
#2503500000000
1!
b1110010011 (
b1010111000 '
0-
1-
#2504000000000
0!
#2504500000000
1!
b1100100110 (
b101110001 '
1&
1*
1+
1)
0-
1-
#2505000000000
0!
#2505500000000
1!
b1001001101 (
b1011100010 '
0&
0*
0+
0)
0-
1-
#2506000000000
0!
#2506500000000
1!
b10011010 (
b111000101 '
0-
1-
#2507000000000
0!
#2507500000000
1!
b100110100 (
b1110001011 '
1&
1*
1+
1)
0-
1-
#2508000000000
0!
#2508500000000
1!
b1001101001 (
b1100010111 '
0&
0*
0+
0)
0-
1-
#2509000000000
0!
#2509500000000
1!
b11010010 (
b1000101110 '
1&
1*
1+
1)
0-
1-
#2510000000000
0!
#2510500000000
1!
b110100100 (
b1011100 '
0&
0*
0+
0)
0-
1-
#2511000000000
0!
#2511500000000
1!
b1101001000 (
b10111001 '
1&
1*
1+
1)
0-
1-
#2512000000000
0!
#2512500000000
1!
b1010010000 (
b101110010 '
0-
1-
#2513000000000
0!
#2513500000000
1!
b100100000 (
b1011100100 '
0-
1-
#2514000000000
0!
#2514500000000
1!
b1001000000 (
b111001000 '
0-
1-
#2515000000000
0!
#2515500000000
1!
b10000001 (
b1110010000 '
0-
1-
#2516000000000
0!
#2516500000000
1!
b100000011 (
b1100100001 '
0-
1-
#2517000000000
0!
#2517500000000
1!
b1000000110 (
b1001000011 '
0&
0*
0+
0)
0-
1-
#2518000000000
0!
#2518500000000
1!
b1101 (
b10000111 '
0-
1-
#2519000000000
0!
#2519500000000
1!
b11011 (
b100001111 '
0-
1-
#2520000000000
0!
#2520500000000
1!
b110111 (
b1000011111 '
1&
1*
1+
1)
0-
1-
#2521000000000
0!
#2521500000000
1!
b1101111 (
b111110 '
0&
0*
0+
0)
0-
1-
#2522000000000
0!
#2522500000000
1!
b11011111 (
b1111101 '
0-
1-
#2523000000000
0!
#2523500000000
1!
b110111111 (
b11111011 '
0-
1-
#2524000000000
0!
#2524500000000
1!
b1101111111 (
b111110110 '
1&
1*
1+
1)
0-
1-
#2525000000000
0!
#2525500000000
1!
b1011111111 (
b1111101101 '
0&
0*
0+
0)
0-
1-
#2526000000000
0!
#2526500000000
1!
b111111111 (
b1111011010 '
1&
1*
1+
1)
0-
1-
#2527000000000
0!
#2527500000000
1!
b1111111111 (
b1110110101 '
0&
0*
0+
0)
0-
1-
#2528000000000
0!
#2528500000000
1!
b1111111110 (
b1101101010 '
0-
1-
#2529000000000
0!
#2529500000000
1!
b1111111100 (
b1011010101 '
0-
1-
#2530000000000
0!
#2530500000000
1!
b1111111001 (
b110101010 '
1&
1*
1+
1)
0-
1-
#2531000000000
0!
#2531500000000
1!
b1111110010 (
b1101010100 '
0&
0*
0+
0)
0-
1-
#2532000000000
0!
#2532500000000
1!
b1111100101 (
b1010101000 '
0-
1-
#2533000000000
0!
#2533500000000
1!
b1111001011 (
b101010001 '
1&
1*
1+
1)
0-
1-
#2534000000000
0!
#2534500000000
1!
b1110010110 (
b1010100010 '
0&
0*
0+
0)
0-
1-
#2535000000000
0!
#2535500000000
1!
b1100101101 (
b101000101 '
1&
1*
1+
1)
0-
1-
#2536000000000
0!
#2536500000000
1!
b1001011010 (
b1010001011 '
0&
0*
0+
0)
0-
1-
#2537000000000
0!
#2537500000000
1!
b10110100 (
b100010111 '
0-
1-
#2538000000000
0!
#2538500000000
1!
b101101001 (
b1000101111 '
1&
1*
1+
1)
0-
1-
#2539000000000
0!
#2539500000000
1!
b1011010010 (
b1011110 '
0-
1-
#2540000000000
0!
#2540500000000
1!
b110100101 (
b10111101 '
0&
0*
0+
0)
0-
1-
#2541000000000
0!
#2541500000000
1!
b1101001010 (
b101111011 '
1&
1*
1+
1)
0-
1-
#2542000000000
0!
#2542500000000
1!
b1010010101 (
b1011110110 '
0&
0*
0+
0)
0-
1-
#2543000000000
0!
#2543500000000
1!
b100101011 (
b111101100 '
0-
1-
#2544000000000
0!
#2544500000000
1!
b1001010111 (
b1111011001 '
0-
1-
#2545000000000
0!
#2545500000000
1!
b10101111 (
b1110110011 '
1&
1*
1+
1)
0-
1-
#2546000000000
0!
#2546500000000
1!
b101011110 (
b1101100111 '
0-
1-
#2547000000000
0!
#2547500000000
1!
b1010111101 (
b1011001110 '
0&
0*
0+
0)
0-
1-
#2548000000000
0!
#2548500000000
1!
b101111010 (
b110011100 '
0-
1-
#2549000000000
0!
#2549500000000
1!
b1011110101 (
b1100111001 '
0-
1-
#2550000000000
0!
#2550500000000
1!
b111101010 (
b1001110011 '
1&
1*
1+
1)
0-
1-
#2551000000000
0!
#2551500000000
1!
b1111010100 (
b11100111 '
0-
1-
#2552000000000
0!
#2552500000000
1!
b1110101000 (
b111001111 '
0-
1-
#2553000000000
0!
#2553500000000
1!
b1101010000 (
b1110011111 '
0&
0*
0+
0)
0-
1-
#2554000000000
0!
#2554500000000
1!
b1010100000 (
b1100111110 '
0-
1-
#2555000000000
0!
#2555500000000
1!
b101000001 (
b1001111100 '
1&
1*
1+
1)
0-
1-
#2556000000000
0!
#2556500000000
1!
b1010000011 (
b11111000 '
0-
1-
#2557000000000
0!
#2557500000000
1!
b100000111 (
b111110000 '
0&
0*
0+
0)
0-
1-
#2558000000000
0!
#2558500000000
1!
b1000001111 (
b1111100000 '
0-
1-
#2559000000000
0!
#2559500000000
1!
b11111 (
b1111000001 '
1&
1*
1+
1)
0-
1-
#2560000000000
0!
#2560500000000
1!
b111110 (
b1110000011 '
0-
1-
#2561000000000
0!
#2561500000000
1!
b1111101 (
b1100000111 '
0-
1-
#2562000000000
0!
#2562500000000
1!
b11111010 (
b1000001110 '
0-
1-
#2563000000000
0!
#2563500000000
1!
b111110101 (
b11100 '
0&
0*
0+
0)
0-
1-
#2564000000000
0!
#2564500000000
1!
b1111101010 (
b111001 '
1&
1*
1+
1)
0-
1-
#2565000000000
0!
#2565500000000
1!
b1111010101 (
b1110010 '
0-
1-
#2566000000000
0!
#2566500000000
1!
b1110101010 (
b11100100 '
0-
1-
#2567000000000
0!
#2567500000000
1!
b1101010101 (
b111001001 '
0-
1-
#2568000000000
0!
#2568500000000
1!
b1010101011 (
b1110010010 '
0&
0*
0+
0)
0-
1-
#2569000000000
0!
#2569500000000
1!
b101010110 (
b1100100101 '
1&
1*
1+
1)
0-
1-
#2570000000000
0!
#2570500000000
1!
b1010101101 (
b1001001010 '
0&
0*
0+
0)
0-
1-
#2571000000000
0!
#2571500000000
1!
b101011010 (
b10010101 '
0-
1-
#2572000000000
0!
#2572500000000
1!
b1010110100 (
b100101011 '
1&
1*
1+
1)
0-
1-
#2573000000000
0!
#2573500000000
1!
b101101000 (
b1001010110 '
0-
1-
#2574000000000
0!
#2574500000000
1!
b1011010000 (
b10101100 '
0-
1-
#2575000000000
0!
#2575500000000
1!
b110100000 (
b101011001 '
0&
0*
0+
0)
0-
1-
#2576000000000
0!
#2576500000000
1!
b1101000001 (
b1010110010 '
0-
1-
#2577000000000
0!
#2577500000000
1!
b1010000010 (
b101100101 '
1&
1*
1+
1)
0-
1-
#2578000000000
0!
#2578500000000
1!
b100000101 (
b1011001011 '
0-
1-
#2579000000000
0!
#2579500000000
1!
b1000001010 (
b110010111 '
0-
1-
#2580000000000
0!
#2580500000000
1!
b10100 (
b1100101111 '
0-
1-
#2581000000000
0!
#2581500000000
1!
b101001 (
b1001011110 '
0-
1-
#2582000000000
0!
#2582500000000
1!
b1010011 (
b10111100 '
0&
0*
0+
0)
0-
1-
#2583000000000
0!
#2583500000000
1!
b10100111 (
b101111001 '
0-
1-
#2584000000000
0!
#2584500000000
1!
b101001110 (
b1011110010 '
1&
1*
1+
1)
0-
1-
#2585000000000
0!
#2585500000000
1!
b1010011101 (
b111100101 '
0-
1-
#2586000000000
0!
#2586500000000
1!
b100111011 (
b1111001011 '
0-
1-
#2587000000000
0!
#2587500000000
1!
b1001110111 (
b1110010111 '
0&
0*
0+
0)
0-
1-
#2588000000000
0!
#2588500000000
1!
b11101110 (
b1100101110 '
1&
1*
1+
1)
0-
1-
#2589000000000
0!
#2589500000000
1!
b111011100 (
b1001011100 '
0-
1-
#2590000000000
0!
#2590500000000
1!
b1110111001 (
b10111000 '
0-
1-
#2591000000000
0!
#2591500000000
1!
b1101110010 (
b101110000 '
0-
1-
#2592000000000
0!
#2592500000000
1!
b1011100100 (
b1011100000 '
0&
0*
0+
0)
0-
1-
#2593000000000
0!
#2593500000000
1!
b111001000 (
b111000001 '
0-
1-
#2594000000000
0!
#2594500000000
1!
b1110010000 (
b1110000010 '
0-
1-
#2595000000000
0!
#2595500000000
1!
b1100100001 (
b1100000101 '
0-
1-
#2596000000000
0!
#2596500000000
1!
b1001000011 (
b1000001010 '
0-
1-
#2597000000000
0!
#2597500000000
1!
b10000110 (
b10101 '
0-
1-
#2598000000000
0!
#2598500000000
1!
b100001101 (
b101011 '
0-
1-
#2599000000000
0!
#2599500000000
1!
b1000011010 (
b1010110 '
1&
1*
1+
1)
0-
1-
#2600000000000
0!
#2600500000000
1!
b110100 (
b10101101 '
0&
0*
0+
0)
0-
1-
#2601000000000
0!
#2601500000000
1!
b1101000 (
b101011011 '
0-
1-
#2602000000000
0!
#2602500000000
1!
b11010001 (
b1010110110 '
1&
1*
1+
1)
0-
1-
#2603000000000
0!
#2603500000000
1!
b110100011 (
b101101100 '
0&
0*
0+
0)
0-
1-
#2604000000000
0!
#2604500000000
1!
b1101000110 (
b1011011001 '
0-
1-
#2605000000000
0!
#2605500000000
1!
b1010001100 (
b110110011 '
1&
1*
1+
1)
0-
1-
#2606000000000
0!
#2606500000000
1!
b100011001 (
b1101100110 '
0-
1-
#2607000000000
0!
#2607500000000
1!
b1000110011 (
b1011001100 '
0&
0*
0+
0)
0-
1-
#2608000000000
0!
#2608500000000
1!
b1100111 (
b110011000 '
0-
1-
#2609000000000
0!
#2609500000000
1!
b11001111 (
b1100110000 '
1&
1*
1+
1)
0-
1-
#2610000000000
0!
#2610500000000
1!
b110011111 (
b1001100001 '
0-
1-
#2611000000000
0!
#2611500000000
1!
b1100111110 (
b11000011 '
0-
1-
#2612000000000
0!
#2612500000000
1!
b1001111101 (
b110000110 '
0-
1-
#2613000000000
0!
#2613500000000
1!
b11111011 (
b1100001101 '
0-
1-
#2614000000000
0!
#2614500000000
1!
b111110111 (
b1000011010 '
0-
1-
#2615000000000
0!
#2615500000000
1!
b1111101111 (
b110101 '
0-
1-
#2616000000000
0!
#2616500000000
1!
b1111011110 (
b1101011 '
0-
1-
#2617000000000
0!
#2617500000000
1!
b1110111101 (
b11010110 '
0-
1-
#2618000000000
0!
#2618500000000
1!
b1101111011 (
b110101101 '
0-
1-
#2619000000000
0!
#2619500000000
1!
b1011110110 (
b1101011011 '
0&
0*
0+
0)
0-
1-
#2620000000000
0!
#2620500000000
1!
b111101101 (
b1010110111 '
1&
1*
1+
1)
0-
1-
#2621000000000
0!
#2621500000000
1!
b1111011010 (
b101101110 '
0-
1-
#2622000000000
0!
#2622500000000
1!
b1110110100 (
b1011011101 '
0&
0*
0+
0)
0-
1-
#2623000000000
0!
#2623500000000
1!
b1101101001 (
b110111010 '
1&
1*
1+
1)
0-
1-
#2624000000000
0!
#2624500000000
1!
b1011010011 (
b1101110100 '
0&
0*
0+
0)
0-
1-
#2625000000000
0!
#2625500000000
1!
b110100111 (
b1011101000 '
1&
1*
1+
1)
0-
1-
#2626000000000
0!
#2626500000000
1!
b1101001111 (
b111010001 '
0-
1-
#2627000000000
0!
#2627500000000
1!
b1010011110 (
b1110100010 '
0&
0*
0+
0)
0-
1-
#2628000000000
0!
#2628500000000
1!
b100111100 (
b1101000101 '
1&
1*
1+
1)
0-
1-
#2629000000000
0!
#2629500000000
1!
b1001111001 (
b1010001010 '
0&
0*
0+
0)
0-
1-
#2630000000000
0!
#2630500000000
1!
b11110010 (
b100010101 '
0-
1-
#2631000000000
0!
#2631500000000
1!
b111100101 (
b1000101011 '
1&
1*
1+
1)
0-
1-
#2632000000000
0!
#2632500000000
1!
b1111001010 (
b1010111 '
0-
1-
#2633000000000
0!
#2633500000000
1!
b1110010100 (
b10101111 '
0-
1-
#2634000000000
0!
#2634500000000
1!
b1100101000 (
b101011111 '
0-
1-
#2635000000000
0!
#2635500000000
1!
b1001010001 (
b1010111111 '
0&
0*
0+
0)
0-
1-
#2636000000000
0!
#2636500000000
1!
b10100011 (
b101111110 '
0-
1-
#2637000000000
0!
#2637500000000
1!
b101000111 (
b1011111101 '
1&
1*
1+
1)
0-
1-
#2638000000000
0!
#2638500000000
1!
b1010001111 (
b111111010 '
0-
1-
#2639000000000
0!
#2639500000000
1!
b100011110 (
b1111110100 '
0-
1-
#2640000000000
0!
#2640500000000
1!
b1000111101 (
b1111101000 '
0&
0*
0+
0)
0-
1-
#2641000000000
0!
#2641500000000
1!
b1111011 (
b1111010001 '
1&
1*
1+
1)
0-
1-
#2642000000000
0!
#2642500000000
1!
b11110110 (
b1110100011 '
0-
1-
#2643000000000
0!
#2643500000000
1!
b111101100 (
b1101000111 '
0-
1-
#2644000000000
0!
#2644500000000
1!
b1111011000 (
b1010001110 '
0&
0*
0+
0)
0-
1-
#2645000000000
0!
#2645500000000
1!
b1110110001 (
b100011100 '
1&
1*
1+
1)
0-
1-
#2646000000000
0!
#2646500000000
1!
b1101100010 (
b1000111001 '
0&
0*
0+
0)
0-
1-
#2647000000000
0!
#2647500000000
1!
b1011000100 (
b1110011 '
1&
1*
1+
1)
0-
1-
#2648000000000
0!
#2648500000000
1!
b110001001 (
b11100110 '
0&
0*
0+
0)
0-
1-
#2649000000000
0!
#2649500000000
1!
b1100010010 (
b111001101 '
1&
1*
1+
1)
0-
1-
#2650000000000
0!
#2650500000000
1!
b1000100101 (
b1110011011 '
0&
0*
0+
0)
0-
1-
#2651000000000
0!
#2651500000000
1!
b1001011 (
b1100110111 '
1&
1*
1+
1)
0-
1-
#2652000000000
0!
#2652500000000
1!
b10010111 (
b1001101110 '
0-
1-
#2653000000000
0!
#2653500000000
1!
b100101111 (
b11011100 '
0&
0*
0+
0)
0-
1-
#2654000000000
0!
#2654500000000
1!
b1001011110 (
b110111001 '
1&
1*
1+
1)
0-
1-
#2655000000000
0!
#2655500000000
1!
b10111101 (
b1101110010 '
0-
1-
#2656000000000
0!
#2656500000000
1!
b101111011 (
b1011100101 '
0-
1-
#2657000000000
0!
#2657500000000
1!
b1011110111 (
b111001010 '
0-
1-
#2658000000000
0!
#2658500000000
1!
b111101111 (
b1110010100 '
0-
1-
#2659000000000
0!
#2659500000000
1!
b1111011111 (
b1100101000 '
0&
0*
0+
0)
0-
1-
#2660000000000
0!
#2660500000000
1!
b1110111111 (
b1001010001 '
0-
1-
#2661000000000
0!
#2661500000000
1!
b1101111110 (
b10100011 '
1&
1*
1+
1)
0-
1-
#2662000000000
0!
#2662500000000
1!
b1011111101 (
b101000110 '
0-
1-
#2663000000000
0!
#2663500000000
1!
b111111010 (
b1010001101 '
0-
1-
#2664000000000
0!
#2664500000000
1!
b1111110100 (
b100011010 '
0-
1-
#2665000000000
0!
#2665500000000
1!
b1111101001 (
b1000110100 '
0&
0*
0+
0)
0-
1-
#2666000000000
0!
#2666500000000
1!
b1111010010 (
b1101000 '
1&
1*
1+
1)
0-
1-
#2667000000000
0!
#2667500000000
1!
b1110100100 (
b11010000 '
0-
1-
#2668000000000
0!
#2668500000000
1!
b1101001001 (
b110100000 '
0-
1-
#2669000000000
0!
#2669500000000
1!
b1010010010 (
b1101000000 '
0&
0*
0+
0)
0-
1-
#2670000000000
0!
#2670500000000
1!
b100100101 (
b1010000001 '
1&
1*
1+
1)
0-
1-
#2671000000000
0!
#2671500000000
1!
b1001001011 (
b100000011 '
0-
1-
#2672000000000
0!
#2672500000000
1!
b10010110 (
b1000000110 '
0-
1-
#2673000000000
0!
#2673500000000
1!
b100101101 (
b1100 '
0&
0*
0+
0)
0-
1-
#2674000000000
0!
#2674500000000
1!
b1001011011 (
b11001 '
1&
1*
1+
1)
0-
1-
#2675000000000
0!
#2675500000000
1!
b10110110 (
b110010 '
0&
0*
0+
0)
0-
1-
#2676000000000
0!
#2676500000000
1!
b101101100 (
b1100100 '
0-
1-
#2677000000000
0!
#2677500000000
1!
b1011011001 (
b11001001 '
1&
1*
1+
1)
0-
1-
#2678000000000
0!
#2678500000000
1!
b110110010 (
b110010010 '
0&
0*
0+
0)
0-
1-
#2679000000000
0!
#2679500000000
1!
b1101100100 (
b1100100100 '
0-
1-
#2680000000000
0!
#2680500000000
1!
b1011001000 (
b1001001000 '
0-
1-
#2681000000000
0!
#2681500000000
1!
b110010000 (
b10010001 '
0-
1-
#2682000000000
0!
#2682500000000
1!
b1100100000 (
b100100010 '
1&
1*
1+
1)
0-
1-
#2683000000000
0!
#2683500000000
1!
b1001000001 (
b1001000100 '
0&
0*
0+
0)
0-
1-
#2684000000000
0!
#2684500000000
1!
b10000011 (
b10001000 '
0-
1-
#2685000000000
0!
#2685500000000
1!
b100000110 (
b100010000 '
0-
1-
#2686000000000
0!
#2686500000000
1!
b1000001101 (
b1000100000 '
0-
1-
#2687000000000
0!
#2687500000000
1!
b11010 (
b1000001 '
0-
1-
#2688000000000
0!
#2688500000000
1!
b110101 (
b10000010 '
0-
1-
#2689000000000
0!
#2689500000000
1!
b1101010 (
b100000100 '
0-
1-
#2690000000000
0!
#2690500000000
1!
b11010100 (
b1000001001 '
1&
1*
1+
1)
0-
1-
#2691000000000
0!
#2691500000000
1!
b110101000 (
b10011 '
0&
0*
0+
0)
0-
1-
#2692000000000
0!
#2692500000000
1!
b1101010001 (
b100110 '
1&
1*
1+
1)
0-
1-
#2693000000000
0!
#2693500000000
1!
b1010100010 (
b1001101 '
0-
1-
#2694000000000
0!
#2694500000000
1!
b101000100 (
b10011011 '
0&
0*
0+
0)
0-
1-
#2695000000000
0!
#2695500000000
1!
b1010001000 (
b100110110 '
1&
1*
1+
1)
0-
1-
#2696000000000
0!
#2696500000000
1!
b100010000 (
b1001101101 '
0-
1-
#2697000000000
0!
#2697500000000
1!
b1000100001 (
b11011010 '
0-
1-
#2698000000000
0!
#2698500000000
1!
b1000010 (
b110110100 '
0&
0*
0+
0)
0-
1-
#2699000000000
0!
#2699500000000
1!
b10000101 (
b1101101001 '
1&
1*
1+
1)
0-
1-
#2700000000000
0!
#2700500000000
1!
b100001010 (
b1011010011 '
0-
1-
#2701000000000
0!
#2701500000000
1!
b1000010100 (
b110100111 '
0-
1-
#2702000000000
0!
#2702500000000
1!
b101000 (
b1101001111 '
0-
1-
#2703000000000
0!
#2703500000000
1!
b1010001 (
b1010011110 '
0-
1-
#2704000000000
0!
#2704500000000
1!
b10100010 (
b100111100 '
0&
0*
0+
0)
0-
1-
#2705000000000
0!
#2705500000000
1!
b101000101 (
b1001111001 '
1&
1*
1+
1)
0-
1-
#2706000000000
0!
#2706500000000
1!
b1010001010 (
b11110011 '
0-
1-
#2707000000000
0!
#2707500000000
1!
b100010101 (
b111100110 '
0&
0*
0+
0)
0-
1-
#2708000000000
0!
#2708500000000
1!
b1000101010 (
b1111001101 '
0-
1-
#2709000000000
0!
#2709500000000
1!
b1010101 (
b1110011010 '
1&
1*
1+
1)
0-
1-
#2710000000000
0!
#2710500000000
1!
b10101011 (
b1100110101 '
0-
1-
#2711000000000
0!
#2711500000000
1!
b101010111 (
b1001101010 '
0-
1-
#2712000000000
0!
#2712500000000
1!
b1010101111 (
b11010101 '
0-
1-
#2713000000000
0!
#2713500000000
1!
b101011111 (
b110101011 '
0&
0*
0+
0)
0-
1-
#2714000000000
0!
#2714500000000
1!
b1010111111 (
b1101010110 '
0-
1-
#2715000000000
0!
#2715500000000
1!
b101111111 (
b1010101100 '
1&
1*
1+
1)
0-
1-
#2716000000000
0!
#2716500000000
1!
b1011111110 (
b101011000 '
0-
1-
#2717000000000
0!
#2717500000000
1!
b111111101 (
b1010110000 '
0-
1-
#2718000000000
0!
#2718500000000
1!
b1111111010 (
b101100001 '
0-
1-
#2719000000000
0!
#2719500000000
1!
b1111110101 (
b1011000010 '
0&
0*
0+
0)
0-
1-
#2720000000000
0!
#2720500000000
1!
b1111101011 (
b110000101 '
1&
1*
1+
1)
0-
1-
#2721000000000
0!
#2721500000000
1!
b1111010111 (
b1100001011 '
0&
0*
0+
0)
0-
1-
#2722000000000
0!
#2722500000000
1!
b1110101111 (
b1000010111 '
0-
1-
#2723000000000
0!
#2723500000000
1!
b1101011110 (
b101110 '
1&
1*
1+
1)
0-
1-
#2724000000000
0!
#2724500000000
1!
b1010111100 (
b1011101 '
0-
1-
#2725000000000
0!
#2725500000000
1!
b101111000 (
b10111011 '
0&
0*
0+
0)
0-
1-
#2726000000000
0!
#2726500000000
1!
b1011110000 (
b101110110 '
1&
1*
1+
1)
0-
1-
#2727000000000
0!
#2727500000000
1!
b111100001 (
b1011101101 '
0-
1-
#2728000000000
0!
#2728500000000
1!
b1111000011 (
b111011010 '
0-
1-
#2729000000000
0!
#2729500000000
1!
b1110000110 (
b1110110100 '
0&
0*
0+
0)
0-
1-
#2730000000000
0!
#2730500000000
1!
b1100001101 (
b1101101000 '
0-
1-
#2731000000000
0!
#2731500000000
1!
b1000011011 (
b1011010001 '
0-
1-
#2732000000000
0!
#2732500000000
1!
b110110 (
b110100011 '
0-
1-
#2733000000000
0!
#2733500000000
1!
b1101101 (
b1101000110 '
1&
1*
1+
1)
0-
1-
#2734000000000
0!
#2734500000000
1!
b11011010 (
b1010001100 '
0-
1-
#2735000000000
0!
#2735500000000
1!
b110110100 (
b100011000 '
0&
0*
0+
0)
0-
1-
#2736000000000
0!
#2736500000000
1!
b1101101000 (
b1000110000 '
0-
1-
#2737000000000
0!
#2737500000000
1!
b1011010001 (
b1100001 '
1&
1*
1+
1)
0-
1-
#2738000000000
0!
#2738500000000
1!
b110100010 (
b11000010 '
0&
0*
0+
0)
0-
1-
#2739000000000
0!
#2739500000000
1!
b1101000100 (
b110000100 '
1&
1*
1+
1)
0-
1-
#2740000000000
0!
#2740500000000
1!
b1010001001 (
b1100001001 '
0&
0*
0+
0)
0-
1-
#2741000000000
0!
#2741500000000
1!
b100010010 (
b1000010011 '
1&
1*
1+
1)
0-
1-
#2742000000000
0!
#2742500000000
1!
b1000100100 (
b100111 '
0-
1-
#2743000000000
0!
#2743500000000
1!
b1001001 (
b1001111 '
0&
0*
0+
0)
0-
1-
#2744000000000
0!
#2744500000000
1!
b10010010 (
b10011111 '
0-
1-
#2745000000000
0!
#2745500000000
1!
b100100100 (
b100111111 '
0-
1-
#2746000000000
0!
#2746500000000
1!
b1001001001 (
b1001111111 '
0-
1-
#2747000000000
0!
#2747500000000
1!
b10010011 (
b11111110 '
0-
1-
#2748000000000
0!
#2748500000000
1!
b100100110 (
b111111101 '
0-
1-
#2749000000000
0!
#2749500000000
1!
b1001001100 (
b1111111011 '
0-
1-
#2750000000000
0!
#2750500000000
1!
b10011000 (
b1111110111 '
1&
1*
1+
1)
0-
1-
#2751000000000
0!
#2751500000000
1!
b100110001 (
b1111101110 '
0-
1-
#2752000000000
0!
#2752500000000
1!
b1001100010 (
b1111011100 '
0&
0*
0+
0)
0-
1-
#2753000000000
0!
#2753500000000
1!
b11000101 (
b1110111000 '
1&
1*
1+
1)
0-
1-
#2754000000000
0!
#2754500000000
1!
b110001010 (
b1101110001 '
0-
1-
#2755000000000
0!
#2755500000000
1!
b1100010101 (
b1011100011 '
0&
0*
0+
0)
0-
1-
#2756000000000
0!
#2756500000000
1!
b1000101011 (
b111000111 '
1&
1*
1+
1)
0-
1-
#2757000000000
0!
#2757500000000
1!
b1010111 (
b1110001111 '
0-
1-
#2758000000000
0!
#2758500000000
1!
b10101110 (
b1100011110 '
0-
1-
#2759000000000
0!
#2759500000000
1!
b101011100 (
b1000111100 '
0-
1-
#2760000000000
0!
#2760500000000
1!
b1010111000 (
b1111000 '
0-
1-
#2761000000000
0!
#2761500000000
1!
b101110001 (
b11110000 '
0&
0*
0+
0)
0-
1-
#2762000000000
0!
#2762500000000
1!
b1011100010 (
b111100000 '
1&
1*
1+
1)
0-
1-
#2763000000000
0!
#2763500000000
1!
b111000100 (
b1111000000 '
0-
1-
#2764000000000
0!
#2764500000000
1!
b1110001001 (
b1110000001 '
0&
0*
0+
0)
0-
1-
#2765000000000
0!
#2765500000000
1!
b1100010011 (
b1100000011 '
0-
1-
#2766000000000
0!
#2766500000000
1!
b1000100111 (
b1000000111 '
0-
1-
#2767000000000
0!
#2767500000000
1!
b1001110 (
b1110 '
0-
1-
#2768000000000
0!
#2768500000000
1!
b10011100 (
b11101 '
0-
1-
#2769000000000
0!
#2769500000000
1!
b100111000 (
b111011 '
0-
1-
#2770000000000
0!
#2770500000000
1!
b1001110000 (
b1110110 '
1&
1*
1+
1)
0-
1-
#2771000000000
0!
#2771500000000
1!
b11100000 (
b11101101 '
0&
0*
0+
0)
0-
1-
#2772000000000
0!
#2772500000000
1!
b111000000 (
b111011011 '
0-
1-
#2773000000000
0!
#2773500000000
1!
b1110000000 (
b1110110110 '
0-
1-
#2774000000000
0!
#2774500000000
1!
b1100000001 (
b1101101100 '
0-
1-
#2775000000000
0!
#2775500000000
1!
b1000000010 (
b1011011000 '
0-
1-
#2776000000000
0!
#2776500000000
1!
b100 (
b110110001 '
0-
1-
#2777000000000
0!
#2777500000000
1!
b1001 (
b1101100010 '
1&
1*
1+
1)
0-
1-
#2778000000000
0!
#2778500000000
1!
b10010 (
b1011000101 '
0-
1-
#2779000000000
0!
#2779500000000
1!
b100101 (
b110001010 '
0&
0*
0+
0)
0-
1-
#2780000000000
0!
#2780500000000
1!
b1001010 (
b1100010100 '
1&
1*
1+
1)
0-
1-
#2781000000000
0!
#2781500000000
1!
b10010101 (
b1000101000 '
0-
1-
#2782000000000
0!
#2782500000000
1!
b100101010 (
b1010001 '
0&
0*
0+
0)
0-
1-
#2783000000000
0!
#2783500000000
1!
b1001010101 (
b10100010 '
1&
1*
1+
1)
0-
1-
#2784000000000
0!
#2784500000000
1!
b10101010 (
b101000100 '
0&
0*
0+
0)
0-
1-
#2785000000000
0!
#2785500000000
1!
b101010101 (
b1010001001 '
1&
1*
1+
1)
0-
1-
#2786000000000
0!
#2786500000000
1!
b1010101010 (
b100010011 '
0-
1-
#2787000000000
0!
#2787500000000
1!
b101010100 (
b1000100110 '
0-
1-
#2788000000000
0!
#2788500000000
1!
b1010101000 (
b1001100 '
0-
1-
#2789000000000
0!
#2789500000000
1!
b101010001 (
b10011001 '
0&
0*
0+
0)
0-
1-
#2790000000000
0!
#2790500000000
1!
b1010100011 (
b100110010 '
1&
1*
1+
1)
0-
1-
#2791000000000
0!
#2791500000000
1!
b101000110 (
b1001100100 '
0-
1-
#2792000000000
0!
#2792500000000
1!
b1010001101 (
b11001000 '
0-
1-
#2793000000000
0!
#2793500000000
1!
b100011011 (
b110010000 '
0&
0*
0+
0)
0-
1-
#2794000000000
0!
#2794500000000
1!
b1000110110 (
b1100100000 '
0-
1-
#2795000000000
0!
#2795500000000
1!
b1101100 (
b1001000001 '
1&
1*
1+
1)
0-
1-
#2796000000000
0!
#2796500000000
1!
b11011000 (
b10000011 '
0&
0*
0+
0)
0-
1-
#2797000000000
0!
#2797500000000
1!
b110110001 (
b100000110 '
0-
1-
#2798000000000
0!
#2798500000000
1!
b1101100011 (
b1000001101 '
0-
1-
#2799000000000
0!
#2799500000000
1!
b1011000110 (
b11010 '
1&
1*
1+
1)
0-
1-
#2800000000000
0!
#2800500000000
1!
b110001100 (
b110100 '
0&
0*
0+
0)
0-
1-
#2801000000000
0!
#2801500000000
1!
b1100011001 (
b1101001 '
1&
1*
1+
1)
0-
1-
#2802000000000
0!
#2802500000000
1!
b1000110010 (
b11010010 '
0-
1-
#2803000000000
0!
#2803500000000
1!
b1100101 (
b110100100 '
0&
0*
0+
0)
0-
1-
#2804000000000
0!
#2804500000000
1!
b11001010 (
b1101001001 '
1&
1*
1+
1)
0-
1-
#2805000000000
0!
#2805500000000
1!
b110010100 (
b1010010011 '
0-
1-
#2806000000000
0!
#2806500000000
1!
b1100101001 (
b100100111 '
0-
1-
#2807000000000
0!
#2807500000000
1!
b1001010011 (
b1001001111 '
0&
0*
0+
0)
0-
1-
#2808000000000
0!
#2808500000000
1!
b10100110 (
b10011110 '
0-
1-
#2809000000000
0!
#2809500000000
1!
b101001100 (
b100111101 '
0-
1-
#2810000000000
0!
#2810500000000
1!
b1010011000 (
b1001111011 '
0-
1-
#2811000000000
0!
#2811500000000
1!
b100110000 (
b11110111 '
0-
1-
#2812000000000
0!
#2812500000000
1!
b1001100000 (
b111101111 '
1&
1*
1+
1)
0-
1-
#2813000000000
0!
#2813500000000
1!
b11000000 (
b1111011111 '
0-
1-
#2814000000000
0!
#2814500000000
1!
b110000001 (
b1110111110 '
0-
1-
#2815000000000
0!
#2815500000000
1!
b1100000010 (
b1101111100 '
0&
0*
0+
0)
0-
1-
#2816000000000
0!
#2816500000000
1!
b1000000101 (
b1011111000 '
0-
1-
#2817000000000
0!
#2817500000000
1!
b1010 (
b111110001 '
0-
1-
#2818000000000
0!
#2818500000000
1!
b10101 (
b1111100010 '
1&
1*
1+
1)
0-
1-
#2819000000000
0!
#2819500000000
1!
b101011 (
b1111000101 '
0-
1-
#2820000000000
0!
#2820500000000
1!
b1010110 (
b1110001010 '
0-
1-
#2821000000000
0!
#2821500000000
1!
b10101100 (
b1100010101 '
0-
1-
#2822000000000
0!
#2822500000000
1!
b101011001 (
b1000101010 '
0-
1-
#2823000000000
0!
#2823500000000
1!
b1010110011 (
b1010101 '
0-
1-
#2824000000000
0!
#2824500000000
1!
b101100110 (
b10101011 '
0&
0*
0+
0)
0-
1-
#2825000000000
0!
#2825500000000
1!
b1011001100 (
b101010110 '
1&
1*
1+
1)
0-
1-
#2826000000000
0!
#2826500000000
1!
b110011001 (
b1010101101 '
0-
1-
#2827000000000
0!
#2827500000000
1!
b1100110010 (
b101011010 '
0-
1-
#2828000000000
0!
#2828500000000
1!
b1001100100 (
b1010110100 '
0&
0*
0+
0)
0-
1-
#2829000000000
0!
#2829500000000
1!
b11001001 (
b101101000 '
0-
1-
#2830000000000
0!
#2830500000000
1!
b110010011 (
b1011010000 '
1&
1*
1+
1)
0-
1-
#2831000000000
0!
#2831500000000
1!
b1100100111 (
b110100001 '
0-
1-
#2832000000000
0!
#2832500000000
1!
b1001001111 (
b1101000010 '
0&
0*
0+
0)
0-
1-
#2833000000000
0!
#2833500000000
1!
b10011111 (
b1010000101 '
1&
1*
1+
1)
0-
1-
#2834000000000
0!
#2834500000000
1!
b100111111 (
b100001010 '
0&
0*
0+
0)
0-
1-
#2835000000000
0!
#2835500000000
1!
b1001111110 (
b1000010100 '
0-
1-
#2836000000000
0!
#2836500000000
1!
b11111100 (
b101000 '
0-
1-
#2837000000000
0!
#2837500000000
1!
b111111001 (
b1010000 '
0-
1-
#2838000000000
0!
#2838500000000
1!
b1111110011 (
b10100000 '
1&
1*
1+
1)
0-
1-
#2839000000000
0!
#2839500000000
1!
b1111100111 (
b101000000 '
0-
1-
#2840000000000
0!
#2840500000000
1!
b1111001110 (
b1010000000 '
0&
0*
0+
0)
0-
1-
#2841000000000
0!
#2841500000000
1!
b1110011101 (
b100000001 '
1&
1*
1+
1)
0-
1-
#2842000000000
0!
#2842500000000
1!
b1100111010 (
b1000000010 '
0&
0*
0+
0)
0-
1-
#2843000000000
0!
#2843500000000
1!
b1001110100 (
b101 '
1&
1*
1+
1)
0-
1-
#2844000000000
0!
#2844500000000
1!
b11101001 (
b1011 '
0&
0*
0+
0)
0-
1-
#2845000000000
0!
#2845500000000
1!
b111010010 (
b10110 '
0-
1-
#2846000000000
0!
#2846500000000
1!
b1110100101 (
b101101 '
1&
1*
1+
1)
0-
1-
#2847000000000
0!
#2847500000000
1!
b1101001011 (
b1011011 '
0-
1-
#2848000000000
0!
#2848500000000
1!
b1010010111 (
b10110110 '
0-
1-
#2849000000000
0!
#2849500000000
1!
b100101110 (
b101101101 '
0&
0*
0+
0)
0-
1-
#2850000000000
0!
#2850500000000
1!
b1001011100 (
b1011011011 '
0-
1-
#2851000000000
0!
#2851500000000
1!
b10111000 (
b110110111 '
0-
1-
#2852000000000
0!
#2852500000000
1!
b101110000 (
b1101101111 '
1&
1*
1+
1)
0-
1-
#2853000000000
0!
#2853500000000
1!
b1011100000 (
b1011011110 '
0&
0*
0+
0)
0-
1-
#2854000000000
0!
#2854500000000
1!
b111000001 (
b110111100 '
0-
1-
#2855000000000
0!
#2855500000000
1!
b1110000010 (
b1101111001 '
0-
1-
#2856000000000
0!
#2856500000000
1!
b1100000100 (
b1011110011 '
0-
1-
#2857000000000
0!
#2857500000000
1!
b1000001001 (
b111100111 '
1&
1*
1+
1)
0-
1-
#2858000000000
0!
#2858500000000
1!
b10011 (
b1111001111 '
0-
1-
#2859000000000
0!
#2859500000000
1!
b100111 (
b1110011110 '
0-
1-
#2860000000000
0!
#2860500000000
1!
b1001111 (
b1100111100 '
0-
1-
#2861000000000
0!
#2861500000000
1!
b10011110 (
b1001111000 '
0-
1-
#2862000000000
0!
#2862500000000
1!
b100111101 (
b11110001 '
0&
0*
0+
0)
0-
1-
#2863000000000
0!
#2863500000000
1!
b1001111011 (
b111100010 '
1&
1*
1+
1)
0-
1-
#2864000000000
0!
#2864500000000
1!
b11110111 (
b1111000100 '
0-
1-
#2865000000000
0!
#2865500000000
1!
b111101110 (
b1110001000 '
0-
1-
#2866000000000
0!
#2866500000000
1!
b1111011101 (
b1100010001 '
0&
0*
0+
0)
0-
1-
#2867000000000
0!
#2867500000000
1!
b1110111010 (
b1000100011 '
0-
1-
#2868000000000
0!
#2868500000000
1!
b1101110101 (
b1000111 '
1&
1*
1+
1)
0-
1-
#2869000000000
0!
#2869500000000
1!
b1011101010 (
b10001111 '
0-
1-
#2870000000000
0!
#2870500000000
1!
b111010100 (
b100011111 '
0&
0*
0+
0)
0-
1-
#2871000000000
0!
#2871500000000
1!
b1110101001 (
b1000111111 '
0-
1-
#2872000000000
0!
#2872500000000
1!
b1101010010 (
b1111110 '
1&
1*
1+
1)
0-
1-
#2873000000000
0!
#2873500000000
1!
b1010100101 (
b11111101 '
0-
1-
#2874000000000
0!
#2874500000000
1!
b101001010 (
b111111011 '
0&
0*
0+
0)
0-
1-
#2875000000000
0!
#2875500000000
1!
b1010010100 (
b1111110110 '
0-
1-
#2876000000000
0!
#2876500000000
1!
b100101001 (
b1111101100 '
1&
1*
1+
1)
0-
1-
#2877000000000
0!
#2877500000000
1!
b1001010010 (
b1111011000 '
0&
0*
0+
0)
0-
1-
#2878000000000
0!
#2878500000000
1!
b10100100 (
b1110110001 '
1&
1*
1+
1)
0-
1-
#2879000000000
0!
#2879500000000
1!
b101001001 (
b1101100011 '
0-
1-
#2880000000000
0!
#2880500000000
1!
b1010010011 (
b1011000111 '
0&
0*
0+
0)
0-
1-
#2881000000000
0!
#2881500000000
1!
b100100111 (
b110001110 '
0-
1-
#2882000000000
0!
#2882500000000
1!
b1001001110 (
b1100011101 '
0-
1-
#2883000000000
0!
#2883500000000
1!
b10011101 (
b1000111010 '
1&
1*
1+
1)
0-
1-
#2884000000000
0!
#2884500000000
1!
b100111010 (
b1110101 '
0&
0*
0+
0)
0-
1-
#2885000000000
0!
#2885500000000
1!
b1001110101 (
b11101011 '
1&
1*
1+
1)
0-
1-
#2886000000000
0!
#2886500000000
1!
b11101011 (
b111010110 '
0&
0*
0+
0)
0-
1-
#2887000000000
0!
#2887500000000
1!
b111010111 (
b1110101101 '
1&
1*
1+
1)
0-
1-
#2888000000000
0!
#2888500000000
1!
b1110101110 (
b1101011010 '
0&
0*
0+
0)
0-
1-
#2889000000000
0!
#2889500000000
1!
b1101011100 (
b1010110101 '
0-
1-
#2890000000000
0!
#2890500000000
1!
b1010111001 (
b101101010 '
1&
1*
1+
1)
0-
1-
#2891000000000
0!
#2891500000000
1!
b101110011 (
b1011010100 '
0-
1-
#2892000000000
0!
#2892500000000
1!
b1011100111 (
b110101000 '
0-
1-
#2893000000000
0!
#2893500000000
1!
b111001111 (
b1101010000 '
0-
1-
#2894000000000
0!
#2894500000000
1!
b1110011110 (
b1010100001 '
0&
0*
0+
0)
0-
1-
#2895000000000
0!
#2895500000000
1!
b1100111101 (
b101000011 '
1&
1*
1+
1)
0-
1-
#2896000000000
0!
#2896500000000
1!
b1001111010 (
b1010000110 '
0&
0*
0+
0)
0-
1-
#2897000000000
0!
#2897500000000
1!
b11110101 (
b100001100 '
0-
1-
#2898000000000
0!
#2898500000000
1!
b111101011 (
b1000011001 '
1&
1*
1+
1)
0-
1-
#2899000000000
0!
#2899500000000
1!
b1111010110 (
b110011 '
0-
1-
#2900000000000
0!
#2900500000000
1!
b1110101101 (
b1100110 '
0-
1-
#2901000000000
0!
#2901500000000
1!
b1101011011 (
b11001101 '
0-
1-
#2902000000000
0!
#2902500000000
1!
b1010110111 (
b110011011 '
0-
1-
#2903000000000
0!
#2903500000000
1!
b101101111 (
b1100110110 '
0-
1-
#2904000000000
0!
#2904500000000
1!
b1011011110 (
b1001101100 '
0&
0*
0+
0)
0-
1-
#2905000000000
0!
#2905500000000
1!
b110111100 (
b11011000 '
0-
1-
#2906000000000
0!
#2906500000000
1!
b1101111000 (
b110110000 '
1&
1*
1+
1)
0-
1-
#2907000000000
0!
#2907500000000
1!
b1011110001 (
b1101100000 '
0&
0*
0+
0)
0-
1-
#2908000000000
0!
#2908500000000
1!
b111100011 (
b1011000001 '
1&
1*
1+
1)
0-
1-
#2909000000000
0!
#2909500000000
1!
b1111000110 (
b110000011 '
0-
1-
#2910000000000
0!
#2910500000000
1!
b1110001101 (
b1100000110 '
0&
0*
0+
0)
0-
1-
#2911000000000
0!
#2911500000000
1!
b1100011010 (
b1000001100 '
0-
1-
#2912000000000
0!
#2912500000000
1!
b1000110101 (
b11000 '
1&
1*
1+
1)
0-
1-
#2913000000000
0!
#2913500000000
1!
b1101011 (
b110000 '
0&
0*
0+
0)
0-
1-
#2914000000000
0!
#2914500000000
1!
b11010110 (
b1100000 '
0-
1-
#2915000000000
0!
#2915500000000
1!
b110101101 (
b11000000 '
0-
1-
#2916000000000
0!
#2916500000000
1!
b1101011010 (
b110000000 '
1&
1*
1+
1)
0-
1-
#2917000000000
0!
#2917500000000
1!
b1010110101 (
b1100000000 '
0&
0*
0+
0)
0-
1-
#2918000000000
0!
#2918500000000
1!
b101101010 (
b1000000001 '
1&
1*
1+
1)
0-
1-
#2919000000000
0!
#2919500000000
1!
b1011010101 (
b11 '
0-
1-
#2920000000000
0!
#2920500000000
1!
b110101011 (
b110 '
0&
0*
0+
0)
0-
1-
#2921000000000
0!
#2921500000000
1!
b1101010110 (
b1101 '
1&
1*
1+
1)
0-
1-
#2922000000000
0!
#2922500000000
1!
b1010101100 (
b11011 '
0-
1-
#2923000000000
0!
#2923500000000
1!
b101011000 (
b110110 '
0&
0*
0+
0)
0-
1-
#2924000000000
0!
#2924500000000
1!
b1010110001 (
b1101101 '
1&
1*
1+
1)
0-
1-
#2925000000000
0!
#2925500000000
1!
b101100011 (
b11011011 '
0&
0*
0+
0)
0-
1-
#2926000000000
0!
#2926500000000
1!
b1011000111 (
b110110110 '
1&
1*
1+
1)
0-
1-
#2927000000000
0!
#2927500000000
1!
b110001110 (
b1101101101 '
0-
1-
#2928000000000
0!
#2928500000000
1!
b1100011100 (
b1011011010 '
0&
0*
0+
0)
0-
1-
#2929000000000
0!
#2929500000000
1!
b1000111001 (
b110110101 '
1&
1*
1+
1)
0-
1-
#2930000000000
0!
#2930500000000
1!
b1110010 (
b1101101011 '
0-
1-
#2931000000000
0!
#2931500000000
1!
b11100100 (
b1011010111 '
0-
1-
#2932000000000
0!
#2932500000000
1!
b111001001 (
b110101110 '
0&
0*
0+
0)
0-
1-
#2933000000000
0!
#2933500000000
1!
b1110010010 (
b1101011101 '
0-
1-
#2934000000000
0!
#2934500000000
1!
b1100100100 (
b1010111010 '
0-
1-
#2935000000000
0!
#2935500000000
1!
b1001001000 (
b101110101 '
1&
1*
1+
1)
0-
1-
#2936000000000
0!
#2936500000000
1!
b10010001 (
b1011101011 '
0-
1-
#2937000000000
0!
#2937500000000
1!
b100100011 (
b111010111 '
0&
0*
0+
0)
0-
1-
#2938000000000
0!
#2938500000000
1!
b1001000111 (
b1110101111 '
0-
1-
#2939000000000
0!
#2939500000000
1!
b10001111 (
b1101011110 '
1&
1*
1+
1)
0-
1-
#2940000000000
0!
#2940500000000
1!
b100011111 (
b1010111100 '
0-
1-
#2941000000000
0!
#2941500000000
1!
b1000111111 (
b101111000 '
0-
1-
#2942000000000
0!
#2942500000000
1!
b1111110 (
b1011110000 '
0-
1-
#2943000000000
0!
#2943500000000
1!
b11111101 (
b111100001 '
0&
0*
0+
0)
0-
1-
#2944000000000
0!
#2944500000000
1!
b111111011 (
b1111000010 '
1&
1*
1+
1)
0-
1-
#2945000000000
0!
#2945500000000
1!
b1111110110 (
b1110000101 '
0&
0*
0+
0)
0-
1-
#2946000000000
0!
#2946500000000
1!
b1111101100 (
b1100001010 '
0-
1-
#2947000000000
0!
#2947500000000
1!
b1111011001 (
b1000010101 '
0-
1-
#2948000000000
0!
#2948500000000
1!
b1110110011 (
b101010 '
1&
1*
1+
1)
0-
1-
#2949000000000
0!
#2949500000000
1!
b1101100111 (
b1010100 '
0-
1-
#2950000000000
0!
#2950500000000
1!
b1011001111 (
b10101001 '
0-
1-
#2951000000000
0!
#2951500000000
1!
b110011110 (
b101010010 '
0&
0*
0+
0)
0-
1-
#2952000000000
0!
#2952500000000
1!
b1100111100 (
b1010100100 '
0-
1-
#2953000000000
0!
#2953500000000
1!
b1001111000 (
b101001000 '
1&
1*
1+
1)
0-
1-
#2954000000000
0!
#2954500000000
1!
b11110000 (
b1010010000 '
0-
1-
#2955000000000
0!
#2955500000000
1!
b111100000 (
b100100001 '
0&
0*
0+
0)
0-
1-
#2956000000000
0!
#2956500000000
1!
b1111000001 (
b1001000010 '
0-
1-
#2957000000000
0!
#2957500000000
1!
b1110000011 (
b10000101 '
1&
1*
1+
1)
0-
1-
#2958000000000
0!
#2958500000000
1!
b1100000110 (
b100001011 '
0-
1-
#2959000000000
0!
#2959500000000
1!
b1000001100 (
b1000010110 '
0&
0*
0+
0)
0-
1-
#2960000000000
0!
#2960500000000
1!
b11000 (
b101100 '
0-
1-
#2961000000000
0!
#2961500000000
1!
b110000 (
b1011001 '
0-
1-
#2962000000000
0!
#2962500000000
1!
b1100001 (
b10110010 '
0-
1-
#2963000000000
0!
#2963500000000
1!
b11000011 (
b101100100 '
0-
1-
#2964000000000
0!
#2964500000000
1!
b110000110 (
b1011001001 '
1&
1*
1+
1)
0-
1-
#2965000000000
0!
#2965500000000
1!
b1100001100 (
b110010011 '
0-
1-
#2966000000000
0!
#2966500000000
1!
b1000011001 (
b1100100110 '
0&
0*
0+
0)
0-
1-
#2967000000000
0!
#2967500000000
1!
b110011 (
b1001001100 '
1&
1*
1+
1)
0-
1-
#2968000000000
0!
#2968500000000
1!
b1100110 (
b10011000 '
0&
0*
0+
0)
0-
1-
#2969000000000
0!
#2969500000000
1!
b11001101 (
b100110000 '
0-
1-
#2970000000000
0!
#2970500000000
1!
b110011010 (
b1001100000 '
1&
1*
1+
1)
0-
1-
#2971000000000
0!
#2971500000000
1!
b1100110101 (
b11000001 '
0-
1-
#2972000000000
0!
#2972500000000
1!
b1001101010 (
b110000010 '
0-
1-
#2973000000000
0!
#2973500000000
1!
b11010101 (
b1100000100 '
0-
1-
#2974000000000
0!
#2974500000000
1!
b110101010 (
b1000001000 '
0-
1-
#2975000000000
0!
#2975500000000
1!
b1101010100 (
b10001 '
0-
1-
#2976000000000
0!
#2976500000000
1!
b1010101001 (
b100010 '
0-
1-
#2977000000000
0!
#2977500000000
1!
b101010011 (
b1000100 '
0&
0*
0+
0)
0-
1-
#2978000000000
0!
#2978500000000
1!
b1010100110 (
b10001001 '
1&
1*
1+
1)
0-
1-
#2979000000000
0!
#2979500000000
1!
b101001101 (
b100010010 '
0&
0*
0+
0)
0-
1-
#2980000000000
0!
#2980500000000
1!
b1010011010 (
b1000100100 '
0-
1-
#2981000000000
0!
#2981500000000
1!
b100110101 (
b1001000 '
0-
1-
#2982000000000
0!
#2982500000000
1!
b1001101011 (
b10010000 '
1&
1*
1+
1)
0-
1-
#2983000000000
0!
#2983500000000
1!
b11010111 (
b100100000 '
0&
0*
0+
0)
0-
1-
#2984000000000
0!
#2984500000000
1!
b110101111 (
b1001000000 '
1&
1*
1+
1)
0-
1-
#2985000000000
0!
#2985500000000
1!
b1101011111 (
b10000001 '
0-
1-
#2986000000000
0!
#2986500000000
1!
b1010111110 (
b100000010 '
0-
1-
#2987000000000
0!
#2987500000000
1!
b101111101 (
b1000000100 '
0-
1-
#2988000000000
0!
#2988500000000
1!
b1011111011 (
b1000 '
0-
1-
#2989000000000
0!
#2989500000000
1!
b111110110 (
b10000 '
0&
0*
0+
0)
0-
1-
#2990000000000
0!
#2990500000000
1!
b1111101101 (
b100000 '
1&
1*
1+
1)
0-
1-
#2991000000000
0!
#2991500000000
1!
b1111011011 (
b1000000 '
0-
1-
#2992000000000
0!
#2992500000000
1!
b1110110110 (
b10000000 '
0-
1-
#2993000000000
0!
#2993500000000
1!
b1101101100 (
b100000000 '
0-
1-
#2994000000000
0!
#2994500000000
1!
b1011011000 (
b1000000000 '
0&
0*
0+
0)
0-
1-
#2995000000000
0!
#2995500000000
1!
b110110000 (
b1 '
0-
1-
#2996000000000
0!
#2996500000000
1!
b1101100001 (
b10 '
1&
1*
1+
1)
0-
1-
#2997000000000
0!
#2997500000000
1!
b1011000011 (
b100 '
0-
1-
#2998000000000
0!
#2998500000000
1!
b110000111 (
b1001 '
0&
0*
0+
0)
0-
1-
#2999000000000
0!
#2999500000000
1!
b1100001110 (
b10010 '
1&
1*
1+
1)
0-
1-
#3000000000000
0!
#3000500000000
1!
b1000011100 (
b100100 '
0-
1-
#3001000000000
0!
#3001500000000
1!
b111000 (
b1001001 '
0&
0*
0+
0)
0-
1-
#3002000000000
0!
#3002500000000
1!
b1110001 (
b10010010 '
0-
1-
#3003000000000
0!
#3003500000000
1!
b11100011 (
b100100100 '
0-
1-
#3004000000000
0!
#3004500000000
1!
b111000111 (
b1001001001 '
1&
1*
1+
1)
0-
1-
#3005000000000
0!
#3005500000000
1!
b1110001110 (
b10010011 '
0-
1-
#3006000000000
0!
#3006500000000
1!
b1100011101 (
b100100110 '
0-
1-
#3007000000000
0!
#3007500000000
1!
b1000111011 (
b1001001101 '
0&
0*
0+
0)
0-
1-
#3008000000000
0!
#3008500000000
1!
b1110111 (
b10011010 '
0-
1-
#3009000000000
0!
#3009500000000
1!
b11101111 (
b100110100 '
0-
1-
#3010000000000
0!
#3010500000000
1!
b111011110 (
b1001101001 '
1&
1*
1+
1)
0-
1-
#3011000000000
0!
#3011500000000
1!
b1110111100 (
b11010011 '
0-
1-
#3012000000000
0!
#3012500000000
1!
b1101111001 (
b110100110 '
0-
1-
#3013000000000
0!
#3013500000000
1!
b1011110011 (
b1101001101 '
0&
0*
0+
0)
0-
1-
#3014000000000
0!
#3014500000000
1!
b111100110 (
b1010011010 '
1&
1*
1+
1)
0-
1-
#3015000000000
0!
#3015500000000
1!
b1111001101 (
b100110101 '
0-
1-
#3016000000000
0!
#3016500000000
1!
b1110011010 (
b1001101011 '
0&
0*
0+
0)
0-
1-
#3017000000000
0!
#3017500000000
1!
b1100110100 (
b11010111 '
1&
1*
1+
1)
0-
1-
#3018000000000
0!
#3018500000000
1!
b1001101000 (
b110101111 '
0-
1-
#3019000000000
0!
#3019500000000
1!
b11010000 (
b1101011111 '
0-
1-
#3020000000000
0!
#3020500000000
1!
b110100001 (
b1010111110 '
0-
1-
#3021000000000
0!
#3021500000000
1!
b1101000011 (
b101111100 '
0-
1-
#3022000000000
0!
#3022500000000
1!
b1010000111 (
b1011111001 '
0&
0*
0+
0)
0-
1-
#3023000000000
0!
#3023500000000
1!
b100001110 (
b111110011 '
0-
1-
#3024000000000
0!
#3024500000000
1!
b1000011101 (
b1111100110 '
0-
1-
#3025000000000
0!
#3025500000000
1!
b111010 (
b1111001100 '
1&
1*
1+
1)
0-
1-
#3026000000000
0!
#3026500000000
1!
b1110100 (
b1110011000 '
0-
1-
#3027000000000
0!
#3027500000000
1!
b11101000 (
b1100110001 '
0-
1-
#3028000000000
0!
#3028500000000
1!
b111010000 (
b1001100011 '
0-
1-
#3029000000000
0!
#3029500000000
1!
b1110100000 (
b11000111 '
0-
1-
#3030000000000
0!
#3030500000000
1!
b1101000000 (
b110001111 '
0-
1-
#3031000000000
0!
#3031500000000
1!
b1010000000 (
b1100011111 '
0&
0*
0+
0)
0-
1-
#3032000000000
0!
#3032500000000
1!
b100000000 (
b1000111110 '
1&
1*
1+
1)
0-
1-
#3033000000000
0!
#3033500000000
1!
b1000000001 (
b1111100 '
0-
1-
#3034000000000
0!
#3034500000000
1!
b11 (
b11111001 '
0&
0*
0+
0)
0-
1-
#3035000000000
0!
#3035500000000
1!
b111 (
b111110010 '
0-
1-
#3036000000000
0!
#3036500000000
1!
b1110 (
b1111100100 '
1&
1*
1+
1)
0-
1-
#3037000000000
0!
#3037500000000
1!
b11100 (
b1111001000 '
0-
1-
#3038000000000
0!
#3038500000000
1!
b111001 (
b1110010001 '
0-
1-
#3039000000000
0!
#3039500000000
1!
b1110011 (
b1100100011 '
0-
1-
#3040000000000
0!
#3040500000000
1!
b11100110 (
b1001000111 '
0-
1-
#3041000000000
0!
#3041500000000
1!
b111001100 (
b10001110 '
0&
0*
0+
0)
0-
1-
#3042000000000
0!
#3042500000000
1!
b1110011001 (
b100011101 '
1&
1*
1+
1)
0-
1-
#3043000000000
0!
#3043500000000
1!
b1100110011 (
b1000111011 '
0&
0*
0+
0)
0-
1-
#3044000000000
0!
#3044500000000
1!
b1001100110 (
b1110111 '
1&
1*
1+
1)
0-
1-
#3045000000000
0!
#3045500000000
1!
b11001100 (
b11101111 '
0&
0*
0+
0)
0-
1-
#3046000000000
0!
#3046500000000
1!
b110011000 (
b111011111 '
0-
1-
#3047000000000
0!
#3047500000000
1!
b1100110000 (
b1110111111 '
0-
1-
#3048000000000
0!
#3048500000000
1!
b1001100001 (
b1101111110 '
0-
1-
#3049000000000
0!
#3049500000000
1!
b11000010 (
b1011111100 '
1&
1*
1+
1)
0-
1-
#3050000000000
0!
#3050500000000
1!
b110000100 (
b111111000 '
0&
0*
0+
0)
0-
1-
#3051000000000
0!
#3051500000000
1!
b1100001001 (
b1111110000 '
0-
1-
#3052000000000
0!
#3052500000000
1!
b1000010010 (
b1111100001 '
0-
1-
#3053000000000
0!
#3053500000000
1!
b100100 (
b1111000011 '
1&
1*
1+
1)
0-
1-
#3054000000000
0!
#3054500000000
1!
b1001000 (
b1110000111 '
0-
1-
#3055000000000
0!
#3055500000000
1!
b10010000 (
b1100001110 '
0-
1-
#3056000000000
0!
#3056500000000
1!
b100100001 (
b1000011100 '
0-
1-
#3057000000000
0!
#3057500000000
1!
b1001000010 (
b111000 '
0-
1-
#3058000000000
0!
#3058500000000
1!
b10000100 (
b1110000 '
0&
0*
0+
0)
0-
1-
#3059000000000
0!
#3059500000000
1!
b100001000 (
b11100000 '
0-
1-
#3060000000000
0!
#3060500000000
1!
b1000010001 (
b111000000 '
1&
1*
1+
1)
0-
1-
#3061000000000
0!
#3061500000000
1!
b100011 (
b1110000000 '
0-
1-
#3062000000000
0!
#3062500000000
1!
b1000110 (
b1100000001 '
0-
1-
#3063000000000
0!
#3063500000000
1!
b10001100 (
b1000000011 '
0-
1-
#3064000000000
0!
#3064500000000
1!
b100011000 (
b111 '
0&
0*
0+
0)
0-
1-
#3065000000000
0!
#3065500000000
1!
b1000110001 (
b1111 '
1&
1*
1+
1)
0-
1-
#3066000000000
0!
#3066500000000
1!
b1100010 (
b11111 '
0&
0*
0+
0)
0-
1-
#3067000000000
0!
#3067500000000
1!
b11000100 (
b111111 '
0-
1-
#3068000000000
0!
#3068500000000
1!
b110001000 (
b1111111 '
0-
1-
#3069000000000
0!
#3069500000000
1!
b1100010000 (
b11111111 '
1&
1*
1+
1)
0-
1-
#3070000000000
0!
#3070500000000
1!
b1000100000 (
b111111111 '
0-
1-
#3071000000000
0!
#3071500000000
1!
b1000000 (
b1111111111 '
0-
